run_hash,target,name,n_train,arm,ft_steps,ep_context,ep_query,episode_rows,lr,l2sp,regime,context_size,requested,n_context_rows,repeat,n_report_eval,seconds,source,auc,logloss,ap
339cbc4cc198848f,363621,blood-transfusion-service-center,278,base,0,0,0,0,1e-05,0.0,standard,32,32,32,0,100,2.7,mesuré ici,0.6304824561403508,0.5616392673640531,0.4433818469996498
339cbc4cc198848f,363621,blood-transfusion-service-center,278,base,0,0,0,0,1e-05,0.0,standard,32,32,32,1,100,2.7,mesuré ici,0.675438596491228,0.5434147335615759,0.3570390644918189
339cbc4cc198848f,363621,blood-transfusion-service-center,278,base,0,0,0,0,1e-05,0.0,standard,32,32,32,2,100,2.6,mesuré ici,0.6853070175438596,0.5217994345806349,0.35536756852460255
339cbc4cc198848f,363621,blood-transfusion-service-center,278,base,0,0,0,0,1e-05,0.0,standard,64,64,64,0,100,2.6,mesuré ici,0.6263706140350876,0.527847092844788,0.3714325455202145
339cbc4cc198848f,363621,blood-transfusion-service-center,278,base,0,0,0,0,1e-05,0.0,standard,64,64,64,1,100,2.6,mesuré ici,0.7234100877192983,0.4876637266601774,0.5509227871184446
339cbc4cc198848f,363621,blood-transfusion-service-center,278,base,0,0,0,0,1e-05,0.0,standard,64,64,64,2,100,2.6,mesuré ici,0.7272478070175439,0.49425613416045777,0.5127516689809335
339cbc4cc198848f,363621,blood-transfusion-service-center,278,base,0,0,0,0,1e-05,0.0,standard,128,128,128,0,100,2.6,mesuré ici,0.7357456140350878,0.4856598217891217,0.4818515037803831
339cbc4cc198848f,363621,blood-transfusion-service-center,278,base,0,0,0,0,1e-05,0.0,standard,128,128,128,1,100,2.6,mesuré ici,0.6389802631578947,0.5251922266692326,0.44787570419146616
339cbc4cc198848f,363621,blood-transfusion-service-center,278,base,0,0,0,0,1e-05,0.0,standard,128,128,128,2,100,2.6,mesuré ici,0.7209429824561403,0.48578478170316913,0.5223235026172585
339cbc4cc198848f,363621,blood-transfusion-service-center,278,base,0,0,0,0,1e-05,0.0,standard,256,256,256,0,100,2.6,mesuré ici,0.7376644736842106,0.4800305094741625,0.4948246784321205
339cbc4cc198848f,363621,blood-transfusion-service-center,278,base,0,0,0,0,1e-05,0.0,standard,256,256,256,1,100,2.6,mesuré ici,0.745888157894737,0.48377071881013384,0.525834555741206
339cbc4cc198848f,363621,blood-transfusion-service-center,278,base,0,0,0,0,1e-05,0.0,standard,256,256,256,2,100,2.6,mesuré ici,0.7478070175438597,0.48044535825733087,0.5247301656054016
339cbc4cc198848f,363621,blood-transfusion-service-center,278,base,0,0,0,0,1e-05,0.0,standard,full,278,278,0,100,2.6,mesuré ici,0.7404057017543859,0.48122835992559115,0.5255534081356985
339cbc4cc198848f,363626,credit-g,372,base,0,0,0,0,1e-05,0.0,standard,32,32,32,0,134,2.8,mesuré ici,0.6002659574468084,0.6022333717700599,0.7695650371104344
339cbc4cc198848f,363626,credit-g,372,base,0,0,0,0,1e-05,0.0,standard,32,32,32,1,134,2.8,mesuré ici,0.5652925531914893,0.6099389929847586,0.7563953393725025
339cbc4cc198848f,363626,credit-g,372,base,0,0,0,0,1e-05,0.0,standard,32,32,32,2,134,2.7,mesuré ici,0.7501329787234043,0.5509873963264665,0.8828670704187787
339cbc4cc198848f,363626,credit-g,372,base,0,0,0,0,1e-05,0.0,standard,64,64,64,0,134,2.7,mesuré ici,0.767686170212766,0.5109195278426749,0.8921188513754014
339cbc4cc198848f,363626,credit-g,372,base,0,0,0,0,1e-05,0.0,standard,64,64,64,1,134,2.8,mesuré ici,0.6795212765957447,0.5692781480420036,0.8276827197075214
339cbc4cc198848f,363626,credit-g,372,base,0,0,0,0,1e-05,0.0,standard,64,64,64,2,134,2.8,mesuré ici,0.6840425531914893,0.5692039659397023,0.8371316983161651
339cbc4cc198848f,363626,credit-g,372,base,0,0,0,0,1e-05,0.0,standard,128,128,128,0,134,2.8,mesuré ici,0.7412234042553191,0.5471685227577066,0.8791682183791436
339cbc4cc198848f,363626,credit-g,372,base,0,0,0,0,1e-05,0.0,standard,128,128,128,1,134,2.8,mesuré ici,0.782845744680851,0.5075131738755003,0.8980562341674845
339cbc4cc198848f,363626,credit-g,372,base,0,0,0,0,1e-05,0.0,standard,128,128,128,2,134,2.8,mesuré ici,0.7752659574468084,0.5070053401069483,0.8990392407848699
339cbc4cc198848f,363626,credit-g,372,base,0,0,0,0,1e-05,0.0,standard,256,256,256,0,134,2.7,mesuré ici,0.8023936170212765,0.48700859131684454,0.9035397981520168
339cbc4cc198848f,363626,credit-g,372,base,0,0,0,0,1e-05,0.0,standard,256,256,256,1,134,2.8,mesuré ici,0.7773936170212765,0.5066859876552223,0.8932613600088095
339cbc4cc198848f,363626,credit-g,372,base,0,0,0,0,1e-05,0.0,standard,256,256,256,2,134,2.8,mesuré ici,0.7595744680851064,0.5136055456248614,0.8906894171229618
339cbc4cc198848f,363626,credit-g,372,base,0,0,0,0,1e-05,0.0,standard,full,372,372,0,134,2.8,mesuré ici,0.7986702127659575,0.4828428459465268,0.9052552243027933
339cbc4cc198848f,363619,Bank_Customer_Churn,3732,base,0,0,0,0,1e-05,0.0,standard,32,32,32,0,1024,4.5,mesuré ici,0.702442246161975,0.48318259790612067,0.33480568774849856
339cbc4cc198848f,363619,Bank_Customer_Churn,3732,base,0,0,0,0,1e-05,0.0,standard,32,32,32,1,1024,4.6,mesuré ici,0.8217013532157219,0.4215674367496114,0.5610307790837845
339cbc4cc198848f,363619,Bank_Customer_Churn,3732,base,0,0,0,0,1e-05,0.0,standard,32,32,32,2,1024,4.6,mesuré ici,0.7110605571374057,0.4667495916812189,0.3934375236338816
339cbc4cc198848f,363619,Bank_Customer_Churn,3732,base,0,0,0,0,1e-05,0.0,standard,64,64,64,0,1024,4.6,mesuré ici,0.7727536912554671,0.4368761334906664,0.5105558299097364
339cbc4cc198848f,363619,Bank_Customer_Churn,3732,base,0,0,0,0,1e-05,0.0,standard,64,64,64,1,1024,4.6,mesuré ici,0.7251621804091937,0.4734196208662629,0.42251638812864833
339cbc4cc198848f,363619,Bank_Customer_Churn,3732,base,0,0,0,0,1e-05,0.0,standard,64,64,64,2,1024,4.7,mesuré ici,0.7866615786538291,0.4101173946248733,0.5688765501401304
339cbc4cc198848f,363619,Bank_Customer_Churn,3732,base,0,0,0,0,1e-05,0.0,standard,128,128,128,0,1024,4.7,mesuré ici,0.8368685237913523,0.3814972174345922,0.6293995814785689
339cbc4cc198848f,363619,Bank_Customer_Churn,3732,base,0,0,0,0,1e-05,0.0,standard,128,128,128,1,1024,4.7,mesuré ici,0.8185722253206915,0.39575587754076574,0.5817708481954108
339cbc4cc198848f,363619,Bank_Customer_Churn,3732,base,0,0,0,0,1e-05,0.0,standard,128,128,128,2,1024,4.7,mesuré ici,0.7830804003874718,0.42996733250806496,0.5092431722098663
339cbc4cc198848f,363619,Bank_Customer_Churn,3732,base,0,0,0,0,1e-05,0.0,standard,256,256,256,0,1024,4.7,mesuré ici,0.8403821880412129,0.38160026533014896,0.6378259005554008
339cbc4cc198848f,363619,Bank_Customer_Churn,3732,base,0,0,0,0,1e-05,0.0,standard,256,256,256,1,1024,4.7,mesuré ici,0.8429594622361816,0.3649834601237115,0.6774491307406615
339cbc4cc198848f,363619,Bank_Customer_Churn,3732,base,0,0,0,0,1e-05,0.0,standard,256,256,256,2,1024,4.7,mesuré ici,0.827037895910999,0.3718464491425465,0.6730755921924713
339cbc4cc198848f,363619,Bank_Customer_Churn,3732,base,0,0,0,0,1e-05,0.0,standard,512,512,512,0,1024,4.7,mesuré ici,0.8488273108873691,0.34853261802311375,0.68771076331471
339cbc4cc198848f,363619,Bank_Customer_Churn,3732,base,0,0,0,0,1e-05,0.0,standard,1024,1024,1024,0,1024,4.8,mesuré ici,0.8553057210790501,0.3395489891868668,0.7165678784838926
339cbc4cc198848f,363619,Bank_Customer_Churn,3732,base,0,0,0,0,1e-05,0.0,standard,2048,2048,2048,0,1024,5.7,mesuré ici,0.8573194000058706,0.3370571053474525,0.7132711452072802
339cbc4cc198848f,363619,Bank_Customer_Churn,3732,base,0,0,0,0,1e-05,0.0,standard,full,3732,3732,0,1024,8.5,mesuré ici,0.8581178266357471,0.33421680320716357,0.7182947696312726
339cbc4cc198848f,363623,churn,1866,base,0,0,0,0,1e-05,0.0,standard,32,32,32,0,667,4.0,mesuré ici,0.6943856522223459,0.39390219653124164,0.2850649163553274
339cbc4cc198848f,363623,churn,1866,base,0,0,0,0,1e-05,0.0,standard,32,32,32,1,667,4.0,mesuré ici,0.7803182206379264,0.35304266457094136,0.4424678402143972
339cbc4cc198848f,363623,churn,1866,base,0,0,0,0,1e-05,0.0,standard,32,32,32,2,667,4.0,mesuré ici,0.6897905759162304,0.3837552951166281,0.2786326660133527
339cbc4cc198848f,363623,churn,1866,base,0,0,0,0,1e-05,0.0,standard,64,64,64,0,667,4.0,mesuré ici,0.7867234785191786,0.36293324623949985,0.4658250295476873
339cbc4cc198848f,363623,churn,1866,base,0,0,0,0,1e-05,0.0,standard,64,64,64,1,667,3.9,mesuré ici,0.7328357654747317,0.37256849500436595,0.3305138901791953
339cbc4cc198848f,363623,churn,1866,base,0,0,0,0,1e-05,0.0,standard,64,64,64,2,667,4.0,mesuré ici,0.7795848650254352,0.33931223167455205,0.43140831500619237
339cbc4cc198848f,363623,churn,1866,base,0,0,0,0,1e-05,0.0,standard,128,128,128,0,667,4.0,mesuré ici,0.7951431435891723,0.34462621174364827,0.4370865638061686
339cbc4cc198848f,363623,churn,1866,base,0,0,0,0,1e-05,0.0,standard,128,128,128,1,667,4.0,mesuré ici,0.8516857896104861,0.32383629851421875,0.5826768477938938
339cbc4cc198848f,363623,churn,1866,base,0,0,0,0,1e-05,0.0,standard,128,128,128,2,667,4.0,mesuré ici,0.788394415357766,0.3295197472808588,0.476801944730594
339cbc4cc198848f,363623,churn,1866,base,0,0,0,0,1e-05,0.0,standard,256,256,256,0,667,4.0,mesuré ici,0.8502469273328135,0.2735715787356239,0.6679852776884672
339cbc4cc198848f,363623,churn,1866,base,0,0,0,0,1e-05,0.0,standard,256,256,256,1,667,4.0,mesuré ici,0.8601054546804798,0.27725875042223164,0.6261312383172
339cbc4cc198848f,363623,churn,1866,base,0,0,0,0,1e-05,0.0,standard,256,256,256,2,667,4.1,mesuré ici,0.8864691248004157,0.295446962792268,0.6463142522611092
339cbc4cc198848f,363623,churn,1866,base,0,0,0,0,1e-05,0.0,standard,512,512,512,0,667,4.0,mesuré ici,0.8958820689911254,0.21076094857450955,0.7881369686773096
339cbc4cc198848f,363623,churn,1866,base,0,0,0,0,1e-05,0.0,standard,1024,1024,1024,0,667,4.1,mesuré ici,0.9189038654338865,0.1619307947726274,0.8631911533404617
339cbc4cc198848f,363623,churn,1866,base,0,0,0,0,1e-05,0.0,standard,full,1866,1866,0,667,4.7,mesuré ici,0.9330418476848241,0.12950506232598744,0.8893793707006598
339cbc4cc198848f,363682,Is-this-a-good-customer,642,base,0,0,0,0,1e-05,0.0,standard,32,32,32,0,230,2.9,mesuré ici,0.6036953242835597,0.3715453197232663,0.16579930250938685
339cbc4cc198848f,363682,Is-this-a-good-customer,642,base,0,0,0,0,1e-05,0.0,standard,32,32,32,1,230,2.9,mesuré ici,0.6010558069381599,0.3592743115544294,0.1465885652606374
339cbc4cc198848f,363682,Is-this-a-good-customer,642,base,0,0,0,0,1e-05,0.0,standard,32,32,32,2,230,2.9,mesuré ici,0.6494155354449471,0.34994070312716474,0.17924158981545693
339cbc4cc198848f,363682,Is-this-a-good-customer,642,base,0,0,0,0,1e-05,0.0,standard,64,64,64,0,230,2.9,mesuré ici,0.6354638009049773,0.34557292384009575,0.16111515973300228
339cbc4cc198848f,363682,Is-this-a-good-customer,642,base,0,0,0,0,1e-05,0.0,standard,64,64,64,1,230,2.9,mesuré ici,0.5491138763197587,0.35283786063698275,0.13490597323412656
339cbc4cc198848f,363682,Is-this-a-good-customer,642,base,0,0,0,0,1e-05,0.0,standard,64,64,64,2,230,2.9,mesuré ici,0.6677036199095022,0.34203556323759937,0.18617211174179074
339cbc4cc198848f,363682,Is-this-a-good-customer,642,base,0,0,0,0,1e-05,0.0,standard,128,128,128,0,230,2.9,mesuré ici,0.7254901960784315,0.32305180854131504,0.22117593057725912
339cbc4cc198848f,363682,Is-this-a-good-customer,642,base,0,0,0,0,1e-05,0.0,standard,128,128,128,1,230,2.9,mesuré ici,0.548736802413273,0.359531231398034,0.1527208993201275
339cbc4cc198848f,363682,Is-this-a-good-customer,642,base,0,0,0,0,1e-05,0.0,standard,128,128,128,2,230,2.9,mesuré ici,0.590026395173454,0.3497182316061979,0.180452744863543
339cbc4cc198848f,363682,Is-this-a-good-customer,642,base,0,0,0,0,1e-05,0.0,standard,256,256,256,0,230,2.9,mesuré ici,0.7137066365007542,0.32323018166338674,0.2596272253192386
339cbc4cc198848f,363682,Is-this-a-good-customer,642,base,0,0,0,0,1e-05,0.0,standard,256,256,256,1,230,2.9,mesuré ici,0.680052790346908,0.33559877722230436,0.19722664226193948
339cbc4cc198848f,363682,Is-this-a-good-customer,642,base,0,0,0,0,1e-05,0.0,standard,256,256,256,2,230,2.9,mesuré ici,0.6524321266968326,0.3367875379956606,0.20771147958934577
339cbc4cc198848f,363682,Is-this-a-good-customer,642,base,0,0,0,0,1e-05,0.0,standard,512,512,512,0,230,2.9,mesuré ici,0.688631221719457,0.3282022017257595,0.2468737122404527
339cbc4cc198848f,363682,Is-this-a-good-customer,642,base,0,0,0,0,1e-05,0.0,standard,full,642,642,0,230,2.9,mesuré ici,0.7449095022624435,0.3161708923668399,0.30349666628346067
339cbc4cc198848f,363684,Marketing_Campaign,835,base,0,0,0,0,1e-05,0.0,standard,32,32,32,0,299,3.1,mesuré ici,0.7948818897637795,0.37475424542404395,0.5593981205077283
339cbc4cc198848f,363684,Marketing_Campaign,835,base,0,0,0,0,1e-05,0.0,standard,32,32,32,1,299,3.1,mesuré ici,0.76832895888014,0.3801162862462032,0.35509831941734554
339cbc4cc198848f,363684,Marketing_Campaign,835,base,0,0,0,0,1e-05,0.0,standard,32,32,32,2,299,3.1,mesuré ici,0.7377952755905511,0.3886587424649547,0.4391773821634164
339cbc4cc198848f,363684,Marketing_Campaign,835,base,0,0,0,0,1e-05,0.0,standard,64,64,64,0,299,3.1,mesuré ici,0.8697287839020122,0.31815888921954855,0.5131323257488093
339cbc4cc198848f,363684,Marketing_Campaign,835,base,0,0,0,0,1e-05,0.0,standard,64,64,64,1,299,3.1,mesuré ici,0.7430883639545057,0.3902465750413208,0.3459513859715953
339cbc4cc198848f,363684,Marketing_Campaign,835,base,0,0,0,0,1e-05,0.0,standard,64,64,64,2,299,3.1,mesuré ici,0.7659667541557305,0.3694245367672487,0.4657260974948467
339cbc4cc198848f,363684,Marketing_Campaign,835,base,0,0,0,0,1e-05,0.0,standard,128,128,128,0,299,3.1,mesuré ici,0.7854768153980752,0.3474854469136186,0.4917002516039575
339cbc4cc198848f,363684,Marketing_Campaign,835,base,0,0,0,0,1e-05,0.0,standard,128,128,128,1,299,3.1,mesuré ici,0.779002624671916,0.35496329821396594,0.43969529397981055
339cbc4cc198848f,363684,Marketing_Campaign,835,base,0,0,0,0,1e-05,0.0,standard,128,128,128,2,299,3.1,mesuré ici,0.7559930008748906,0.37760857099524514,0.43790262421762227
339cbc4cc198848f,363684,Marketing_Campaign,835,base,0,0,0,0,1e-05,0.0,standard,256,256,256,0,299,3.1,mesuré ici,0.8229221347331582,0.3412646020574798,0.5611468234743469
339cbc4cc198848f,363684,Marketing_Campaign,835,base,0,0,0,0,1e-05,0.0,standard,256,256,256,1,299,3.1,mesuré ici,0.8206036745406824,0.3394656632871554,0.5001022903463921
339cbc4cc198848f,363684,Marketing_Campaign,835,base,0,0,0,0,1e-05,0.0,standard,256,256,256,2,299,3.1,mesuré ici,0.8139982502187226,0.34084562400113544,0.5535095790930248
339cbc4cc198848f,363684,Marketing_Campaign,835,base,0,0,0,0,1e-05,0.0,standard,512,512,512,0,299,3.1,mesuré ici,0.8850831146106737,0.2899217437759848,0.6357180586855565
339cbc4cc198848f,363684,Marketing_Campaign,835,base,0,0,0,0,1e-05,0.0,standard,full,835,835,0,299,3.2,mesuré ici,0.9063867016622923,0.2696328938046517,0.6854002227393583
339cbc4cc198848f,363613,Amazon_employee_access,12233,base,0,0,0,0,1e-05,0.0,standard,32,32,32,0,1024,4.5,mesuré ici,0.6578817950294196,0.21854848508917774,0.9639445514339382
339cbc4cc198848f,363613,Amazon_employee_access,12233,base,0,0,0,0,1e-05,0.0,standard,32,32,32,1,1024,4.5,mesuré ici,0.5657328532537104,0.22884680898214668,0.956388911191075
339cbc4cc198848f,363613,Amazon_employee_access,12233,base,0,0,0,0,1e-05,0.0,standard,32,32,32,2,1024,4.5,mesuré ici,0.3743830684113463,0.24213287008663903,0.9240045507215006
339cbc4cc198848f,363613,Amazon_employee_access,12233,base,0,0,0,0,1e-05,0.0,standard,64,64,64,0,1024,4.6,mesuré ici,0.6251075788179504,0.2172404473557985,0.9574994832500876
339cbc4cc198848f,363613,Amazon_employee_access,12233,base,0,0,0,0,1e-05,0.0,standard,64,64,64,1,1024,4.5,mesuré ici,0.48612452797049266,0.2351907062693258,0.9416024203358087
339cbc4cc198848f,363613,Amazon_employee_access,12233,base,0,0,0,0,1e-05,0.0,standard,64,64,64,2,1024,4.5,mesuré ici,0.6535698603670853,0.21704406353557978,0.9683657281707899
339cbc4cc198848f,363613,Amazon_employee_access,12233,base,0,0,0,0,1e-05,0.0,standard,128,128,128,0,1024,4.6,mesuré ici,0.5549837534030034,0.22410731625731103,0.9568951861133029
339cbc4cc198848f,363613,Amazon_employee_access,12233,base,0,0,0,0,1e-05,0.0,standard,128,128,128,1,1024,4.5,mesuré ici,0.5573548783700711,0.22355877039278596,0.957265953283704
339cbc4cc198848f,363613,Amazon_employee_access,12233,base,0,0,0,0,1e-05,0.0,standard,128,128,128,2,1024,4.6,mesuré ici,0.4977430403091245,0.22189962251508447,0.9388453718794794
339cbc4cc198848f,363613,Amazon_employee_access,12233,base,0,0,0,0,1e-05,0.0,standard,256,256,256,0,1024,4.5,mesuré ici,0.6822604724686047,0.20787062756466024,0.9690651851236471
339cbc4cc198848f,363613,Amazon_employee_access,12233,base,0,0,0,0,1e-05,0.0,standard,256,256,256,1,1024,4.6,mesuré ici,0.4850619127074734,0.23352345266964825,0.9386920058721244
339cbc4cc198848f,363613,Amazon_employee_access,12233,base,0,0,0,0,1e-05,0.0,standard,256,256,256,2,1024,4.5,mesuré ici,0.6077632387810661,0.22151493910442122,0.9607402060910551
339cbc4cc198848f,363613,Amazon_employee_access,12233,base,0,0,0,0,1e-05,0.0,standard,512,512,512,0,1024,4.6,mesuré ici,0.597918679195574,0.23060844667728597,0.9633082595757966
339cbc4cc198848f,363613,Amazon_employee_access,12233,base,0,0,0,0,1e-05,0.0,standard,1024,1024,1024,0,1024,4.7,mesuré ici,0.6271186440677966,0.2168104382792564,0.9607247002054096
339cbc4cc198848f,363613,Amazon_employee_access,12233,base,0,0,0,0,1e-05,0.0,standard,2048,2048,2048,0,1024,5.6,mesuré ici,0.7293141301484148,0.19400638299286993,0.9741295639387726
339cbc4cc198848f,363613,Amazon_employee_access,12233,base,0,0,0,0,1e-05,0.0,standard,full,12233,12233,0,1024,35.4,mesuré ici,0.8542021603583033,0.1619558903187432,0.9865736044908266
339cbc4cc198848f,363618,bank-marketing,16878,base,0,0,0,0,1e-05,0.0,standard,32,32,32,0,1024,4.7,mesuré ici,0.6605872050147492,0.3397139739960799,0.28646677585947394
339cbc4cc198848f,363618,bank-marketing,16878,base,0,0,0,0,1e-05,0.0,standard,32,32,32,1,1024,4.8,mesuré ici,0.4827664085545722,0.3678496492594622,0.11398996504174483
339cbc4cc198848f,363618,bank-marketing,16878,base,0,0,0,0,1e-05,0.0,standard,32,32,32,2,1024,4.7,mesuré ici,0.6559411873156342,0.35193528577485456,0.1900994283062964
339cbc4cc198848f,363618,bank-marketing,16878,base,0,0,0,0,1e-05,0.0,standard,64,64,64,0,1024,4.7,mesuré ici,0.662357116519174,0.34713448092852534,0.1996168547312794
339cbc4cc198848f,363618,bank-marketing,16878,base,0,0,0,0,1e-05,0.0,standard,64,64,64,1,1024,4.7,mesuré ici,0.6118132374631269,0.3532927353410472,0.17403433508501942
339cbc4cc198848f,363618,bank-marketing,16878,base,0,0,0,0,1e-05,0.0,standard,64,64,64,2,1024,4.7,mesuré ici,0.6507051991150443,0.3461504734720311,0.2524673917628056
339cbc4cc198848f,363618,bank-marketing,16878,base,0,0,0,0,1e-05,0.0,standard,128,128,128,0,1024,4.8,mesuré ici,0.7153945427728614,0.3361958280480547,0.25982359794610316
339cbc4cc198848f,363618,bank-marketing,16878,base,0,0,0,0,1e-05,0.0,standard,128,128,128,1,1024,4.7,mesuré ici,0.6411320058997051,0.35111085427716415,0.1838247759565691
339cbc4cc198848f,363618,bank-marketing,16878,base,0,0,0,0,1e-05,0.0,standard,128,128,128,2,1024,4.8,mesuré ici,0.7202110988200591,0.32258031615814164,0.3279712688721774
339cbc4cc198848f,363618,bank-marketing,16878,base,0,0,0,0,1e-05,0.0,standard,256,256,256,0,1024,4.9,mesuré ici,0.7055033185840707,0.3402017159912115,0.22340539698124917
339cbc4cc198848f,363618,bank-marketing,16878,base,0,0,0,0,1e-05,0.0,standard,256,256,256,1,1024,4.7,mesuré ici,0.7469441371681417,0.3191680868621532,0.34345687327709695
339cbc4cc198848f,363618,bank-marketing,16878,base,0,0,0,0,1e-05,0.0,standard,256,256,256,2,1024,4.8,mesuré ici,0.6768021755162241,0.3303606387278901,0.3184095016805263
339cbc4cc198848f,363618,bank-marketing,16878,base,0,0,0,0,1e-05,0.0,standard,512,512,512,0,1024,4.8,mesuré ici,0.7375553097345132,0.3212448268946964,0.3240044819667372
339cbc4cc198848f,363618,bank-marketing,16878,base,0,0,0,0,1e-05,0.0,standard,1024,1024,1024,0,1024,4.9,mesuré ici,0.7629931784660766,0.30946021300063153,0.39522737159008126
339cbc4cc198848f,363618,bank-marketing,16878,base,0,0,0,0,1e-05,0.0,standard,2048,2048,2048,0,1024,6.0,mesuré ici,0.7684365781710915,0.3021689900546248,0.3982275981443873
339cbc4cc198848f,363618,bank-marketing,16878,base,0,0,0,0,1e-05,0.0,standard,full,16878,16878,0,1024,61.2,mesuré ici,0.7879839601769911,0.2932551404022363,0.43687807729697253
339cbc4cc198848f,363624,coil2000_insurance_policies,3666,base,0,0,0,0,1e-05,0.0,standard,32,32,32,0,1024,5.0,mesuré ici,0.5081201164394056,0.23899678019107884,0.08685450949110432
339cbc4cc198848f,363624,coil2000_insurance_policies,3666,base,0,0,0,0,1e-05,0.0,standard,32,32,32,1,1024,4.8,mesuré ici,0.6657814548116371,0.21893856328923927,0.11931411754767163
339cbc4cc198848f,363624,coil2000_insurance_policies,3666,base,0,0,0,0,1e-05,0.0,standard,32,32,32,2,1024,4.9,mesuré ici,0.6238785897894217,0.2330984351221671,0.10323450185193561
339cbc4cc198848f,363624,coil2000_insurance_policies,3666,base,0,0,0,0,1e-05,0.0,standard,64,64,64,0,1024,4.9,mesuré ici,0.6265427370069625,0.22818112213422273,0.12219903506864899
339cbc4cc198848f,363624,coil2000_insurance_policies,3666,base,0,0,0,0,1e-05,0.0,standard,64,64,64,1,1024,4.9,mesuré ici,0.5857293634986296,0.23140364555539455,0.07871650294429655
339cbc4cc198848f,363624,coil2000_insurance_policies,3666,base,0,0,0,0,1e-05,0.0,standard,64,64,64,2,1024,4.9,mesuré ici,0.6537459782442163,0.21896429645452908,0.11403488246477407
339cbc4cc198848f,363624,coil2000_insurance_policies,3666,base,0,0,0,0,1e-05,0.0,standard,128,128,128,0,1024,5.4,mesuré ici,0.6512180174659108,0.2218106281430068,0.11162805200588846
339cbc4cc198848f,363624,coil2000_insurance_policies,3666,base,0,0,0,0,1e-05,0.0,standard,128,128,128,1,1024,5.4,mesuré ici,0.6361268576681476,0.22437844033989623,0.10599173875895815
339cbc4cc198848f,363624,coil2000_insurance_policies,3666,base,0,0,0,0,1e-05,0.0,standard,128,128,128,2,1024,5.4,mesuré ici,0.6492688490543553,0.21772299267778578,0.12086067970593016
339cbc4cc198848f,363624,coil2000_insurance_policies,3666,base,0,0,0,0,1e-05,0.0,standard,256,256,256,0,1024,5.5,mesuré ici,0.6452173024871048,0.21780057317761342,0.11493812648920208
339cbc4cc198848f,363624,coil2000_insurance_policies,3666,base,0,0,0,0,1e-05,0.0,standard,256,256,256,1,1024,5.6,mesuré ici,0.6620022811228572,0.22130390155633278,0.11924927570641568
339cbc4cc198848f,363624,coil2000_insurance_policies,3666,base,0,0,0,0,1e-05,0.0,standard,256,256,256,2,1024,5.5,mesuré ici,0.6562143574553564,0.22111278894017877,0.0966655753044525
339cbc4cc198848f,363624,coil2000_insurance_policies,3666,base,0,0,0,0,1e-05,0.0,standard,512,512,512,0,1024,5.5,mesuré ici,0.682013176037996,0.21505586554408543,0.12465544432135674
339cbc4cc198848f,363624,coil2000_insurance_policies,3666,base,0,0,0,0,1e-05,0.0,standard,1024,1024,1024,0,1024,6.6,mesuré ici,0.7844509133003081,0.2028430156066457,0.18836645803666494
339cbc4cc198848f,363624,coil2000_insurance_policies,3666,base,0,0,0,0,1e-05,0.0,standard,2048,2048,2048,0,1024,11.1,mesuré ici,0.7869278041639003,0.20222417668672993,0.17401770853133733
339cbc4cc198848f,363624,coil2000_insurance_policies,3666,base,0,0,0,0,1e-05,0.0,standard,full,3666,3666,0,1024,17.2,mesuré ici,0.803806410976627,0.19433564215081908,0.2032844925736055
339cbc4cc198848f,363627,credit_card_clients_default,11200,base,0,0,0,0,1e-05,0.0,standard,32,32,32,0,1024,4.8,mesuré ici,0.6720991161790636,0.5070322617725316,0.3975801441233828
339cbc4cc198848f,363627,credit_card_clients_default,11200,base,0,0,0,0,1e-05,0.0,standard,32,32,32,1,1024,4.9,mesuré ici,0.6924120739115294,0.48844563997218315,0.4309861894658511
339cbc4cc198848f,363627,credit_card_clients_default,11200,base,0,0,0,0,1e-05,0.0,standard,32,32,32,2,1024,4.8,mesuré ici,0.5030704348354789,0.5347783585349716,0.22222125819148889
339cbc4cc198848f,363627,credit_card_clients_default,11200,base,0,0,0,0,1e-05,0.0,standard,64,64,64,0,1024,4.9,mesuré ici,0.6645349576329739,0.5193085389927934,0.4201847276900381
339cbc4cc198848f,363627,credit_card_clients_default,11200,base,0,0,0,0,1e-05,0.0,standard,64,64,64,1,1024,4.8,mesuré ici,0.6307684654458625,0.512143093785173,0.3127270178516909
339cbc4cc198848f,363627,credit_card_clients_default,11200,base,0,0,0,0,1e-05,0.0,standard,64,64,64,2,1024,4.9,mesuré ici,0.6655050050022386,0.5040547953000656,0.36820387833532686
339cbc4cc198848f,363627,credit_card_clients_default,11200,base,0,0,0,0,1e-05,0.0,standard,128,128,128,0,1024,4.9,mesuré ici,0.6775601235912203,0.4829776822886387,0.46860737061312646
339cbc4cc198848f,363627,credit_card_clients_default,11200,base,0,0,0,0,1e-05,0.0,standard,128,128,128,1,1024,4.9,mesuré ici,0.7037652208999607,0.4681337251771074,0.4855347720473915
339cbc4cc198848f,363627,credit_card_clients_default,11200,base,0,0,0,0,1e-05,0.0,standard,128,128,128,2,1024,4.8,mesuré ici,0.7184845151697721,0.4816377416431642,0.519621732169335
339cbc4cc198848f,363627,credit_card_clients_default,11200,base,0,0,0,0,1e-05,0.0,standard,256,256,256,0,1024,4.8,mesuré ici,0.7277897843786445,0.4566373700405056,0.5056871824806591
339cbc4cc198848f,363627,credit_card_clients_default,11200,base,0,0,0,0,1e-05,0.0,standard,256,256,256,1,1024,4.9,mesuré ici,0.7230252212316008,0.4629698866806177,0.49960534487425007
339cbc4cc198848f,363627,credit_card_clients_default,11200,base,0,0,0,0,1e-05,0.0,standard,256,256,256,2,1024,4.8,mesuré ici,0.7318219755802321,0.45912262046044494,0.49820288403446134
339cbc4cc198848f,363627,credit_card_clients_default,11200,base,0,0,0,0,1e-05,0.0,standard,512,512,512,0,1024,4.9,mesuré ici,0.7129212520520234,0.46587334001946024,0.5067365448468171
339cbc4cc198848f,363627,credit_card_clients_default,11200,base,0,0,0,0,1e-05,0.0,standard,1024,1024,1024,0,1024,4.9,mesuré ici,0.7460438096606768,0.4400301528285003,0.5549634012379636
339cbc4cc198848f,363627,credit_card_clients_default,11200,base,0,0,0,0,1e-05,0.0,standard,2048,2048,2048,0,1024,6.6,mesuré ici,0.7533509471089272,0.4405707586468238,0.540402551562556
339cbc4cc198848f,363627,credit_card_clients_default,11200,base,0,0,0,0,1e-05,0.0,standard,full,11200,11200,0,1024,36.0,mesuré ici,0.7543265218136294,0.43685347079944015,0.5554858414976156
339cbc4cc198848f,363629,diabetes,286,base,0,0,0,0,1e-05,0.0,standard,32,32,32,0,103,2.6,mesuré ici,0.7497927031509122,0.5854972389333278,0.6161257275542439
339cbc4cc198848f,363629,diabetes,286,base,0,0,0,0,1e-05,0.0,standard,32,32,32,1,103,2.6,mesuré ici,0.7060530679933665,0.6006438747298308,0.5517338761297552
339cbc4cc198848f,363629,diabetes,286,base,0,0,0,0,1e-05,0.0,standard,32,32,32,2,103,2.6,mesuré ici,0.6911276948590381,0.63111687485681,0.5414614961586496
339cbc4cc198848f,363629,diabetes,286,base,0,0,0,0,1e-05,0.0,standard,64,64,64,0,103,2.6,mesuré ici,0.7661691542288558,0.56353092275488,0.6394580344736003
339cbc4cc198848f,363629,diabetes,286,base,0,0,0,0,1e-05,0.0,standard,64,64,64,1,103,2.6,mesuré ici,0.7574626865671641,0.5709994894436462,0.6222728456906769
339cbc4cc198848f,363629,diabetes,286,base,0,0,0,0,1e-05,0.0,standard,64,64,64,2,103,2.6,mesuré ici,0.7825456053067993,0.5477306511967958,0.6038661902048806
339cbc4cc198848f,363629,diabetes,286,base,0,0,0,0,1e-05,0.0,standard,128,128,128,0,103,2.6,mesuré ici,0.804519071310116,0.5199137522279064,0.6640805689927735
339cbc4cc198848f,363629,diabetes,286,base,0,0,0,0,1e-05,0.0,standard,128,128,128,1,103,2.8,mesuré ici,0.7736318407960199,0.5461318036524049,0.603285028907627
339cbc4cc198848f,363629,diabetes,286,base,0,0,0,0,1e-05,0.0,standard,128,128,128,2,103,2.6,mesuré ici,0.7657545605306799,0.553877457061513,0.6459439695589356
339cbc4cc198848f,363629,diabetes,286,base,0,0,0,0,1e-05,0.0,standard,256,256,256,0,103,2.6,mesuré ici,0.7999585406301825,0.5221003859620422,0.6671298874363553
339cbc4cc198848f,363629,diabetes,286,base,0,0,0,0,1e-05,0.0,standard,256,256,256,1,103,2.6,mesuré ici,0.8003731343283582,0.51390976223372,0.6967155686182591
339cbc4cc198848f,363629,diabetes,286,base,0,0,0,0,1e-05,0.0,standard,256,256,256,2,103,2.6,mesuré ici,0.8030679933665008,0.5154786668945527,0.6647297495873095
339cbc4cc198848f,363629,diabetes,286,base,0,0,0,0,1e-05,0.0,standard,full,286,286,0,103,2.6,mesuré ici,0.7983001658374793,0.522051232955868,0.6650673790634142
339cbc4cc198848f,363632,E-CommereShippingData,4105,base,0,0,0,0,1e-05,0.0,standard,32,32,32,0,1024,4.6,mesuré ici,0.7103248356403783,0.615877019755436,0.7970161343833722
339cbc4cc198848f,363632,E-CommereShippingData,4105,base,0,0,0,0,1e-05,0.0,standard,32,32,32,1,1024,4.7,mesuré ici,0.7449384369687291,0.5741911332194718,0.8511526720772982
339cbc4cc198848f,363632,E-CommereShippingData,4105,base,0,0,0,0,1e-05,0.0,standard,32,32,32,2,1024,4.7,mesuré ici,0.7250706379808436,0.6204674881509059,0.834306836811692
339cbc4cc198848f,363632,E-CommereShippingData,4105,base,0,0,0,0,1e-05,0.0,standard,64,64,64,0,1024,4.7,mesuré ici,0.7384195321447395,0.5254148351648061,0.8510380310096761
339cbc4cc198848f,363632,E-CommereShippingData,4105,base,0,0,0,0,1e-05,0.0,standard,64,64,64,1,1024,4.7,mesuré ici,0.7065303971182082,0.6053729711695934,0.8253341262169941
339cbc4cc198848f,363632,E-CommereShippingData,4105,base,0,0,0,0,1e-05,0.0,standard,64,64,64,2,1024,4.7,mesuré ici,0.724725869154286,0.5790629977340721,0.8400899393733844
339cbc4cc198848f,363632,E-CommereShippingData,4105,base,0,0,0,0,1e-05,0.0,standard,128,128,128,0,1024,4.7,mesuré ici,0.7303808704818442,0.5242514732201955,0.84707574296993
339cbc4cc198848f,363632,E-CommereShippingData,4105,base,0,0,0,0,1e-05,0.0,standard,128,128,128,1,1024,4.8,mesuré ici,0.741389695771232,0.5056670474283669,0.8558965604429476
339cbc4cc198848f,363632,E-CommereShippingData,4105,base,0,0,0,0,1e-05,0.0,standard,128,128,128,2,1024,4.7,mesuré ici,0.7304938119939923,0.519752408658479,0.8486769027925338
339cbc4cc198848f,363632,E-CommereShippingData,4105,base,0,0,0,0,1e-05,0.0,standard,256,256,256,0,1024,4.7,mesuré ici,0.7306860107076479,0.4999067900236034,0.8518821205753169
339cbc4cc198848f,363632,E-CommereShippingData,4105,base,0,0,0,0,1e-05,0.0,standard,256,256,256,1,1024,4.7,mesuré ici,0.7446630181934906,0.5199698223614777,0.8556210274846676
339cbc4cc198848f,363632,E-CommereShippingData,4105,base,0,0,0,0,1e-05,0.0,standard,256,256,256,2,1024,4.7,mesuré ici,0.7474390016762897,0.49801809464004687,0.8552792960002035
339cbc4cc198848f,363632,E-CommereShippingData,4105,base,0,0,0,0,1e-05,0.0,standard,512,512,512,0,1024,4.7,mesuré ici,0.7484198095449448,0.49322148467894,0.855784465690305
339cbc4cc198848f,363632,E-CommereShippingData,4105,base,0,0,0,0,1e-05,0.0,standard,1024,1024,1024,0,1024,4.8,mesuré ici,0.7363390306051683,0.4938369704271125,0.8518797493791219
339cbc4cc198848f,363632,E-CommereShippingData,4105,base,0,0,0,0,1e-05,0.0,standard,2048,2048,2048,0,1024,5.8,mesuré ici,0.7469931799178103,0.49231332515748016,0.8567665458145748
339cbc4cc198848f,363632,E-CommereShippingData,4105,base,0,0,0,0,1e-05,0.0,standard,full,4105,4105,0,1024,9.6,mesuré ici,0.7463076051247707,0.4896720522010108,0.8593057124225693
339cbc4cc198848f,363671,Fitness_Club,560,base,0,0,0,0,1e-05,0.0,standard,32,32,32,0,200,2.9,mesuré ici,0.7975,0.46812876063815906,0.7175807079724946
339cbc4cc198848f,363671,Fitness_Club,560,base,0,0,0,0,1e-05,0.0,standard,32,32,32,1,200,3.0,mesuré ici,0.8102380952380953,0.5414461064823425,0.632468731152308
339cbc4cc198848f,363671,Fitness_Club,560,base,0,0,0,0,1e-05,0.0,standard,32,32,32,2,200,2.9,mesuré ici,0.8475595238095239,0.4370398253400992,0.7288698727030459
339cbc4cc198848f,363671,Fitness_Club,560,base,0,0,0,0,1e-05,0.0,standard,64,64,64,0,200,2.9,mesuré ici,0.8352976190476191,0.475628606079574,0.692280509413937
339cbc4cc198848f,363671,Fitness_Club,560,base,0,0,0,0,1e-05,0.0,standard,64,64,64,1,200,3.0,mesuré ici,0.7935119047619048,0.5083169687015119,0.6020444840792273
339cbc4cc198848f,363671,Fitness_Club,560,base,0,0,0,0,1e-05,0.0,standard,64,64,64,2,200,2.9,mesuré ici,0.8357142857142856,0.4632350080123249,0.69146525089064
339cbc4cc198848f,363671,Fitness_Club,560,base,0,0,0,0,1e-05,0.0,standard,128,128,128,0,200,2.9,mesuré ici,0.8554761904761905,0.4415810611812506,0.7515000803600534
339cbc4cc198848f,363671,Fitness_Club,560,base,0,0,0,0,1e-05,0.0,standard,128,128,128,1,200,2.9,mesuré ici,0.8695238095238096,0.4130603413671568,0.7727206140752326
339cbc4cc198848f,363671,Fitness_Club,560,base,0,0,0,0,1e-05,0.0,standard,128,128,128,2,200,2.9,mesuré ici,0.8636309523809523,0.42751149456550636,0.7566049107822267
339cbc4cc198848f,363671,Fitness_Club,560,base,0,0,0,0,1e-05,0.0,standard,256,256,256,0,200,2.9,mesuré ici,0.861547619047619,0.4176690570265489,0.7657541869545845
339cbc4cc198848f,363671,Fitness_Club,560,base,0,0,0,0,1e-05,0.0,standard,256,256,256,1,200,2.9,mesuré ici,0.8326190476190477,0.4466497109172424,0.726364019807586
339cbc4cc198848f,363671,Fitness_Club,560,base,0,0,0,0,1e-05,0.0,standard,256,256,256,2,200,2.9,mesuré ici,0.856845238095238,0.4327094087000885,0.7579020674071185
339cbc4cc198848f,363671,Fitness_Club,560,base,0,0,0,0,1e-05,0.0,standard,512,512,512,0,200,2.9,mesuré ici,0.8673809523809524,0.4153804106599208,0.7705859244887427
339cbc4cc198848f,363671,Fitness_Club,560,base,0,0,0,0,1e-05,0.0,standard,full,560,560,0,200,2.9,mesuré ici,0.8672023809523809,0.4155904561451861,0.7707620434127597
339cbc4cc198848f,363674,hazelnut-spread-contaminant-detection,896,base,0,0,0,0,1e-05,0.0,standard,32,32,32,0,320,3.1,mesuré ici,0.8864453125,0.49131047006529993,0.8661671378863528
339cbc4cc198848f,363674,hazelnut-spread-contaminant-detection,896,base,0,0,0,0,1e-05,0.0,standard,32,32,32,1,320,3.1,mesuré ici,0.8858398437500001,0.4371631641402935,0.8616046917578477
339cbc4cc198848f,363674,hazelnut-spread-contaminant-detection,896,base,0,0,0,0,1e-05,0.0,standard,32,32,32,2,320,3.1,mesuré ici,0.85056640625,0.47415381213634583,0.8198879964286746
339cbc4cc198848f,363674,hazelnut-spread-contaminant-detection,896,base,0,0,0,0,1e-05,0.0,standard,64,64,64,0,320,3.1,mesuré ici,0.9421484375,0.35335211369373776,0.93703977095552
339cbc4cc198848f,363674,hazelnut-spread-contaminant-detection,896,base,0,0,0,0,1e-05,0.0,standard,64,64,64,1,320,3.1,mesuré ici,0.9039453125000001,0.41529362113978385,0.8833863100125374
339cbc4cc198848f,363674,hazelnut-spread-contaminant-detection,896,base,0,0,0,0,1e-05,0.0,standard,64,64,64,2,320,3.1,mesuré ici,0.9025390624999999,0.4082464227379369,0.8992308613942795
339cbc4cc198848f,363674,hazelnut-spread-contaminant-detection,896,base,0,0,0,0,1e-05,0.0,standard,128,128,128,0,320,3.1,mesuré ici,0.93697265625,0.3354042148873131,0.9307240529700638
339cbc4cc198848f,363674,hazelnut-spread-contaminant-detection,896,base,0,0,0,0,1e-05,0.0,standard,128,128,128,1,320,3.1,mesuré ici,0.94888671875,0.3098053694041292,0.9480474178728653
339cbc4cc198848f,363674,hazelnut-spread-contaminant-detection,896,base,0,0,0,0,1e-05,0.0,standard,128,128,128,2,320,3.1,mesuré ici,0.97265625,0.22084545494440455,0.9688061756413717
339cbc4cc198848f,363674,hazelnut-spread-contaminant-detection,896,base,0,0,0,0,1e-05,0.0,standard,256,256,256,0,320,3.0,mesuré ici,0.9659374999999999,0.25274802004867825,0.9649795997100437
339cbc4cc198848f,363674,hazelnut-spread-contaminant-detection,896,base,0,0,0,0,1e-05,0.0,standard,256,256,256,1,320,3.1,mesuré ici,0.9799023437500001,0.19045862077590256,0.9772063730913457
339cbc4cc198848f,363674,hazelnut-spread-contaminant-detection,896,base,0,0,0,0,1e-05,0.0,standard,256,256,256,2,320,3.1,mesuré ici,0.9780859375000001,0.20060616160728006,0.9797029315143622
339cbc4cc198848f,363674,hazelnut-spread-contaminant-detection,896,base,0,0,0,0,1e-05,0.0,standard,512,512,512,0,320,3.1,mesuré ici,0.9871484375,0.15223697385378981,0.9873560426899817
339cbc4cc198848f,363674,hazelnut-spread-contaminant-detection,896,base,0,0,0,0,1e-05,0.0,standard,full,896,896,0,320,3.1,mesuré ici,0.9941796875,0.09674029844759427,0.9940168305381243
339cbc4cc198848f,363676,heloc,3903,base,0,0,0,0,1e-05,0.0,standard,32,32,32,0,1024,5.0,mesuré ici,0.7217247573186578,0.6465134387328784,0.7112008561603316
339cbc4cc198848f,363676,heloc,3903,base,0,0,0,0,1e-05,0.0,standard,32,32,32,1,1024,4.9,mesuré ici,0.7213999082779179,0.620386168591608,0.6924739773548465
339cbc4cc198848f,363676,heloc,3903,base,0,0,0,0,1e-05,0.0,standard,32,32,32,2,1024,4.8,mesuré ici,0.7604945348926087,0.6429964279063316,0.755186935170786
339cbc4cc198848f,363676,heloc,3903,base,0,0,0,0,1e-05,0.0,standard,64,64,64,0,1024,4.8,mesuré ici,0.7669494764197814,0.5779677484236447,0.7500981010545293
339cbc4cc198848f,363676,heloc,3903,base,0,0,0,0,1e-05,0.0,standard,64,64,64,1,1024,4.8,mesuré ici,0.7561874187877398,0.6349566474625369,0.6551802203173764
339cbc4cc198848f,363676,heloc,3903,base,0,0,0,0,1e-05,0.0,standard,64,64,64,2,1024,4.8,mesuré ici,0.7038465948177024,0.6427719941717495,0.6816919325079664
339cbc4cc198848f,363676,heloc,3903,base,0,0,0,0,1e-05,0.0,standard,128,128,128,0,1024,4.8,mesuré ici,0.7705381028816021,0.5749527019993719,0.7556323525743303
339cbc4cc198848f,363676,heloc,3903,base,0,0,0,0,1e-05,0.0,standard,128,128,128,1,1024,4.8,mesuré ici,0.7908373461744247,0.5562225589570737,0.7679988646111887
339cbc4cc198848f,363676,heloc,3903,base,0,0,0,0,1e-05,0.0,standard,128,128,128,2,1024,4.8,mesuré ici,0.7864270427272032,0.5624945073472233,0.7658317628317916
339cbc4cc198848f,363676,heloc,3903,base,0,0,0,0,1e-05,0.0,standard,256,256,256,0,1024,4.8,mesuré ici,0.7865760911106014,0.5634571240726727,0.7584429192081501
339cbc4cc198848f,363676,heloc,3903,base,0,0,0,0,1e-05,0.0,standard,256,256,256,1,1024,4.9,mesuré ici,0.7863888251929986,0.5657796407480906,0.7632025285193964
339cbc4cc198848f,363676,heloc,3903,base,0,0,0,0,1e-05,0.0,standard,256,256,256,2,1024,4.8,mesuré ici,0.790562179928151,0.5561231410335948,0.7639305534828342
339cbc4cc198848f,363676,heloc,3903,base,0,0,0,0,1e-05,0.0,standard,512,512,512,0,1024,4.9,mesuré ici,0.7916169838722005,0.55228525091112,0.7707765942077227
339cbc4cc198848f,363676,heloc,3903,base,0,0,0,0,1e-05,0.0,standard,1024,1024,1024,0,1024,4.9,mesuré ici,0.8023656653672706,0.544040011543151,0.7716443265573356
339cbc4cc198848f,363676,heloc,3903,base,0,0,0,0,1e-05,0.0,standard,2048,2048,2048,0,1024,6.4,mesuré ici,0.8121054039593365,0.5337399882099066,0.7858340334604073
339cbc4cc198848f,363676,heloc,3903,base,0,0,0,0,1e-05,0.0,standard,full,3903,3903,0,1024,10.4,mesuré ici,0.8146487808606588,0.5301636699705587,0.7829365695790896
339cbc4cc198848f,363679,HR_Analytics_Job_Change_of_Data_Scientists,7151,base,0,0,0,0,1e-05,0.0,standard,32,32,32,0,1024,4.7,mesuré ici,0.7157423697697545,0.493599147006592,0.48625121042522934
339cbc4cc198848f,363679,HR_Analytics_Job_Change_of_Data_Scientists,7151,base,0,0,0,0,1e-05,0.0,standard,32,32,32,1,1024,4.8,mesuré ici,0.6803105637573625,0.5425022208195187,0.3950120435548564
339cbc4cc198848f,363679,HR_Analytics_Job_Change_of_Data_Scientists,7151,base,0,0,0,0,1e-05,0.0,standard,32,32,32,2,1024,4.8,mesuré ici,0.7585609016038144,0.48622337512004865,0.5268676676270391
339cbc4cc198848f,363679,HR_Analytics_Job_Change_of_Data_Scientists,7151,base,0,0,0,0,1e-05,0.0,standard,64,64,64,0,1024,4.7,mesuré ici,0.8015171218032077,0.48160630677573524,0.5352564538739941
339cbc4cc198848f,363679,HR_Analytics_Job_Change_of_Data_Scientists,7151,base,0,0,0,0,1e-05,0.0,standard,64,64,64,1,1024,4.7,mesuré ici,0.7396415002932252,0.5106282032902436,0.447956823216175
339cbc4cc198848f,363679,HR_Analytics_Job_Change_of_Data_Scientists,7151,base,0,0,0,0,1e-05,0.0,standard,64,64,64,2,1024,4.7,mesuré ici,0.7280246819143783,0.5010412209459097,0.45269600453807485
339cbc4cc198848f,363679,HR_Analytics_Job_Change_of_Data_Scientists,7151,base,0,0,0,0,1e-05,0.0,standard,128,128,128,0,1024,4.7,mesuré ici,0.7712256814299192,0.49665465912592166,0.5327820875089389
339cbc4cc198848f,363679,HR_Analytics_Job_Change_of_Data_Scientists,7151,base,0,0,0,0,1e-05,0.0,standard,128,128,128,1,1024,4.7,mesuré ici,0.783495244651827,0.4650684690050949,0.5001134518671055
339cbc4cc198848f,363679,HR_Analytics_Job_Change_of_Data_Scientists,7151,base,0,0,0,0,1e-05,0.0,standard,128,128,128,2,1024,4.7,mesuré ici,0.7790229225630434,0.4716660023914272,0.5309676204718673
339cbc4cc198848f,363679,HR_Analytics_Job_Change_of_Data_Scientists,7151,base,0,0,0,0,1e-05,0.0,standard,256,256,256,0,1024,4.7,mesuré ici,0.8161095387439761,0.4388343621503581,0.5698346982478656
339cbc4cc198848f,363679,HR_Analytics_Job_Change_of_Data_Scientists,7151,base,0,0,0,0,1e-05,0.0,standard,256,256,256,1,1024,4.7,mesuré ici,0.8219102985797702,0.4326974453333196,0.5789114137062059
339cbc4cc198848f,363679,HR_Analytics_Job_Change_of_Data_Scientists,7151,base,0,0,0,0,1e-05,0.0,standard,256,256,256,2,1024,4.7,mesuré ici,0.8030214946836992,0.45744818484529287,0.558392459867689
339cbc4cc198848f,363679,HR_Analytics_Job_Change_of_Data_Scientists,7151,base,0,0,0,0,1e-05,0.0,standard,512,512,512,0,1024,4.7,mesuré ici,0.8126800785333639,0.4327699050332108,0.5586928976021511
339cbc4cc198848f,363679,HR_Analytics_Job_Change_of_Data_Scientists,7151,base,0,0,0,0,1e-05,0.0,standard,1024,1024,1024,0,1024,4.8,mesuré ici,0.8159616512404703,0.43846280535020044,0.5517468343899835
339cbc4cc198848f,363679,HR_Analytics_Job_Change_of_Data_Scientists,7151,base,0,0,0,0,1e-05,0.0,standard,2048,2048,2048,0,1024,5.9,mesuré ici,0.8309900813381269,0.4263629644943913,0.5529635695731395
339cbc4cc198848f,363679,HR_Analytics_Job_Change_of_Data_Scientists,7151,base,0,0,0,0,1e-05,0.0,standard,full,7151,7151,0,1024,18.1,mesuré ici,0.8379331446492772,0.41306879955079623,0.5742973288585442
339cbc4cc198848f,363681,in_vehicle_coupon_recommendation,4734,base,0,0,0,0,1e-05,0.0,standard,32,32,32,0,1024,4.9,mesuré ici,0.5314642907123198,0.6873911013273809,0.6019591414178331
339cbc4cc198848f,363681,in_vehicle_coupon_recommendation,4734,base,0,0,0,0,1e-05,0.0,standard,32,32,32,1,1024,4.9,mesuré ici,0.5454082505325684,0.6862153261532207,0.6016441002433713
339cbc4cc198848f,363681,in_vehicle_coupon_recommendation,4734,base,0,0,0,0,1e-05,0.0,standard,32,32,32,2,1024,4.8,mesuré ici,0.6231301799070144,0.6730285319279349,0.6800177535053086
339cbc4cc198848f,363681,in_vehicle_coupon_recommendation,4734,base,0,0,0,0,1e-05,0.0,standard,64,64,64,0,1024,4.8,mesuré ici,0.6216763073191212,0.6650872161301442,0.6755342596072316
339cbc4cc198848f,363681,in_vehicle_coupon_recommendation,4734,base,0,0,0,0,1e-05,0.0,standard,64,64,64,1,1024,4.9,mesuré ici,0.6108111365085289,0.6667034747407388,0.6607595527753332
339cbc4cc198848f,363681,in_vehicle_coupon_recommendation,4734,base,0,0,0,0,1e-05,0.0,standard,64,64,64,2,1024,4.8,mesuré ici,0.6322071651816952,0.677306484297292,0.6720313952029998
339cbc4cc198848f,363681,in_vehicle_coupon_recommendation,4734,base,0,0,0,0,1e-05,0.0,standard,128,128,128,0,1024,5.0,mesuré ici,0.6783384646483495,0.6356843554098033,0.7125225679742839
339cbc4cc198848f,363681,in_vehicle_coupon_recommendation,4734,base,0,0,0,0,1e-05,0.0,standard,128,128,128,1,1024,4.9,mesuré ici,0.5727169535538243,0.6818988732597342,0.6469433292446576
339cbc4cc198848f,363681,in_vehicle_coupon_recommendation,4734,base,0,0,0,0,1e-05,0.0,standard,128,128,128,2,1024,5.0,mesuré ici,0.6398283341885525,0.669022586830657,0.6999508295612189
339cbc4cc198848f,363681,in_vehicle_coupon_recommendation,4734,base,0,0,0,0,1e-05,0.0,standard,256,256,256,0,1024,4.9,mesuré ici,0.6763578547993345,0.6393130743795552,0.71046995278167
339cbc4cc198848f,363681,in_vehicle_coupon_recommendation,4734,base,0,0,0,0,1e-05,0.0,standard,256,256,256,1,1024,5.0,mesuré ici,0.6579045575407007,0.6439459675752177,0.7110936849391218
339cbc4cc198848f,363681,in_vehicle_coupon_recommendation,4734,base,0,0,0,0,1e-05,0.0,standard,256,256,256,2,1024,4.9,mesuré ici,0.7176357854799335,0.6120375540519107,0.7633655707843576
339cbc4cc198848f,363681,in_vehicle_coupon_recommendation,4734,base,0,0,0,0,1e-05,0.0,standard,512,512,512,0,1024,4.9,mesuré ici,0.7282657710189547,0.6028715424168234,0.7543668271325957
339cbc4cc198848f,363681,in_vehicle_coupon_recommendation,4734,base,0,0,0,0,1e-05,0.0,standard,1024,1024,1024,0,1024,4.9,mesuré ici,0.7441747912487755,0.5872854146539258,0.7865235157569874
339cbc4cc198848f,363681,in_vehicle_coupon_recommendation,4734,base,0,0,0,0,1e-05,0.0,standard,2048,2048,2048,0,1024,6.8,mesuré ici,0.7944986083251698,0.5394250835363354,0.8170665085101789
339cbc4cc198848f,363681,in_vehicle_coupon_recommendation,4734,base,0,0,0,0,1e-05,0.0,standard,full,4734,4734,0,1024,13.1,mesuré ici,0.8234633266470744,0.5008187075294446,0.8448114919850479
339cbc4cc198848f,363689,NATICUSdroid,2796,base,0,0,0,0,1e-05,0.0,standard,32,32,32,0,999,4.9,mesuré ici,0.96458727712965,0.24086158990524387,0.945613869481924
339cbc4cc198848f,363689,NATICUSdroid,2796,base,0,0,0,0,1e-05,0.0,standard,32,32,32,1,999,4.9,mesuré ici,0.9166696015848558,0.33883705143052245,0.8877668604466327
339cbc4cc198848f,363689,NATICUSdroid,2796,base,0,0,0,0,1e-05,0.0,standard,32,32,32,2,999,5.0,mesuré ici,0.9541756548536211,0.29874894086038617,0.9274504016556141
339cbc4cc198848f,363689,NATICUSdroid,2796,base,0,0,0,0,1e-05,0.0,standard,64,64,64,0,999,4.9,mesuré ici,0.954701738939027,0.2843840322336383,0.9473967898252352
339cbc4cc198848f,363689,NATICUSdroid,2796,base,0,0,0,0,1e-05,0.0,standard,64,64,64,1,999,4.8,mesuré ici,0.967310147479639,0.2288811208556665,0.9585789395357251
339cbc4cc198848f,363689,NATICUSdroid,2796,base,0,0,0,0,1e-05,0.0,standard,64,64,64,2,999,4.9,mesuré ici,0.9451111600264144,0.30378736952129776,0.923420399688664
339cbc4cc198848f,363689,NATICUSdroid,2796,base,0,0,0,0,1e-05,0.0,standard,128,128,128,0,999,6.5,mesuré ici,0.947426810477658,0.29164233436054704,0.9265807738493911
339cbc4cc198848f,363689,NATICUSdroid,2796,base,0,0,0,0,1e-05,0.0,standard,128,128,128,1,999,6.3,mesuré ici,0.9680189302223199,0.23569160955684798,0.9540019824675673
339cbc4cc198848f,363689,NATICUSdroid,2796,base,0,0,0,0,1e-05,0.0,standard,128,128,128,2,999,6.3,mesuré ici,0.9562491745542592,0.24413242778912764,0.9491321151184352
339cbc4cc198848f,363689,NATICUSdroid,2796,base,0,0,0,0,1e-05,0.0,standard,256,256,256,0,999,6.4,mesuré ici,0.9780739599383667,0.17620464755357626,0.9695618620774173
339cbc4cc198848f,363689,NATICUSdroid,2796,base,0,0,0,0,1e-05,0.0,standard,256,256,256,1,999,6.5,mesuré ici,0.9747017389390271,0.1891748911273539,0.9653583819651059
339cbc4cc198848f,363689,NATICUSdroid,2796,base,0,0,0,0,1e-05,0.0,standard,256,256,256,2,999,6.4,mesuré ici,0.9740149680827648,0.18469089015397278,0.9637940340173731
339cbc4cc198848f,363689,NATICUSdroid,2796,base,0,0,0,0,1e-05,0.0,standard,512,512,512,0,999,6.6,mesuré ici,0.976451683909311,0.18077271720996524,0.9669785712154632
339cbc4cc198848f,363689,NATICUSdroid,2796,base,0,0,0,0,1e-05,0.0,standard,1024,1024,1024,0,999,7.6,mesuré ici,0.9811820383006824,0.16287344484020375,0.9715021548029957
339cbc4cc198848f,363689,NATICUSdroid,2796,base,0,0,0,0,1e-05,0.0,standard,2048,2048,2048,0,999,12.4,mesuré ici,0.9852410301562844,0.14608736138165887,0.9768711546207465
339cbc4cc198848f,363689,NATICUSdroid,2796,base,0,0,0,0,1e-05,0.0,standard,full,2796,2796,0,999,15.3,mesuré ici,0.9860312568787145,0.13947131631021575,0.9784570361114895
339cbc4cc198848f,363691,online_shoppers_intention,4603,base,0,0,0,0,1e-05,0.0,standard,32,32,32,0,1024,4.6,mesuré ici,0.9016502470254626,0.31040050433232985,0.6299723456622655
339cbc4cc198848f,363691,online_shoppers_intention,4603,base,0,0,0,0,1e-05,0.0,standard,32,32,32,1,1024,4.6,mesuré ici,0.8463618557605168,0.32398733167530697,0.5191700170005561
339cbc4cc198848f,363691,online_shoppers_intention,4603,base,0,0,0,0,1e-05,0.0,standard,32,32,32,2,1024,4.7,mesuré ici,0.7707194433887801,0.3770551452568057,0.3821309924024239
339cbc4cc198848f,363691,online_shoppers_intention,4603,base,0,0,0,0,1e-05,0.0,standard,64,64,64,0,1024,4.6,mesuré ici,0.8331445318209723,0.3569045055966753,0.4912260467579033
339cbc4cc198848f,363691,online_shoppers_intention,4603,base,0,0,0,0,1e-05,0.0,standard,64,64,64,1,1024,4.6,mesuré ici,0.8863134738503814,0.28188876186233947,0.5691099135726486
339cbc4cc198848f,363691,online_shoppers_intention,4603,base,0,0,0,0,1e-05,0.0,standard,64,64,64,2,1024,4.6,mesuré ici,0.8571747010845733,0.34685350044736574,0.5969592745878393
339cbc4cc198848f,363691,online_shoppers_intention,4603,base,0,0,0,0,1e-05,0.0,standard,128,128,128,0,1024,4.7,mesuré ici,0.8855607039494839,0.292031644209491,0.5795437650927774
339cbc4cc198848f,363691,online_shoppers_intention,4603,base,0,0,0,0,1e-05,0.0,standard,128,128,128,1,1024,4.8,mesuré ici,0.8884219604174584,0.2867268500439061,0.6161233567934904
339cbc4cc198848f,363691,online_shoppers_intention,4603,base,0,0,0,0,1e-05,0.0,standard,128,128,128,2,1024,4.7,mesuré ici,0.8991215248340982,0.2743304232903725,0.6451265534878541
339cbc4cc198848f,363691,online_shoppers_intention,4603,base,0,0,0,0,1e-05,0.0,standard,256,256,256,0,1024,4.7,mesuré ici,0.9062399508872453,0.2620168755890253,0.6861135399138063
339cbc4cc198848f,363691,online_shoppers_intention,4603,base,0,0,0,0,1e-05,0.0,standard,256,256,256,1,1024,4.7,mesuré ici,0.9080524454059111,0.29049116434596256,0.661001971678441
339cbc4cc198848f,363691,online_shoppers_intention,4603,base,0,0,0,0,1e-05,0.0,standard,256,256,256,2,1024,4.7,mesuré ici,0.8884731195369369,0.2784010809241644,0.641887938787663
339cbc4cc198848f,363691,online_shoppers_intention,4603,base,0,0,0,0,1e-05,0.0,standard,512,512,512,0,1024,4.6,mesuré ici,0.9107784956295495,0.2621060074059415,0.6470511800338127
339cbc4cc198848f,363691,online_shoppers_intention,4603,base,0,0,0,0,1e-05,0.0,standard,1024,1024,1024,0,1024,4.7,mesuré ici,0.9283553073932236,0.23685837141116467,0.7115571302379131
339cbc4cc198848f,363691,online_shoppers_intention,4603,base,0,0,0,0,1e-05,0.0,standard,2048,2048,2048,0,1024,6.2,mesuré ici,0.9280812406817319,0.2389512697725475,0.7086164767140045
339cbc4cc198848f,363691,online_shoppers_intention,4603,base,0,0,0,0,1e-05,0.0,standard,full,4603,4603,0,1024,11.6,mesuré ici,0.9312786856491361,0.23148802239156485,0.7316238757218887
339cbc4cc198848f,363694,polish_companies_bankruptcy,2206,base,0,0,0,0,1e-05,0.0,standard,32,32,32,0,788,4.5,mesuré ici,0.7368969366240853,0.23664556331861436,0.2155490704161424
339cbc4cc198848f,363694,polish_companies_bankruptcy,2206,base,0,0,0,0,1e-05,0.0,standard,32,32,32,1,788,4.4,mesuré ici,0.7504154781098846,0.2756214030278983,0.2724107716614757
339cbc4cc198848f,363694,polish_companies_bankruptcy,2206,base,0,0,0,0,1e-05,0.0,standard,32,32,32,2,788,4.4,mesuré ici,0.7629790400595311,0.2254760135757676,0.25237378134546234
339cbc4cc198848f,363694,polish_companies_bankruptcy,2206,base,0,0,0,0,1e-05,0.0,standard,64,64,64,0,788,4.4,mesuré ici,0.8001860349745752,0.21073595384871155,0.32544440717960066
339cbc4cc198848f,363694,polish_companies_bankruptcy,2206,base,0,0,0,0,1e-05,0.0,standard,64,64,64,1,788,4.4,mesuré ici,0.748679151680516,0.2271332537086499,0.28958922613984933
339cbc4cc198848f,363694,polish_companies_bankruptcy,2206,base,0,0,0,0,1e-05,0.0,standard,64,64,64,2,788,4.4,mesuré ici,0.7781967009797841,0.2146369951520992,0.2741147777792532
339cbc4cc198848f,363694,polish_companies_bankruptcy,2206,base,0,0,0,0,1e-05,0.0,standard,128,128,128,0,788,4.4,mesuré ici,0.8551655711273719,0.18892164123952104,0.39787156760946846
339cbc4cc198848f,363694,polish_companies_bankruptcy,2206,base,0,0,0,0,1e-05,0.0,standard,128,128,128,1,788,4.4,mesuré ici,0.8006201165819173,0.20978127921726683,0.2780039534122061
339cbc4cc198848f,363694,polish_companies_bankruptcy,2206,base,0,0,0,0,1e-05,0.0,standard,128,128,128,2,788,4.4,mesuré ici,0.7897556740667246,0.2173195275685446,0.21886114231560536
339cbc4cc198848f,363694,polish_companies_bankruptcy,2206,base,0,0,0,0,1e-05,0.0,standard,256,256,256,0,788,4.4,mesuré ici,0.8679895820414238,0.19168978493019495,0.3310988762432861
339cbc4cc198848f,363694,polish_companies_bankruptcy,2206,base,0,0,0,0,1e-05,0.0,standard,256,256,256,1,788,4.4,mesuré ici,0.8295175492992684,0.19566106741199865,0.40464308541105537
339cbc4cc198848f,363694,polish_companies_bankruptcy,2206,base,0,0,0,0,1e-05,0.0,standard,256,256,256,2,788,4.5,mesuré ici,0.7916532308073918,0.2209631903892675,0.283378297892301
339cbc4cc198848f,363694,polish_companies_bankruptcy,2206,base,0,0,0,0,1e-05,0.0,standard,512,512,512,0,788,4.7,mesuré ici,0.953739302988962,0.11644296661997273,0.7446771527639403
339cbc4cc198848f,363694,polish_companies_bankruptcy,2206,base,0,0,0,0,1e-05,0.0,standard,1024,1024,1024,0,788,4.9,mesuré ici,0.9712886022572244,0.08899483364454888,0.8371638610788684
339cbc4cc198848f,363694,polish_companies_bankruptcy,2206,base,0,0,0,0,1e-05,0.0,standard,2048,2048,2048,0,788,8.1,mesuré ici,0.9830088056554632,0.07048138207680373,0.8965389173097474
339cbc4cc198848f,363694,polish_companies_bankruptcy,2206,base,0,0,0,0,1e-05,0.0,standard,full,2206,2206,0,788,8.6,mesuré ici,0.986134193228327,0.06649469070293638,0.9052378006830069
339cbc4cc198848f,363696,qsar-biodeg,392,base,0,0,0,0,1e-05,0.0,standard,32,32,32,0,141,2.8,mesuré ici,0.8991625169760072,0.47083509593174017,0.8588478957626084
339cbc4cc198848f,363696,qsar-biodeg,392,base,0,0,0,0,1e-05,0.0,standard,32,32,32,1,141,2.8,mesuré ici,0.9006337709370755,0.39035854313468626,0.8542957704920733
339cbc4cc198848f,363696,qsar-biodeg,392,base,0,0,0,0,1e-05,0.0,standard,32,32,32,2,141,2.8,mesuré ici,0.8165459483929379,0.4782880054943614,0.7469284209515114
339cbc4cc198848f,363696,qsar-biodeg,392,base,0,0,0,0,1e-05,0.0,standard,64,64,64,0,141,2.8,mesuré ici,0.911272068809416,0.3502688486793508,0.8962376427768499
339cbc4cc198848f,363696,qsar-biodeg,392,base,0,0,0,0,1e-05,0.0,standard,64,64,64,1,141,2.9,mesuré ici,0.891014033499321,0.39338818085691746,0.8170797962520864
339cbc4cc198848f,363696,qsar-biodeg,392,base,0,0,0,0,1e-05,0.0,standard,64,64,64,2,141,2.7,mesuré ici,0.9330013580805795,0.3151183592978226,0.8937324205128663
339cbc4cc198848f,363696,qsar-biodeg,392,base,0,0,0,0,1e-05,0.0,standard,128,128,128,0,141,2.8,mesuré ici,0.9139882299683114,0.343402252798807,0.8903464886837342
339cbc4cc198848f,363696,qsar-biodeg,392,base,0,0,0,0,1e-05,0.0,standard,128,128,128,1,141,2.8,mesuré ici,0.914440923494794,0.3237459934598648,0.8793035412556353
339cbc4cc198848f,363696,qsar-biodeg,392,base,0,0,0,0,1e-05,0.0,standard,128,128,128,2,141,2.9,mesuré ici,0.9167043911272069,0.3314249780253377,0.8902042800597585
339cbc4cc198848f,363696,qsar-biodeg,392,base,0,0,0,0,1e-05,0.0,standard,256,256,256,0,141,2.8,mesuré ici,0.9021050248981439,0.3609110031726199,0.8750350040920689
339cbc4cc198848f,363696,qsar-biodeg,392,base,0,0,0,0,1e-05,0.0,standard,256,256,256,1,141,2.8,mesuré ici,0.9128564961521051,0.3327238214031014,0.8825212694437892
339cbc4cc198848f,363696,qsar-biodeg,392,base,0,0,0,0,1e-05,0.0,standard,256,256,256,2,141,2.9,mesuré ici,0.9330013580805794,0.2966957183940391,0.9201548926976012
339cbc4cc198848f,363696,qsar-biodeg,392,base,0,0,0,0,1e-05,0.0,standard,full,392,392,0,141,2.8,mesuré ici,0.9277953825260299,0.30321596725944766,0.9079455397314323
339cbc4cc198848f,363700,seismic-bumps,963,base,0,0,0,0,1e-05,0.0,standard,32,32,32,0,345,3.3,mesuré ici,0.670807453416149,0.23069508971551564,0.1884120695087801
339cbc4cc198848f,363700,seismic-bumps,963,base,0,0,0,0,1e-05,0.0,standard,32,32,32,1,345,3.3,mesuré ici,0.6411693221712126,0.24317547858313052,0.10283005645508332
339cbc4cc198848f,363700,seismic-bumps,963,base,0,0,0,0,1e-05,0.0,standard,32,32,32,2,345,3.3,mesuré ici,0.6984201998379692,0.23563732201605547,0.11251147196886542
339cbc4cc198848f,363700,seismic-bumps,963,base,0,0,0,0,1e-05,0.0,standard,64,64,64,0,345,3.2,mesuré ici,0.6340804752903052,0.25393217795936074,0.12596083591788
339cbc4cc198848f,363700,seismic-bumps,963,base,0,0,0,0,1e-05,0.0,standard,64,64,64,1,345,3.3,mesuré ici,0.6862003780718336,0.2297097377167988,0.25826967586213384
339cbc4cc198848f,363700,seismic-bumps,963,base,0,0,0,0,1e-05,0.0,standard,64,64,64,2,345,3.3,mesuré ici,0.7341344855522548,0.2661861612265805,0.1495775802347856
339cbc4cc198848f,363700,seismic-bumps,963,base,0,0,0,0,1e-05,0.0,standard,128,128,128,0,345,3.3,mesuré ici,0.709424790710235,0.22900892340133625,0.1475610142706585
339cbc4cc198848f,363700,seismic-bumps,963,base,0,0,0,0,1e-05,0.0,standard,128,128,128,1,345,3.3,mesuré ici,0.7285984337024034,0.22434407979395182,0.29171376708454555
339cbc4cc198848f,363700,seismic-bumps,963,base,0,0,0,0,1e-05,0.0,standard,128,128,128,2,345,3.3,mesuré ici,0.5983661895760194,0.2574361999508056,0.13988326701890041
339cbc4cc198848f,363700,seismic-bumps,963,base,0,0,0,0,1e-05,0.0,standard,256,256,256,0,345,3.3,mesuré ici,0.7238050229543613,0.22153557148427147,0.2571187039968767
339cbc4cc198848f,363700,seismic-bumps,963,base,0,0,0,0,1e-05,0.0,standard,256,256,256,1,345,3.3,mesuré ici,0.7297461517688361,0.22622827836656834,0.18685487780034202
339cbc4cc198848f,363700,seismic-bumps,963,base,0,0,0,0,1e-05,0.0,standard,256,256,256,2,345,3.3,mesuré ici,0.6762759924385632,0.24103857378427726,0.14963474921135034
339cbc4cc198848f,363700,seismic-bumps,963,base,0,0,0,0,1e-05,0.0,standard,512,512,512,0,345,3.3,mesuré ici,0.772211720226843,0.21489761814618402,0.20364194034099295
339cbc4cc198848f,363700,seismic-bumps,963,base,0,0,0,0,1e-05,0.0,standard,full,963,963,0,345,3.3,mesuré ici,0.7575614366729678,0.21562992659474842,0.2344538685028455
339cbc4cc198848f,363706,taiwanese_bankruptcy_prediction,2545,base,0,0,0,0,1e-05,0.0,standard,32,32,32,0,910,4.7,mesuré ici,0.9169047712239227,0.11009254902225864,0.18808634150809056
339cbc4cc198848f,363706,taiwanese_bankruptcy_prediction,2545,base,0,0,0,0,1e-05,0.0,standard,32,32,32,1,910,4.7,mesuré ici,0.9377470742494813,0.12148794970147395,0.2872469661005929
339cbc4cc198848f,363706,taiwanese_bankruptcy_prediction,2545,base,0,0,0,0,1e-05,0.0,standard,32,32,32,2,910,4.6,mesuré ici,0.8391130768327528,0.14712957412926836,0.18479613883382978
339cbc4cc198848f,363706,taiwanese_bankruptcy_prediction,2545,base,0,0,0,0,1e-05,0.0,standard,64,64,64,0,910,4.6,mesuré ici,0.7514188422247445,0.1492133504157245,0.1872633441901304
339cbc4cc198848f,363706,taiwanese_bankruptcy_prediction,2545,base,0,0,0,0,1e-05,0.0,standard,64,64,64,1,910,4.7,mesuré ici,0.8135739167873498,0.1251421558777289,0.11197186937121266
339cbc4cc198848f,363706,taiwanese_bankruptcy_prediction,2545,base,0,0,0,0,1e-05,0.0,standard,64,64,64,2,910,4.6,mesuré ici,0.8801518650436416,0.10862773884223391,0.21822245769956944
339cbc4cc198848f,363706,taiwanese_bankruptcy_prediction,2545,base,0,0,0,0,1e-05,0.0,standard,128,128,128,0,910,4.6,mesuré ici,0.8503855336803788,0.1346395431046128,0.16291807331912117
339cbc4cc198848f,363706,taiwanese_bankruptcy_prediction,2545,base,0,0,0,0,1e-05,0.0,standard,128,128,128,1,910,4.6,mesuré ici,0.8692316724725038,0.11420209626001636,0.26167335798702074
339cbc4cc198848f,363706,taiwanese_bankruptcy_prediction,2545,base,0,0,0,0,1e-05,0.0,standard,128,128,128,2,910,4.6,mesuré ici,0.8672159380014873,0.11178518728611293,0.24871084173671945
339cbc4cc198848f,363706,taiwanese_bankruptcy_prediction,2545,base,0,0,0,0,1e-05,0.0,standard,256,256,256,0,910,4.6,mesuré ici,0.8897804219343223,0.10406247241107008,0.2944425554490405
339cbc4cc198848f,363706,taiwanese_bankruptcy_prediction,2545,base,0,0,0,0,1e-05,0.0,standard,256,256,256,1,910,4.7,mesuré ici,0.9123644761047399,0.09399952519781667,0.3745544660015558
339cbc4cc198848f,363706,taiwanese_bankruptcy_prediction,2545,base,0,0,0,0,1e-05,0.0,standard,256,256,256,2,910,4.6,mesuré ici,0.9233238091510431,0.09463472586618665,0.32230823843421635
339cbc4cc198848f,363706,taiwanese_bankruptcy_prediction,2545,base,0,0,0,0,1e-05,0.0,standard,512,512,512,0,910,4.9,mesuré ici,0.9354573564523073,0.08653128790734886,0.4560327049401906
339cbc4cc198848f,363706,taiwanese_bankruptcy_prediction,2545,base,0,0,0,0,1e-05,0.0,standard,1024,1024,1024,0,910,6.2,mesuré ici,0.9370816861716701,0.08584639700779839,0.3999508880037876
339cbc4cc198848f,363706,taiwanese_bankruptcy_prediction,2545,base,0,0,0,0,1e-05,0.0,standard,2048,2048,2048,0,910,10.7,mesuré ici,0.9422090884183334,0.08191709290287412,0.46522020240263984
339cbc4cc198848f,363706,taiwanese_bankruptcy_prediction,2545,base,0,0,0,0,1e-05,0.0,standard,full,2545,2545,0,910,12.6,mesuré ici,0.9442639633645152,0.07943390152465438,0.5321575108329604
339cbc4cc198848f,363712,jm1,4062,base,0,0,0,0,1e-05,0.0,standard,32,32,32,0,1024,4.8,mesuré ici,0.6246851077359552,0.7329410363717517,0.26440024137019935
339cbc4cc198848f,363712,jm1,4062,base,0,0,0,0,1e-05,0.0,standard,32,32,32,1,1024,4.8,mesuré ici,0.6375406608457456,0.5857247215542094,0.26829379526939895
339cbc4cc198848f,363712,jm1,4062,base,0,0,0,0,1e-05,0.0,standard,32,32,32,2,1024,4.8,mesuré ici,0.47999058380414317,0.5006203709390864,0.236407087419358
339cbc4cc198848f,363712,jm1,4062,base,0,0,0,0,1e-05,0.0,standard,64,64,64,0,1024,4.8,mesuré ici,0.6435113850368088,0.4874320731015416,0.27721063429455184
339cbc4cc198848f,363712,jm1,4062,base,0,0,0,0,1e-05,0.0,standard,64,64,64,1,1024,4.8,mesuré ici,0.6346087998630372,0.47084361158341936,0.30189712008290776
339cbc4cc198848f,363712,jm1,4062,base,0,0,0,0,1e-05,0.0,standard,64,64,64,2,1024,4.7,mesuré ici,0.6299679604764351,0.5074137698461394,0.2715566365079487
339cbc4cc198848f,363712,jm1,4062,base,0,0,0,0,1e-05,0.0,standard,128,128,128,0,1024,4.8,mesuré ici,0.6211051189864749,0.47825579698948273,0.2996793340022296
339cbc4cc198848f,363712,jm1,4062,base,0,0,0,0,1e-05,0.0,standard,128,128,128,1,1024,4.7,mesuré ici,0.6474643529728275,0.47653700694607143,0.32343350539037463
339cbc4cc198848f,363712,jm1,4062,base,0,0,0,0,1e-05,0.0,standard,128,128,128,2,1024,4.8,mesuré ici,0.6451347616601855,0.469244795918151,0.3319823950792133
339cbc4cc198848f,363712,jm1,4062,base,0,0,0,0,1e-05,0.0,standard,256,256,256,0,1024,4.8,mesuré ici,0.6668164697825716,0.46647280139567276,0.36058827057274734
339cbc4cc198848f,363712,jm1,4062,base,0,0,0,0,1e-05,0.0,standard,256,256,256,1,1024,4.8,mesuré ici,0.6913933524103015,0.4572634189009317,0.34426124535102864
339cbc4cc198848f,363712,jm1,4062,base,0,0,0,0,1e-05,0.0,standard,256,256,256,2,1024,4.7,mesuré ici,0.6522580526817816,0.472835620326331,0.3056519787987592
339cbc4cc198848f,363712,jm1,4062,base,0,0,0,0,1e-05,0.0,standard,512,512,512,0,1024,4.8,mesuré ici,0.669020715630885,0.46440072606125005,0.33334753808082684
339cbc4cc198848f,363712,jm1,4062,base,0,0,0,0,1e-05,0.0,standard,1024,1024,1024,0,1024,4.8,mesuré ici,0.6893664245359161,0.4626136783645718,0.35126763930041366
339cbc4cc198848f,363712,jm1,4062,base,0,0,0,0,1e-05,0.0,standard,2048,2048,2048,0,1024,6.3,mesuré ici,0.7132065204099102,0.4423421247707897,0.3800294611979816
339cbc4cc198848f,363712,jm1,4062,base,0,0,0,0,1e-05,0.0,standard,full,4062,4062,0,1024,10.7,mesuré ici,0.7336408883019051,0.42841097620935237,0.4315538055508809
339cbc4cc198848f,363621,blood-transfusion-service-center,278,ep128_25,25,102,26,128,1e-05,0.0,standard,32,32,32,0,100,2.9,mesuré ici,0.6521381578947368,0.5417874096306007,0.4535026475564554
339cbc4cc198848f,363621,blood-transfusion-service-center,278,ep128_25,25,102,26,128,1e-05,0.0,standard,32,32,32,1,100,2.6,mesuré ici,0.6825657894736841,0.5388082452736577,0.3627416122629886
339cbc4cc198848f,363621,blood-transfusion-service-center,278,ep128_25,25,102,26,128,1e-05,0.0,standard,32,32,32,2,100,2.6,mesuré ici,0.7050438596491228,0.5145190046678602,0.37517314412633856
339cbc4cc198848f,363621,blood-transfusion-service-center,278,ep128_25,25,102,26,128,1e-05,0.0,standard,64,64,64,0,100,2.6,mesuré ici,0.6633771929824561,0.5217567812241797,0.3866233822742927
339cbc4cc198848f,363621,blood-transfusion-service-center,278,ep128_25,25,102,26,128,1e-05,0.0,standard,64,64,64,1,100,2.6,mesuré ici,0.7376644736842106,0.4867547259788288,0.5479531137142337
339cbc4cc198848f,363621,blood-transfusion-service-center,278,ep128_25,25,102,26,128,1e-05,0.0,standard,64,64,64,2,100,2.5,mesuré ici,0.7264254385964912,0.49334785180657414,0.5443800865723083
339cbc4cc198848f,363621,blood-transfusion-service-center,278,ep128_25,25,102,26,128,1e-05,0.0,standard,128,128,128,0,100,2.5,mesuré ici,0.7417763157894737,0.4831111392726774,0.4778032937787154
339cbc4cc198848f,363621,blood-transfusion-service-center,278,ep128_25,25,102,26,128,1e-05,0.0,standard,128,128,128,1,100,2.6,mesuré ici,0.6529605263157894,0.5203815162383858,0.4640255979341882
339cbc4cc198848f,363621,blood-transfusion-service-center,278,ep128_25,25,102,26,128,1e-05,0.0,standard,128,128,128,2,100,2.6,mesuré ici,0.7371162280701755,0.4810546639894864,0.5224307985463774
339cbc4cc198848f,363621,blood-transfusion-service-center,278,ep128_25,25,102,26,128,1e-05,0.0,standard,256,256,256,0,100,2.7,mesuré ici,0.7415021929824561,0.48004807647243175,0.49479069926973934
339cbc4cc198848f,363621,blood-transfusion-service-center,278,ep128_25,25,102,26,128,1e-05,0.0,standard,256,256,256,1,100,2.6,mesuré ici,0.7480811403508771,0.48280295375603804,0.5215677936575185
339cbc4cc198848f,363621,blood-transfusion-service-center,278,ep128_25,25,102,26,128,1e-05,0.0,standard,256,256,256,2,100,2.5,mesuré ici,0.7513706140350878,0.47927541132451673,0.5275802263774813
339cbc4cc198848f,363621,blood-transfusion-service-center,278,ep128_25,25,102,26,128,1e-05,0.0,standard,full,278,278,0,100,2.5,mesuré ici,0.7393092105263158,0.4805390639797155,0.5257114229343867
339cbc4cc198848f,363621,blood-transfusion-service-center,278,ep128_50,50,102,26,128,1e-05,0.0,standard,32,32,32,0,100,2.9,mesuré ici,0.6540570175438597,0.5413509519561138,0.46317393156691034
339cbc4cc198848f,363621,blood-transfusion-service-center,278,ep128_50,50,102,26,128,1e-05,0.0,standard,32,32,32,1,100,2.5,mesuré ici,0.689967105263158,0.533393049672555,0.37616387294294085
339cbc4cc198848f,363621,blood-transfusion-service-center,278,ep128_50,50,102,26,128,1e-05,0.0,standard,32,32,32,2,100,2.5,mesuré ici,0.7014802631578947,0.5118459405818379,0.38759278529884494
339cbc4cc198848f,363621,blood-transfusion-service-center,278,ep128_50,50,102,26,128,1e-05,0.0,standard,64,64,64,0,100,2.6,mesuré ici,0.6880482456140351,0.5139655793602749,0.40383270071001476
339cbc4cc198848f,363621,blood-transfusion-service-center,278,ep128_50,50,102,26,128,1e-05,0.0,standard,64,64,64,1,100,2.6,mesuré ici,0.7335526315789475,0.48277779219921724,0.5461389176861426
339cbc4cc198848f,363621,blood-transfusion-service-center,278,ep128_50,50,102,26,128,1e-05,0.0,standard,64,64,64,2,100,2.5,mesuré ici,0.7228618421052632,0.48951738594961536,0.5380217273222916
339cbc4cc198848f,363621,blood-transfusion-service-center,278,ep128_50,50,102,26,128,1e-05,0.0,standard,128,128,128,0,100,2.5,mesuré ici,0.7417763157894737,0.48116840292212953,0.4849966892709953
339cbc4cc198848f,363621,blood-transfusion-service-center,278,ep128_50,50,102,26,128,1e-05,0.0,standard,128,128,128,1,100,2.5,mesuré ici,0.6622807017543859,0.5155823739015589,0.47026406279486827
339cbc4cc198848f,363621,blood-transfusion-service-center,278,ep128_50,50,102,26,128,1e-05,0.0,standard,128,128,128,2,100,2.6,mesuré ici,0.7365679824561404,0.47979527841788683,0.5341462721012794
339cbc4cc198848f,363621,blood-transfusion-service-center,278,ep128_50,50,102,26,128,1e-05,0.0,standard,256,256,256,0,100,2.7,mesuré ici,0.7382127192982455,0.4783660542130366,0.49911153585849005
339cbc4cc198848f,363621,blood-transfusion-service-center,278,ep128_50,50,102,26,128,1e-05,0.0,standard,256,256,256,1,100,2.6,mesuré ici,0.750548245614035,0.48179959396399474,0.5460211195550259
339cbc4cc198848f,363621,blood-transfusion-service-center,278,ep128_50,50,102,26,128,1e-05,0.0,standard,256,256,256,2,100,2.7,mesuré ici,0.7497258771929824,0.47666120924593436,0.5508028693048829
339cbc4cc198848f,363621,blood-transfusion-service-center,278,ep128_50,50,102,26,128,1e-05,0.0,standard,full,278,278,0,100,2.6,mesuré ici,0.7387609649122807,0.478597732777431,0.5228772578634661
339cbc4cc198848f,363621,blood-transfusion-service-center,278,ep128_200,200,102,26,128,1e-05,0.0,standard,32,32,32,0,100,3.0,mesuré ici,0.6710526315789473,0.5346912235087653,0.4814704495041378
339cbc4cc198848f,363621,blood-transfusion-service-center,278,ep128_200,200,102,26,128,1e-05,0.0,standard,32,32,32,1,100,2.6,mesuré ici,0.715734649122807,0.5131528192296131,0.45577767108365086
339cbc4cc198848f,363621,blood-transfusion-service-center,278,ep128_200,200,102,26,128,1e-05,0.0,standard,32,32,32,2,100,2.6,mesuré ici,0.6636513157894737,0.5195711132240707,0.43024015181799374
339cbc4cc198848f,363621,blood-transfusion-service-center,278,ep128_200,200,102,26,128,1e-05,0.0,standard,64,64,64,0,100,2.6,mesuré ici,0.694078947368421,0.5084171242538298,0.43438320935916025
339cbc4cc198848f,363621,blood-transfusion-service-center,278,ep128_200,200,102,26,128,1e-05,0.0,standard,64,64,64,1,100,2.6,mesuré ici,0.7376644736842105,0.48815021557126803,0.5221142243337084
339cbc4cc198848f,363621,blood-transfusion-service-center,278,ep128_200,200,102,26,128,1e-05,0.0,standard,64,64,64,2,100,2.7,mesuré ici,0.7228618421052632,0.4969808428810928,0.5014482088723441
339cbc4cc198848f,363621,blood-transfusion-service-center,278,ep128_200,200,102,26,128,1e-05,0.0,standard,128,128,128,0,100,2.6,mesuré ici,0.710252192982456,0.49741647863609406,0.45139617687204886
339cbc4cc198848f,363621,blood-transfusion-service-center,278,ep128_200,200,102,26,128,1e-05,0.0,standard,128,128,128,1,100,2.6,mesuré ici,0.7108004385964912,0.5027104388404853,0.4843342818226818
339cbc4cc198848f,363621,blood-transfusion-service-center,278,ep128_200,200,102,26,128,1e-05,0.0,standard,128,128,128,2,100,2.7,mesuré ici,0.7294407894736842,0.5007995423395676,0.507228939578681
339cbc4cc198848f,363621,blood-transfusion-service-center,278,ep128_200,200,102,26,128,1e-05,0.0,standard,256,256,256,0,100,2.7,mesuré ici,0.7275219298245614,0.4917196969361497,0.47605171443491173
339cbc4cc198848f,363621,blood-transfusion-service-center,278,ep128_200,200,102,26,128,1e-05,0.0,standard,256,256,256,1,100,2.6,mesuré ici,0.7201206140350878,0.49401918090347885,0.48265292870778537
339cbc4cc198848f,363621,blood-transfusion-service-center,278,ep128_200,200,102,26,128,1e-05,0.0,standard,256,256,256,2,100,2.7,mesuré ici,0.7247807017543859,0.49027860824573133,0.47597407581489953
339cbc4cc198848f,363621,blood-transfusion-service-center,278,ep128_200,200,102,26,128,1e-05,0.0,standard,full,278,278,0,100,2.6,mesuré ici,0.7184758771929824,0.49136153060913806,0.4764779707602141
339cbc4cc198848f,363626,credit-g,372,ep128_25,25,102,26,128,1e-05,0.0,standard,32,32,32,0,134,3.3,mesuré ici,0.6256648936170213,0.600423781041277,0.7727299840349926
339cbc4cc198848f,363626,credit-g,372,ep128_25,25,102,26,128,1e-05,0.0,standard,32,32,32,1,134,2.9,mesuré ici,0.5716755319148936,0.6064033080597343,0.7595626720004711
339cbc4cc198848f,363626,credit-g,372,ep128_25,25,102,26,128,1e-05,0.0,standard,32,32,32,2,134,2.8,mesuré ici,0.7541223404255321,0.5546592402506828,0.888151303571646
339cbc4cc198848f,363626,credit-g,372,ep128_25,25,102,26,128,1e-05,0.0,standard,64,64,64,0,134,2.9,mesuré ici,0.7752659574468086,0.5087498742465562,0.8983602758076719
339cbc4cc198848f,363626,credit-g,372,ep128_25,25,102,26,128,1e-05,0.0,standard,64,64,64,1,134,2.9,mesuré ici,0.6886968085106383,0.570046467456573,0.8341193502695536
339cbc4cc198848f,363626,credit-g,372,ep128_25,25,102,26,128,1e-05,0.0,standard,64,64,64,2,134,2.9,mesuré ici,0.6813829787234043,0.5727663064944344,0.8369980479176212
339cbc4cc198848f,363626,credit-g,372,ep128_25,25,102,26,128,1e-05,0.0,standard,128,128,128,0,134,2.8,mesuré ici,0.7414893617021276,0.5414578697727768,0.8798356990889044
339cbc4cc198848f,363626,credit-g,372,ep128_25,25,102,26,128,1e-05,0.0,standard,128,128,128,1,134,2.9,mesuré ici,0.7706117021276595,0.524515755414422,0.8871175843251846
339cbc4cc198848f,363626,credit-g,372,ep128_25,25,102,26,128,1e-05,0.0,standard,128,128,128,2,134,2.8,mesuré ici,0.7742021276595744,0.5104285727192172,0.8977241246592604
339cbc4cc198848f,363626,credit-g,372,ep128_25,25,102,26,128,1e-05,0.0,standard,256,256,256,0,134,2.8,mesuré ici,0.7922872340425533,0.49723260319833407,0.8964245500956467
339cbc4cc198848f,363626,credit-g,372,ep128_25,25,102,26,128,1e-05,0.0,standard,256,256,256,1,134,2.8,mesuré ici,0.7791223404255319,0.5117151881350424,0.8907176857020687
339cbc4cc198848f,363626,credit-g,372,ep128_25,25,102,26,128,1e-05,0.0,standard,256,256,256,2,134,3.0,mesuré ici,0.7539893617021276,0.520333070398183,0.8847591109832318
339cbc4cc198848f,363626,credit-g,372,ep128_25,25,102,26,128,1e-05,0.0,standard,full,372,372,0,134,3.1,mesuré ici,0.7898936170212767,0.49529907836836534,0.9007052815765186
339cbc4cc198848f,363626,credit-g,372,ep128_50,50,102,26,128,1e-05,0.0,standard,32,32,32,0,134,3.3,mesuré ici,0.6281914893617021,0.5949432433886997,0.7738623319581855
339cbc4cc198848f,363626,credit-g,372,ep128_50,50,102,26,128,1e-05,0.0,standard,32,32,32,1,134,2.8,mesuré ici,0.5711436170212767,0.6212377987796254,0.7607305682054604
339cbc4cc198848f,363626,credit-g,372,ep128_50,50,102,26,128,1e-05,0.0,standard,32,32,32,2,134,2.9,mesuré ici,0.7558510638297873,0.5420957213484475,0.8876178890555715
339cbc4cc198848f,363626,credit-g,372,ep128_50,50,102,26,128,1e-05,0.0,standard,64,64,64,0,134,2.9,mesuré ici,0.7726063829787233,0.505280179816716,0.8955972925697975
339cbc4cc198848f,363626,credit-g,372,ep128_50,50,102,26,128,1e-05,0.0,standard,64,64,64,1,134,2.9,mesuré ici,0.6800531914893617,0.5641458343934685,0.8343921741083229
339cbc4cc198848f,363626,credit-g,372,ep128_50,50,102,26,128,1e-05,0.0,standard,64,64,64,2,134,2.8,mesuré ici,0.6801861702127661,0.57461282158152,0.8357344411629034
339cbc4cc198848f,363626,credit-g,372,ep128_50,50,102,26,128,1e-05,0.0,standard,128,128,128,0,134,2.9,mesuré ici,0.7518617021276595,0.536338255398365,0.8863837035679993
339cbc4cc198848f,363626,credit-g,372,ep128_50,50,102,26,128,1e-05,0.0,standard,128,128,128,1,134,2.8,mesuré ici,0.7597074468085108,0.520686366460311,0.8823780846767613
339cbc4cc198848f,363626,credit-g,372,ep128_50,50,102,26,128,1e-05,0.0,standard,128,128,128,2,134,2.8,mesuré ici,0.7739361702127658,0.5060314468145172,0.8967778006132601
339cbc4cc198848f,363626,credit-g,372,ep128_50,50,102,26,128,1e-05,0.0,standard,256,256,256,0,134,2.8,mesuré ici,0.7845744680851063,0.5001051771744863,0.8921139285055878
339cbc4cc198848f,363626,credit-g,372,ep128_50,50,102,26,128,1e-05,0.0,standard,256,256,256,1,134,2.8,mesuré ici,0.7704787234042553,0.5134624246967879,0.8878793100111587
339cbc4cc198848f,363626,credit-g,372,ep128_50,50,102,26,128,1e-05,0.0,standard,256,256,256,2,134,2.8,mesuré ici,0.7434840425531916,0.5236544333722686,0.8800428998473948
339cbc4cc198848f,363626,credit-g,372,ep128_50,50,102,26,128,1e-05,0.0,standard,full,372,372,0,134,2.8,mesuré ici,0.7884308510638298,0.49463844541463114,0.8999886487600968
339cbc4cc198848f,363626,credit-g,372,ep128_200,200,102,26,128,1e-05,0.0,standard,32,32,32,0,134,3.2,mesuré ici,0.6452127659574468,0.592304682915222,0.7835641108211757
339cbc4cc198848f,363626,credit-g,372,ep128_200,200,102,26,128,1e-05,0.0,standard,32,32,32,1,134,2.7,mesuré ici,0.5674202127659574,0.6335563543796904,0.7620305992603933
339cbc4cc198848f,363626,credit-g,372,ep128_200,200,102,26,128,1e-05,0.0,standard,32,32,32,2,134,2.8,mesuré ici,0.7578457446808511,0.5493608251659665,0.891825816621582
339cbc4cc198848f,363626,credit-g,372,ep128_200,200,102,26,128,1e-05,0.0,standard,64,64,64,0,134,2.7,mesuré ici,0.7664893617021277,0.5142912005351286,0.8929477329940123
339cbc4cc198848f,363626,credit-g,372,ep128_200,200,102,26,128,1e-05,0.0,standard,64,64,64,1,134,2.7,mesuré ici,0.6998670212765958,0.5502430309487424,0.8509860618553874
339cbc4cc198848f,363626,credit-g,372,ep128_200,200,102,26,128,1e-05,0.0,standard,64,64,64,2,134,2.8,mesuré ici,0.6795212765957447,0.5888194467417459,0.8292143004212721
339cbc4cc198848f,363626,credit-g,372,ep128_200,200,102,26,128,1e-05,0.0,standard,128,128,128,0,134,2.8,mesuré ici,0.7361702127659574,0.5574149946580127,0.8772097926436411
339cbc4cc198848f,363626,credit-g,372,ep128_200,200,102,26,128,1e-05,0.0,standard,128,128,128,1,134,2.8,mesuré ici,0.7545212765957447,0.5291853723163875,0.880912543766126
339cbc4cc198848f,363626,credit-g,372,ep128_200,200,102,26,128,1e-05,0.0,standard,128,128,128,2,134,2.8,mesuré ici,0.7715425531914893,0.5158027243626855,0.896635023392521
339cbc4cc198848f,363626,credit-g,372,ep128_200,200,102,26,128,1e-05,0.0,standard,256,256,256,0,134,2.8,mesuré ici,0.7777925531914894,0.5097734633938261,0.8894076835547834
339cbc4cc198848f,363626,credit-g,372,ep128_200,200,102,26,128,1e-05,0.0,standard,256,256,256,1,134,2.8,mesuré ici,0.7659574468085105,0.5185140423446288,0.8873641500465058
339cbc4cc198848f,363626,credit-g,372,ep128_200,200,102,26,128,1e-05,0.0,standard,256,256,256,2,134,2.9,mesuré ici,0.7490691489361703,0.5266354442460401,0.8867754436230217
339cbc4cc198848f,363626,credit-g,372,ep128_200,200,102,26,128,1e-05,0.0,standard,full,372,372,0,134,2.8,mesuré ici,0.7686170212765957,0.5117695916064579,0.8929889884908802
339cbc4cc198848f,363619,Bank_Customer_Churn,3732,ep128_25,25,102,26,128,1e-05,0.0,standard,32,32,32,0,1024,5.0,mesuré ici,0.7023629905773916,0.4832826238921377,0.32780234650531254
339cbc4cc198848f,363619,Bank_Customer_Churn,3732,ep128_25,25,102,26,128,1e-05,0.0,standard,32,32,32,1,1024,4.7,mesuré ici,0.8300319957730354,0.4071573586910481,0.5847815794132979
339cbc4cc198848f,363619,Bank_Customer_Churn,3732,ep128_25,25,102,26,128,1e-05,0.0,standard,32,32,32,2,1024,4.7,mesuré ici,0.7056682419937182,0.4641480702466054,0.3777148376921613
339cbc4cc198848f,363619,Bank_Customer_Churn,3732,ep128_25,25,102,26,128,1e-05,0.0,standard,64,64,64,0,1024,4.7,mesuré ici,0.7824375495347403,0.43106213562302703,0.5431198320470658
339cbc4cc198848f,363619,Bank_Customer_Churn,3732,ep128_25,25,102,26,128,1e-05,0.0,standard,64,64,64,1,1024,4.6,mesuré ici,0.7328264889776029,0.468953221190033,0.45008115353705347
339cbc4cc198848f,363619,Bank_Customer_Churn,3732,ep128_25,25,102,26,128,1e-05,0.0,standard,64,64,64,2,1024,5.3,mesuré ici,0.7831772683241847,0.42105264485483396,0.5640982117739556
339cbc4cc198848f,363619,Bank_Customer_Churn,3732,ep128_25,25,102,26,128,1e-05,0.0,standard,128,128,128,0,1024,4.6,mesuré ici,0.8382598996095929,0.3748661484635445,0.6543159010572577
339cbc4cc198848f,363619,Bank_Customer_Churn,3732,ep128_25,25,102,26,128,1e-05,0.0,standard,128,128,128,1,1024,4.6,mesuré ici,0.8136466375084392,0.39353696318982445,0.5823807789185659
339cbc4cc198848f,363619,Bank_Customer_Churn,3732,ep128_25,25,102,26,128,1e-05,0.0,standard,128,128,128,2,1024,4.7,mesuré ici,0.7820676901400182,0.4322023842969709,0.5158425650746739
339cbc4cc198848f,363619,Bank_Customer_Churn,3732,ep128_25,25,102,26,128,1e-05,0.0,standard,256,256,256,0,1024,4.7,mesuré ici,0.837901781782957,0.38204215951359666,0.6321306411027279
339cbc4cc198848f,363619,Bank_Customer_Churn,3732,ep128_25,25,102,26,128,1e-05,0.0,standard,256,256,256,1,1024,4.7,mesuré ici,0.8423312883435583,0.36700364000648683,0.6740714654652332
339cbc4cc198848f,363619,Bank_Customer_Churn,3732,ep128_25,25,102,26,128,1e-05,0.0,standard,256,256,256,2,1024,4.7,mesuré ici,0.8285466874101035,0.3702134515617382,0.6725424539289889
339cbc4cc198848f,363619,Bank_Customer_Churn,3732,ep128_25,25,102,26,128,1e-05,0.0,standard,512,512,512,0,1024,4.7,mesuré ici,0.8463175507088971,0.35194220451777103,0.68117663215777
339cbc4cc198848f,363619,Bank_Customer_Churn,3732,ep128_25,25,102,26,128,1e-05,0.0,standard,1024,1024,1024,0,1024,4.7,mesuré ici,0.8553203980391582,0.3384561411731477,0.7188118276989179
339cbc4cc198848f,363619,Bank_Customer_Churn,3732,ep128_25,25,102,26,128,1e-05,0.0,standard,2048,2048,2048,0,1024,5.8,mesuré ici,0.8538174773240967,0.3406725794934199,0.708146026635077
339cbc4cc198848f,363619,Bank_Customer_Churn,3732,ep128_25,25,102,26,128,1e-05,0.0,standard,full,3732,3732,0,1024,8.8,mesuré ici,0.8579123491942349,0.33452484625180257,0.7173243072831783
339cbc4cc198848f,363619,Bank_Customer_Churn,3732,ep128_50,50,102,26,128,1e-05,0.0,standard,32,32,32,0,1024,4.9,mesuré ici,0.705321865735169,0.4890414928710407,0.32690214307874543
339cbc4cc198848f,363619,Bank_Customer_Churn,3732,ep128_50,50,102,26,128,1e-05,0.0,standard,32,32,32,1,1024,4.7,mesuré ici,0.8303930489916929,0.39627822354670045,0.5936727461878709
339cbc4cc198848f,363619,Bank_Customer_Churn,3732,ep128_50,50,102,26,128,1e-05,0.0,standard,32,32,32,2,1024,4.7,mesuré ici,0.7096809228872516,0.46321933094386775,0.3857994245775114
339cbc4cc198848f,363619,Bank_Customer_Churn,3732,ep128_50,50,102,26,128,1e-05,0.0,standard,64,64,64,0,1024,4.7,mesuré ici,0.790700678075557,0.4225597890417625,0.5636473035869466
339cbc4cc198848f,363619,Bank_Customer_Churn,3732,ep128_50,50,102,26,128,1e-05,0.0,standard,64,64,64,1,1024,4.8,mesuré ici,0.7355681451257816,0.4643924742534933,0.4515679293863562
339cbc4cc198848f,363619,Bank_Customer_Churn,3732,ep128_50,50,102,26,128,1e-05,0.0,standard,64,64,64,2,1024,4.6,mesuré ici,0.7888396395338597,0.41647239250804646,0.5687135055618764
339cbc4cc198848f,363619,Bank_Customer_Churn,3732,ep128_50,50,102,26,128,1e-05,0.0,standard,128,128,128,0,1024,4.8,mesuré ici,0.8381571608888367,0.3720719052953012,0.6519783311429629
339cbc4cc198848f,363619,Bank_Customer_Churn,3732,ep128_50,50,102,26,128,1e-05,0.0,standard,128,128,128,1,1024,4.7,mesuré ici,0.8148853729415563,0.38976698141061705,0.5817508051147259
339cbc4cc198848f,363619,Bank_Customer_Churn,3732,ep128_50,50,102,26,128,1e-05,0.0,standard,128,128,128,2,1024,4.7,mesuré ici,0.7877858337981037,0.42671186607237727,0.5281260407655993
339cbc4cc198848f,363619,Bank_Customer_Churn,3732,ep128_50,50,102,26,128,1e-05,0.0,standard,256,256,256,0,1024,4.7,mesuré ici,0.8405201514662283,0.37987599836722685,0.6403273514077913
339cbc4cc198848f,363619,Bank_Customer_Churn,3732,ep128_50,50,102,26,128,1e-05,0.0,standard,256,256,256,1,1024,4.6,mesuré ici,0.8422579035430182,0.3655766112302214,0.673651372209335
339cbc4cc198848f,363619,Bank_Customer_Churn,3732,ep128_50,50,102,26,128,1e-05,0.0,standard,256,256,256,2,1024,4.8,mesuré ici,0.8273431766812458,0.3703031999704909,0.674005300523435
339cbc4cc198848f,363619,Bank_Customer_Churn,3732,ep128_50,50,102,26,128,1e-05,0.0,standard,512,512,512,0,1024,4.7,mesuré ici,0.8494055831156251,0.3493253978626703,0.6834230886107655
339cbc4cc198848f,363619,Bank_Customer_Churn,3732,ep128_50,50,102,26,128,1e-05,0.0,standard,1024,1024,1024,0,1024,4.8,mesuré ici,0.855053277365192,0.3394468661334542,0.7177410969396244
339cbc4cc198848f,363619,Bank_Customer_Churn,3732,ep128_50,50,102,26,128,1e-05,0.0,standard,2048,2048,2048,0,1024,5.8,mesuré ici,0.8538761851645287,0.3408947631297862,0.7051468617115078
339cbc4cc198848f,363619,Bank_Customer_Churn,3732,ep128_50,50,102,26,128,1e-05,0.0,standard,full,3732,3732,0,1024,8.8,mesuré ici,0.8564828132797135,0.3353969756827423,0.7164941428862583
339cbc4cc198848f,363619,Bank_Customer_Churn,3732,ep128_200,200,102,26,128,1e-05,0.0,standard,32,32,32,0,1024,4.9,mesuré ici,0.7100683946341033,0.4873818648432231,0.3466714597457902
339cbc4cc198848f,363619,Bank_Customer_Churn,3732,ep128_200,200,102,26,128,1e-05,0.0,standard,32,32,32,1,1024,4.6,mesuré ici,0.8340153227463527,0.38982466341383226,0.6206056134765796
339cbc4cc198848f,363619,Bank_Customer_Churn,3732,ep128_200,200,102,26,128,1e-05,0.0,standard,32,32,32,2,1024,4.6,mesuré ici,0.7152904570405377,0.45898835632205165,0.40348723938761794
339cbc4cc198848f,363619,Bank_Customer_Churn,3732,ep128_200,200,102,26,128,1e-05,0.0,standard,64,64,64,0,1024,4.5,mesuré ici,0.806487216367746,0.4072480783919858,0.5890292625221102
339cbc4cc198848f,363619,Bank_Customer_Churn,3732,ep128_200,200,102,26,128,1e-05,0.0,standard,64,64,64,1,1024,4.6,mesuré ici,0.7655795931546658,0.44561252263969064,0.5112587389490328
339cbc4cc198848f,363619,Bank_Customer_Churn,3732,ep128_200,200,102,26,128,1e-05,0.0,standard,64,64,64,2,1024,4.6,mesuré ici,0.7965244958464204,0.41467613638845224,0.585728789758238
339cbc4cc198848f,363619,Bank_Customer_Churn,3732,ep128_200,200,102,26,128,1e-05,0.0,standard,128,128,128,0,1024,4.8,mesuré ici,0.8390641970235125,0.37595814415661327,0.6378984572775095
339cbc4cc198848f,363619,Bank_Customer_Churn,3732,ep128_200,200,102,26,128,1e-05,0.0,standard,128,128,128,1,1024,4.6,mesuré ici,0.8280359291983446,0.38214762677912384,0.6095582860472465
339cbc4cc198848f,363619,Bank_Customer_Churn,3732,ep128_200,200,102,26,128,1e-05,0.0,standard,128,128,128,2,1024,4.6,mesuré ici,0.8093228050606158,0.41301352282543935,0.5785889883642121
339cbc4cc198848f,363619,Bank_Customer_Churn,3732,ep128_200,200,102,26,128,1e-05,0.0,standard,256,256,256,0,1024,4.6,mesuré ici,0.8488449232394987,0.37375903482706563,0.6611276378296645
339cbc4cc198848f,363619,Bank_Customer_Churn,3732,ep128_200,200,102,26,128,1e-05,0.0,standard,256,256,256,1,1024,4.6,mesuré ici,0.8485866087415974,0.3615763572885115,0.6860391659727102
339cbc4cc198848f,363619,Bank_Customer_Churn,3732,ep128_200,200,102,26,128,1e-05,0.0,standard,256,256,256,2,1024,4.6,mesuré ici,0.8287844541638536,0.3681257003151511,0.6793027829827463
339cbc4cc198848f,363619,Bank_Customer_Churn,3732,ep128_200,200,102,26,128,1e-05,0.0,standard,512,512,512,0,1024,4.6,mesuré ici,0.8491854287140047,0.35161418441722136,0.6811606383112474
339cbc4cc198848f,363619,Bank_Customer_Churn,3732,ep128_200,200,102,26,128,1e-05,0.0,standard,1024,1024,1024,0,1024,4.8,mesuré ici,0.8531951742155165,0.34402948659580573,0.7111454969177066
339cbc4cc198848f,363619,Bank_Customer_Churn,3732,ep128_200,200,102,26,128,1e-05,0.0,standard,2048,2048,2048,0,1024,5.8,mesuré ici,0.8539936008453929,0.34261886359469995,0.707396993988948
339cbc4cc198848f,363619,Bank_Customer_Churn,3732,ep128_200,200,102,26,128,1e-05,0.0,standard,full,3732,3732,0,1024,8.8,mesuré ici,0.8548272521795286,0.33984301081600865,0.713794064533482
339cbc4cc198848f,363623,churn,1866,ep128_25,25,102,26,128,1e-05,0.0,standard,32,32,32,0,667,4.3,mesuré ici,0.7033158813263525,0.39223347190020613,0.30765659541408075
339cbc4cc198848f,363623,churn,1866,ep128_25,25,102,26,128,1e-05,0.0,standard,32,32,32,1,667,3.9,mesuré ici,0.7862036315027292,0.3391416012345075,0.44604256223356437
339cbc4cc198848f,363623,churn,1866,ep128_25,25,102,26,128,1e-05,0.0,standard,32,32,32,2,667,3.9,mesuré ici,0.7087464260517619,0.3713973366906963,0.31665156598692235
339cbc4cc198848f,363623,churn,1866,ep128_25,25,102,26,128,1e-05,0.0,standard,64,64,64,0,667,3.9,mesuré ici,0.858462366789202,0.3210668977688159,0.617640264517418
339cbc4cc198848f,363623,churn,1866,ep128_25,25,102,26,128,1e-05,0.0,standard,64,64,64,1,667,3.9,mesuré ici,0.735407151609669,0.36310581302574846,0.3352428625487811
339cbc4cc198848f,363623,churn,1866,ep128_25,25,102,26,128,1e-05,0.0,standard,64,64,64,2,667,3.8,mesuré ici,0.7939456388548514,0.3228862331560465,0.5196713200222591
339cbc4cc198848f,363623,churn,1866,ep128_25,25,102,26,128,1e-05,0.0,standard,128,128,128,0,667,3.9,mesuré ici,0.7828988897553006,0.3569565665260686,0.37525063453901797
339cbc4cc198848f,363623,churn,1866,ep128_25,25,102,26,128,1e-05,0.0,standard,128,128,128,1,667,3.9,mesuré ici,0.8250807619471985,0.303319045480366,0.580679147467738
339cbc4cc198848f,363623,churn,1866,ep128_25,25,102,26,128,1e-05,0.0,standard,128,128,128,2,667,4.0,mesuré ici,0.8404440978797668,0.29680408202457825,0.5720107498730225
339cbc4cc198848f,363623,churn,1866,ep128_25,25,102,26,128,1e-05,0.0,standard,256,256,256,0,667,4.2,mesuré ici,0.8587779881920465,0.2683056409476074,0.6740653735041634
339cbc4cc198848f,363623,churn,1866,ep128_25,25,102,26,128,1e-05,0.0,standard,256,256,256,1,667,3.9,mesuré ici,0.8702239055363707,0.2589277199978852,0.6915973100059104
339cbc4cc198848f,363623,churn,1866,ep128_25,25,102,26,128,1e-05,0.0,standard,256,256,256,2,667,3.9,mesuré ici,0.8945917344324384,0.2570346907746113,0.7142258537833633
339cbc4cc198848f,363623,churn,1866,ep128_25,25,102,26,128,1e-05,0.0,standard,512,512,512,0,667,3.9,mesuré ici,0.884872451821321,0.21961158312340037,0.7803736492964872
339cbc4cc198848f,363623,churn,1866,ep128_25,25,102,26,128,1e-05,0.0,standard,1024,1024,1024,0,667,3.9,mesuré ici,0.9126935501838029,0.16101174905687513,0.8619699971974819
339cbc4cc198848f,363623,churn,1866,ep128_25,25,102,26,128,1e-05,0.0,standard,full,1866,1866,0,667,4.7,mesuré ici,0.9331068285618803,0.12287037596354004,0.8923125446799407
339cbc4cc198848f,363623,churn,1866,ep128_50,50,102,26,128,1e-05,0.0,standard,32,32,32,0,667,4.2,mesuré ici,0.7033622962385355,0.3899320061534185,0.29496117510834896
339cbc4cc198848f,363623,churn,1866,ep128_50,50,102,26,128,1e-05,0.0,standard,32,32,32,1,667,3.9,mesuré ici,0.7852103523820133,0.34010792000524565,0.4422557085984758
339cbc4cc198848f,363623,churn,1866,ep128_50,50,102,26,128,1e-05,0.0,standard,32,32,32,2,667,3.9,mesuré ici,0.7250287772455535,0.36620701667662575,0.33680337697361373
339cbc4cc198848f,363623,churn,1866,ep128_50,50,102,26,128,1e-05,0.0,standard,64,64,64,0,667,3.8,mesuré ici,0.8569213917047269,0.30165498578223804,0.6243275834148
339cbc4cc198848f,363623,churn,1866,ep128_50,50,102,26,128,1e-05,0.0,standard,64,64,64,1,667,3.9,mesuré ici,0.7364654116074412,0.3666152255892641,0.33113236279547764
339cbc4cc198848f,363623,churn,1866,ep128_50,50,102,26,128,1e-05,0.0,standard,64,64,64,2,667,3.8,mesuré ici,0.8012234970851435,0.31952081816417804,0.5543233514468391
339cbc4cc198848f,363623,churn,1866,ep128_50,50,102,26,128,1e-05,0.0,standard,128,128,128,0,667,3.9,mesuré ici,0.7833444729122573,0.3822014145408594,0.36825121565179153
339cbc4cc198848f,363623,churn,1866,ep128_50,50,102,26,128,1e-05,0.0,standard,128,128,128,1,667,3.9,mesuré ici,0.8283298058000075,0.30115902161598096,0.5940362300193521
339cbc4cc198848f,363623,churn,1866,ep128_50,50,102,26,128,1e-05,0.0,standard,128,128,128,2,667,3.9,mesuré ici,0.863902194497048,0.27692908456585674,0.6182563290614896
339cbc4cc198848f,363623,churn,1866,ep128_50,50,102,26,128,1e-05,0.0,standard,256,256,256,0,667,3.9,mesuré ici,0.8668913148416323,0.2647433016140469,0.6856963100806073
339cbc4cc198848f,363623,churn,1866,ep128_50,50,102,26,128,1e-05,0.0,standard,256,256,256,1,667,3.9,mesuré ici,0.8897645835654078,0.2378701415120233,0.730469477285682
339cbc4cc198848f,363623,churn,1866,ep128_50,50,102,26,128,1e-05,0.0,standard,256,256,256,2,667,3.9,mesuré ici,0.898796925476217,0.2406743795362052,0.7380592408068202
339cbc4cc198848f,363623,churn,1866,ep128_50,50,102,26,128,1e-05,0.0,standard,512,512,512,0,667,4.0,mesuré ici,0.8906000519847016,0.21635675476989014,0.7882242135996316
339cbc4cc198848f,363623,churn,1866,ep128_50,50,102,26,128,1e-05,0.0,standard,1024,1024,1024,0,667,3.9,mesuré ici,0.9147543722847276,0.1645981740458761,0.8635798657165243
339cbc4cc198848f,363623,churn,1866,ep128_50,50,102,26,128,1e-05,0.0,standard,full,1866,1866,0,667,4.7,mesuré ici,0.9254390850692511,0.12350781138219392,0.8889601671495166
339cbc4cc198848f,363623,churn,1866,ep128_200,200,102,26,128,1e-05,0.0,standard,32,32,32,0,667,4.2,mesuré ici,0.7368924287995247,0.38056538259539135,0.34085491972997833
339cbc4cc198848f,363623,churn,1866,ep128_200,200,102,26,128,1e-05,0.0,standard,32,32,32,1,667,3.9,mesuré ici,0.8004994244550889,0.33447839847681443,0.41713828949514453
339cbc4cc198848f,363623,churn,1866,ep128_200,200,102,26,128,1e-05,0.0,standard,32,32,32,2,667,3.9,mesuré ici,0.8167353607366974,0.32742428011418834,0.4818928807600876
339cbc4cc198848f,363623,churn,1866,ep128_200,200,102,26,128,1e-05,0.0,standard,64,64,64,0,667,3.8,mesuré ici,0.8783279492035202,0.26887122904827443,0.6808552450431701
339cbc4cc198848f,363623,churn,1866,ep128_200,200,102,26,128,1e-05,0.0,standard,64,64,64,1,667,3.9,mesuré ici,0.843321822435112,0.307862132812156,0.5166128598347872
339cbc4cc198848f,363623,churn,1866,ep128_200,200,102,26,128,1e-05,0.0,standard,64,64,64,2,667,3.9,mesuré ici,0.873166610968772,0.26217491297807477,0.6789501629269363
339cbc4cc198848f,363623,churn,1866,ep128_200,200,102,26,128,1e-05,0.0,standard,128,128,128,0,667,3.9,mesuré ici,0.831680962459619,0.3225857343335205,0.48155118583279927
339cbc4cc198848f,363623,churn,1866,ep128_200,200,102,26,128,1e-05,0.0,standard,128,128,128,1,667,3.9,mesuré ici,0.8696947755374848,0.2800127610737844,0.6449843485414531
339cbc4cc198848f,363623,churn,1866,ep128_200,200,102,26,128,1e-05,0.0,standard,128,128,128,2,667,3.9,mesuré ici,0.8958727860086888,0.243889174062917,0.708086640819787
339cbc4cc198848f,363623,churn,1866,ep128_200,200,102,26,128,1e-05,0.0,standard,256,256,256,0,667,3.9,mesuré ici,0.8667706360699566,0.2546349696483452,0.7080201734009699
339cbc4cc198848f,363623,churn,1866,ep128_200,200,102,26,128,1e-05,0.0,standard,256,256,256,1,667,3.9,mesuré ici,0.8929022316289779,0.23046151602589846,0.7520421990093481
339cbc4cc198848f,363623,churn,1866,ep128_200,200,102,26,128,1e-05,0.0,standard,256,256,256,2,667,3.9,mesuré ici,0.8805280160409936,0.23641527588926772,0.7338928939268773
339cbc4cc198848f,363623,churn,1866,ep128_200,200,102,26,128,1e-05,0.0,standard,512,512,512,0,667,4.0,mesuré ici,0.892066763209684,0.2269570537958851,0.7676215749818334
339cbc4cc198848f,363623,churn,1866,ep128_200,200,102,26,128,1e-05,0.0,standard,1024,1024,1024,0,667,4.0,mesuré ici,0.898685529686978,0.19306551178441528,0.8215212234942012
339cbc4cc198848f,363623,churn,1866,ep128_200,200,102,26,128,1e-05,0.0,standard,full,1866,1866,0,667,4.7,mesuré ici,0.9075786268612378,0.1701593506387008,0.8542890838301175
339cbc4cc198848f,363682,Is-this-a-good-customer,642,ep128_25,25,102,26,128,1e-05,0.0,standard,32,32,32,0,230,3.2,mesuré ici,0.6225490196078431,0.3514608416951884,0.16968617880511339
339cbc4cc198848f,363682,Is-this-a-good-customer,642,ep128_25,25,102,26,128,1e-05,0.0,standard,32,32,32,1,230,2.9,mesuré ici,0.6155731523378583,0.3533947793747635,0.15358103817591995
339cbc4cc198848f,363682,Is-this-a-good-customer,642,ep128_25,25,102,26,128,1e-05,0.0,standard,32,32,32,2,230,2.9,mesuré ici,0.6463046757164403,0.3498475921135217,0.17888607606739235
339cbc4cc198848f,363682,Is-this-a-good-customer,642,ep128_25,25,102,26,128,1e-05,0.0,standard,64,64,64,0,230,2.9,mesuré ici,0.6297134238310709,0.3460723097429462,0.1515655317617382
339cbc4cc198848f,363682,Is-this-a-good-customer,642,ep128_25,25,102,26,128,1e-05,0.0,standard,64,64,64,1,230,2.9,mesuré ici,0.5649509803921569,0.3505535269302256,0.1444041652828167
339cbc4cc198848f,363682,Is-this-a-good-customer,642,ep128_25,25,102,26,128,1e-05,0.0,standard,64,64,64,2,230,2.9,mesuré ici,0.6791101055806938,0.33976900072093275,0.20481273840593023
339cbc4cc198848f,363682,Is-this-a-good-customer,642,ep128_25,25,102,26,128,1e-05,0.0,standard,128,128,128,0,230,3.0,mesuré ici,0.7343514328808447,0.32055724948240005,0.24187385664356525
339cbc4cc198848f,363682,Is-this-a-good-customer,642,ep128_25,25,102,26,128,1e-05,0.0,standard,128,128,128,1,230,2.9,mesuré ici,0.5605203619909502,0.35463498774870406,0.1521345294875843
339cbc4cc198848f,363682,Is-this-a-good-customer,642,ep128_25,25,102,26,128,1e-05,0.0,standard,128,128,128,2,230,2.9,mesuré ici,0.6025641025641025,0.3480974096176472,0.18131066538887783
339cbc4cc198848f,363682,Is-this-a-good-customer,642,ep128_25,25,102,26,128,1e-05,0.0,standard,256,256,256,0,230,2.9,mesuré ici,0.7088989441930618,0.3245655230785458,0.26667988093316164
339cbc4cc198848f,363682,Is-this-a-good-customer,642,ep128_25,25,102,26,128,1e-05,0.0,standard,256,256,256,1,230,2.8,mesuré ici,0.6761877828054298,0.3355878554149083,0.1972305305266628
339cbc4cc198848f,363682,Is-this-a-good-customer,642,ep128_25,25,102,26,128,1e-05,0.0,standard,256,256,256,2,230,2.9,mesuré ici,0.6611990950226244,0.33699168311198935,0.2017475399487054
339cbc4cc198848f,363682,Is-this-a-good-customer,642,ep128_25,25,102,26,128,1e-05,0.0,standard,512,512,512,0,230,2.8,mesuré ici,0.6879713423831071,0.3293622907979021,0.23812000045711873
339cbc4cc198848f,363682,Is-this-a-good-customer,642,ep128_25,25,102,26,128,1e-05,0.0,standard,full,642,642,0,230,2.9,mesuré ici,0.7319947209653093,0.32026037808783436,0.2945080496892775
339cbc4cc198848f,363682,Is-this-a-good-customer,642,ep128_50,50,102,26,128,1e-05,0.0,standard,32,32,32,0,230,3.2,mesuré ici,0.6297134238310709,0.35151831548731755,0.17644136436503793
339cbc4cc198848f,363682,Is-this-a-good-customer,642,ep128_50,50,102,26,128,1e-05,0.0,standard,32,32,32,1,230,3.2,mesuré ici,0.6200037707390649,0.351847469223268,0.15546311105025792
339cbc4cc198848f,363682,Is-this-a-good-customer,642,ep128_50,50,102,26,128,1e-05,0.0,standard,32,32,32,2,230,3.1,mesuré ici,0.6467760180995475,0.34851147466244237,0.1791829986699306
339cbc4cc198848f,363682,Is-this-a-good-customer,642,ep128_50,50,102,26,128,1e-05,0.0,standard,64,64,64,0,230,2.8,mesuré ici,0.6217006033182504,0.3465761452106902,0.14881162093781103
339cbc4cc198848f,363682,Is-this-a-good-customer,642,ep128_50,50,102,26,128,1e-05,0.0,standard,64,64,64,1,230,2.8,mesuré ici,0.566553544494721,0.35030304653046973,0.144502595797655
339cbc4cc198848f,363682,Is-this-a-good-customer,642,ep128_50,50,102,26,128,1e-05,0.0,standard,64,64,64,2,230,2.9,mesuré ici,0.6862745098039215,0.3360968188231522,0.21521879006252945
339cbc4cc198848f,363682,Is-this-a-good-customer,642,ep128_50,50,102,26,128,1e-05,0.0,standard,128,128,128,0,230,2.8,mesuré ici,0.7366138763197587,0.3190321063728847,0.24107372134235208
339cbc4cc198848f,363682,Is-this-a-good-customer,642,ep128_50,50,102,26,128,1e-05,0.0,standard,128,128,128,1,230,2.8,mesuré ici,0.5557126696832579,0.3580954218211563,0.14808596359256967
339cbc4cc198848f,363682,Is-this-a-good-customer,642,ep128_50,50,102,26,128,1e-05,0.0,standard,128,128,128,2,230,2.9,mesuré ici,0.6039781297134238,0.3470268575462222,0.18335616001721095
339cbc4cc198848f,363682,Is-this-a-good-customer,642,ep128_50,50,102,26,128,1e-05,0.0,standard,256,256,256,0,230,2.9,mesuré ici,0.7052224736048266,0.32458410019799067,0.2540570796583899
339cbc4cc198848f,363682,Is-this-a-good-customer,642,ep128_50,50,102,26,128,1e-05,0.0,standard,256,256,256,1,230,2.9,mesuré ici,0.6757164404223227,0.334356456751172,0.19787533646217823
339cbc4cc198848f,363682,Is-this-a-good-customer,642,ep128_50,50,102,26,128,1e-05,0.0,standard,256,256,256,2,230,2.9,mesuré ici,0.6640271493212669,0.3366271247991456,0.19923313893787364
339cbc4cc198848f,363682,Is-this-a-good-customer,642,ep128_50,50,102,26,128,1e-05,0.0,standard,512,512,512,0,230,2.9,mesuré ici,0.6898567119155354,0.32834330926731364,0.2409675273879415
339cbc4cc198848f,363682,Is-this-a-good-customer,642,ep128_50,50,102,26,128,1e-05,0.0,standard,full,642,642,0,230,2.8,mesuré ici,0.7312405731523378,0.31972778701454213,0.29362094367180785
339cbc4cc198848f,363682,Is-this-a-good-customer,642,ep128_200,200,102,26,128,1e-05,0.0,standard,32,32,32,0,230,3.2,mesuré ici,0.6673265460030167,0.3387620223059254,0.2143086100198417
339cbc4cc198848f,363682,Is-this-a-good-customer,642,ep128_200,200,102,26,128,1e-05,0.0,standard,32,32,32,1,230,2.8,mesuré ici,0.6383861236802413,0.3487382444144892,0.16939384637403626
339cbc4cc198848f,363682,Is-this-a-good-customer,642,ep128_200,200,102,26,128,1e-05,0.0,standard,32,32,32,2,230,2.8,mesuré ici,0.6709087481146304,0.34598206852150687,0.19008358299945738
339cbc4cc198848f,363682,Is-this-a-good-customer,642,ep128_200,200,102,26,128,1e-05,0.0,standard,64,64,64,0,230,2.8,mesuré ici,0.5738122171945702,0.3516226911523795,0.1257268365111077
339cbc4cc198848f,363682,Is-this-a-good-customer,642,ep128_200,200,102,26,128,1e-05,0.0,standard,64,64,64,1,230,2.8,mesuré ici,0.6292420814479638,0.34343599082228315,0.18237754321715421
339cbc4cc198848f,363682,Is-this-a-good-customer,642,ep128_200,200,102,26,128,1e-05,0.0,standard,64,64,64,2,230,2.8,mesuré ici,0.70079185520362,0.3291537191375051,0.2355781463377531
339cbc4cc198848f,363682,Is-this-a-good-customer,642,ep128_200,200,102,26,128,1e-05,0.0,standard,128,128,128,0,230,2.8,mesuré ici,0.7383107088989442,0.31663918781893374,0.25452056822183144
339cbc4cc198848f,363682,Is-this-a-good-customer,642,ep128_200,200,102,26,128,1e-05,0.0,standard,128,128,128,1,230,2.9,mesuré ici,0.6125565610859728,0.3477340712575095,0.17208454075144763
339cbc4cc198848f,363682,Is-this-a-good-customer,642,ep128_200,200,102,26,128,1e-05,0.0,standard,128,128,128,2,230,2.9,mesuré ici,0.6527149321266968,0.3408521232743758,0.19993008459456585
339cbc4cc198848f,363682,Is-this-a-good-customer,642,ep128_200,200,102,26,128,1e-05,0.0,standard,256,256,256,0,230,2.9,mesuré ici,0.72473604826546,0.3182673549519158,0.29360465420482534
339cbc4cc198848f,363682,Is-this-a-good-customer,642,ep128_200,200,102,26,128,1e-05,0.0,standard,256,256,256,1,230,2.9,mesuré ici,0.6725113122171946,0.3344345071436478,0.21532656947772705
339cbc4cc198848f,363682,Is-this-a-good-customer,642,ep128_200,200,102,26,128,1e-05,0.0,standard,256,256,256,2,230,2.8,mesuré ici,0.7031485671191554,0.32794289441582763,0.24313212096823708
339cbc4cc198848f,363682,Is-this-a-good-customer,642,ep128_200,200,102,26,128,1e-05,0.0,standard,512,512,512,0,230,2.8,mesuré ici,0.6796757164404224,0.3313121896433021,0.2509858519692755
339cbc4cc198848f,363682,Is-this-a-good-customer,642,ep128_200,200,102,26,128,1e-05,0.0,standard,full,642,642,0,230,2.8,mesuré ici,0.6994720965309201,0.32718364155742635,0.24876430487847032
339cbc4cc198848f,363684,Marketing_Campaign,835,ep128_25,25,102,26,128,1e-05,0.0,standard,32,32,32,0,299,3.4,mesuré ici,0.8040682414698163,0.3650320492612704,0.5674962723772604
339cbc4cc198848f,363684,Marketing_Campaign,835,ep128_25,25,102,26,128,1e-05,0.0,standard,32,32,32,1,299,3.1,mesuré ici,0.7834645669291338,0.36814982971414534,0.3830632371825977
339cbc4cc198848f,363684,Marketing_Campaign,835,ep128_25,25,102,26,128,1e-05,0.0,standard,32,32,32,2,299,3.1,mesuré ici,0.7374890638670167,0.38215614842181156,0.4316970686697734
339cbc4cc198848f,363684,Marketing_Campaign,835,ep128_25,25,102,26,128,1e-05,0.0,standard,64,64,64,0,299,3.0,mesuré ici,0.8702974628171478,0.3114274450947919,0.5182250763006836
339cbc4cc198848f,363684,Marketing_Campaign,835,ep128_25,25,102,26,128,1e-05,0.0,standard,64,64,64,1,299,3.1,mesuré ici,0.7289588801399826,0.3891422345064017,0.3383907045923873
339cbc4cc198848f,363684,Marketing_Campaign,835,ep128_25,25,102,26,128,1e-05,0.0,standard,64,64,64,2,299,3.0,mesuré ici,0.7746281714785651,0.3642530261731434,0.47573221133413435
339cbc4cc198848f,363684,Marketing_Campaign,835,ep128_25,25,102,26,128,1e-05,0.0,standard,128,128,128,0,299,3.0,mesuré ici,0.810673665791776,0.3313085250580355,0.5393801489411056
339cbc4cc198848f,363684,Marketing_Campaign,835,ep128_25,25,102,26,128,1e-05,0.0,standard,128,128,128,1,299,3.1,mesuré ici,0.7927384076990376,0.34927346128809406,0.44915701939107655
339cbc4cc198848f,363684,Marketing_Campaign,835,ep128_25,25,102,26,128,1e-05,0.0,standard,128,128,128,2,299,3.0,mesuré ici,0.7809273840769904,0.36148842762948397,0.500951256059786
339cbc4cc198848f,363684,Marketing_Campaign,835,ep128_25,25,102,26,128,1e-05,0.0,standard,256,256,256,0,299,3.0,mesuré ici,0.8373140857392826,0.32793363461037894,0.5935636966047181
339cbc4cc198848f,363684,Marketing_Campaign,835,ep128_25,25,102,26,128,1e-05,0.0,standard,256,256,256,1,299,3.0,mesuré ici,0.8383639545056868,0.327602591705177,0.5349253890081697
339cbc4cc198848f,363684,Marketing_Campaign,835,ep128_25,25,102,26,128,1e-05,0.0,standard,256,256,256,2,299,3.7,mesuré ici,0.8393700787401575,0.3178226289315186,0.5948336805956995
339cbc4cc198848f,363684,Marketing_Campaign,835,ep128_25,25,102,26,128,1e-05,0.0,standard,512,512,512,0,299,3.1,mesuré ici,0.8898950131233596,0.2839083558492316,0.6329009452595935
339cbc4cc198848f,363684,Marketing_Campaign,835,ep128_25,25,102,26,128,1e-05,0.0,standard,full,835,835,0,299,3.0,mesuré ici,0.9079615048118985,0.26394755602130565,0.6856041064207608
339cbc4cc198848f,363684,Marketing_Campaign,835,ep128_50,50,102,26,128,1e-05,0.0,standard,32,32,32,0,299,3.4,mesuré ici,0.8085739282589677,0.36729251484460856,0.5861179763697693
339cbc4cc198848f,363684,Marketing_Campaign,835,ep128_50,50,102,26,128,1e-05,0.0,standard,32,32,32,1,299,2.9,mesuré ici,0.7880139982502188,0.3654217785269795,0.39611557128360353
339cbc4cc198848f,363684,Marketing_Campaign,835,ep128_50,50,102,26,128,1e-05,0.0,standard,32,32,32,2,299,3.0,mesuré ici,0.7473753280839895,0.3812236366812434,0.4457768073672846
339cbc4cc198848f,363684,Marketing_Campaign,835,ep128_50,50,102,26,128,1e-05,0.0,standard,64,64,64,0,299,3.0,mesuré ici,0.8663604549431321,0.31593398813324336,0.5045520252292444
339cbc4cc198848f,363684,Marketing_Campaign,835,ep128_50,50,102,26,128,1e-05,0.0,standard,64,64,64,1,299,3.0,mesuré ici,0.7415135608048994,0.38616643896952557,0.36489674839547676
339cbc4cc198848f,363684,Marketing_Campaign,835,ep128_50,50,102,26,128,1e-05,0.0,standard,64,64,64,2,299,2.9,mesuré ici,0.7926946631671041,0.3554557397284134,0.5124655228266631
339cbc4cc198848f,363684,Marketing_Campaign,835,ep128_50,50,102,26,128,1e-05,0.0,standard,128,128,128,0,299,3.0,mesuré ici,0.8311023622047244,0.3222188826179939,0.5847239211011519
339cbc4cc198848f,363684,Marketing_Campaign,835,ep128_50,50,102,26,128,1e-05,0.0,standard,128,128,128,1,299,3.0,mesuré ici,0.8024496937882765,0.34085995678987285,0.48096980905011966
339cbc4cc198848f,363684,Marketing_Campaign,835,ep128_50,50,102,26,128,1e-05,0.0,standard,128,128,128,2,299,3.0,mesuré ici,0.789763779527559,0.3553849876376916,0.5321559539364958
339cbc4cc198848f,363684,Marketing_Campaign,835,ep128_50,50,102,26,128,1e-05,0.0,standard,256,256,256,0,299,3.0,mesuré ici,0.8478565179352581,0.32188929473667743,0.6168250341737904
339cbc4cc198848f,363684,Marketing_Campaign,835,ep128_50,50,102,26,128,1e-05,0.0,standard,256,256,256,1,299,3.0,mesuré ici,0.847331583552056,0.32438898229790486,0.5694517937517397
339cbc4cc198848f,363684,Marketing_Campaign,835,ep128_50,50,102,26,128,1e-05,0.0,standard,256,256,256,2,299,3.0,mesuré ici,0.8533245844269466,0.3115964210602441,0.621641359657419
339cbc4cc198848f,363684,Marketing_Campaign,835,ep128_50,50,102,26,128,1e-05,0.0,standard,512,512,512,0,299,3.0,mesuré ici,0.8896762904636919,0.2824250608555654,0.6363593649797173
339cbc4cc198848f,363684,Marketing_Campaign,835,ep128_50,50,102,26,128,1e-05,0.0,standard,full,835,835,0,299,3.1,mesuré ici,0.9074365704286964,0.26268744527718246,0.6922886344083873
339cbc4cc198848f,363684,Marketing_Campaign,835,ep128_200,200,102,26,128,1e-05,0.0,standard,32,32,32,0,299,3.3,mesuré ici,0.818503937007874,0.3400365988753557,0.597343066924344
339cbc4cc198848f,363684,Marketing_Campaign,835,ep128_200,200,102,26,128,1e-05,0.0,standard,32,32,32,1,299,2.9,mesuré ici,0.8340769903762031,0.3315608827298804,0.5030584209769914
339cbc4cc198848f,363684,Marketing_Campaign,835,ep128_200,200,102,26,128,1e-05,0.0,standard,32,32,32,2,299,3.0,mesuré ici,0.7847331583552055,0.3453096004316027,0.5454012208720452
339cbc4cc198848f,363684,Marketing_Campaign,835,ep128_200,200,102,26,128,1e-05,0.0,standard,64,64,64,0,299,2.9,mesuré ici,0.8592300962379703,0.3122415789421895,0.5291934604580454
339cbc4cc198848f,363684,Marketing_Campaign,835,ep128_200,200,102,26,128,1e-05,0.0,standard,64,64,64,1,299,3.0,mesuré ici,0.7518372703412074,0.36760167095311513,0.4181668268289834
339cbc4cc198848f,363684,Marketing_Campaign,835,ep128_200,200,102,26,128,1e-05,0.0,standard,64,64,64,2,299,3.0,mesuré ici,0.8300087489063867,0.3199050928783211,0.539414170888516
339cbc4cc198848f,363684,Marketing_Campaign,835,ep128_200,200,102,26,128,1e-05,0.0,standard,128,128,128,0,299,3.0,mesuré ici,0.8440069991251093,0.2969729480744859,0.6382274922783803
339cbc4cc198848f,363684,Marketing_Campaign,835,ep128_200,200,102,26,128,1e-05,0.0,standard,128,128,128,1,299,3.0,mesuré ici,0.8436570428696413,0.31434216104271717,0.6400565689868836
339cbc4cc198848f,363684,Marketing_Campaign,835,ep128_200,200,102,26,128,1e-05,0.0,standard,128,128,128,2,299,3.0,mesuré ici,0.8365266841644795,0.31030011467151397,0.6327089334120665
339cbc4cc198848f,363684,Marketing_Campaign,835,ep128_200,200,102,26,128,1e-05,0.0,standard,256,256,256,0,299,3.0,mesuré ici,0.8444444444444444,0.30443453499914364,0.6065519426021863
339cbc4cc198848f,363684,Marketing_Campaign,835,ep128_200,200,102,26,128,1e-05,0.0,standard,256,256,256,1,299,2.9,mesuré ici,0.8377515310586177,0.3057981529105967,0.6001113700862696
339cbc4cc198848f,363684,Marketing_Campaign,835,ep128_200,200,102,26,128,1e-05,0.0,standard,256,256,256,2,299,3.0,mesuré ici,0.8674540682414698,0.28151484474473815,0.68208022980514
339cbc4cc198848f,363684,Marketing_Campaign,835,ep128_200,200,102,26,128,1e-05,0.0,standard,512,512,512,0,299,3.0,mesuré ici,0.8771653543307086,0.28687455681703944,0.6191708042882328
339cbc4cc198848f,363684,Marketing_Campaign,835,ep128_200,200,102,26,128,1e-05,0.0,standard,full,835,835,0,299,3.0,mesuré ici,0.8909886264216973,0.26311210011180314,0.6855238484122463
339cbc4cc198848f,363613,Amazon_employee_access,12233,ep128_25,25,102,26,128,1e-05,0.0,standard,32,32,32,0,1024,4.9,mesuré ici,0.6594098533415299,0.22368529178984053,0.9636765911704324
339cbc4cc198848f,363613,Amazon_employee_access,12233,ep128_25,25,102,26,128,1e-05,0.0,standard,32,32,32,1,1024,4.5,mesuré ici,0.5936594361991745,0.23308150593446408,0.9599468583030003
339cbc4cc198848f,363613,Amazon_employee_access,12233,ep128_25,25,102,26,128,1e-05,0.0,standard,32,32,32,2,1024,4.5,mesuré ici,0.3764029156055151,0.23633218082266425,0.9234310975705236
339cbc4cc198848f,363613,Amazon_employee_access,12233,ep128_25,25,102,26,128,1e-05,0.0,standard,64,64,64,0,1024,4.5,mesuré ici,0.6458329674189867,0.22160905399163006,0.9607126903420635
339cbc4cc198848f,363613,Amazon_employee_access,12233,ep128_25,25,102,26,128,1e-05,0.0,standard,64,64,64,1,1024,4.5,mesuré ici,0.5044085360498815,0.22876910742879497,0.9455147692446897
339cbc4cc198848f,363613,Amazon_employee_access,12233,ep128_25,25,102,26,128,1e-05,0.0,standard,64,64,64,2,1024,5.0,mesuré ici,0.6347325897953807,0.22352959741412445,0.9665169092633945
339cbc4cc198848f,363613,Amazon_employee_access,12233,ep128_25,25,102,26,128,1e-05,0.0,standard,128,128,128,0,1024,4.6,mesuré ici,0.5672170018442083,0.21998662232259364,0.9576801357300333
339cbc4cc198848f,363613,Amazon_employee_access,12233,ep128_25,25,102,26,128,1e-05,0.0,standard,128,128,128,1,1024,4.5,mesuré ici,0.531360323175551,0.22149189827815127,0.955479277673528
339cbc4cc198848f,363613,Amazon_employee_access,12233,ep128_25,25,102,26,128,1e-05,0.0,standard,128,128,128,2,1024,4.5,mesuré ici,0.5076666373935189,0.2210532476400393,0.9388105701946857
339cbc4cc198848f,363613,Amazon_employee_access,12233,ep128_25,25,102,26,128,1e-05,0.0,standard,256,256,256,0,1024,4.5,mesuré ici,0.6837270571704576,0.21575451867912068,0.9695082397666998
339cbc4cc198848f,363613,Amazon_employee_access,12233,ep128_25,25,102,26,128,1e-05,0.0,standard,256,256,256,1,1024,4.5,mesuré ici,0.4718889962237639,0.2250897002757099,0.9338012048321351
339cbc4cc198848f,363613,Amazon_employee_access,12233,ep128_25,25,102,26,128,1e-05,0.0,standard,256,256,256,2,1024,4.5,mesuré ici,0.6406164924914376,0.21638266211364438,0.9667120328516114
339cbc4cc198848f,363613,Amazon_employee_access,12233,ep128_25,25,102,26,128,1e-05,0.0,standard,512,512,512,0,1024,4.5,mesuré ici,0.6142267498024062,0.21967026627085584,0.9630701239462246
339cbc4cc198848f,363613,Amazon_employee_access,12233,ep128_25,25,102,26,128,1e-05,0.0,standard,1024,1024,1024,0,1024,4.6,mesuré ici,0.606964081847721,0.21957772459143937,0.957160880536628
339cbc4cc198848f,363613,Amazon_employee_access,12233,ep128_25,25,102,26,128,1e-05,0.0,standard,2048,2048,2048,0,1024,5.7,mesuré ici,0.7096074470887855,0.20112598881837193,0.9727427923462448
339cbc4cc198848f,363613,Amazon_employee_access,12233,ep128_25,25,102,26,128,1e-05,0.0,standard,full,12233,12233,0,1024,36.0,mesuré ici,0.8414419952577501,0.16559259343564448,0.9856225012939226
339cbc4cc198848f,363613,Amazon_employee_access,12233,ep128_50,50,102,26,128,1e-05,0.0,standard,32,32,32,0,1024,4.9,mesuré ici,0.6561956617195046,0.23021406429804325,0.9632340205615287
339cbc4cc198848f,363613,Amazon_employee_access,12233,ep128_50,50,102,26,128,1e-05,0.0,standard,32,32,32,1,1024,4.6,mesuré ici,0.5991305875120752,0.23715702984338094,0.9604476231618401
339cbc4cc198848f,363613,Amazon_employee_access,12233,ep128_50,50,102,26,128,1e-05,0.0,standard,32,32,32,2,1024,4.5,mesuré ici,0.3987880916834987,0.23595719921103725,0.9241607042925877
339cbc4cc198848f,363613,Amazon_employee_access,12233,ep128_50,50,102,26,128,1e-05,0.0,standard,64,64,64,0,1024,4.5,mesuré ici,0.6467199437955564,0.2261806690743806,0.9626429810332805
339cbc4cc198848f,363613,Amazon_employee_access,12233,ep128_50,50,102,26,128,1e-05,0.0,standard,64,64,64,1,1024,4.5,mesuré ici,0.5260735926934224,0.22855881707019593,0.9491628467571736
339cbc4cc198848f,363613,Amazon_employee_access,12233,ep128_50,50,102,26,128,1e-05,0.0,standard,64,64,64,2,1024,4.5,mesuré ici,0.63252832177044,0.2268961879906775,0.9655014953080204
339cbc4cc198848f,363613,Amazon_employee_access,12233,ep128_50,50,102,26,128,1e-05,0.0,standard,128,128,128,0,1024,4.6,mesuré ici,0.5774918767015017,0.22119608525856682,0.9575367397921899
339cbc4cc198848f,363613,Amazon_employee_access,12233,ep128_50,50,102,26,128,1e-05,0.0,standard,128,128,128,1,1024,4.5,mesuré ici,0.550575217353122,0.22163555319130346,0.9563762675445047
339cbc4cc198848f,363613,Amazon_employee_access,12233,ep128_50,50,102,26,128,1e-05,0.0,standard,128,128,128,2,1024,4.5,mesuré ici,0.5246245718802143,0.22178419728238147,0.9387849166146042
339cbc4cc198848f,363613,Amazon_employee_access,12233,ep128_50,50,102,26,128,1e-05,0.0,standard,256,256,256,0,1024,4.5,mesuré ici,0.6599718977781681,0.2203792480794351,0.9674016079480762
339cbc4cc198848f,363613,Amazon_employee_access,12233,ep128_50,50,102,26,128,1e-05,0.0,standard,256,256,256,1,1024,4.5,mesuré ici,0.506349345745148,0.21870581123186922,0.9389653702341272
339cbc4cc198848f,363613,Amazon_employee_access,12233,ep128_50,50,102,26,128,1e-05,0.0,standard,256,256,256,2,1024,4.6,mesuré ici,0.6665759199086677,0.21889437164069914,0.9696797227987657
339cbc4cc198848f,363613,Amazon_employee_access,12233,ep128_50,50,102,26,128,1e-05,0.0,standard,512,512,512,0,1024,4.6,mesuré ici,0.6437604285588829,0.22005883068530563,0.9686610959677697
339cbc4cc198848f,363613,Amazon_employee_access,12233,ep128_50,50,102,26,128,1e-05,0.0,standard,1024,1024,1024,0,1024,4.5,mesuré ici,0.6045578291033634,0.2202840164144879,0.9543732911776687
339cbc4cc198848f,363613,Amazon_employee_access,12233,ep128_50,50,102,26,128,1e-05,0.0,standard,2048,2048,2048,0,1024,5.7,mesuré ici,0.7044612277158162,0.20723480246388903,0.971985185425819
339cbc4cc198848f,363613,Amazon_employee_access,12233,ep128_50,50,102,26,128,1e-05,0.0,standard,full,12233,12233,0,1024,35.9,mesuré ici,0.8312549398436813,0.16860424190961762,0.9846450613770006
339cbc4cc198848f,363613,Amazon_employee_access,12233,ep128_200,200,102,26,128,1e-05,0.0,standard,32,32,32,0,1024,5.0,mesuré ici,0.6586897339070871,0.22562917116284045,0.9634468770573656
339cbc4cc198848f,363613,Amazon_employee_access,12233,ep128_200,200,102,26,128,1e-05,0.0,standard,32,32,32,1,1024,4.5,mesuré ici,0.5430842188460525,0.23563421608511315,0.9498227393763239
339cbc4cc198848f,363613,Amazon_employee_access,12233,ep128_200,200,102,26,128,1e-05,0.0,standard,32,32,32,2,1024,4.5,mesuré ici,0.43058751207517343,0.2363974743161711,0.9306223692357093
339cbc4cc198848f,363613,Amazon_employee_access,12233,ep128_200,200,102,26,128,1e-05,0.0,standard,64,64,64,0,1024,4.5,mesuré ici,0.629762009308861,0.22137308394312127,0.9565391398274179
339cbc4cc198848f,363613,Amazon_employee_access,12233,ep128_200,200,102,26,128,1e-05,0.0,standard,64,64,64,1,1024,4.6,mesuré ici,0.47332045314832705,0.23132369025823657,0.9388220068326187
339cbc4cc198848f,363613,Amazon_employee_access,12233,ep128_200,200,102,26,128,1e-05,0.0,standard,64,64,64,2,1024,4.6,mesuré ici,0.6456836743655046,0.22583284059214948,0.9658722880740496
339cbc4cc198848f,363613,Amazon_employee_access,12233,ep128_200,200,102,26,128,1e-05,0.0,standard,128,128,128,0,1024,4.6,mesuré ici,0.5626152630192325,0.22079406093533843,0.9535287501659482
339cbc4cc198848f,363613,Amazon_employee_access,12233,ep128_200,200,102,26,128,1e-05,0.0,standard,128,128,128,1,1024,4.6,mesuré ici,0.5222358830245015,0.2236766292260024,0.9505383187549159
339cbc4cc198848f,363613,Amazon_employee_access,12233,ep128_200,200,102,26,128,1e-05,0.0,standard,128,128,128,2,1024,4.6,mesuré ici,0.5532976200930886,0.21921084512850672,0.9471714935457469
339cbc4cc198848f,363613,Amazon_employee_access,12233,ep128_200,200,102,26,128,1e-05,0.0,standard,256,256,256,0,1024,4.6,mesuré ici,0.6632475630104505,0.21473211912465037,0.9657874297350695
339cbc4cc198848f,363613,Amazon_employee_access,12233,ep128_200,200,102,26,128,1e-05,0.0,standard,256,256,256,1,1024,4.5,mesuré ici,0.52439624132783,0.21694819252176822,0.9479024660529916
339cbc4cc198848f,363613,Amazon_employee_access,12233,ep128_200,200,102,26,128,1e-05,0.0,standard,256,256,256,2,1024,4.5,mesuré ici,0.6495740757003601,0.21746213277975526,0.964601518244242
339cbc4cc198848f,363613,Amazon_employee_access,12233,ep128_200,200,102,26,128,1e-05,0.0,standard,512,512,512,0,1024,4.5,mesuré ici,0.6205146219372969,0.21830111060304647,0.9668740192954283
339cbc4cc198848f,363613,Amazon_employee_access,12233,ep128_200,200,102,26,128,1e-05,0.0,standard,1024,1024,1024,0,1024,4.6,mesuré ici,0.6140598928602793,0.21951291031221087,0.9611316960468347
339cbc4cc198848f,363613,Amazon_employee_access,12233,ep128_200,200,102,26,128,1e-05,0.0,standard,2048,2048,2048,0,1024,5.7,mesuré ici,0.7112760165100552,0.2129595572861127,0.9720873719013226
339cbc4cc198848f,363613,Amazon_employee_access,12233,ep128_200,200,102,26,128,1e-05,0.0,standard,full,12233,12233,0,1024,35.9,mesuré ici,0.8228594010713972,0.17220099010861656,0.9837863637868081
339cbc4cc198848f,363618,bank-marketing,16878,ep128_25,25,102,26,128,1e-05,0.0,standard,32,32,32,0,1024,5.1,mesuré ici,0.6655927359882006,0.3374101663166555,0.29850701083853604
339cbc4cc198848f,363618,bank-marketing,16878,ep128_25,25,102,26,128,1e-05,0.0,standard,32,32,32,1,1024,4.7,mesuré ici,0.4869376843657818,0.36802730920361815,0.11519211619786744
339cbc4cc198848f,363618,bank-marketing,16878,ep128_25,25,102,26,128,1e-05,0.0,standard,32,32,32,2,1024,4.7,mesuré ici,0.6595731932153392,0.34865999686706095,0.19319501688815938
339cbc4cc198848f,363618,bank-marketing,16878,ep128_25,25,102,26,128,1e-05,0.0,standard,64,64,64,0,1024,4.7,mesuré ici,0.6858729719764012,0.3420482942018843,0.2102957206942075
339cbc4cc198848f,363618,bank-marketing,16878,ep128_25,25,102,26,128,1e-05,0.0,standard,64,64,64,1,1024,4.7,mesuré ici,0.6367763643067847,0.34963898926346704,0.1908652841362974
339cbc4cc198848f,363618,bank-marketing,16878,ep128_25,25,102,26,128,1e-05,0.0,standard,64,64,64,2,1024,5.3,mesuré ici,0.6531526548672567,0.34767596090847175,0.25537350334770936
339cbc4cc198848f,363618,bank-marketing,16878,ep128_25,25,102,26,128,1e-05,0.0,standard,128,128,128,0,1024,4.7,mesuré ici,0.7224188790560472,0.3306396146725863,0.2770565367230663
339cbc4cc198848f,363618,bank-marketing,16878,ep128_25,25,102,26,128,1e-05,0.0,standard,128,128,128,1,1024,4.7,mesuré ici,0.6542772861356932,0.347370181333547,0.20251973503648543
339cbc4cc198848f,363618,bank-marketing,16878,ep128_25,25,102,26,128,1e-05,0.0,standard,128,128,128,2,1024,4.7,mesuré ici,0.7283001474926254,0.3181521191019838,0.3485189347665727
339cbc4cc198848f,363618,bank-marketing,16878,ep128_25,25,102,26,128,1e-05,0.0,standard,256,256,256,0,1024,4.8,mesuré ici,0.7125645280235988,0.33534245099429677,0.23607804370263397
339cbc4cc198848f,363618,bank-marketing,16878,ep128_25,25,102,26,128,1e-05,0.0,standard,256,256,256,1,1024,4.7,mesuré ici,0.7480180678466077,0.3160447608611608,0.34924084645775627
339cbc4cc198848f,363618,bank-marketing,16878,ep128_25,25,102,26,128,1e-05,0.0,standard,256,256,256,2,1024,4.8,mesuré ici,0.6818077064896755,0.3279644812196725,0.33416836069678313
339cbc4cc198848f,363618,bank-marketing,16878,ep128_25,25,102,26,128,1e-05,0.0,standard,512,512,512,0,1024,4.8,mesuré ici,0.7420953171091446,0.3194764324497975,0.32586574646988603
339cbc4cc198848f,363618,bank-marketing,16878,ep128_25,25,102,26,128,1e-05,0.0,standard,1024,1024,1024,0,1024,4.8,mesuré ici,0.7629102138643067,0.30930683212002175,0.3956350550759066
339cbc4cc198848f,363618,bank-marketing,16878,ep128_25,25,102,26,128,1e-05,0.0,standard,2048,2048,2048,0,1024,6.0,mesuré ici,0.7679249631268437,0.3024039268096484,0.4050060919994945
339cbc4cc198848f,363618,bank-marketing,16878,ep128_25,25,102,26,128,1e-05,0.0,standard,full,16878,16878,0,1024,61.1,mesuré ici,0.787297197640118,0.29281613765622516,0.4398320877624986
339cbc4cc198848f,363618,bank-marketing,16878,ep128_50,50,102,26,128,1e-05,0.0,standard,32,32,32,0,1024,5.1,mesuré ici,0.6729719764011799,0.3349987885451333,0.3017347541719278
339cbc4cc198848f,363618,bank-marketing,16878,ep128_50,50,102,26,128,1e-05,0.0,standard,32,32,32,1,1024,4.7,mesuré ici,0.4856655604719764,0.36550967702974047,0.11544833765387283
339cbc4cc198848f,363618,bank-marketing,16878,ep128_50,50,102,26,128,1e-05,0.0,standard,32,32,32,2,1024,4.7,mesuré ici,0.6637951696165192,0.3501099228352711,0.21123704260955145
339cbc4cc198848f,363618,bank-marketing,16878,ep128_50,50,102,26,128,1e-05,0.0,standard,64,64,64,0,1024,4.7,mesuré ici,0.6946303466076695,0.34436634048112846,0.22874027349458986
339cbc4cc198848f,363618,bank-marketing,16878,ep128_50,50,102,26,128,1e-05,0.0,standard,64,64,64,1,1024,4.6,mesuré ici,0.6496589233038348,0.34959297240796244,0.19606460465823577
339cbc4cc198848f,363618,bank-marketing,16878,ep128_50,50,102,26,128,1e-05,0.0,standard,64,64,64,2,1024,4.8,mesuré ici,0.6596561578171092,0.34242089294227396,0.26181616672025093
339cbc4cc198848f,363618,bank-marketing,16878,ep128_50,50,102,26,128,1e-05,0.0,standard,128,128,128,0,1024,4.8,mesuré ici,0.7321165191740413,0.3338437227623674,0.2940191374701742
339cbc4cc198848f,363618,bank-marketing,16878,ep128_50,50,102,26,128,1e-05,0.0,standard,128,128,128,1,1024,4.8,mesuré ici,0.6746911873156343,0.34837558175562167,0.21894501367262856
339cbc4cc198848f,363618,bank-marketing,16878,ep128_50,50,102,26,128,1e-05,0.0,standard,128,128,128,2,1024,4.7,mesuré ici,0.7270971607669616,0.322732125276725,0.33485252380004116
339cbc4cc198848f,363618,bank-marketing,16878,ep128_50,50,102,26,128,1e-05,0.0,standard,256,256,256,0,1024,4.8,mesuré ici,0.7115551253687314,0.3405619985134225,0.2329144371371506
339cbc4cc198848f,363618,bank-marketing,16878,ep128_50,50,102,26,128,1e-05,0.0,standard,256,256,256,1,1024,4.7,mesuré ici,0.7481286873156343,0.3207096115971059,0.3452175841168353
339cbc4cc198848f,363618,bank-marketing,16878,ep128_50,50,102,26,128,1e-05,0.0,standard,256,256,256,2,1024,4.8,mesuré ici,0.7037794985250737,0.32764868590330565,0.34825330159294754
339cbc4cc198848f,363618,bank-marketing,16878,ep128_50,50,102,26,128,1e-05,0.0,standard,512,512,512,0,1024,4.8,mesuré ici,0.7266362463126844,0.3257364535322931,0.314540387675622
339cbc4cc198848f,363618,bank-marketing,16878,ep128_50,50,102,26,128,1e-05,0.0,standard,1024,1024,1024,0,1024,4.8,mesuré ici,0.7698700221238939,0.3089100702545714,0.4000464859132161
339cbc4cc198848f,363618,bank-marketing,16878,ep128_50,50,102,26,128,1e-05,0.0,standard,2048,2048,2048,0,1024,6.0,mesuré ici,0.7685518067846607,0.30297199893557836,0.40332398451257917
339cbc4cc198848f,363618,bank-marketing,16878,ep128_50,50,102,26,128,1e-05,0.0,standard,full,16878,16878,0,1024,60.9,mesuré ici,0.7887029867256637,0.292969829525752,0.44683012859454313
339cbc4cc198848f,363618,bank-marketing,16878,ep128_200,200,102,26,128,1e-05,0.0,standard,32,32,32,0,1024,5.0,mesuré ici,0.6860573377581121,0.3311683918122279,0.3220201243441261
339cbc4cc198848f,363618,bank-marketing,16878,ep128_200,200,102,26,128,1e-05,0.0,standard,32,32,32,1,1024,4.6,mesuré ici,0.5021063790560472,0.3635133413178424,0.12029023543474227
339cbc4cc198848f,363618,bank-marketing,16878,ep128_200,200,102,26,128,1e-05,0.0,standard,32,32,32,2,1024,4.7,mesuré ici,0.6627673303834809,0.34793965792227455,0.23038389063252013
339cbc4cc198848f,363618,bank-marketing,16878,ep128_200,200,102,26,128,1e-05,0.0,standard,64,64,64,0,1024,4.6,mesuré ici,0.707771017699115,0.3438311986697405,0.23498658238816394
339cbc4cc198848f,363618,bank-marketing,16878,ep128_200,200,102,26,128,1e-05,0.0,standard,64,64,64,1,1024,4.6,mesuré ici,0.6575451696165191,0.34949453438436384,0.19930704054236248
339cbc4cc198848f,363618,bank-marketing,16878,ep128_200,200,102,26,128,1e-05,0.0,standard,64,64,64,2,1024,4.6,mesuré ici,0.6680217551622419,0.3413857791415,0.260446579806461
339cbc4cc198848f,363618,bank-marketing,16878,ep128_200,200,102,26,128,1e-05,0.0,standard,128,128,128,0,1024,4.7,mesuré ici,0.7322409660766962,0.33579550909347367,0.29792217848310687
339cbc4cc198848f,363618,bank-marketing,16878,ep128_200,200,102,26,128,1e-05,0.0,standard,128,128,128,1,1024,4.6,mesuré ici,0.6841122787610618,0.3487959024662448,0.2278490661101844
339cbc4cc198848f,363618,bank-marketing,16878,ep128_200,200,102,26,128,1e-05,0.0,standard,128,128,128,2,1024,4.6,mesuré ici,0.7294201696165192,0.326814402531199,0.3444980323457116
339cbc4cc198848f,363618,bank-marketing,16878,ep128_200,200,102,26,128,1e-05,0.0,standard,256,256,256,0,1024,4.7,mesuré ici,0.7101170722713865,0.3415424700465446,0.22879516988266996
339cbc4cc198848f,363618,bank-marketing,16878,ep128_200,200,102,26,128,1e-05,0.0,standard,256,256,256,1,1024,4.6,mesuré ici,0.7482393067846608,0.32347671532284117,0.3484567104426981
339cbc4cc198848f,363618,bank-marketing,16878,ep128_200,200,102,26,128,1e-05,0.0,standard,256,256,256,2,1024,4.7,mesuré ici,0.7158370206489676,0.3292618181490861,0.3646504414939359
339cbc4cc198848f,363618,bank-marketing,16878,ep128_200,200,102,26,128,1e-05,0.0,standard,512,512,512,0,1024,4.6,mesuré ici,0.7210269174041297,0.32864876896650697,0.30688991690250633
339cbc4cc198848f,363618,bank-marketing,16878,ep128_200,200,102,26,128,1e-05,0.0,standard,1024,1024,1024,0,1024,4.7,mesuré ici,0.7629563053097345,0.3142126096363913,0.3928363584143487
339cbc4cc198848f,363618,bank-marketing,16878,ep128_200,200,102,26,128,1e-05,0.0,standard,2048,2048,2048,0,1024,5.8,mesuré ici,0.7610849926253687,0.306546017922303,0.39176498128299375
339cbc4cc198848f,363618,bank-marketing,16878,ep128_200,200,102,26,128,1e-05,0.0,standard,full,16878,16878,0,1024,60.9,mesuré ici,0.785872971976401,0.2954450086859905,0.44088545986734096
339cbc4cc198848f,363624,coil2000_insurance_policies,3666,ep128_25,25,102,26,128,1e-05,0.0,standard,32,32,32,0,1024,5.2,mesuré ici,0.509660725533255,0.23303504994199503,0.09191527683452118
339cbc4cc198848f,363624,coil2000_insurance_policies,3666,ep128_25,25,102,26,128,1e-05,0.0,standard,32,32,32,1,1024,4.8,mesuré ici,0.673339802189197,0.22464598226758675,0.11669409981076431
339cbc4cc198848f,363624,coil2000_insurance_policies,3666,ep128_25,25,102,26,128,1e-05,0.0,standard,32,32,32,2,1024,4.7,mesuré ici,0.6303304223481947,0.23309553143423103,0.10975718419210259
339cbc4cc198848f,363624,coil2000_insurance_policies,3666,ep128_25,25,102,26,128,1e-05,0.0,standard,64,64,64,0,1024,4.8,mesuré ici,0.6277088333929149,0.22082613378869662,0.11671777890127306
339cbc4cc198848f,363624,coil2000_insurance_policies,3666,ep128_25,25,102,26,128,1e-05,0.0,standard,64,64,64,1,1024,4.7,mesuré ici,0.6102769691707949,0.2253498803179803,0.08752593596404074
339cbc4cc198848f,363624,coil2000_insurance_policies,3666,ep128_25,25,102,26,128,1e-05,0.0,standard,64,64,64,2,1024,4.7,mesuré ici,0.6586146434468788,0.21927798869794862,0.11129410514397986
339cbc4cc198848f,363624,coil2000_insurance_policies,3666,ep128_25,25,102,26,128,1e-05,0.0,standard,128,128,128,0,1024,5.2,mesuré ici,0.6579422229031544,0.22028470340783246,0.11422262783999576
339cbc4cc198848f,363624,coil2000_insurance_policies,3666,ep128_25,25,102,26,128,1e-05,0.0,standard,128,128,128,1,1024,5.7,mesuré ici,0.7256098598982007,0.22065582173896492,0.14337063165688382
339cbc4cc198848f,363624,coil2000_insurance_policies,3666,ep128_25,25,102,26,128,1e-05,0.0,standard,128,128,128,2,1024,5.2,mesuré ici,0.6783787004409035,0.21748646501532864,0.1448178086798664
339cbc4cc198848f,363624,coil2000_insurance_policies,3666,ep128_25,25,102,26,128,1e-05,0.0,standard,256,256,256,0,1024,5.3,mesuré ici,0.6572527790545257,0.21960156972589184,0.12950127289316116
339cbc4cc198848f,363624,coil2000_insurance_policies,3666,ep128_25,25,102,26,128,1e-05,0.0,standard,256,256,256,1,1024,5.3,mesuré ici,0.6957169364860494,0.22165396338695775,0.12377069125521831
339cbc4cc198848f,363624,coil2000_insurance_policies,3666,ep128_25,25,102,26,128,1e-05,0.0,standard,256,256,256,2,1024,5.3,mesuré ici,0.6992577839061676,0.21572040347689356,0.11575795487592622
339cbc4cc198848f,363624,coil2000_insurance_policies,3666,ep128_25,25,102,26,128,1e-05,0.0,standard,512,512,512,0,1024,5.3,mesuré ici,0.7025007234904583,0.2192313357602271,0.1441426222397625
339cbc4cc198848f,363624,coil2000_insurance_policies,3666,ep128_25,25,102,26,128,1e-05,0.0,standard,1024,1024,1024,0,1024,6.4,mesuré ici,0.801959382394498,0.2027332698701219,0.23345070979478963
339cbc4cc198848f,363624,coil2000_insurance_policies,3666,ep128_25,25,102,26,128,1e-05,0.0,standard,2048,2048,2048,0,1024,10.9,mesuré ici,0.783421003353591,0.2035083638270866,0.15861024461673456
339cbc4cc198848f,363624,coil2000_insurance_policies,3666,ep128_25,25,102,26,128,1e-05,0.0,standard,full,3666,3666,0,1024,17.2,mesuré ici,0.8102156852731389,0.19420082339007372,0.19133602748390538
339cbc4cc198848f,363624,coil2000_insurance_policies,3666,ep128_50,50,102,26,128,1e-05,0.0,standard,32,32,32,0,1024,5.1,mesuré ici,0.510196959637744,0.23204599138108012,0.09666051758269106
339cbc4cc198848f,363624,coil2000_insurance_policies,3666,ep128_50,50,102,26,128,1e-05,0.0,standard,32,32,32,1,1024,4.8,mesuré ici,0.6765742301210357,0.22741380451959753,0.11669426902851329
339cbc4cc198848f,363624,coil2000_insurance_policies,3666,ep128_50,50,102,26,128,1e-05,0.0,standard,32,32,32,2,1024,4.7,mesuré ici,0.6409529646085491,0.23326721012323043,0.11689666709840645
339cbc4cc198848f,363624,coil2000_insurance_policies,3666,ep128_50,50,102,26,128,1e-05,0.0,standard,64,64,64,0,1024,4.8,mesuré ici,0.6327136850348127,0.2218318979015569,0.11589729147197785
339cbc4cc198848f,363624,coil2000_insurance_policies,3666,ep128_50,50,102,26,128,1e-05,0.0,standard,64,64,64,1,1024,4.8,mesuré ici,0.6179544796826857,0.22438946746179309,0.09123846780373068
339cbc4cc198848f,363624,coil2000_insurance_policies,3666,ep128_50,50,102,26,128,1e-05,0.0,standard,64,64,64,2,1024,4.8,mesuré ici,0.6659772228180378,0.22081885972194115,0.11650988427412659
339cbc4cc198848f,363624,coil2000_insurance_policies,3666,ep128_50,50,102,26,128,1e-05,0.0,standard,128,128,128,0,1024,5.2,mesuré ici,0.671160819161432,0.22147595797654115,0.1227569082720428
339cbc4cc198848f,363624,coil2000_insurance_policies,3666,ep128_50,50,102,26,128,1e-05,0.0,standard,128,128,128,1,1024,5.3,mesuré ici,0.7647209029160922,0.21846212240844348,0.16487019219281746
339cbc4cc198848f,363624,coil2000_insurance_policies,3666,ep128_50,50,102,26,128,1e-05,0.0,standard,128,128,128,2,1024,5.2,mesuré ici,0.692661253255707,0.2184096269891773,0.15536363554500676
339cbc4cc198848f,363624,coil2000_insurance_policies,3666,ep128_50,50,102,26,128,1e-05,0.0,standard,256,256,256,0,1024,5.3,mesuré ici,0.6653048022743135,0.22039508753206505,0.1322563978090477
339cbc4cc198848f,363624,coil2000_insurance_policies,3666,ep128_50,50,102,26,128,1e-05,0.0,standard,256,256,256,1,1024,5.3,mesuré ici,0.7306657814548116,0.21994182647679225,0.1342714685596067
339cbc4cc198848f,363624,coil2000_insurance_policies,3666,ep128_50,50,102,26,128,1e-05,0.0,standard,256,256,256,2,1024,5.3,mesuré ici,0.7157533663585448,0.21598962917876563,0.131729152110477
339cbc4cc198848f,363624,coil2000_insurance_policies,3666,ep128_50,50,102,26,128,1e-05,0.0,standard,512,512,512,0,1024,5.3,mesuré ici,0.735449330132952,0.21922730620993114,0.14785501711540117
339cbc4cc198848f,363624,coil2000_insurance_policies,3666,ep128_50,50,102,26,128,1e-05,0.0,standard,1024,1024,1024,0,1024,6.5,mesuré ici,0.8009039374904243,0.20394278059834758,0.20659382047435046
339cbc4cc198848f,363624,coil2000_insurance_policies,3666,ep128_50,50,102,26,128,1e-05,0.0,standard,2048,2048,2048,0,1024,10.9,mesuré ici,0.7801780637693001,0.20504389343433696,0.15873600601747306
339cbc4cc198848f,363624,coil2000_insurance_policies,3666,ep128_50,50,102,26,128,1e-05,0.0,standard,full,3666,3666,0,1024,17.3,mesuré ici,0.808283540166488,0.19525563261049522,0.19708051400139667
339cbc4cc198848f,363624,coil2000_insurance_policies,3666,ep128_200,200,102,26,128,1e-05,0.0,standard,32,32,32,0,1024,5.1,mesuré ici,0.4921437447866129,0.23382218418344564,0.06930091400629398
339cbc4cc198848f,363624,coil2000_insurance_policies,3666,ep128_200,200,102,26,128,1e-05,0.0,standard,32,32,32,1,1024,4.7,mesuré ici,0.7189452360281224,0.22503996996724285,0.13818335229857082
339cbc4cc198848f,363624,coil2000_insurance_policies,3666,ep128_200,200,102,26,128,1e-05,0.0,standard,32,32,32,2,1024,4.6,mesuré ici,0.6657644315067327,0.23048667384476265,0.12289141282444689
339cbc4cc198848f,363624,coil2000_insurance_policies,3666,ep128_200,200,102,26,128,1e-05,0.0,standard,64,64,64,0,1024,4.7,mesuré ici,0.6909163645030045,0.21942279317883856,0.14186173484916934
339cbc4cc198848f,363624,coil2000_insurance_policies,3666,ep128_200,200,102,26,128,1e-05,0.0,standard,64,64,64,1,1024,4.8,mesuré ici,0.6292664657916688,0.22338901835959177,0.09862309181509489
339cbc4cc198848f,363624,coil2000_insurance_policies,3666,ep128_200,200,102,26,128,1e-05,0.0,standard,64,64,64,2,1024,4.7,mesuré ici,0.7008239279573736,0.21853588062822552,0.1527415390679245
339cbc4cc198848f,363624,coil2000_insurance_policies,3666,ep128_200,200,102,26,128,1e-05,0.0,standard,128,128,128,0,1024,5.1,mesuré ici,0.711693308138842,0.21729723018726335,0.1508999791211917
339cbc4cc198848f,363624,coil2000_insurance_policies,3666,ep128_200,200,102,26,128,1e-05,0.0,standard,128,128,128,1,1024,5.4,mesuré ici,0.7708067344194203,0.21369656471540965,0.17735291024596878
339cbc4cc198848f,363624,coil2000_insurance_policies,3666,ep128_200,200,102,26,128,1e-05,0.0,standard,128,128,128,2,1024,5.4,mesuré ici,0.7517150979691197,0.2160707610768544,0.17847258729421617
339cbc4cc198848f,363624,coil2000_insurance_policies,3666,ep128_200,200,102,26,128,1e-05,0.0,standard,256,256,256,0,1024,5.3,mesuré ici,0.6866094683621877,0.21725016897827534,0.14941205071359911
339cbc4cc198848f,363624,coil2000_insurance_policies,3666,ep128_200,200,102,26,128,1e-05,0.0,standard,256,256,256,1,1024,5.3,mesuré ici,0.7579796741739441,0.2124660784177067,0.15644040436207288
339cbc4cc198848f,363624,coil2000_insurance_policies,3666,ep128_200,200,102,26,128,1e-05,0.0,standard,256,256,256,2,1024,5.2,mesuré ici,0.7520725873721125,0.2117133675575032,0.16452192414051908
339cbc4cc198848f,363624,coil2000_insurance_policies,3666,ep128_200,200,102,26,128,1e-05,0.0,standard,512,512,512,0,1024,5.2,mesuré ici,0.7505064433209063,0.21499052771059815,0.16096930947904578
339cbc4cc198848f,363624,coil2000_insurance_policies,3666,ep128_200,200,102,26,128,1e-05,0.0,standard,1024,1024,1024,0,1024,6.4,mesuré ici,0.7930817288868461,0.20704536831602283,0.1884892596487095
339cbc4cc198848f,363624,coil2000_insurance_policies,3666,ep128_200,200,102,26,128,1e-05,0.0,standard,2048,2048,2048,0,1024,10.9,mesuré ici,0.772032412372538,0.2074186855567372,0.1672040546600582
339cbc4cc198848f,363624,coil2000_insurance_policies,3666,ep128_200,200,102,26,128,1e-05,0.0,standard,full,3666,3666,0,1024,17.2,mesuré ici,0.794724477810122,0.19972524226973648,0.19516955359486862
339cbc4cc198848f,363627,credit_card_clients_default,11200,ep128_25,25,102,26,128,1e-05,0.0,standard,32,32,32,0,1024,5.1,mesuré ici,0.6595106097203721,0.5060897355284887,0.4030380404210717
339cbc4cc198848f,363627,credit_card_clients_default,11200,ep128_25,25,102,26,128,1e-05,0.0,standard,32,32,32,1,1024,4.8,mesuré ici,0.6876226377550174,0.4872668189655841,0.4366811842852067
339cbc4cc198848f,363627,credit_card_clients_default,11200,ep128_25,25,102,26,128,1e-05,0.0,standard,32,32,32,2,1024,4.7,mesuré ici,0.5147441672792796,0.5337627349548694,0.2287145762491855
339cbc4cc198848f,363627,credit_card_clients_default,11200,ep128_25,25,102,26,128,1e-05,0.0,standard,64,64,64,0,1024,4.7,mesuré ici,0.6924590562627475,0.48439500045544837,0.47573235104773776
339cbc4cc198848f,363627,credit_card_clients_default,11200,ep128_25,25,102,26,128,1e-05,0.0,standard,64,64,64,1,1024,4.7,mesuré ici,0.6783588235619256,0.49305303245789794,0.3994654662396535
339cbc4cc198848f,363627,credit_card_clients_default,11200,ep128_25,25,102,26,128,1e-05,0.0,standard,64,64,64,2,1024,4.7,mesuré ici,0.6762363267539617,0.4988066878847648,0.41262551295564714
339cbc4cc198848f,363627,credit_card_clients_default,11200,ep128_25,25,102,26,128,1e-05,0.0,standard,128,128,128,0,1024,4.7,mesuré ici,0.6885761031179699,0.4687791853588682,0.4719589000692044
339cbc4cc198848f,363627,credit_card_clients_default,11200,ep128_25,25,102,26,128,1e-05,0.0,standard,128,128,128,1,1024,5.1,mesuré ici,0.7134601672571703,0.4642015769222062,0.49238383830230203
339cbc4cc198848f,363627,credit_card_clients_default,11200,ep128_25,25,102,26,128,1e-05,0.0,standard,128,128,128,2,1024,4.7,mesuré ici,0.7112575240853641,0.47868872457023,0.5185673156510997
339cbc4cc198848f,363627,credit_card_clients_default,11200,ep128_25,25,102,26,128,1e-05,0.0,standard,256,256,256,0,1024,4.7,mesuré ici,0.7332342097844893,0.45598116301341857,0.5028357844669713
339cbc4cc198848f,363627,credit_card_clients_default,11200,ep128_25,25,102,26,128,1e-05,0.0,standard,256,256,256,1,1024,4.8,mesuré ici,0.724000795936303,0.4554346508578453,0.515887702886288
339cbc4cc198848f,363627,credit_card_clients_default,11200,ep128_25,25,102,26,128,1e-05,0.0,standard,256,256,256,2,1024,4.8,mesuré ici,0.7178488715944704,0.45667930724766087,0.49963997261164744
339cbc4cc198848f,363627,credit_card_clients_default,11200,ep128_25,25,102,26,128,1e-05,0.0,standard,512,512,512,0,1024,4.8,mesuré ici,0.7212371282176002,0.4564701568927967,0.5212556217387578
339cbc4cc198848f,363627,credit_card_clients_default,11200,ep128_25,25,102,26,128,1e-05,0.0,standard,1024,1024,1024,0,1024,4.9,mesuré ici,0.7475776452445569,0.4400320487461146,0.5555854039712445
339cbc4cc198848f,363627,credit_card_clients_default,11200,ep128_25,25,102,26,128,1e-05,0.0,standard,2048,2048,2048,0,1024,6.4,mesuré ici,0.7566535300327771,0.44187301545913776,0.535162551672588
339cbc4cc198848f,363627,credit_card_clients_default,11200,ep128_25,25,102,26,128,1e-05,0.0,standard,full,11200,11200,0,1024,35.9,mesuré ici,0.7537793156053262,0.43889476593086746,0.552734922120029
339cbc4cc198848f,363627,credit_card_clients_default,11200,ep128_50,50,102,26,128,1e-05,0.0,standard,32,32,32,0,1024,5.1,mesuré ici,0.6987629823291086,0.49367340465865966,0.4508197638926488
339cbc4cc198848f,363627,credit_card_clients_default,11200,ep128_50,50,102,26,128,1e-05,0.0,standard,32,32,32,1,1024,4.8,mesuré ici,0.6859368004466088,0.48668768141423135,0.44085390006602787
339cbc4cc198848f,363627,credit_card_clients_default,11200,ep128_50,50,102,26,128,1e-05,0.0,standard,32,32,32,2,1024,4.7,mesuré ici,0.5187901768194606,0.5331785862182563,0.23015250305928625
339cbc4cc198848f,363627,credit_card_clients_default,11200,ep128_50,50,102,26,128,1e-05,0.0,standard,64,64,64,0,1024,4.8,mesuré ici,0.698414760196552,0.4794474110539907,0.48069050509578387
339cbc4cc198848f,363627,credit_card_clients_default,11200,ep128_50,50,102,26,128,1e-05,0.0,standard,64,64,64,1,1024,4.7,mesuré ici,0.6811003819388788,0.4874924032955246,0.4007515889994746
339cbc4cc198848f,363627,credit_card_clients_default,11200,ep128_50,50,102,26,128,1e-05,0.0,standard,64,64,64,2,1024,4.7,mesuré ici,0.687719366125172,0.4901744306248963,0.43997464209231313
339cbc4cc198848f,363627,credit_card_clients_default,11200,ep128_50,50,102,26,128,1e-05,0.0,standard,128,128,128,0,1024,4.6,mesuré ici,0.6925226206202776,0.4662158395028022,0.468773537562146
339cbc4cc198848f,363627,credit_card_clients_default,11200,ep128_50,50,102,26,128,1e-05,0.0,standard,128,128,128,1,1024,4.7,mesuré ici,0.7136784970069479,0.4647343695330459,0.4892559857692718
339cbc4cc198848f,363627,credit_card_clients_default,11200,ep128_50,50,102,26,128,1e-05,0.0,standard,128,128,128,2,1024,4.7,mesuré ici,0.7159115405236598,0.4786943590633911,0.5215547895868055
339cbc4cc198848f,363627,credit_card_clients_default,11200,ep128_50,50,102,26,128,1e-05,0.0,standard,256,256,256,0,1024,4.8,mesuré ici,0.7307938911888745,0.45746292409691236,0.5015227170765749
339cbc4cc198848f,363627,credit_card_clients_default,11200,ep128_50,50,102,26,128,1e-05,0.0,standard,256,256,256,1,1024,4.7,mesuré ici,0.7243462544011409,0.45859246224023653,0.5100964844345508
339cbc4cc198848f,363627,credit_card_clients_default,11200,ep128_50,50,102,26,128,1e-05,0.0,standard,256,256,256,2,1024,4.8,mesuré ici,0.7199768957378716,0.45684480515663306,0.5020423573390352
339cbc4cc198848f,363627,credit_card_clients_default,11200,ep128_50,50,102,26,128,1e-05,0.0,standard,512,512,512,0,1024,4.7,mesuré ici,0.7241362156545195,0.45669864373139957,0.5223382536641834
339cbc4cc198848f,363627,credit_card_clients_default,11200,ep128_50,50,102,26,128,1e-05,0.0,standard,1024,1024,1024,0,1024,4.9,mesuré ici,0.745540822135873,0.44139427341228477,0.5519254390422801
339cbc4cc198848f,363627,credit_card_clients_default,11200,ep128_50,50,102,26,128,1e-05,0.0,standard,2048,2048,2048,0,1024,6.4,mesuré ici,0.7516457641264875,0.44473980453569206,0.5329052263052564
339cbc4cc198848f,363627,credit_card_clients_default,11200,ep128_50,50,102,26,128,1e-05,0.0,standard,full,11200,11200,0,1024,35.5,mesuré ici,0.7539340809975735,0.43849770266884974,0.552967095729074
339cbc4cc198848f,363627,credit_card_clients_default,11200,ep128_200,200,102,26,128,1e-05,0.0,standard,32,32,32,0,1024,5.2,mesuré ici,0.7115698185375776,0.486011078360608,0.47586083579419425
339cbc4cc198848f,363627,credit_card_clients_default,11200,ep128_200,200,102,26,128,1e-05,0.0,standard,32,32,32,1,1024,4.9,mesuré ici,0.6922600721870007,0.4878687536654003,0.4549540641246531
339cbc4cc198848f,363627,credit_card_clients_default,11200,ep128_200,200,102,26,128,1e-05,0.0,standard,32,32,32,2,1024,4.8,mesuré ici,0.5189366512085518,0.5346664600004163,0.22736587409035394
339cbc4cc198848f,363627,credit_card_clients_default,11200,ep128_200,200,102,26,128,1e-05,0.0,standard,64,64,64,0,1024,4.8,mesuré ici,0.7130262714253339,0.4785031891483561,0.4987287078823473
339cbc4cc198848f,363627,credit_card_clients_default,11200,ep128_200,200,102,26,128,1e-05,0.0,standard,64,64,64,1,1024,4.7,mesuré ici,0.6965354661478341,0.4854630462917129,0.40585416231232724
339cbc4cc198848f,363627,credit_card_clients_default,11200,ep128_200,200,102,26,128,1e-05,0.0,standard,64,64,64,2,1024,4.8,mesuré ici,0.6987906190062956,0.4811157304866142,0.4041946687329507
339cbc4cc198848f,363627,credit_card_clients_default,11200,ep128_200,200,102,26,128,1e-05,0.0,standard,128,128,128,0,1024,4.8,mesuré ici,0.696861578938641,0.4648984985040473,0.4847943400501773
339cbc4cc198848f,363627,credit_card_clients_default,11200,ep128_200,200,102,26,128,1e-05,0.0,standard,128,128,128,1,1024,4.8,mesuré ici,0.7184237144799608,0.46477591938695667,0.4884149378231023
339cbc4cc198848f,363627,credit_card_clients_default,11200,ep128_200,200,102,26,128,1e-05,0.0,standard,128,128,128,2,1024,4.7,mesuré ici,0.7175393408099757,0.47468764119033763,0.5158320086063024
339cbc4cc198848f,363627,credit_card_clients_default,11200,ep128_200,200,102,26,128,1e-05,0.0,standard,256,256,256,0,1024,4.8,mesuré ici,0.7262200211144214,0.4567307536579691,0.5073094807323533
339cbc4cc198848f,363627,credit_card_clients_default,11200,ep128_200,200,102,26,128,1e-05,0.0,standard,256,256,256,1,1024,4.7,mesuré ici,0.7229202018582901,0.46544339507270904,0.5046177692342697
339cbc4cc198848f,363627,credit_card_clients_default,11200,ep128_200,200,102,26,128,1e-05,0.0,standard,256,256,256,2,1024,4.8,mesuré ici,0.7257612522731167,0.4548390734278256,0.4683343663573873
339cbc4cc198848f,363627,credit_card_clients_default,11200,ep128_200,200,102,26,128,1e-05,0.0,standard,512,512,512,0,1024,4.7,mesuré ici,0.7244457464390142,0.4529021530461772,0.5169593439098734
339cbc4cc198848f,363627,credit_card_clients_default,11200,ep128_200,200,102,26,128,1e-05,0.0,standard,1024,1024,1024,0,1024,4.8,mesuré ici,0.7449493972440705,0.4395291610858182,0.5430233691119805
339cbc4cc198848f,363627,credit_card_clients_default,11200,ep128_200,200,102,26,128,1e-05,0.0,standard,2048,2048,2048,0,1024,6.4,mesuré ici,0.7496669780398963,0.44272499363953266,0.5269592973618388
339cbc4cc198848f,363627,credit_card_clients_default,11200,ep128_200,200,102,26,128,1e-05,0.0,standard,full,11200,11200,0,1024,35.7,mesuré ici,0.7551528584615215,0.4367849578426646,0.5492499638362193
339cbc4cc198848f,363629,diabetes,286,ep128_25,25,102,26,128,1e-05,0.0,standard,32,32,32,0,103,2.9,mesuré ici,0.7541459369817578,0.5846649346802615,0.5998771593010443
339cbc4cc198848f,363629,diabetes,286,ep128_25,25,102,26,128,1e-05,0.0,standard,32,32,32,1,103,2.5,mesuré ici,0.724502487562189,0.5835861509654933,0.5725955031397708
339cbc4cc198848f,363629,diabetes,286,ep128_25,25,102,26,128,1e-05,0.0,standard,32,32,32,2,103,2.5,mesuré ici,0.7064676616915422,0.592366370991899,0.5575375040823191
339cbc4cc198848f,363629,diabetes,286,ep128_25,25,102,26,128,1e-05,0.0,standard,64,64,64,0,103,2.5,mesuré ici,0.775497512437811,0.5560996061569718,0.6223846117842764
339cbc4cc198848f,363629,diabetes,286,ep128_25,25,102,26,128,1e-05,0.0,standard,64,64,64,1,103,2.5,mesuré ici,0.7616086235489221,0.563459306181766,0.6097023236664464
339cbc4cc198848f,363629,diabetes,286,ep128_25,25,102,26,128,1e-05,0.0,standard,64,64,64,2,103,2.6,mesuré ici,0.7823383084577115,0.5463373487468968,0.5924788108479594
339cbc4cc198848f,363629,diabetes,286,ep128_25,25,102,26,128,1e-05,0.0,standard,128,128,128,0,103,2.5,mesuré ici,0.7997512437810945,0.5203213021328066,0.6461930376588908
339cbc4cc198848f,363629,diabetes,286,ep128_25,25,102,26,128,1e-05,0.0,standard,128,128,128,1,103,2.5,mesuré ici,0.7798507462686567,0.5425736458361574,0.609043609382117
339cbc4cc198848f,363629,diabetes,286,ep128_25,25,102,26,128,1e-05,0.0,standard,128,128,128,2,103,2.5,mesuré ici,0.771558872305141,0.5511451693051526,0.646255306041824
339cbc4cc198848f,363629,diabetes,286,ep128_25,25,102,26,128,1e-05,0.0,standard,256,256,256,0,103,2.7,mesuré ici,0.802653399668325,0.5159504106991353,0.6694202625014115
339cbc4cc198848f,363629,diabetes,286,ep128_25,25,102,26,128,1e-05,0.0,standard,256,256,256,1,103,2.7,mesuré ici,0.8043117744610282,0.5090983579402945,0.695298624126571
339cbc4cc198848f,363629,diabetes,286,ep128_25,25,102,26,128,1e-05,0.0,standard,256,256,256,2,103,2.5,mesuré ici,0.8063847429519071,0.5122795518392518,0.670349407403661
339cbc4cc198848f,363629,diabetes,286,ep128_25,25,102,26,128,1e-05,0.0,standard,full,286,286,0,103,2.5,mesuré ici,0.800580431177446,0.5183493564490241,0.6655189476291866
339cbc4cc198848f,363629,diabetes,286,ep128_50,50,102,26,128,1e-05,0.0,standard,32,32,32,0,103,2.8,mesuré ici,0.7562189054726368,0.5760851873804949,0.6096202188136993
339cbc4cc198848f,363629,diabetes,286,ep128_50,50,102,26,128,1e-05,0.0,standard,32,32,32,1,103,2.5,mesuré ici,0.7251243781094527,0.5834114650738014,0.5755484191616379
339cbc4cc198848f,363629,diabetes,286,ep128_50,50,102,26,128,1e-05,0.0,standard,32,32,32,2,103,2.4,mesuré ici,0.7070895522388059,0.5926358760481698,0.5644714120258917
339cbc4cc198848f,363629,diabetes,286,ep128_50,50,102,26,128,1e-05,0.0,standard,64,64,64,0,103,2.5,mesuré ici,0.7761194029850746,0.5473702318701753,0.6270182448611389
339cbc4cc198848f,363629,diabetes,286,ep128_50,50,102,26,128,1e-05,0.0,standard,64,64,64,1,103,2.5,mesuré ici,0.7632669983416253,0.5770798990682188,0.621276493548986
339cbc4cc198848f,363629,diabetes,286,ep128_50,50,102,26,128,1e-05,0.0,standard,64,64,64,2,103,2.5,mesuré ici,0.7806799336650082,0.5451836820243765,0.5909540552294514
339cbc4cc198848f,363629,diabetes,286,ep128_50,50,102,26,128,1e-05,0.0,standard,128,128,128,0,103,2.4,mesuré ici,0.7993366500829188,0.5201825152197289,0.6566061861007713
339cbc4cc198848f,363629,diabetes,286,ep128_50,50,102,26,128,1e-05,0.0,standard,128,128,128,1,103,2.5,mesuré ici,0.7806799336650083,0.5357304586716937,0.6189631992212651
339cbc4cc198848f,363629,diabetes,286,ep128_50,50,102,26,128,1e-05,0.0,standard,128,128,128,2,103,2.5,mesuré ici,0.7736318407960199,0.5503117877277907,0.6494155857675318
339cbc4cc198848f,363629,diabetes,286,ep128_50,50,102,26,128,1e-05,0.0,standard,256,256,256,0,103,2.6,mesuré ici,0.8063847429519071,0.51080560716194,0.669983078538617
339cbc4cc198848f,363629,diabetes,286,ep128_50,50,102,26,128,1e-05,0.0,standard,256,256,256,1,103,2.5,mesuré ici,0.8059701492537313,0.5064710765068353,0.6960755310079582
339cbc4cc198848f,363629,diabetes,286,ep128_50,50,102,26,128,1e-05,0.0,standard,256,256,256,2,103,2.5,mesuré ici,0.8043117744610282,0.5086661534512888,0.6674841611260511
339cbc4cc198848f,363629,diabetes,286,ep128_50,50,102,26,128,1e-05,0.0,standard,full,286,286,0,103,2.4,mesuré ici,0.8014096185737977,0.5166029004426671,0.6702326506987593
339cbc4cc198848f,363629,diabetes,286,ep128_200,200,102,26,128,1e-05,0.0,standard,32,32,32,0,103,2.8,mesuré ici,0.7207711442786069,0.6002210852784644,0.5765186068759208
339cbc4cc198848f,363629,diabetes,286,ep128_200,200,102,26,128,1e-05,0.0,standard,32,32,32,1,103,2.4,mesuré ici,0.7359038142620232,0.5726775978731724,0.5613202763058041
339cbc4cc198848f,363629,diabetes,286,ep128_200,200,102,26,128,1e-05,0.0,standard,32,32,32,2,103,2.4,mesuré ici,0.7392205638474295,0.5617153244964264,0.5896814434518034
339cbc4cc198848f,363629,diabetes,286,ep128_200,200,102,26,128,1e-05,0.0,standard,64,64,64,0,103,2.5,mesuré ici,0.7786069651741293,0.5445338650245869,0.6136356251178725
339cbc4cc198848f,363629,diabetes,286,ep128_200,200,102,26,128,1e-05,0.0,standard,64,64,64,1,103,2.5,mesuré ici,0.7947761194029851,0.5169485266363828,0.6361607550366395
339cbc4cc198848f,363629,diabetes,286,ep128_200,200,102,26,128,1e-05,0.0,standard,64,64,64,2,103,2.5,mesuré ici,0.7856550580431177,0.5329017748970974,0.6192367613116156
339cbc4cc198848f,363629,diabetes,286,ep128_200,200,102,26,128,1e-05,0.0,standard,128,128,128,0,103,2.4,mesuré ici,0.8126036484245439,0.5088272232097791,0.6605590211362335
339cbc4cc198848f,363629,diabetes,286,ep128_200,200,102,26,128,1e-05,0.0,standard,128,128,128,1,103,2.4,mesuré ici,0.7927031509121061,0.5255320883394454,0.6336390844713752
339cbc4cc198848f,363629,diabetes,286,ep128_200,200,102,26,128,1e-05,0.0,standard,128,128,128,2,103,2.5,mesuré ici,0.7765339966832504,0.5499092579130538,0.6386455282160458
339cbc4cc198848f,363629,diabetes,286,ep128_200,200,102,26,128,1e-05,0.0,standard,256,256,256,0,103,2.5,mesuré ici,0.7927031509121061,0.5244485867993253,0.6651989192133682
339cbc4cc198848f,363629,diabetes,286,ep128_200,200,102,26,128,1e-05,0.0,standard,256,256,256,1,103,2.5,mesuré ici,0.8001658374792703,0.5139333128780923,0.6795868856338505
339cbc4cc198848f,363629,diabetes,286,ep128_200,200,102,26,128,1e-05,0.0,standard,256,256,256,2,103,2.5,mesuré ici,0.7956053067993366,0.5183890405957684,0.6603882211739205
339cbc4cc198848f,363629,diabetes,286,ep128_200,200,102,26,128,1e-05,0.0,standard,full,286,286,0,103,2.5,mesuré ici,0.7935323383084577,0.5228320495503862,0.6532531319219167
339cbc4cc198848f,363632,E-CommereShippingData,4105,ep128_25,25,102,26,128,1e-05,0.0,standard,32,32,32,0,1024,4.9,mesuré ici,0.7153279464855375,0.6203824551445085,0.8100401005086578
339cbc4cc198848f,363632,E-CommereShippingData,4105,ep128_25,25,102,26,128,1e-05,0.0,standard,32,32,32,1,1024,4.7,mesuré ici,0.7460916292506627,0.5770259791522969,0.8527497448220176
339cbc4cc198848f,363632,E-CommereShippingData,4105,ep128_25,25,102,26,128,1e-05,0.0,standard,32,32,32,2,1024,4.5,mesuré ici,0.7235726768723524,0.6414591306166131,0.833204117170326
339cbc4cc198848f,363632,E-CommereShippingData,4105,ep128_25,25,102,26,128,1e-05,0.0,standard,64,64,64,0,1024,4.6,mesuré ici,0.7420812148543847,0.5070295453543409,0.8526040585376778
339cbc4cc198848f,363632,E-CommereShippingData,4105,ep128_25,25,102,26,128,1e-05,0.0,standard,64,64,64,1,1024,4.4,mesuré ici,0.7007188628176728,0.6476388105154409,0.8179371355923776
339cbc4cc198848f,363632,E-CommereShippingData,4105,ep128_25,25,102,26,128,1e-05,0.0,standard,64,64,64,2,1024,4.5,mesuré ici,0.7320115874028604,0.5678579846009579,0.8460625076975103
339cbc4cc198848f,363632,E-CommereShippingData,4105,ep128_25,25,102,26,128,1e-05,0.0,standard,128,128,128,0,1024,4.5,mesuré ici,0.7381520390896518,0.5184835876966711,0.8490267760126196
339cbc4cc198848f,363632,E-CommereShippingData,4105,ep128_25,25,102,26,128,1e-05,0.0,standard,128,128,128,1,1024,4.6,mesuré ici,0.7440804777624106,0.49653976324604615,0.8568142346754578
339cbc4cc198848f,363632,E-CommereShippingData,4105,ep128_25,25,102,26,128,1e-05,0.0,standard,128,128,128,2,1024,4.7,mesuré ici,0.7493253230721676,0.5144550110449728,0.8576431925266854
339cbc4cc198848f,363632,E-CommereShippingData,4105,ep128_25,25,102,26,128,1e-05,0.0,standard,256,256,256,0,1024,4.7,mesuré ici,0.7559809465687576,0.49999396764528525,0.8585559798667478
339cbc4cc198848f,363632,E-CommereShippingData,4105,ep128_25,25,102,26,128,1e-05,0.0,standard,256,256,256,1,1024,4.6,mesuré ici,0.7523767253302053,0.5065191083266756,0.8612963628411637
339cbc4cc198848f,363632,E-CommereShippingData,4105,ep128_25,25,102,26,128,1e-05,0.0,standard,256,256,256,2,1024,4.5,mesuré ici,0.7603163154912163,0.5021796921938609,0.8588960776006311
339cbc4cc198848f,363632,E-CommereShippingData,4105,ep128_25,25,102,26,128,1e-05,0.0,standard,512,512,512,0,1024,4.6,mesuré ici,0.749158882949002,0.4940913283871228,0.8557989401904349
339cbc4cc198848f,363632,E-CommereShippingData,4105,ep128_25,25,102,26,128,1e-05,0.0,standard,1024,1024,1024,0,1024,4.6,mesuré ici,0.7378429360037726,0.49374338891002734,0.8508157637513523
339cbc4cc198848f,363632,E-CommereShippingData,4105,ep128_25,25,102,26,128,1e-05,0.0,standard,2048,2048,2048,0,1024,5.7,mesuré ici,0.7504349238932723,0.4914070642467301,0.8565642557339983
339cbc4cc198848f,363632,E-CommereShippingData,4105,ep128_25,25,102,26,128,1e-05,0.0,standard,full,4105,4105,0,1024,9.5,mesuré ici,0.7478372691138648,0.4896498117941228,0.8588164805388233
339cbc4cc198848f,363632,E-CommereShippingData,4105,ep128_50,50,102,26,128,1e-05,0.0,standard,32,32,32,0,1024,4.8,mesuré ici,0.7155340152094569,0.6219757798280389,0.8085742743012194
339cbc4cc198848f,363632,E-CommereShippingData,4105,ep128_50,50,102,26,128,1e-05,0.0,standard,32,32,32,1,1024,4.5,mesuré ici,0.7424576865615452,0.5759053953251256,0.8509969959254786
339cbc4cc198848f,363632,E-CommereShippingData,4105,ep128_50,50,102,26,128,1e-05,0.0,standard,32,32,32,2,1024,4.5,mesuré ici,0.7244999861299898,0.644853066337117,0.8343456339495324
339cbc4cc198848f,363632,E-CommereShippingData,4105,ep128_50,50,102,26,128,1e-05,0.0,standard,64,64,64,0,1024,4.5,mesuré ici,0.7437991146970593,0.5109884932795346,0.8546117284659449
339cbc4cc198848f,363632,E-CommereShippingData,4105,ep128_50,50,102,26,128,1e-05,0.0,standard,64,64,64,1,1024,4.5,mesuré ici,0.7059656895574674,0.6471483781048348,0.8237335900440597
339cbc4cc198848f,363632,E-CommereShippingData,4105,ep128_50,50,102,26,128,1e-05,0.0,standard,64,64,64,2,1024,4.6,mesuré ici,0.7349044752578832,0.5515714179873901,0.8480816055438777
339cbc4cc198848f,363632,E-CommereShippingData,4105,ep128_50,50,102,26,128,1e-05,0.0,standard,128,128,128,0,1024,4.5,mesuré ici,0.7449047526580884,0.5107074166958034,0.8542364150905581
339cbc4cc198848f,363632,E-CommereShippingData,4105,ep128_50,50,102,26,128,1e-05,0.0,standard,128,128,128,1,1024,4.5,mesuré ici,0.7445837609919832,0.4981527406326708,0.8578158483921065
339cbc4cc198848f,363632,E-CommereShippingData,4105,ep128_50,50,102,26,128,1e-05,0.0,standard,128,128,128,2,1024,4.6,mesuré ici,0.7487903369619922,0.5112587901506886,0.8586032444210436
339cbc4cc198848f,363632,E-CommereShippingData,4105,ep128_50,50,102,26,128,1e-05,0.0,standard,256,256,256,0,1024,4.5,mesuré ici,0.7527353641670267,0.4978927541044752,0.858268108461457
339cbc4cc198848f,363632,E-CommereShippingData,4105,ep128_50,50,102,26,128,1e-05,0.0,standard,256,256,256,1,1024,4.7,mesuré ici,0.7531752416353931,0.5069683532285163,0.8627192983980457
339cbc4cc198848f,363632,E-CommereShippingData,4105,ep128_50,50,102,26,128,1e-05,0.0,standard,256,256,256,2,1024,4.6,mesuré ici,0.7567873885940962,0.5078858566872477,0.8584612271638963
339cbc4cc198848f,363632,E-CommereShippingData,4105,ep128_50,50,102,26,128,1e-05,0.0,standard,512,512,512,0,1024,4.7,mesuré ici,0.7475242031679104,0.49305355954901425,0.8558975183459294
339cbc4cc198848f,363632,E-CommereShippingData,4105,ep128_50,50,102,26,128,1e-05,0.0,standard,1024,1024,1024,0,1024,4.7,mesuré ici,0.7446709439136413,0.4931904751494224,0.8545443216020913
339cbc4cc198848f,363632,E-CommereShippingData,4105,ep128_50,50,102,26,128,1e-05,0.0,standard,2048,2048,2048,0,1024,5.8,mesuré ici,0.7550873216217608,0.4907875434955633,0.8594797072038328
339cbc4cc198848f,363632,E-CommereShippingData,4105,ep128_50,50,102,26,128,1e-05,0.0,standard,full,4105,4105,0,1024,9.6,mesuré ici,0.7417166317274504,0.48887117970325045,0.8570267991073878
339cbc4cc198848f,363632,E-CommereShippingData,4105,ep128_200,200,102,26,128,1e-05,0.0,standard,32,32,32,0,1024,5.0,mesuré ici,0.719247215100082,0.6381287920642897,0.8129730364489012
339cbc4cc198848f,363632,E-CommereShippingData,4105,ep128_200,200,102,26,128,1e-05,0.0,standard,32,32,32,1,1024,4.7,mesuré ici,0.7481424093396686,0.5226718266169663,0.856188327922539
339cbc4cc198848f,363632,E-CommereShippingData,4105,ep128_200,200,102,26,128,1e-05,0.0,standard,32,32,32,2,1024,4.7,mesuré ici,0.7365688764895402,0.6597041759834179,0.8417872469652785
339cbc4cc198848f,363632,E-CommereShippingData,4105,ep128_200,200,102,26,128,1e-05,0.0,standard,64,64,64,0,1024,4.7,mesuré ici,0.7379796546763729,0.5001656613243552,0.8514501884255878
339cbc4cc198848f,363632,E-CommereShippingData,4105,ep128_200,200,102,26,128,1e-05,0.0,standard,64,64,64,1,1024,4.6,mesuré ici,0.7207927305294778,0.6169290648355416,0.8358054056696197
339cbc4cc198848f,363632,E-CommereShippingData,4105,ep128_200,200,102,26,128,1e-05,0.0,standard,64,64,64,2,1024,4.7,mesuré ici,0.7405832537458935,0.5136627320197851,0.853988896554315
339cbc4cc198848f,363632,E-CommereShippingData,4105,ep128_200,200,102,26,128,1e-05,0.0,standard,128,128,128,0,1024,4.7,mesuré ici,0.7425706280736935,0.5139488770994487,0.8509457923994461
339cbc4cc198848f,363632,E-CommereShippingData,4105,ep128_200,200,102,26,128,1e-05,0.0,standard,128,128,128,1,1024,4.6,mesuré ici,0.7406585480873256,0.49786539687477827,0.852644405099712
339cbc4cc198848f,363632,E-CommereShippingData,4105,ep128_200,200,102,26,128,1e-05,0.0,standard,128,128,128,2,1024,4.6,mesuré ici,0.754403728258759,0.4943741540876957,0.8576222863442213
339cbc4cc198848f,363632,E-CommereShippingData,4105,ep128_200,200,102,26,128,1e-05,0.0,standard,256,256,256,0,1024,4.6,mesuré ici,0.7531435387547901,0.4937681707199424,0.8578131832079632
339cbc4cc198848f,363632,E-CommereShippingData,4105,ep128_200,200,102,26,128,1e-05,0.0,standard,256,256,256,1,1024,4.6,mesuré ici,0.7536289891140233,0.4992126240672593,0.8591164017801778
339cbc4cc198848f,363632,E-CommereShippingData,4105,ep128_200,200,102,26,128,1e-05,0.0,standard,256,256,256,2,1024,4.6,mesuré ici,0.7533139417380312,0.5086143001872298,0.8569484672645389
339cbc4cc198848f,363632,E-CommereShippingData,4105,ep128_200,200,102,26,128,1e-05,0.0,standard,512,512,512,0,1024,4.6,mesuré ici,0.7488438355730098,0.4909905315742513,0.8559797731612464
339cbc4cc198848f,363632,E-CommereShippingData,4105,ep128_200,200,102,26,128,1e-05,0.0,standard,1024,1024,1024,0,1024,4.7,mesuré ici,0.7524143725009212,0.49213840291021826,0.8581643798983215
339cbc4cc198848f,363632,E-CommereShippingData,4105,ep128_200,200,102,26,128,1e-05,0.0,standard,2048,2048,2048,0,1024,5.8,mesuré ici,0.7523648367499792,0.49297155485421584,0.8578901650560138
339cbc4cc198848f,363632,E-CommereShippingData,4105,ep128_200,200,102,26,128,1e-05,0.0,standard,full,4105,4105,0,1024,9.7,mesuré ici,0.7512849573794399,0.4908805272858319,0.8568748964796484
339cbc4cc198848f,363671,Fitness_Club,560,ep128_25,25,102,26,128,1e-05,0.0,standard,32,32,32,0,200,3.1,mesuré ici,0.8092857142857143,0.4530202289813794,0.7333401153078096
339cbc4cc198848f,363671,Fitness_Club,560,ep128_25,25,102,26,128,1e-05,0.0,standard,32,32,32,1,200,2.8,mesuré ici,0.8173809523809524,0.5369739863091347,0.6568541014017479
339cbc4cc198848f,363671,Fitness_Club,560,ep128_25,25,102,26,128,1e-05,0.0,standard,32,32,32,2,200,2.8,mesuré ici,0.8475,0.44238848163722155,0.7266381550371773
339cbc4cc198848f,363671,Fitness_Club,560,ep128_25,25,102,26,128,1e-05,0.0,standard,64,64,64,0,200,2.8,mesuré ici,0.8382738095238095,0.4856500721909203,0.696160082858965
339cbc4cc198848f,363671,Fitness_Club,560,ep128_25,25,102,26,128,1e-05,0.0,standard,64,64,64,1,200,2.8,mesuré ici,0.8031547619047619,0.49685562126178495,0.6411391742402057
339cbc4cc198848f,363671,Fitness_Club,560,ep128_25,25,102,26,128,1e-05,0.0,standard,64,64,64,2,200,2.8,mesuré ici,0.8437499999999999,0.4611947721377812,0.7084423380326809
339cbc4cc198848f,363671,Fitness_Club,560,ep128_25,25,102,26,128,1e-05,0.0,standard,128,128,128,0,200,2.8,mesuré ici,0.8607738095238094,0.4309008966840791,0.7589171228328411
339cbc4cc198848f,363671,Fitness_Club,560,ep128_25,25,102,26,128,1e-05,0.0,standard,128,128,128,1,200,2.8,mesuré ici,0.8698809523809524,0.4205968183636665,0.7724639401656025
339cbc4cc198848f,363671,Fitness_Club,560,ep128_25,25,102,26,128,1e-05,0.0,standard,128,128,128,2,200,3.2,mesuré ici,0.8651785714285715,0.42592511543204137,0.7612168914055685
339cbc4cc198848f,363671,Fitness_Club,560,ep128_25,25,102,26,128,1e-05,0.0,standard,256,256,256,0,200,3.1,mesuré ici,0.8624404761904763,0.41959684771384786,0.7628559329713962
339cbc4cc198848f,363671,Fitness_Club,560,ep128_25,25,102,26,128,1e-05,0.0,standard,256,256,256,1,200,2.8,mesuré ici,0.8362499999999999,0.4452417283054623,0.731424523881222
339cbc4cc198848f,363671,Fitness_Club,560,ep128_25,25,102,26,128,1e-05,0.0,standard,256,256,256,2,200,2.9,mesuré ici,0.8588690476190476,0.4270679702875547,0.7613584435704563
339cbc4cc198848f,363671,Fitness_Club,560,ep128_25,25,102,26,128,1e-05,0.0,standard,512,512,512,0,200,2.8,mesuré ici,0.866547619047619,0.416354679704909,0.7694945540534633
339cbc4cc198848f,363671,Fitness_Club,560,ep128_25,25,102,26,128,1e-05,0.0,standard,full,560,560,0,200,2.9,mesuré ici,0.8677380952380952,0.4163689460464625,0.7710925483778057
339cbc4cc198848f,363671,Fitness_Club,560,ep128_50,50,102,26,128,1e-05,0.0,standard,32,32,32,0,200,3.2,mesuré ici,0.8312499999999999,0.443784332309439,0.7522170146217689
339cbc4cc198848f,363671,Fitness_Club,560,ep128_50,50,102,26,128,1e-05,0.0,standard,32,32,32,1,200,2.8,mesuré ici,0.833452380952381,0.5588116761483229,0.7015270811216677
339cbc4cc198848f,363671,Fitness_Club,560,ep128_50,50,102,26,128,1e-05,0.0,standard,32,32,32,2,200,2.8,mesuré ici,0.8517857142857143,0.42396797649181583,0.7392180680419294
339cbc4cc198848f,363671,Fitness_Club,560,ep128_50,50,102,26,128,1e-05,0.0,standard,64,64,64,0,200,2.8,mesuré ici,0.8514880952380952,0.4424812621361808,0.7384980677030075
339cbc4cc198848f,363671,Fitness_Club,560,ep128_50,50,102,26,128,1e-05,0.0,standard,64,64,64,1,200,2.9,mesuré ici,0.8405952380952381,0.4917893998664811,0.7400193277295197
339cbc4cc198848f,363671,Fitness_Club,560,ep128_50,50,102,26,128,1e-05,0.0,standard,64,64,64,2,200,2.8,mesuré ici,0.8608928571428571,0.43685604591145366,0.7567973345594969
339cbc4cc198848f,363671,Fitness_Club,560,ep128_50,50,102,26,128,1e-05,0.0,standard,128,128,128,0,200,2.8,mesuré ici,0.8676785714285714,0.42458951222790253,0.7724459862165806
339cbc4cc198848f,363671,Fitness_Club,560,ep128_50,50,102,26,128,1e-05,0.0,standard,128,128,128,1,200,2.9,mesuré ici,0.8700595238095239,0.4084181951029977,0.7743834530598684
339cbc4cc198848f,363671,Fitness_Club,560,ep128_50,50,102,26,128,1e-05,0.0,standard,128,128,128,2,200,2.9,mesuré ici,0.8667857142857144,0.4157665944759358,0.7682186084079409
339cbc4cc198848f,363671,Fitness_Club,560,ep128_50,50,102,26,128,1e-05,0.0,standard,256,256,256,0,200,2.8,mesuré ici,0.8677380952380952,0.4103818210951834,0.7713678218696479
339cbc4cc198848f,363671,Fitness_Club,560,ep128_50,50,102,26,128,1e-05,0.0,standard,256,256,256,1,200,2.8,mesuré ici,0.8570238095238096,0.4193570493135802,0.7571397792613723
339cbc4cc198848f,363671,Fitness_Club,560,ep128_50,50,102,26,128,1e-05,0.0,standard,256,256,256,2,200,2.9,mesuré ici,0.8647619047619047,0.4194705097032948,0.7688403442804084
339cbc4cc198848f,363671,Fitness_Club,560,ep128_50,50,102,26,128,1e-05,0.0,standard,512,512,512,0,200,2.8,mesuré ici,0.8679166666666667,0.40917790562937406,0.7697383535487148
339cbc4cc198848f,363671,Fitness_Club,560,ep128_50,50,102,26,128,1e-05,0.0,standard,full,560,560,0,200,2.8,mesuré ici,0.8682738095238095,0.40914396469714476,0.7701882057755293
339cbc4cc198848f,363671,Fitness_Club,560,ep128_200,200,102,26,128,1e-05,0.0,standard,32,32,32,0,200,3.2,mesuré ici,0.8533333333333334,0.42971471822030166,0.7637707584482368
339cbc4cc198848f,363671,Fitness_Club,560,ep128_200,200,102,26,128,1e-05,0.0,standard,32,32,32,1,200,2.8,mesuré ici,0.8473214285714286,0.5432791654640086,0.7105873576125864
339cbc4cc198848f,363671,Fitness_Club,560,ep128_200,200,102,26,128,1e-05,0.0,standard,32,32,32,2,200,2.9,mesuré ici,0.8595238095238095,0.41187282295117755,0.7473886444077888
339cbc4cc198848f,363671,Fitness_Club,560,ep128_200,200,102,26,128,1e-05,0.0,standard,64,64,64,0,200,2.8,mesuré ici,0.8591666666666667,0.4277723314592325,0.7525057476410313
339cbc4cc198848f,363671,Fitness_Club,560,ep128_200,200,102,26,128,1e-05,0.0,standard,64,64,64,1,200,2.8,mesuré ici,0.8516071428571429,0.46121399390669865,0.7548571279600391
339cbc4cc198848f,363671,Fitness_Club,560,ep128_200,200,102,26,128,1e-05,0.0,standard,64,64,64,2,200,2.8,mesuré ici,0.8651190476190476,0.42761239493066694,0.759827461937279
339cbc4cc198848f,363671,Fitness_Club,560,ep128_200,200,102,26,128,1e-05,0.0,standard,128,128,128,0,200,2.8,mesuré ici,0.8660714285714284,0.4177698893380181,0.7656123922805799
339cbc4cc198848f,363671,Fitness_Club,560,ep128_200,200,102,26,128,1e-05,0.0,standard,128,128,128,1,200,2.8,mesuré ici,0.8705357142857142,0.40544100471662914,0.7731428708621674
339cbc4cc198848f,363671,Fitness_Club,560,ep128_200,200,102,26,128,1e-05,0.0,standard,128,128,128,2,200,2.8,mesuré ici,0.8681547619047618,0.41256646023878774,0.7698491934221962
339cbc4cc198848f,363671,Fitness_Club,560,ep128_200,200,102,26,128,1e-05,0.0,standard,256,256,256,0,200,2.8,mesuré ici,0.8666071428571429,0.4100832950455541,0.7644295097719018
339cbc4cc198848f,363671,Fitness_Club,560,ep128_200,200,102,26,128,1e-05,0.0,standard,256,256,256,1,200,2.8,mesuré ici,0.8613095238095239,0.4155049697066437,0.7602031162223457
339cbc4cc198848f,363671,Fitness_Club,560,ep128_200,200,102,26,128,1e-05,0.0,standard,256,256,256,2,200,2.8,mesuré ici,0.8711309523809524,0.41626264952063413,0.775183116051454
339cbc4cc198848f,363671,Fitness_Club,560,ep128_200,200,102,26,128,1e-05,0.0,standard,512,512,512,0,200,2.8,mesuré ici,0.8680952380952381,0.4082828762678352,0.7702805835924408
339cbc4cc198848f,363671,Fitness_Club,560,ep128_200,200,102,26,128,1e-05,0.0,standard,full,560,560,0,200,2.8,mesuré ici,0.8680952380952381,0.40861189613073307,0.7701191373839377
339cbc4cc198848f,363674,hazelnut-spread-contaminant-detection,896,ep128_25,25,102,26,128,1e-05,0.0,standard,32,32,32,0,320,3.4,mesuré ici,0.885234375,0.5698570542908453,0.8609087134689739
339cbc4cc198848f,363674,hazelnut-spread-contaminant-detection,896,ep128_25,25,102,26,128,1e-05,0.0,standard,32,32,32,1,320,3.0,mesuré ici,0.88630859375,0.42230071008814984,0.8597460909777245
339cbc4cc198848f,363674,hazelnut-spread-contaminant-detection,896,ep128_25,25,102,26,128,1e-05,0.0,standard,32,32,32,2,320,3.1,mesuré ici,0.88111328125,0.4305988715660748,0.8572283221359559
339cbc4cc198848f,363674,hazelnut-spread-contaminant-detection,896,ep128_25,25,102,26,128,1e-05,0.0,standard,64,64,64,0,320,3.1,mesuré ici,0.9440234375000001,0.3236392239189211,0.9402086949815471
339cbc4cc198848f,363674,hazelnut-spread-contaminant-detection,896,ep128_25,25,102,26,128,1e-05,0.0,standard,64,64,64,1,320,3.0,mesuré ici,0.9107812500000001,0.4309062028455498,0.8933830913458326
339cbc4cc198848f,363674,hazelnut-spread-contaminant-detection,896,ep128_25,25,102,26,128,1e-05,0.0,standard,64,64,64,2,320,3.0,mesuré ici,0.90171875,0.4418293564535894,0.9059958045041365
339cbc4cc198848f,363674,hazelnut-spread-contaminant-detection,896,ep128_25,25,102,26,128,1e-05,0.0,standard,128,128,128,0,320,3.1,mesuré ici,0.9333984375000001,0.3692062852451548,0.9248244373336555
339cbc4cc198848f,363674,hazelnut-spread-contaminant-detection,896,ep128_25,25,102,26,128,1e-05,0.0,standard,128,128,128,1,320,3.0,mesuré ici,0.9466015624999999,0.31430135060211273,0.946420974343199
339cbc4cc198848f,363674,hazelnut-spread-contaminant-detection,896,ep128_25,25,102,26,128,1e-05,0.0,standard,128,128,128,2,320,3.0,mesuré ici,0.9724609375,0.2447378082030248,0.9691882360558537
339cbc4cc198848f,363674,hazelnut-spread-contaminant-detection,896,ep128_25,25,102,26,128,1e-05,0.0,standard,256,256,256,0,320,3.0,mesuré ici,0.9705664062500001,0.24480088209895215,0.9696245523189292
339cbc4cc198848f,363674,hazelnut-spread-contaminant-detection,896,ep128_25,25,102,26,128,1e-05,0.0,standard,256,256,256,1,320,3.0,mesuré ici,0.9827734374999999,0.16917796216031114,0.9812604013418293
339cbc4cc198848f,363674,hazelnut-spread-contaminant-detection,896,ep128_25,25,102,26,128,1e-05,0.0,standard,256,256,256,2,320,3.0,mesuré ici,0.979296875,0.20068063701214908,0.980844281849343
339cbc4cc198848f,363674,hazelnut-spread-contaminant-detection,896,ep128_25,25,102,26,128,1e-05,0.0,standard,512,512,512,0,320,3.1,mesuré ici,0.9878515625,0.15095366354422227,0.9880636521837949
339cbc4cc198848f,363674,hazelnut-spread-contaminant-detection,896,ep128_25,25,102,26,128,1e-05,0.0,standard,full,896,896,0,320,3.3,mesuré ici,0.993828125,0.0959472849817927,0.9935575767585031
339cbc4cc198848f,363674,hazelnut-spread-contaminant-detection,896,ep128_50,50,102,26,128,1e-05,0.0,standard,32,32,32,0,320,3.4,mesuré ici,0.88380859375,0.5591805843660047,0.8581236289119563
339cbc4cc198848f,363674,hazelnut-spread-contaminant-detection,896,ep128_50,50,102,26,128,1e-05,0.0,standard,32,32,32,1,320,3.0,mesuré ici,0.8871484375,0.41965924913313196,0.8592710759490031
339cbc4cc198848f,363674,hazelnut-spread-contaminant-detection,896,ep128_50,50,102,26,128,1e-05,0.0,standard,32,32,32,2,320,3.1,mesuré ici,0.87619140625,0.4389422314345007,0.8510032666659273
339cbc4cc198848f,363674,hazelnut-spread-contaminant-detection,896,ep128_50,50,102,26,128,1e-05,0.0,standard,64,64,64,0,320,3.0,mesuré ici,0.9450781250000001,0.32461047118708464,0.942376836279207
339cbc4cc198848f,363674,hazelnut-spread-contaminant-detection,896,ep128_50,50,102,26,128,1e-05,0.0,standard,64,64,64,1,320,3.0,mesuré ici,0.91318359375,0.41171413529583145,0.898303920870969
339cbc4cc198848f,363674,hazelnut-spread-contaminant-detection,896,ep128_50,50,102,26,128,1e-05,0.0,standard,64,64,64,2,320,3.1,mesuré ici,0.9163671874999999,0.37757499858543697,0.9159787240757483
339cbc4cc198848f,363674,hazelnut-spread-contaminant-detection,896,ep128_50,50,102,26,128,1e-05,0.0,standard,128,128,128,0,320,3.1,mesuré ici,0.93509765625,0.3573836223871234,0.9231564115057995
339cbc4cc198848f,363674,hazelnut-spread-contaminant-detection,896,ep128_50,50,102,26,128,1e-05,0.0,standard,128,128,128,1,320,3.1,mesuré ici,0.94828125,0.3097199772395385,0.9460885884752566
339cbc4cc198848f,363674,hazelnut-spread-contaminant-detection,896,ep128_50,50,102,26,128,1e-05,0.0,standard,128,128,128,2,320,3.1,mesuré ici,0.97330078125,0.23335911849993396,0.971823905556586
339cbc4cc198848f,363674,hazelnut-spread-contaminant-detection,896,ep128_50,50,102,26,128,1e-05,0.0,standard,256,256,256,0,320,3.0,mesuré ici,0.96853515625,0.25006060145567066,0.9677702309027452
339cbc4cc198848f,363674,hazelnut-spread-contaminant-detection,896,ep128_50,50,102,26,128,1e-05,0.0,standard,256,256,256,1,320,3.1,mesuré ici,0.9814843750000001,0.18234402566739427,0.9804372265943091
339cbc4cc198848f,363674,hazelnut-spread-contaminant-detection,896,ep128_50,50,102,26,128,1e-05,0.0,standard,256,256,256,2,320,3.0,mesuré ici,0.9796875,0.19897340723169077,0.9805470642867921
339cbc4cc198848f,363674,hazelnut-spread-contaminant-detection,896,ep128_50,50,102,26,128,1e-05,0.0,standard,512,512,512,0,320,3.0,mesuré ici,0.987578125,0.15197736155150846,0.987682795661061
339cbc4cc198848f,363674,hazelnut-spread-contaminant-detection,896,ep128_50,50,102,26,128,1e-05,0.0,standard,full,896,896,0,320,3.1,mesuré ici,0.993125,0.10287365473715857,0.9927630089095645
339cbc4cc198848f,363674,hazelnut-spread-contaminant-detection,896,ep128_200,200,102,26,128,1e-05,0.0,standard,32,32,32,0,320,3.3,mesuré ici,0.8930468749999999,0.5084734058217435,0.8677899649751678
339cbc4cc198848f,363674,hazelnut-spread-contaminant-detection,896,ep128_200,200,102,26,128,1e-05,0.0,standard,32,32,32,1,320,3.0,mesuré ici,0.89666015625,0.4007842297633756,0.8720712046348489
339cbc4cc198848f,363674,hazelnut-spread-contaminant-detection,896,ep128_200,200,102,26,128,1e-05,0.0,standard,32,32,32,2,320,3.0,mesuré ici,0.9116601562500001,0.37800722863435104,0.901768933188123
339cbc4cc198848f,363674,hazelnut-spread-contaminant-detection,896,ep128_200,200,102,26,128,1e-05,0.0,standard,64,64,64,0,320,3.0,mesuré ici,0.9493359375,0.2979998577787854,0.9495953086652466
339cbc4cc198848f,363674,hazelnut-spread-contaminant-detection,896,ep128_200,200,102,26,128,1e-05,0.0,standard,64,64,64,1,320,3.0,mesuré ici,0.91685546875,0.4380337741742381,0.9087534334603402
339cbc4cc198848f,363674,hazelnut-spread-contaminant-detection,896,ep128_200,200,102,26,128,1e-05,0.0,standard,64,64,64,2,320,3.0,mesuré ici,0.9253125,0.36392945304884716,0.9277561655011177
339cbc4cc198848f,363674,hazelnut-spread-contaminant-detection,896,ep128_200,200,102,26,128,1e-05,0.0,standard,128,128,128,0,320,3.0,mesuré ici,0.9509375,0.3069782362838761,0.9457867147602289
339cbc4cc198848f,363674,hazelnut-spread-contaminant-detection,896,ep128_200,200,102,26,128,1e-05,0.0,standard,128,128,128,1,320,3.1,mesuré ici,0.952421875,0.29191554749907933,0.9525948687258249
339cbc4cc198848f,363674,hazelnut-spread-contaminant-detection,896,ep128_200,200,102,26,128,1e-05,0.0,standard,128,128,128,2,320,3.0,mesuré ici,0.97822265625,0.20752841189743312,0.9782505286454554
339cbc4cc198848f,363674,hazelnut-spread-contaminant-detection,896,ep128_200,200,102,26,128,1e-05,0.0,standard,256,256,256,0,320,3.0,mesuré ici,0.973203125,0.224140238952406,0.9724947323807928
339cbc4cc198848f,363674,hazelnut-spread-contaminant-detection,896,ep128_200,200,102,26,128,1e-05,0.0,standard,256,256,256,1,320,3.0,mesuré ici,0.9828125,0.1760710806618054,0.9823923962276989
339cbc4cc198848f,363674,hazelnut-spread-contaminant-detection,896,ep128_200,200,102,26,128,1e-05,0.0,standard,256,256,256,2,320,3.1,mesuré ici,0.9810937500000001,0.1890411825396779,0.982032158110342
339cbc4cc198848f,363674,hazelnut-spread-contaminant-detection,896,ep128_200,200,102,26,128,1e-05,0.0,standard,512,512,512,0,320,3.0,mesuré ici,0.982890625,0.17565706934241326,0.9828448725762652
339cbc4cc198848f,363674,hazelnut-spread-contaminant-detection,896,ep128_200,200,102,26,128,1e-05,0.0,standard,full,896,896,0,320,3.1,mesuré ici,0.9927734375,0.11138175708959937,0.9926942986275487
339cbc4cc198848f,363676,heloc,3903,ep128_25,25,102,26,128,1e-05,0.0,standard,32,32,32,0,1024,5.2,mesuré ici,0.7257605289306734,0.6473188123265299,0.7169554931188296
339cbc4cc198848f,363676,heloc,3903,ep128_25,25,102,26,128,1e-05,0.0,standard,32,32,32,1,1024,4.8,mesuré ici,0.7285905373385309,0.6207562725454026,0.6975704746127208
339cbc4cc198848f,363676,heloc,3903,ep128_25,25,102,26,128,1e-05,0.0,standard,32,32,32,2,1024,4.8,mesuré ici,0.7637907972177636,0.6391795826446057,0.7572359902495645
339cbc4cc198848f,363676,heloc,3903,ep128_25,25,102,26,128,1e-05,0.0,standard,64,64,64,0,1024,4.8,mesuré ici,0.7596021554689292,0.5867948277009176,0.739155237952756
339cbc4cc198848f,363676,heloc,3903,ep128_25,25,102,26,128,1e-05,0.0,standard,64,64,64,1,1024,4.8,mesuré ici,0.7554593747611404,0.6432515043616005,0.6559087717462353
339cbc4cc198848f,363676,heloc,3903,ep128_25,25,102,26,128,1e-05,0.0,standard,64,64,64,2,1024,5.2,mesuré ici,0.7035389436673545,0.6343773313974387,0.6789235339438886
339cbc4cc198848f,363676,heloc,3903,ep128_25,25,102,26,128,1e-05,0.0,standard,128,128,128,0,1024,4.9,mesuré ici,0.7748184667125277,0.5761220458556293,0.7564436703310974
339cbc4cc198848f,363676,heloc,3903,ep128_25,25,102,26,128,1e-05,0.0,standard,128,128,128,1,1024,4.8,mesuré ici,0.7932928227470764,0.5559120499756245,0.7686715853715034
339cbc4cc198848f,363676,heloc,3903,ep128_25,25,102,26,128,1e-05,0.0,standard,128,128,128,2,1024,4.7,mesuré ici,0.7935756325001911,0.5623548481185014,0.7715956980484152
339cbc4cc198848f,363676,heloc,3903,ep128_25,25,102,26,128,1e-05,0.0,standard,256,256,256,0,1024,4.7,mesuré ici,0.7757872812046167,0.5722752973475849,0.7486613175061969
339cbc4cc198848f,363676,heloc,3903,ep128_25,25,102,26,128,1e-05,0.0,standard,256,256,256,1,1024,4.7,mesuré ici,0.7880245356569594,0.5578029484234686,0.7660408255489892
339cbc4cc198848f,363676,heloc,3903,ep128_25,25,102,26,128,1e-05,0.0,standard,256,256,256,2,1024,4.8,mesuré ici,0.7883417411908583,0.559311714381411,0.7640015014719477
339cbc4cc198848f,363676,heloc,3903,ep128_25,25,102,26,128,1e-05,0.0,standard,512,512,512,0,1024,4.8,mesuré ici,0.7890850722311397,0.5568923009904662,0.7693982635757608
339cbc4cc198848f,363676,heloc,3903,ep128_25,25,102,26,128,1e-05,0.0,standard,1024,1024,1024,0,1024,4.9,mesuré ici,0.7974566230986777,0.5482946337438932,0.7714981752785026
339cbc4cc198848f,363676,heloc,3903,ep128_25,25,102,26,128,1e-05,0.0,standard,2048,2048,2048,0,1024,6.3,mesuré ici,0.808900863716273,0.5370059069452695,0.7840196789871928
339cbc4cc198848f,363676,heloc,3903,ep128_25,25,102,26,128,1e-05,0.0,standard,full,3903,3903,0,1024,10.4,mesuré ici,0.8124818466712527,0.5341071025973303,0.7825202127767414
339cbc4cc198848f,363676,heloc,3903,ep128_50,50,102,26,128,1e-05,0.0,standard,32,32,32,0,1024,5.2,mesuré ici,0.7384334632729496,0.6357309592240821,0.7272741659113062
339cbc4cc198848f,363676,heloc,3903,ep128_50,50,102,26,128,1e-05,0.0,standard,32,32,32,1,1024,4.9,mesuré ici,0.7366219521516472,0.620129574430167,0.7023056700773876
339cbc4cc198848f,363676,heloc,3903,ep128_50,50,102,26,128,1e-05,0.0,standard,32,32,32,2,1024,4.8,mesuré ici,0.7648303141481312,0.6285604746929186,0.7548121820399175
339cbc4cc198848f,363676,heloc,3903,ep128_50,50,102,26,128,1e-05,0.0,standard,64,64,64,0,1024,4.8,mesuré ici,0.7645551479018573,0.5803902174789295,0.746183839299364
339cbc4cc198848f,363676,heloc,3903,ep128_50,50,102,26,128,1e-05,0.0,standard,64,64,64,1,1024,4.7,mesuré ici,0.7559466483222502,0.6354111991199746,0.6554426912999223
339cbc4cc198848f,363676,heloc,3903,ep128_50,50,102,26,128,1e-05,0.0,standard,64,64,64,2,1024,4.8,mesuré ici,0.7312925170068026,0.6302073845170317,0.6999215475756747
339cbc4cc198848f,363676,heloc,3903,ep128_50,50,102,26,128,1e-05,0.0,standard,128,128,128,0,1024,4.9,mesuré ici,0.7785045478865704,0.5735668629250226,0.7586023533168258
339cbc4cc198848f,363676,heloc,3903,ep128_50,50,102,26,128,1e-05,0.0,standard,128,128,128,1,1024,4.9,mesuré ici,0.7954998853473974,0.5521075818478177,0.7710203377890512
339cbc4cc198848f,363676,heloc,3903,ep128_50,50,102,26,128,1e-05,0.0,standard,128,128,128,2,1024,4.8,mesuré ici,0.8020809447374455,0.5557936897367388,0.7789719058713831
339cbc4cc198848f,363676,heloc,3903,ep128_50,50,102,26,128,1e-05,0.0,standard,256,256,256,0,1024,4.8,mesuré ici,0.7806007796376977,0.5683422901886528,0.7552432075651294
339cbc4cc198848f,363676,heloc,3903,ep128_50,50,102,26,128,1e-05,0.0,standard,256,256,256,1,1024,4.7,mesuré ici,0.7952094320874417,0.5494053082606071,0.774078027308154
339cbc4cc198848f,363676,heloc,3903,ep128_50,50,102,26,128,1e-05,0.0,standard,256,256,256,2,1024,4.7,mesuré ici,0.7897003745318352,0.5588845716438898,0.7665782131709462
339cbc4cc198848f,363676,heloc,3903,ep128_50,50,102,26,128,1e-05,0.0,standard,512,512,512,0,1024,4.8,mesuré ici,0.7935679889933501,0.5520838956395455,0.7739638281524874
339cbc4cc198848f,363676,heloc,3903,ep128_50,50,102,26,128,1e-05,0.0,standard,1024,1024,1024,0,1024,4.9,mesuré ici,0.8002331269586487,0.5458765922166025,0.7780628120484825
339cbc4cc198848f,363676,heloc,3903,ep128_50,50,102,26,128,1e-05,0.0,standard,2048,2048,2048,0,1024,6.4,mesuré ici,0.8098830543453337,0.5352919578634618,0.784467772150554
339cbc4cc198848f,363676,heloc,3903,ep128_50,50,102,26,128,1e-05,0.0,standard,full,3903,3903,0,1024,10.4,mesuré ici,0.8122659176029963,0.5333358099147278,0.7809888153006778
339cbc4cc198848f,363676,heloc,3903,ep128_200,200,102,26,128,1e-05,0.0,standard,32,32,32,0,1024,5.1,mesuré ici,0.7427157379805854,0.6107417797027265,0.7292744046420105
339cbc4cc198848f,363676,heloc,3903,ep128_200,200,102,26,128,1e-05,0.0,standard,32,32,32,1,1024,4.8,mesuré ici,0.7487330887411144,0.6116118464062501,0.7100655661538504
339cbc4cc198848f,363676,heloc,3903,ep128_200,200,102,26,128,1e-05,0.0,standard,32,32,32,2,1024,4.7,mesuré ici,0.767442482611022,0.6121690837447369,0.7539855603186292
339cbc4cc198848f,363676,heloc,3903,ep128_200,200,102,26,128,1e-05,0.0,standard,64,64,64,0,1024,4.7,mesuré ici,0.7753573339448138,0.5662962585485375,0.7542992344003479
339cbc4cc198848f,363676,heloc,3903,ep128_200,200,102,26,128,1e-05,0.0,standard,64,64,64,1,1024,4.8,mesuré ici,0.7737139799740119,0.5740186391551414,0.7250923661045581
339cbc4cc198848f,363676,heloc,3903,ep128_200,200,102,26,128,1e-05,0.0,standard,64,64,64,2,1024,4.8,mesuré ici,0.7565103569517695,0.6178235477182268,0.7202951675441058
339cbc4cc198848f,363676,heloc,3903,ep128_200,200,102,26,128,1e-05,0.0,standard,128,128,128,0,1024,4.8,mesuré ici,0.7818581365130322,0.5670985924296488,0.7592912492548425
339cbc4cc198848f,363676,heloc,3903,ep128_200,200,102,26,128,1e-05,0.0,standard,128,128,128,1,1024,4.7,mesuré ici,0.7956336467171138,0.5512064219920446,0.7717936997473814
339cbc4cc198848f,363676,heloc,3903,ep128_200,200,102,26,128,1e-05,0.0,standard,128,128,128,2,1024,4.8,mesuré ici,0.8041962852556753,0.5507672257701685,0.7783875468823835
339cbc4cc198848f,363676,heloc,3903,ep128_200,200,102,26,128,1e-05,0.0,standard,256,256,256,0,1024,4.8,mesuré ici,0.7903386073530535,0.5653267501800547,0.7675115222007289
339cbc4cc198848f,363676,heloc,3903,ep128_200,200,102,26,128,1e-05,0.0,standard,256,256,256,1,1024,4.7,mesuré ici,0.8017312542994726,0.54275066164491,0.7771211523801721
339cbc4cc198848f,363676,heloc,3903,ep128_200,200,102,26,128,1e-05,0.0,standard,256,256,256,2,1024,4.7,mesuré ici,0.8049166857754337,0.5473933545321796,0.7800115138798493
339cbc4cc198848f,363676,heloc,3903,ep128_200,200,102,26,128,1e-05,0.0,standard,512,512,512,0,1024,4.8,mesuré ici,0.8018803026828709,0.5470914774040301,0.7802895468262268
339cbc4cc198848f,363676,heloc,3903,ep128_200,200,102,26,128,1e-05,0.0,standard,1024,1024,1024,0,1024,4.8,mesuré ici,0.8097664908660093,0.5423879318855078,0.7865922806283241
339cbc4cc198848f,363676,heloc,3903,ep128_200,200,102,26,128,1e-05,0.0,standard,2048,2048,2048,0,1024,6.4,mesuré ici,0.8133532064511199,0.5354284635801145,0.7870248915990845
339cbc4cc198848f,363676,heloc,3903,ep128_200,200,102,26,128,1e-05,0.0,standard,full,3903,3903,0,1024,10.5,mesuré ici,0.8124550943973095,0.5346440325327944,0.7839954861631373
339cbc4cc198848f,363679,HR_Analytics_Job_Change_of_Data_Scientists,7151,ep128_25,25,102,26,128,1e-05,0.0,standard,32,32,32,0,1024,5.1,mesuré ici,0.7161299370203218,0.49363679475774014,0.48755586924774763
339cbc4cc198848f,363679,HR_Analytics_Job_Change_of_Data_Scientists,7151,ep128_25,25,102,26,128,1e-05,0.0,standard,32,32,32,1,1024,4.8,mesuré ici,0.6944899156021316,0.5256597181851719,0.4145589943351054
339cbc4cc198848f,363679,HR_Analytics_Job_Change_of_Data_Scientists,7151,ep128_25,25,102,26,128,1e-05,0.0,standard,32,32,32,2,1024,4.7,mesuré ici,0.7467452000305974,0.48630418274723464,0.5223472499497261
339cbc4cc198848f,363679,HR_Analytics_Job_Change_of_Data_Scientists,7151,ep128_25,25,102,26,128,1e-05,0.0,standard,64,64,64,0,1024,4.6,mesuré ici,0.7991330732553099,0.4839874396258682,0.5324141059728547
339cbc4cc198848f,363679,HR_Analytics_Job_Change_of_Data_Scientists,7151,ep128_25,25,102,26,128,1e-05,0.0,standard,64,64,64,1,1024,4.6,mesuré ici,0.7443509523445269,0.513852877539458,0.4538531697935992
339cbc4cc198848f,363679,HR_Analytics_Job_Change_of_Data_Scientists,7151,ep128_25,25,102,26,128,1e-05,0.0,standard,64,64,64,2,1024,4.7,mesuré ici,0.727180703230577,0.5022337529521014,0.45402567058840354
339cbc4cc198848f,363679,HR_Analytics_Job_Change_of_Data_Scientists,7151,ep128_25,25,102,26,128,1e-05,0.0,standard,128,128,128,0,1024,4.7,mesuré ici,0.7875978479818455,0.4930738212365128,0.5503088516646729
339cbc4cc198848f,363679,HR_Analytics_Job_Change_of_Data_Scientists,7151,ep128_25,25,102,26,128,1e-05,0.0,standard,128,128,128,1,1024,5.0,mesuré ici,0.7827940539024453,0.46512412270419135,0.4983428502737153
339cbc4cc198848f,363679,HR_Analytics_Job_Change_of_Data_Scientists,7151,ep128_25,25,102,26,128,1e-05,0.0,standard,128,128,128,2,1024,4.7,mesuré ici,0.7849613707641704,0.46939300936197403,0.545511136567385
339cbc4cc198848f,363679,HR_Analytics_Job_Change_of_Data_Scientists,7151,ep128_25,25,102,26,128,1e-05,0.0,standard,256,256,256,0,1024,4.6,mesuré ici,0.8141130574466457,0.4405207764288544,0.5691202326947639
339cbc4cc198848f,363679,HR_Analytics_Job_Change_of_Data_Scientists,7151,ep128_25,25,102,26,128,1e-05,0.0,standard,256,256,256,1,1024,4.6,mesuré ici,0.8222902164767077,0.4320180375239418,0.5815795887429552
339cbc4cc198848f,363679,HR_Analytics_Job_Change_of_Data_Scientists,7151,ep128_25,25,102,26,128,1e-05,0.0,standard,256,256,256,2,1024,4.6,mesuré ici,0.8065529462760396,0.458750330132278,0.5640510494074052
339cbc4cc198848f,363679,HR_Analytics_Job_Change_of_Data_Scientists,7151,ep128_25,25,102,26,128,1e-05,0.0,standard,512,512,512,0,1024,4.6,mesuré ici,0.8117264591142048,0.4339293319131414,0.5566325621766062
339cbc4cc198848f,363679,HR_Analytics_Job_Change_of_Data_Scientists,7151,ep128_25,25,102,26,128,1e-05,0.0,standard,1024,1024,1024,0,1024,4.7,mesuré ici,0.814510823835386,0.4382694888149428,0.5509941723173526
339cbc4cc198848f,363679,HR_Analytics_Job_Change_of_Data_Scientists,7151,ep128_25,25,102,26,128,1e-05,0.0,standard,2048,2048,2048,0,1024,5.9,mesuré ici,0.8284351972258346,0.42732029553069506,0.5514667927178096
339cbc4cc198848f,363679,HR_Analytics_Job_Change_of_Data_Scientists,7151,ep128_25,25,102,26,128,1e-05,0.0,standard,full,7151,7151,0,1024,18.1,mesuré ici,0.8359009663683418,0.41403191619632407,0.5716389276902127
339cbc4cc198848f,363679,HR_Analytics_Job_Change_of_Data_Scientists,7151,ep128_50,50,102,26,128,1e-05,0.0,standard,32,32,32,0,1024,5.0,mesuré ici,0.7229353119661388,0.49128910223189864,0.4913367258482197
339cbc4cc198848f,363679,HR_Analytics_Job_Change_of_Data_Scientists,7151,ep128_50,50,102,26,128,1e-05,0.0,standard,32,32,32,1,1024,4.7,mesuré ici,0.6976134016675591,0.5271365210421757,0.4207221206022826
339cbc4cc198848f,363679,HR_Analytics_Job_Change_of_Data_Scientists,7151,ep128_50,50,102,26,128,1e-05,0.0,standard,32,32,32,2,1024,4.7,mesuré ici,0.7439761340166755,0.4848238403671059,0.5226202280223459
339cbc4cc198848f,363679,HR_Analytics_Job_Change_of_Data_Scientists,7151,ep128_50,50,102,26,128,1e-05,0.0,standard,64,64,64,0,1024,4.7,mesuré ici,0.8012952905479488,0.4734832581969456,0.5313525286238066
339cbc4cc198848f,363679,HR_Analytics_Job_Change_of_Data_Scientists,7151,ep128_50,50,102,26,128,1e-05,0.0,standard,64,64,64,1,1024,4.6,mesuré ici,0.7473851959509421,0.5068172982090752,0.4574303510080448
339cbc4cc198848f,363679,HR_Analytics_Job_Change_of_Data_Scientists,7151,ep128_50,50,102,26,128,1e-05,0.0,standard,64,64,64,2,1024,4.7,mesuré ici,0.7308574925418801,0.5011486964028594,0.4553220194999941
339cbc4cc198848f,363679,HR_Analytics_Job_Change_of_Data_Scientists,7151,ep128_50,50,102,26,128,1e-05,0.0,standard,128,128,128,0,1024,4.6,mesuré ici,0.7888497921925597,0.48230986517831786,0.5570603102059568
339cbc4cc198848f,363679,HR_Analytics_Job_Change_of_Data_Scientists,7151,ep128_50,50,102,26,128,1e-05,0.0,standard,128,128,128,1,1024,4.7,mesuré ici,0.781083148473954,0.46619646950375326,0.5001076615513418
339cbc4cc198848f,363679,HR_Analytics_Job_Change_of_Data_Scientists,7151,ep128_50,50,102,26,128,1e-05,0.0,standard,128,128,128,2,1024,4.6,mesuré ici,0.78490527550422,0.46886913238091854,0.5437075746968538
339cbc4cc198848f,363679,HR_Analytics_Job_Change_of_Data_Scientists,7151,ep128_50,50,102,26,128,1e-05,0.0,standard,256,256,256,0,1024,4.6,mesuré ici,0.8121216757184018,0.44176024495798505,0.5674728543850213
339cbc4cc198848f,363679,HR_Analytics_Job_Change_of_Data_Scientists,7151,ep128_50,50,102,26,128,1e-05,0.0,standard,256,256,256,1,1024,4.6,mesuré ici,0.8223131645375965,0.4318899507963066,0.5827945474005329
339cbc4cc198848f,363679,HR_Analytics_Job_Change_of_Data_Scientists,7151,ep128_50,50,102,26,128,1e-05,0.0,standard,256,256,256,2,1024,4.6,mesuré ici,0.8059205997093246,0.4569269367104313,0.5635083028540437
339cbc4cc198848f,363679,HR_Analytics_Job_Change_of_Data_Scientists,7151,ep128_50,50,102,26,128,1e-05,0.0,standard,512,512,512,0,1024,4.7,mesuré ici,0.8124556974935618,0.43266899194829156,0.5597987257763826
339cbc4cc198848f,363679,HR_Analytics_Job_Change_of_Data_Scientists,7151,ep128_50,50,102,26,128,1e-05,0.0,standard,1024,1024,1024,0,1024,4.7,mesuré ici,0.8158571100741987,0.4357884635351509,0.5517597019110958
339cbc4cc198848f,363679,HR_Analytics_Job_Change_of_Data_Scientists,7151,ep128_50,50,102,26,128,1e-05,0.0,standard,2048,2048,2048,0,1024,5.8,mesuré ici,0.827948188378082,0.42757623650842635,0.5521933729381965
339cbc4cc198848f,363679,HR_Analytics_Job_Change_of_Data_Scientists,7151,ep128_50,50,102,26,128,1e-05,0.0,standard,full,7151,7151,0,1024,18.0,mesuré ici,0.8360233560264159,0.4136430715440619,0.5747385744369587
339cbc4cc198848f,363679,HR_Analytics_Job_Change_of_Data_Scientists,7151,ep128_200,200,102,26,128,1e-05,0.0,standard,32,32,32,0,1024,5.0,mesuré ici,0.7321680817970881,0.48910540930333546,0.503331149320779
339cbc4cc198848f,363679,HR_Analytics_Job_Change_of_Data_Scientists,7151,ep128_200,200,102,26,128,1e-05,0.0,standard,32,32,32,1,1024,4.6,mesuré ici,0.713508758509906,0.5111268696841524,0.4416148043299893
339cbc4cc198848f,363679,HR_Analytics_Job_Change_of_Data_Scientists,7151,ep128_200,200,102,26,128,1e-05,0.0,standard,32,32,32,2,1024,4.6,mesuré ici,0.7351564292817256,0.49098315189084013,0.4970485677210209
339cbc4cc198848f,363679,HR_Analytics_Job_Change_of_Data_Scientists,7151,ep128_200,200,102,26,128,1e-05,0.0,standard,64,64,64,0,1024,4.6,mesuré ici,0.805938448201127,0.4575951665489404,0.5446637860243023
339cbc4cc198848f,363679,HR_Analytics_Job_Change_of_Data_Scientists,7151,ep128_200,200,102,26,128,1e-05,0.0,standard,64,64,64,1,1024,4.7,mesuré ici,0.7454703077589944,0.49700665080776735,0.4562634260006386
339cbc4cc198848f,363679,HR_Analytics_Job_Change_of_Data_Scientists,7151,ep128_200,200,102,26,128,1e-05,0.0,standard,64,64,64,2,1024,4.6,mesuré ici,0.7336597057548637,0.5010809102223204,0.45566602665047445
339cbc4cc198848f,363679,HR_Analytics_Job_Change_of_Data_Scientists,7151,ep128_200,200,102,26,128,1e-05,0.0,standard,128,128,128,0,1024,4.7,mesuré ici,0.7984497309977306,0.47089362921690114,0.5474938030785975
339cbc4cc198848f,363679,HR_Analytics_Job_Change_of_Data_Scientists,7151,ep128_200,200,102,26,128,1e-05,0.0,standard,128,128,128,1,1024,4.7,mesuré ici,0.7943726255131441,0.4564551927958591,0.5274644735219557
339cbc4cc198848f,363679,HR_Analytics_Job_Change_of_Data_Scientists,7151,ep128_200,200,102,26,128,1e-05,0.0,standard,128,128,128,2,1024,4.6,mesuré ici,0.7661694586807415,0.4810249935961838,0.5240996774558025
339cbc4cc198848f,363679,HR_Analytics_Job_Change_of_Data_Scientists,7151,ep128_200,200,102,26,128,1e-05,0.0,standard,256,256,256,0,1024,4.6,mesuré ici,0.8168566256151354,0.43160975217823394,0.5692011960605909
339cbc4cc198848f,363679,HR_Analytics_Job_Change_of_Data_Scientists,7151,ep128_200,200,102,26,128,1e-05,0.0,standard,256,256,256,1,1024,4.6,mesuré ici,0.8190698385986384,0.432405786319925,0.5886310460913479
339cbc4cc198848f,363679,HR_Analytics_Job_Change_of_Data_Scientists,7151,ep128_200,200,102,26,128,1e-05,0.0,standard,256,256,256,2,1024,4.6,mesuré ici,0.797376271705041,0.4519074400811257,0.5577628528702105
339cbc4cc198848f,363679,HR_Analytics_Job_Change_of_Data_Scientists,7151,ep128_200,200,102,26,128,1e-05,0.0,standard,512,512,512,0,1024,4.7,mesuré ici,0.8130191998776104,0.43237796888366636,0.5608552159471194
339cbc4cc198848f,363679,HR_Analytics_Job_Change_of_Data_Scientists,7151,ep128_200,200,102,26,128,1e-05,0.0,standard,1024,1024,1024,0,1024,4.7,mesuré ici,0.814192100767485,0.43646780557180753,0.5598729073538518
339cbc4cc198848f,363679,HR_Analytics_Job_Change_of_Data_Scientists,7151,ep128_200,200,102,26,128,1e-05,0.0,standard,2048,2048,2048,0,1024,5.9,mesuré ici,0.8288814095208955,0.4273463864895708,0.5613294805397883
339cbc4cc198848f,363679,HR_Analytics_Job_Change_of_Data_Scientists,7151,ep128_200,200,102,26,128,1e-05,0.0,standard,full,7151,7151,0,1024,18.1,mesuré ici,0.8302123970524491,0.41847021240456866,0.5738108694822815
339cbc4cc198848f,363681,in_vehicle_coupon_recommendation,4734,ep128_25,25,102,26,128,1e-05,0.0,standard,32,32,32,0,1024,5.2,mesuré ici,0.5340804838985554,0.6969118672851263,0.6058105563102658
339cbc4cc198848f,363681,in_vehicle_coupon_recommendation,4734,ep128_25,25,102,26,128,1e-05,0.0,standard,32,32,32,1,1024,4.7,mesuré ici,0.5339269331840587,0.722375214181425,0.5869854321832191
339cbc4cc198848f,363681,in_vehicle_coupon_recommendation,4734,ep128_25,25,102,26,128,1e-05,0.0,standard,32,32,32,2,1024,4.7,mesuré ici,0.6268251154545879,0.6665725914215267,0.6824401343321922
339cbc4cc198848f,363681,in_vehicle_coupon_recommendation,4734,ep128_25,25,102,26,128,1e-05,0.0,standard,64,64,64,0,1024,4.8,mesuré ici,0.6101366795727015,0.6763396928511939,0.6619075670940473
339cbc4cc198848f,363681,in_vehicle_coupon_recommendation,4734,ep128_25,25,102,26,128,1e-05,0.0,standard,64,64,64,1,1024,4.7,mesuré ici,0.6104768235605107,0.6764169475448789,0.6598011391720373
339cbc4cc198848f,363681,in_vehicle_coupon_recommendation,4734,ep128_25,25,102,26,128,1e-05,0.0,standard,64,64,64,2,1024,4.9,mesuré ici,0.635042994200059,0.6661078441624888,0.6678545104689736
339cbc4cc198848f,363681,in_vehicle_coupon_recommendation,4734,ep128_25,25,102,26,128,1e-05,0.0,standard,128,128,128,0,1024,4.8,mesuré ici,0.6830421700797686,0.6356098737886478,0.7158449999620218
339cbc4cc198848f,363681,in_vehicle_coupon_recommendation,4734,ep128_25,25,102,26,128,1e-05,0.0,standard,128,128,128,1,1024,4.8,mesuré ici,0.5872362426334531,0.6751321467094114,0.6630805245814357
339cbc4cc198848f,363681,in_vehicle_coupon_recommendation,4734,ep128_25,25,102,26,128,1e-05,0.0,standard,128,128,128,2,1024,4.8,mesuré ici,0.6379837819346612,0.6569696391030356,0.6959328821613108
339cbc4cc198848f,363681,in_vehicle_coupon_recommendation,4734,ep128_25,25,102,26,128,1e-05,0.0,standard,256,256,256,0,1024,4.8,mesuré ici,0.6674849559173391,0.6579052465137996,0.6962938876404552
339cbc4cc198848f,363681,in_vehicle_coupon_recommendation,4734,ep128_25,25,102,26,128,1e-05,0.0,standard,256,256,256,1,1024,4.8,mesuré ici,0.6690535056211224,0.6416583377581728,0.713400752458413
339cbc4cc198848f,363681,in_vehicle_coupon_recommendation,4734,ep128_25,25,102,26,128,1e-05,0.0,standard,256,256,256,2,1024,4.7,mesuré ici,0.7022982071496322,0.6351811965178116,0.744829362774619
339cbc4cc198848f,363681,in_vehicle_coupon_recommendation,4734,ep128_25,25,102,26,128,1e-05,0.0,standard,512,512,512,0,1024,4.8,mesuré ici,0.721950754925285,0.6078976991579599,0.7420641901528937
339cbc4cc198848f,363681,in_vehicle_coupon_recommendation,4734,ep128_25,25,102,26,128,1e-05,0.0,standard,1024,1024,1024,0,1024,4.8,mesuré ici,0.748880440360125,0.5851437843795402,0.7852010016965165
339cbc4cc198848f,363681,in_vehicle_coupon_recommendation,4734,ep128_25,25,102,26,128,1e-05,0.0,standard,2048,2048,2048,0,1024,6.7,mesuré ici,0.7935734166783287,0.5454746172844132,0.8078797399165363
339cbc4cc198848f,363681,in_vehicle_coupon_recommendation,4734,ep128_25,25,102,26,128,1e-05,0.0,standard,full,4734,4734,0,1024,12.9,mesuré ici,0.8248666635567788,0.5025625418726476,0.8442056738124823
339cbc4cc198848f,363681,in_vehicle_coupon_recommendation,4734,ep128_50,50,102,26,128,1e-05,0.0,standard,32,32,32,0,1024,5.0,mesuré ici,0.5326460481099656,0.6896219441640146,0.6029703175141932
339cbc4cc198848f,363681,in_vehicle_coupon_recommendation,4734,ep128_50,50,102,26,128,1e-05,0.0,standard,32,32,32,1,1024,4.7,mesuré ici,0.5413692836373248,0.689882859474269,0.5983972231118961
339cbc4cc198848f,363681,in_vehicle_coupon_recommendation,4734,ep128_50,50,102,26,128,1e-05,0.0,standard,32,32,32,2,1024,4.7,mesuré ici,0.6280651832501438,0.6707257735332675,0.6831795092485828
339cbc4cc198848f,363681,in_vehicle_coupon_recommendation,4734,ep128_50,50,102,26,128,1e-05,0.0,standard,64,64,64,0,1024,4.7,mesuré ici,0.623478098614545,0.665017201831506,0.6746746458106102
339cbc4cc198848f,363681,in_vehicle_coupon_recommendation,4734,ep128_50,50,102,26,128,1e-05,0.0,standard,64,64,64,1,1024,4.7,mesuré ici,0.6070326227239509,0.6691579314230415,0.6598772465767986
339cbc4cc198848f,363681,in_vehicle_coupon_recommendation,4734,ep128_50,50,102,26,128,1e-05,0.0,standard,64,64,64,2,1024,4.6,mesuré ici,0.6323529411764706,0.6726577285300535,0.6728927990232495
339cbc4cc198848f,363681,in_vehicle_coupon_recommendation,4734,ep128_50,50,102,26,128,1e-05,0.0,standard,128,128,128,0,1024,4.9,mesuré ici,0.6746785153395221,0.6415470186610328,0.7084751805234142
339cbc4cc198848f,363681,in_vehicle_coupon_recommendation,4734,ep128_50,50,102,26,128,1e-05,0.0,standard,128,128,128,1,1024,4.8,mesuré ici,0.5897299839840773,0.6777875865806615,0.6604391775411188
339cbc4cc198848f,363681,in_vehicle_coupon_recommendation,4734,ep128_50,50,102,26,128,1e-05,0.0,standard,128,128,128,2,1024,4.9,mesuré ici,0.6361955963987498,0.6672423019975587,0.6924206820068409
339cbc4cc198848f,363681,in_vehicle_coupon_recommendation,4734,ep128_50,50,102,26,128,1e-05,0.0,standard,256,256,256,0,1024,4.8,mesuré ici,0.690445646934428,0.6329468151911786,0.7170199218458162
339cbc4cc198848f,363681,in_vehicle_coupon_recommendation,4734,ep128_50,50,102,26,128,1e-05,0.0,standard,256,256,256,1,1024,4.9,mesuré ici,0.6563457262365691,0.6458554909178136,0.7124325299419833
339cbc4cc198848f,363681,in_vehicle_coupon_recommendation,4734,ep128_50,50,102,26,128,1e-05,0.0,standard,256,256,256,2,1024,4.8,mesuré ici,0.7205882352941176,0.6162366863838138,0.7603163731266568
339cbc4cc198848f,363681,in_vehicle_coupon_recommendation,4734,ep128_50,50,102,26,128,1e-05,0.0,standard,512,512,512,0,1024,4.9,mesuré ici,0.7204307972197603,0.6204400160278642,0.7449824771600763
339cbc4cc198848f,363681,in_vehicle_coupon_recommendation,4734,ep128_50,50,102,26,128,1e-05,0.0,standard,1024,1024,1024,0,1024,4.9,mesuré ici,0.7410843401595372,0.5940870808478284,0.7826893127928003
339cbc4cc198848f,363681,in_vehicle_coupon_recommendation,4734,ep128_50,50,102,26,128,1e-05,0.0,standard,2048,2048,2048,0,1024,6.8,mesuré ici,0.7832213773693458,0.5572657702234993,0.808675162022933
339cbc4cc198848f,363681,in_vehicle_coupon_recommendation,4734,ep128_50,50,102,26,128,1e-05,0.0,standard,full,4734,4734,0,1024,13.1,mesuré ici,0.8235974405622677,0.5099556269894794,0.8436613534355976
339cbc4cc198848f,363681,in_vehicle_coupon_recommendation,4734,ep128_200,200,102,26,128,1e-05,0.0,standard,32,32,32,0,1024,5.1,mesuré ici,0.5384887499805632,0.6860605505189179,0.6076579010381834
339cbc4cc198848f,363681,in_vehicle_coupon_recommendation,4734,ep128_200,200,102,26,128,1e-05,0.0,standard,32,32,32,1,1024,4.7,mesuré ici,0.5482149243519772,0.6820165213056175,0.6101695510890177
339cbc4cc198848f,363681,in_vehicle_coupon_recommendation,4734,ep128_200,200,102,26,128,1e-05,0.0,standard,32,32,32,2,1024,4.7,mesuré ici,0.63596624216697,0.6658791300517182,0.6874437532716642
339cbc4cc198848f,363681,in_vehicle_coupon_recommendation,4734,ep128_200,200,102,26,128,1e-05,0.0,standard,64,64,64,0,1024,4.7,mesuré ici,0.6368836590940896,0.6637224618589338,0.6797015875141004
339cbc4cc198848f,363681,in_vehicle_coupon_recommendation,4734,ep128_200,200,102,26,128,1e-05,0.0,standard,64,64,64,1,1024,4.8,mesuré ici,0.6027254279983206,0.6688021555480957,0.6559113924361222
339cbc4cc198848f,363681,in_vehicle_coupon_recommendation,4734,ep128_200,200,102,26,128,1e-05,0.0,standard,64,64,64,2,1024,4.7,mesuré ici,0.6361994837586105,0.6688550233491689,0.6804251678050407
339cbc4cc198848f,363681,in_vehicle_coupon_recommendation,4734,ep128_200,200,102,26,128,1e-05,0.0,standard,128,128,128,0,1024,4.9,mesuré ici,0.6686880937942187,0.6455965849263188,0.7080844230890062
339cbc4cc198848f,363681,in_vehicle_coupon_recommendation,4734,ep128_200,200,102,26,128,1e-05,0.0,standard,128,128,128,1,1024,4.8,mesuré ici,0.6098159723841955,0.6716284365539129,0.671716021336678
339cbc4cc198848f,363681,in_vehicle_coupon_recommendation,4734,ep128_200,200,102,26,128,1e-05,0.0,standard,128,128,128,2,1024,4.9,mesuré ici,0.6400810125794965,0.6622659863776672,0.7019239523674732
339cbc4cc198848f,363681,in_vehicle_coupon_recommendation,4734,ep128_200,200,102,26,128,1e-05,0.0,standard,256,256,256,0,1024,4.8,mesuré ici,0.712006888401673,0.6384387074505247,0.7410189709272468
339cbc4cc198848f,363681,in_vehicle_coupon_recommendation,4734,ep128_200,200,102,26,128,1e-05,0.0,standard,256,256,256,1,1024,4.7,mesuré ici,0.6590027367013418,0.6485599738290884,0.7089987762276933
339cbc4cc198848f,363681,in_vehicle_coupon_recommendation,4734,ep128_200,200,102,26,128,1e-05,0.0,standard,256,256,256,2,1024,4.8,mesuré ici,0.7108678919624947,0.6293837751585492,0.7594916720035069
339cbc4cc198848f,363681,in_vehicle_coupon_recommendation,4734,ep128_200,200,102,26,128,1e-05,0.0,standard,512,512,512,0,1024,4.8,mesuré ici,0.7087667739577987,0.634852802154245,0.7350616721970811
339cbc4cc198848f,363681,in_vehicle_coupon_recommendation,4734,ep128_200,200,102,26,128,1e-05,0.0,standard,1024,1024,1024,0,1024,4.9,mesuré ici,0.7387946852015985,0.6067458837042614,0.7783773875102602
339cbc4cc198848f,363681,in_vehicle_coupon_recommendation,4734,ep128_200,200,102,26,128,1e-05,0.0,standard,2048,2048,2048,0,1024,6.8,mesuré ici,0.7661208813422276,0.5851762576059797,0.794569796651805
339cbc4cc198848f,363681,in_vehicle_coupon_recommendation,4734,ep128_200,200,102,26,128,1e-05,0.0,standard,full,4734,4734,0,1024,13.1,mesuré ici,0.8043433471723344,0.5479057279824624,0.8263566961706726
339cbc4cc198848f,363689,NATICUSdroid,2796,ep128_25,25,102,26,128,1e-05,0.0,standard,32,32,32,0,999,5.3,mesuré ici,0.96524763372221,0.23052961754276877,0.9463109348811144
339cbc4cc198848f,363689,NATICUSdroid,2796,ep128_25,25,102,26,128,1e-05,0.0,standard,32,32,32,1,999,4.9,mesuré ici,0.9165331278890603,0.34104304659315265,0.8888544833085272
339cbc4cc198848f,363689,NATICUSdroid,2796,ep128_25,25,102,26,128,1e-05,0.0,standard,32,32,32,2,999,5.0,mesuré ici,0.9548558221439578,0.2818635792249098,0.9294367922917601
339cbc4cc198848f,363689,NATICUSdroid,2796,ep128_25,25,102,26,128,1e-05,0.0,standard,64,64,64,0,999,4.9,mesuré ici,0.9545322474136034,0.27232102523167495,0.9463534927477905
339cbc4cc198848f,363689,NATICUSdroid,2796,ep128_25,25,102,26,128,1e-05,0.0,standard,64,64,64,1,999,5.1,mesuré ici,0.9678032137354171,0.21508772313278834,0.9580923224429337
339cbc4cc198848f,363689,NATICUSdroid,2796,ep128_25,25,102,26,128,1e-05,0.0,standard,64,64,64,2,999,4.9,mesuré ici,0.9460334580673564,0.2932297989942503,0.9251827941015195
339cbc4cc198848f,363689,NATICUSdroid,2796,ep128_25,25,102,26,128,1e-05,0.0,standard,128,128,128,0,999,6.3,mesuré ici,0.9459344045784723,0.3131258034965158,0.9245387646954606
339cbc4cc198848f,363689,NATICUSdroid,2796,ep128_25,25,102,26,128,1e-05,0.0,standard,128,128,128,1,999,6.3,mesuré ici,0.9667488443759631,0.22925294892518075,0.9519463922301526
339cbc4cc198848f,363689,NATICUSdroid,2796,ep128_25,25,102,26,128,1e-05,0.0,standard,128,128,128,2,999,6.4,mesuré ici,0.9559454105216817,0.24940645294209624,0.9480427869256022
339cbc4cc198848f,363689,NATICUSdroid,2796,ep128_25,25,102,26,128,1e-05,0.0,standard,256,256,256,0,999,6.4,mesuré ici,0.9774202069117324,0.18515403897037713,0.9687375659618337
339cbc4cc198848f,363689,NATICUSdroid,2796,ep128_25,25,102,26,128,1e-05,0.0,standard,256,256,256,1,999,6.4,mesuré ici,0.9732445520581112,0.19060503441199508,0.9628973910421694
339cbc4cc198848f,363689,NATICUSdroid,2796,ep128_25,25,102,26,128,1e-05,0.0,standard,256,256,256,2,999,6.3,mesuré ici,0.9738432753686991,0.18846297812629567,0.9638963226482528
339cbc4cc198848f,363689,NATICUSdroid,2796,ep128_25,25,102,26,128,1e-05,0.0,standard,512,512,512,0,999,6.4,mesuré ici,0.975844155844156,0.19078284090137362,0.9664095857273052
339cbc4cc198848f,363689,NATICUSdroid,2796,ep128_25,25,102,26,128,1e-05,0.0,standard,1024,1024,1024,0,999,7.4,mesuré ici,0.9813031036759851,0.169963780735037,0.9717904203385612
339cbc4cc198848f,363689,NATICUSdroid,2796,ep128_25,25,102,26,128,1e-05,0.0,standard,2048,2048,2048,0,999,12.2,mesuré ici,0.9851067576491306,0.14763764507320584,0.9768220837379978
339cbc4cc198848f,363689,NATICUSdroid,2796,ep128_25,25,102,26,128,1e-05,0.0,standard,full,2796,2796,0,999,15.1,mesuré ici,0.9856922738278671,0.14153711579214162,0.9782440018891215
339cbc4cc198848f,363689,NATICUSdroid,2796,ep128_50,50,102,26,128,1e-05,0.0,standard,32,32,32,0,999,5.2,mesuré ici,0.9667950693374422,0.22789679071352945,0.9493350002562315
339cbc4cc198848f,363689,NATICUSdroid,2796,ep128_50,50,102,26,128,1e-05,0.0,standard,32,32,32,1,999,4.9,mesuré ici,0.9154941668500991,0.3415535007044015,0.888208066471798
339cbc4cc198848f,363689,NATICUSdroid,2796,ep128_50,50,102,26,128,1e-05,0.0,standard,32,32,32,2,999,4.8,mesuré ici,0.9558705701078583,0.2788086929968197,0.9299885866069504
339cbc4cc198848f,363689,NATICUSdroid,2796,ep128_50,50,102,26,128,1e-05,0.0,standard,64,64,64,0,999,4.8,mesuré ici,0.9548382126348229,0.26799393856615344,0.9468748470927315
339cbc4cc198848f,363689,NATICUSdroid,2796,ep128_50,50,102,26,128,1e-05,0.0,standard,64,64,64,1,999,4.8,mesuré ici,0.9683953334800792,0.214403027648575,0.9584208438548301
339cbc4cc198848f,363689,NATICUSdroid,2796,ep128_50,50,102,26,128,1e-05,0.0,standard,64,64,64,2,999,4.8,mesuré ici,0.9462315650451243,0.29041671477590597,0.9247634874800319
339cbc4cc198848f,363689,NATICUSdroid,2796,ep128_50,50,102,26,128,1e-05,0.0,standard,128,128,128,0,999,6.2,mesuré ici,0.9470416024653313,0.30063094820568026,0.9274992765807577
339cbc4cc198848f,363689,NATICUSdroid,2796,ep128_50,50,102,26,128,1e-05,0.0,standard,128,128,128,1,999,6.2,mesuré ici,0.9672573189522342,0.22593208731255715,0.9538133316819595
339cbc4cc198848f,363689,NATICUSdroid,2796,ep128_50,50,102,26,128,1e-05,0.0,standard,128,128,128,2,999,6.3,mesuré ici,0.9553929121725733,0.24781640986203293,0.9473711826581032
339cbc4cc198848f,363689,NATICUSdroid,2796,ep128_50,50,102,26,128,1e-05,0.0,standard,256,256,256,0,999,6.3,mesuré ici,0.9775038520801232,0.18037123551419104,0.9690675563215516
339cbc4cc198848f,363689,NATICUSdroid,2796,ep128_50,50,102,26,128,1e-05,0.0,standard,256,256,256,1,999,6.4,mesuré ici,0.9738696896324015,0.18632280753330444,0.964349681689975
339cbc4cc198848f,363689,NATICUSdroid,2796,ep128_50,50,102,26,128,1e-05,0.0,standard,256,256,256,2,999,6.3,mesuré ici,0.9744948272066916,0.1840138544517608,0.9647143083728362
339cbc4cc198848f,363689,NATICUSdroid,2796,ep128_50,50,102,26,128,1e-05,0.0,standard,512,512,512,0,999,6.4,mesuré ici,0.9759960378604446,0.18642719739374358,0.9668501033623544
339cbc4cc198848f,363689,NATICUSdroid,2796,ep128_50,50,102,26,128,1e-05,0.0,standard,1024,1024,1024,0,999,7.5,mesuré ici,0.9813669381465993,0.16628671100575568,0.9723636355449317
339cbc4cc198848f,363689,NATICUSdroid,2796,ep128_50,50,102,26,128,1e-05,0.0,standard,2048,2048,2048,0,999,12.3,mesuré ici,0.9847215496368038,0.14585487224131244,0.976695026107644
339cbc4cc198848f,363689,NATICUSdroid,2796,ep128_50,50,102,26,128,1e-05,0.0,standard,full,2796,2796,0,999,15.1,mesuré ici,0.9853158705701078,0.14106569549036974,0.9778690701295483
339cbc4cc198848f,363689,NATICUSdroid,2796,ep128_200,200,102,26,128,1e-05,0.0,standard,32,32,32,0,999,5.2,mesuré ici,0.9661523222540171,0.2267254462779424,0.946941061028548
339cbc4cc198848f,363689,NATICUSdroid,2796,ep128_200,200,102,26,128,1e-05,0.0,standard,32,32,32,1,999,4.9,mesuré ici,0.925298261060973,0.3422886450764048,0.9007640664938401
339cbc4cc198848f,363689,NATICUSdroid,2796,ep128_200,200,102,26,128,1e-05,0.0,standard,32,32,32,2,999,4.9,mesuré ici,0.9577415804534448,0.2519171561544285,0.9309299826378178
339cbc4cc198848f,363689,NATICUSdroid,2796,ep128_200,200,102,26,128,1e-05,0.0,standard,64,64,64,0,999,4.8,mesuré ici,0.9544155844155846,0.28979872262751405,0.944378950902254
339cbc4cc198848f,363689,NATICUSdroid,2796,ep128_200,200,102,26,128,1e-05,0.0,standard,64,64,64,1,999,4.9,mesuré ici,0.9727404798591239,0.2121251059235181,0.960984540505522
339cbc4cc198848f,363689,NATICUSdroid,2796,ep128_200,200,102,26,128,1e-05,0.0,standard,64,64,64,2,999,4.8,mesuré ici,0.9540281752146159,0.28145592091302823,0.9364967829755193
339cbc4cc198848f,363689,NATICUSdroid,2796,ep128_200,200,102,26,128,1e-05,0.0,standard,128,128,128,0,999,6.3,mesuré ici,0.9508166409861325,0.2879938633585297,0.9348800357048797
339cbc4cc198848f,363689,NATICUSdroid,2796,ep128_200,200,102,26,128,1e-05,0.0,standard,128,128,128,1,999,6.1,mesuré ici,0.9713669381465991,0.2319192817990451,0.9591326317688891
339cbc4cc198848f,363689,NATICUSdroid,2796,ep128_200,200,102,26,128,1e-05,0.0,standard,128,128,128,2,999,6.2,mesuré ici,0.9579132731675105,0.24659956108491382,0.9513097831012107
339cbc4cc198848f,363689,NATICUSdroid,2796,ep128_200,200,102,26,128,1e-05,0.0,standard,256,256,256,0,999,6.2,mesuré ici,0.9797380585516179,0.19869234969097033,0.9707785239731176
339cbc4cc198848f,363689,NATICUSdroid,2796,ep128_200,200,102,26,128,1e-05,0.0,standard,256,256,256,1,999,6.2,mesuré ici,0.9768478978648469,0.19049701706583155,0.9669744114402297
339cbc4cc198848f,363689,NATICUSdroid,2796,ep128_200,200,102,26,128,1e-05,0.0,standard,256,256,256,2,999,6.2,mesuré ici,0.9781113801452784,0.18634665760952923,0.9693414745561892
339cbc4cc198848f,363689,NATICUSdroid,2796,ep128_200,200,102,26,128,1e-05,0.0,standard,512,512,512,0,999,6.4,mesuré ici,0.9775610829848118,0.19910330682419822,0.9684492794056687
339cbc4cc198848f,363689,NATICUSdroid,2796,ep128_200,200,102,26,128,1e-05,0.0,standard,1024,1024,1024,0,999,7.5,mesuré ici,0.9829297820823245,0.17069399574329763,0.9742206526473207
339cbc4cc198848f,363689,NATICUSdroid,2796,ep128_200,200,102,26,128,1e-05,0.0,standard,2048,2048,2048,0,999,12.2,mesuré ici,0.9861787365177196,0.15379289038436628,0.9787707298091063
339cbc4cc198848f,363689,NATICUSdroid,2796,ep128_200,200,102,26,128,1e-05,0.0,standard,full,2796,2796,0,999,15.0,mesuré ici,0.9866607968302884,0.14596480157628208,0.9800140221531487
339cbc4cc198848f,363691,online_shoppers_intention,4603,ep128_25,25,102,26,128,1e-05,0.0,standard,32,32,32,0,1024,4.9,mesuré ici,0.900802467331248,0.3010443798530465,0.6362563272625252
339cbc4cc198848f,363691,online_shoppers_intention,4603,ep128_25,25,102,26,128,1e-05,0.0,standard,32,32,32,1,1024,4.6,mesuré ici,0.8652980384131903,0.30414515102131184,0.5564399817013201
339cbc4cc198848f,363691,online_shoppers_intention,4603,ep128_25,25,102,26,128,1e-05,0.0,standard,32,32,32,2,1024,4.6,mesuré ici,0.7850403426199315,0.3780426997931174,0.3879438855788565
339cbc4cc198848f,363691,online_shoppers_intention,4603,ep128_25,25,102,26,128,1e-05,0.0,standard,64,64,64,0,1024,4.6,mesuré ici,0.8537214605197766,0.3523738642069021,0.5371672392081317
339cbc4cc198848f,363691,online_shoppers_intention,4603,ep128_25,25,102,26,128,1e-05,0.0,standard,64,64,64,1,1024,4.6,mesuré ici,0.8858128453240566,0.28112231214873895,0.5692238414439451
339cbc4cc198848f,363691,online_shoppers_intention,4603,ep128_25,25,102,26,128,1e-05,0.0,standard,64,64,64,2,1024,4.8,mesuré ici,0.8559797702224691,0.35335614769533247,0.5811916763696604
339cbc4cc198848f,363691,online_shoppers_intention,4603,ep128_25,25,102,26,128,1e-05,0.0,standard,128,128,128,0,1024,4.6,mesuré ici,0.8904244745227584,0.29233067128660306,0.5904723592257634
339cbc4cc198848f,363691,online_shoppers_intention,4603,ep128_25,25,102,26,128,1e-05,0.0,standard,128,128,128,1,1024,4.6,mesuré ici,0.8979119770807145,0.2774902047421956,0.6243878014970253
339cbc4cc198848f,363691,online_shoppers_intention,4603,ep128_25,25,102,26,128,1e-05,0.0,standard,128,128,128,2,1024,4.5,mesuré ici,0.8997500511591194,0.28032175356135364,0.6431421461920481
339cbc4cc198848f,363691,online_shoppers_intention,4603,ep128_25,25,102,26,128,1e-05,0.0,standard,256,256,256,0,1024,4.6,mesuré ici,0.9090171602303623,0.25596258794871135,0.6895647565741145
339cbc4cc198848f,363691,online_shoppers_intention,4603,ep128_25,25,102,26,128,1e-05,0.0,standard,256,256,256,1,1024,4.6,mesuré ici,0.9177653696611805,0.269962035492003,0.683640026106873
339cbc4cc198848f,363691,online_shoppers_intention,4603,ep128_25,25,102,26,128,1e-05,0.0,standard,256,256,256,2,1024,4.6,mesuré ici,0.8945793258689742,0.2721820495420562,0.6528038256416357
339cbc4cc198848f,363691,online_shoppers_intention,4603,ep128_25,25,102,26,128,1e-05,0.0,standard,512,512,512,0,1024,4.6,mesuré ici,0.9146227380360745,0.2548287907891494,0.6598243206537036
339cbc4cc198848f,363691,online_shoppers_intention,4603,ep128_25,25,102,26,128,1e-05,0.0,standard,1024,1024,1024,0,1024,4.6,mesuré ici,0.9272480778787967,0.24075342798177252,0.7047590806393104
339cbc4cc198848f,363691,online_shoppers_intention,4603,ep128_25,25,102,26,128,1e-05,0.0,standard,2048,2048,2048,0,1024,6.2,mesuré ici,0.9299923992165346,0.2357610413441964,0.7292744867740749
339cbc4cc198848f,363691,online_shoppers_intention,4603,ep128_25,25,102,26,128,1e-05,0.0,standard,full,4603,4603,0,1024,11.6,mesuré ici,0.9315637150290875,0.23181393929791938,0.7365953386895273
339cbc4cc198848f,363691,online_shoppers_intention,4603,ep128_50,50,102,26,128,1e-05,0.0,standard,32,32,32,0,1024,5.0,mesuré ici,0.9006416815271728,0.3037064816090506,0.6358825533986949
339cbc4cc198848f,363691,online_shoppers_intention,4603,ep128_50,50,102,26,128,1e-05,0.0,standard,32,32,32,1,1024,4.6,mesuré ici,0.8699535182857311,0.30011551372291423,0.5593962362204393
339cbc4cc198848f,363691,online_shoppers_intention,4603,ep128_50,50,102,26,128,1e-05,0.0,standard,32,32,32,2,1024,4.5,mesuré ici,0.7923743678194521,0.3771223141111539,0.3798956890240731
339cbc4cc198848f,363691,online_shoppers_intention,4603,ep128_50,50,102,26,128,1e-05,0.0,standard,64,64,64,0,1024,4.6,mesuré ici,0.8508675124974421,0.34747526828764286,0.5202823404744696
339cbc4cc198848f,363691,online_shoppers_intention,4603,ep128_50,50,102,26,128,1e-05,0.0,standard,64,64,64,1,1024,4.5,mesuré ici,0.8837335925395386,0.28062895314487535,0.548150901482526
339cbc4cc198848f,363691,online_shoppers_intention,4603,ep128_50,50,102,26,128,1e-05,0.0,standard,64,64,64,2,1024,4.6,mesuré ici,0.8504509310959745,0.3492714271376661,0.5621090660953079
339cbc4cc198848f,363691,online_shoppers_intention,4603,ep128_50,50,102,26,128,1e-05,0.0,standard,128,128,128,0,1024,4.5,mesuré ici,0.8928654953664454,0.29491456714725794,0.587338374023879
339cbc4cc198848f,363691,online_shoppers_intention,4603,ep128_50,50,102,26,128,1e-05,0.0,standard,128,128,128,1,1024,4.5,mesuré ici,0.8979996784283919,0.26965481042607625,0.6204136389787002
339cbc4cc198848f,363691,online_shoppers_intention,4603,ep128_50,50,102,26,128,1e-05,0.0,standard,128,128,128,2,1024,4.5,mesuré ici,0.898697634986991,0.2881119395878644,0.6369740794562325
339cbc4cc198848f,363691,online_shoppers_intention,4603,ep128_50,50,102,26,128,1e-05,0.0,standard,256,256,256,0,1024,4.6,mesuré ici,0.9097991639138188,0.25443706645040215,0.680284680203549
339cbc4cc198848f,363691,online_shoppers_intention,4603,ep128_50,50,102,26,128,1e-05,0.0,standard,256,256,256,1,1024,4.5,mesuré ici,0.9182806150787851,0.2720454960657028,0.6800695522112139
339cbc4cc198848f,363691,online_shoppers_intention,4603,ep128_50,50,102,26,128,1e-05,0.0,standard,256,256,256,2,1024,4.6,mesuré ici,0.8976707983746017,0.2693972134160364,0.6541199048102333
339cbc4cc198848f,363691,online_shoppers_intention,4603,ep128_50,50,102,26,128,1e-05,0.0,standard,512,512,512,0,1024,4.5,mesuré ici,0.9144656064548192,0.25543905070586986,0.65819834457308
339cbc4cc198848f,363691,online_shoppers_intention,4603,ep128_50,50,102,26,128,1e-05,0.0,standard,1024,1024,1024,0,1024,4.7,mesuré ici,0.9262102785979477,0.24462721196825565,0.6995359729787627
339cbc4cc198848f,363691,online_shoppers_intention,4603,ep128_50,50,102,26,128,1e-05,0.0,standard,2048,2048,2048,0,1024,6.2,mesuré ici,0.9300216329990937,0.23665907613664658,0.7326108531183285
339cbc4cc198848f,363691,online_shoppers_intention,4603,ep128_50,50,102,26,128,1e-05,0.0,standard,full,4603,4603,0,1024,11.7,mesuré ici,0.9303103166018651,0.23465918052864998,0.7346417006958496
339cbc4cc198848f,363691,online_shoppers_intention,4603,ep128_200,200,102,26,128,1e-05,0.0,standard,32,32,32,0,1024,5.0,mesuré ici,0.8976561814833222,0.281361178842519,0.6356810335920746
339cbc4cc198848f,363691,online_shoppers_intention,4603,ep128_200,200,102,26,128,1e-05,0.0,standard,32,32,32,1,1024,4.6,mesuré ici,0.8725187827052941,0.2885384511806288,0.5746571316112985
339cbc4cc198848f,363691,online_shoppers_intention,4603,ep128_200,200,102,26,128,1e-05,0.0,standard,32,32,32,2,1024,4.6,mesuré ici,0.7757622708802291,0.3764044180835672,0.3560138920867719
339cbc4cc198848f,363691,online_shoppers_intention,4603,ep128_200,200,102,26,128,1e-05,0.0,standard,64,64,64,0,1024,4.5,mesuré ici,0.884256146402783,0.32089872255439383,0.6004161552027794
339cbc4cc198848f,363691,online_shoppers_intention,4603,ep128_200,200,102,26,128,1e-05,0.0,standard,64,64,64,1,1024,4.6,mesuré ici,0.8909981875054813,0.2758654822534068,0.5805394547081867
339cbc4cc198848f,363691,online_shoppers_intention,4603,ep128_200,200,102,26,128,1e-05,0.0,standard,64,64,64,2,1024,4.5,mesuré ici,0.860196743356623,0.3434315785847236,0.5790891032304807
339cbc4cc198848f,363691,online_shoppers_intention,4603,ep128_200,200,102,26,128,1e-05,0.0,standard,128,128,128,0,1024,4.7,mesuré ici,0.9023920542579004,0.2730535899812535,0.6337470350136448
339cbc4cc198848f,363691,online_shoppers_intention,4603,ep128_200,200,102,26,128,1e-05,0.0,standard,128,128,128,1,1024,4.6,mesuré ici,0.9032069459467361,0.258024539534604,0.650139501864437
339cbc4cc198848f,363691,online_shoppers_intention,4603,ep128_200,200,102,26,128,1e-05,0.0,standard,128,128,128,2,1024,4.5,mesuré ici,0.9027136258660508,0.28153269980149187,0.6612883294465404
339cbc4cc198848f,363691,online_shoppers_intention,4603,ep128_200,200,102,26,128,1e-05,0.0,standard,256,256,256,0,1024,4.6,mesuré ici,0.9116591633291431,0.2495759405608038,0.7025916072192113
339cbc4cc198848f,363691,online_shoppers_intention,4603,ep128_200,200,102,26,128,1e-05,0.0,standard,256,256,256,1,1024,4.5,mesuré ici,0.9201442687169294,0.2571738903076796,0.6976499100686526
339cbc4cc198848f,363691,online_shoppers_intention,4603,ep128_200,200,102,26,128,1e-05,0.0,standard,256,256,256,2,1024,4.6,mesuré ici,0.9035029379951471,0.2596134379619778,0.6844870478491693
339cbc4cc198848f,363691,online_shoppers_intention,4603,ep128_200,200,102,26,128,1e-05,0.0,standard,512,512,512,0,1024,4.6,mesuré ici,0.9138626596895372,0.25365740824847394,0.6825025171177497
339cbc4cc198848f,363691,online_shoppers_intention,4603,ep128_200,200,102,26,128,1e-05,0.0,standard,1024,1024,1024,0,1024,4.6,mesuré ici,0.926173736369749,0.2430211850300526,0.7038188970843817
339cbc4cc198848f,363691,online_shoppers_intention,4603,ep128_200,200,102,26,128,1e-05,0.0,standard,2048,2048,2048,0,1024,6.1,mesuré ici,0.926871692928348,0.23850239994834538,0.7213237240288719
339cbc4cc198848f,363691,online_shoppers_intention,4603,ep128_200,200,102,26,128,1e-05,0.0,standard,full,4603,4603,0,1024,11.6,mesuré ici,0.9286147572134359,0.23698127568421434,0.7325461933876879
339cbc4cc198848f,363694,polish_companies_bankruptcy,2206,ep128_25,25,102,26,128,1e-05,0.0,standard,32,32,32,0,788,4.7,mesuré ici,0.7440778866426887,0.23094537718615002,0.2206920084003514
339cbc4cc198848f,363694,polish_companies_bankruptcy,2206,ep128_25,25,102,26,128,1e-05,0.0,standard,32,32,32,1,788,4.3,mesuré ici,0.7554756294183307,0.26280421021873357,0.27455098793907373
339cbc4cc198848f,363694,polish_companies_bankruptcy,2206,ep128_25,25,102,26,128,1e-05,0.0,standard,32,32,32,2,788,4.2,mesuré ici,0.7664020835917152,0.2236208491278667,0.2521713064460186
339cbc4cc198848f,363694,polish_companies_bankruptcy,2206,ep128_25,25,102,26,128,1e-05,0.0,standard,64,64,64,0,788,4.2,mesuré ici,0.8004340816073422,0.21161616366444722,0.32238121718644225
339cbc4cc198848f,363694,polish_companies_bankruptcy,2206,ep128_25,25,102,26,128,1e-05,0.0,standard,64,64,64,1,788,4.1,mesuré ici,0.7629914423911696,0.22046286222504888,0.30961603929768217
339cbc4cc198848f,363694,polish_companies_bankruptcy,2206,ep128_25,25,102,26,128,1e-05,0.0,standard,64,64,64,2,788,4.2,mesuré ici,0.7819422051345652,0.2133842805183423,0.28094441822457583
339cbc4cc198848f,363694,polish_companies_bankruptcy,2206,ep128_25,25,102,26,128,1e-05,0.0,standard,128,128,128,0,788,4.3,mesuré ici,0.8381495721195584,0.20264821542866795,0.3423863529350014
339cbc4cc198848f,363694,polish_companies_bankruptcy,2206,ep128_25,25,102,26,128,1e-05,0.0,standard,128,128,128,1,788,4.2,mesuré ici,0.8032494108892472,0.20897316749707343,0.28153445058912563
339cbc4cc198848f,363694,polish_companies_bankruptcy,2206,ep128_25,25,102,26,128,1e-05,0.0,standard,128,128,128,2,788,4.6,mesuré ici,0.7952499069825127,0.21529080177964569,0.22954049205514077
339cbc4cc198848f,363694,polish_companies_bankruptcy,2206,ep128_25,25,102,26,128,1e-05,0.0,standard,256,256,256,0,788,4.2,mesuré ici,0.8506883294059283,0.19961402406055453,0.30712858724090264
339cbc4cc198848f,363694,polish_companies_bankruptcy,2206,ep128_25,25,102,26,128,1e-05,0.0,standard,256,256,256,1,788,4.2,mesuré ici,0.8041299764355699,0.20964821158539934,0.2799532496656597
339cbc4cc198848f,363694,polish_companies_bankruptcy,2206,ep128_25,25,102,26,128,1e-05,0.0,standard,256,256,256,2,788,4.1,mesuré ici,0.7912191492000495,0.21994020616438367,0.2876574352110961
339cbc4cc198848f,363694,polish_companies_bankruptcy,2206,ep128_25,25,102,26,128,1e-05,0.0,standard,512,512,512,0,788,4.2,mesuré ici,0.9366488899913183,0.12922983973692495,0.7001743398681475
339cbc4cc198848f,363694,polish_companies_bankruptcy,2206,ep128_25,25,102,26,128,1e-05,0.0,standard,1024,1024,1024,0,788,4.8,mesuré ici,0.9715242465583529,0.09252559799203623,0.820117060655008
339cbc4cc198848f,363694,polish_companies_bankruptcy,2206,ep128_25,25,102,26,128,1e-05,0.0,standard,2048,2048,2048,0,788,7.8,mesuré ici,0.9844474761255116,0.06983999909150572,0.8935618720070085
339cbc4cc198848f,363694,polish_companies_bankruptcy,2206,ep128_25,25,102,26,128,1e-05,0.0,standard,full,2206,2206,0,788,8.3,mesuré ici,0.9868039191367979,0.066914570021478,0.9025273507002081
339cbc4cc198848f,363694,polish_companies_bankruptcy,2206,ep128_50,50,102,26,128,1e-05,0.0,standard,32,32,32,0,788,4.6,mesuré ici,0.7459382363884409,0.2287533711862179,0.22914294498014737
339cbc4cc198848f,363694,polish_companies_bankruptcy,2206,ep128_50,50,102,26,128,1e-05,0.0,standard,32,32,32,1,788,4.2,mesuré ici,0.7567530695770804,0.25431698633282296,0.2799389054940931
339cbc4cc198848f,363694,polish_companies_bankruptcy,2206,ep128_50,50,102,26,128,1e-05,0.0,standard,32,32,32,2,788,4.3,mesuré ici,0.7692174128736202,0.22321744271158014,0.257216557873567
339cbc4cc198848f,363694,polish_companies_bankruptcy,2206,ep128_50,50,102,26,128,1e-05,0.0,standard,64,64,64,0,788,4.2,mesuré ici,0.7982636735706313,0.21294081426177358,0.321190340104185
339cbc4cc198848f,363694,polish_companies_bankruptcy,2206,ep128_50,50,102,26,128,1e-05,0.0,standard,64,64,64,1,788,4.2,mesuré ici,0.770172392409773,0.2173025605717462,0.3211535991858034
339cbc4cc198848f,363694,polish_companies_bankruptcy,2206,ep128_50,50,102,26,128,1e-05,0.0,standard,64,64,64,2,788,4.2,mesuré ici,0.7830584149820166,0.21216045871187947,0.28296807035311244
339cbc4cc198848f,363694,polish_companies_bankruptcy,2206,ep128_50,50,102,26,128,1e-05,0.0,standard,128,128,128,0,788,4.1,mesuré ici,0.8303112985241226,0.20414956148591262,0.3693833321442361
339cbc4cc198848f,363694,polish_companies_bankruptcy,2206,ep128_50,50,102,26,128,1e-05,0.0,standard,128,128,128,1,788,4.2,mesuré ici,0.8034974575220141,0.20913682794381683,0.28497181669345767
339cbc4cc198848f,363694,polish_companies_bankruptcy,2206,ep128_50,50,102,26,128,1e-05,0.0,standard,128,128,128,2,788,4.2,mesuré ici,0.796366116829964,0.21455316398285917,0.23419870493501774
339cbc4cc198848f,363694,polish_companies_bankruptcy,2206,ep128_50,50,102,26,128,1e-05,0.0,standard,256,256,256,0,788,4.2,mesuré ici,0.8430608954483443,0.20126126276722905,0.32060020656324395
339cbc4cc198848f,363694,polish_companies_bankruptcy,2206,ep128_50,50,102,26,128,1e-05,0.0,standard,256,256,256,1,788,4.2,mesuré ici,0.7972590847079251,0.2126632345918085,0.2668506562388444
339cbc4cc198848f,363694,polish_companies_bankruptcy,2206,ep128_50,50,102,26,128,1e-05,0.0,standard,256,256,256,2,788,4.2,mesuré ici,0.7909711025672828,0.2183829334340011,0.26805647449029407
339cbc4cc198848f,363694,polish_companies_bankruptcy,2206,ep128_50,50,102,26,128,1e-05,0.0,standard,512,512,512,0,788,4.2,mesuré ici,0.9242961676795238,0.13794607893653577,0.6596899666061881
339cbc4cc198848f,363694,polish_companies_bankruptcy,2206,ep128_50,50,102,26,128,1e-05,0.0,standard,1024,1024,1024,0,788,4.8,mesuré ici,0.9735830336103187,0.09580638153376422,0.8186755263928251
339cbc4cc198848f,363694,polish_companies_bankruptcy,2206,ep128_50,50,102,26,128,1e-05,0.0,standard,2048,2048,2048,0,788,7.9,mesuré ici,0.9852660300136425,0.07087881657173835,0.8922666119022041
339cbc4cc198848f,363694,polish_companies_bankruptcy,2206,ep128_50,50,102,26,128,1e-05,0.0,standard,full,2206,2206,0,788,8.3,mesuré ici,0.9856629046260696,0.06908467916624719,0.8969637882422482
339cbc4cc198848f,363694,polish_companies_bankruptcy,2206,ep128_200,200,102,26,128,1e-05,0.0,standard,32,32,32,0,788,4.6,mesuré ici,0.7566538509239737,0.22114640222150422,0.24105996958074735
339cbc4cc198848f,363694,polish_companies_bankruptcy,2206,ep128_200,200,102,26,128,1e-05,0.0,standard,32,32,32,1,788,4.2,mesuré ici,0.7639836289222373,0.22973996667975694,0.29658626617069617
339cbc4cc198848f,363694,polish_companies_bankruptcy,2206,ep128_200,200,102,26,128,1e-05,0.0,standard,32,32,32,2,788,4.2,mesuré ici,0.7777998263673571,0.21991995680150525,0.2735542923069134
339cbc4cc198848f,363694,polish_companies_bankruptcy,2206,ep128_200,200,102,26,128,1e-05,0.0,standard,64,64,64,0,788,4.1,mesuré ici,0.7955723676051097,0.21212638198033415,0.33104036637578066
339cbc4cc198848f,363694,polish_companies_bankruptcy,2206,ep128_200,200,102,26,128,1e-05,0.0,standard,64,64,64,1,788,4.1,mesuré ici,0.7774897680763985,0.21227707917396518,0.3405093966629276
339cbc4cc198848f,363694,polish_companies_bankruptcy,2206,ep128_200,200,102,26,128,1e-05,0.0,standard,64,64,64,2,788,4.2,mesuré ici,0.778370333622721,0.21308908670940305,0.28367848694092446
339cbc4cc198848f,363694,polish_companies_bankruptcy,2206,ep128_200,200,102,26,128,1e-05,0.0,standard,128,128,128,0,788,4.2,mesuré ici,0.8184794741411385,0.20452701772945234,0.35969363917521985
339cbc4cc198848f,363694,polish_companies_bankruptcy,2206,ep128_200,200,102,26,128,1e-05,0.0,standard,128,128,128,1,788,4.1,mesuré ici,0.7925337963537146,0.21112575205505077,0.3034566510195865
339cbc4cc198848f,363694,polish_companies_bankruptcy,2206,ep128_200,200,102,26,128,1e-05,0.0,standard,128,128,128,2,788,4.2,mesuré ici,0.8037206994915044,0.21172830233580817,0.2588818841714706
339cbc4cc198848f,363694,polish_companies_bankruptcy,2206,ep128_200,200,102,26,128,1e-05,0.0,standard,256,256,256,0,788,4.1,mesuré ici,0.8234776137913928,0.20374166100452337,0.32663473373894786
339cbc4cc198848f,363694,polish_companies_bankruptcy,2206,ep128_200,200,102,26,128,1e-05,0.0,standard,256,256,256,1,788,4.2,mesuré ici,0.8111993054694282,0.20681202860868794,0.3075373775245482
339cbc4cc198848f,363694,polish_companies_bankruptcy,2206,ep128_200,200,102,26,128,1e-05,0.0,standard,256,256,256,2,788,4.2,mesuré ici,0.8001488279796602,0.21360641084204737,0.27232989055101264
339cbc4cc198848f,363694,polish_companies_bankruptcy,2206,ep128_200,200,102,26,128,1e-05,0.0,standard,512,512,512,0,788,4.3,mesuré ici,0.8872131960808632,0.1705262550721335,0.5087021487730922
339cbc4cc198848f,363694,polish_companies_bankruptcy,2206,ep128_200,200,102,26,128,1e-05,0.0,standard,1024,1024,1024,0,788,4.7,mesuré ici,0.9259704824507007,0.1459770984496953,0.5993658712754572
339cbc4cc198848f,363694,polish_companies_bankruptcy,2206,ep128_200,200,102,26,128,1e-05,0.0,standard,2048,2048,2048,0,788,7.8,mesuré ici,0.9670594071685477,0.09841255201560097,0.8252363111430712
339cbc4cc198848f,363694,polish_companies_bankruptcy,2206,ep128_200,200,102,26,128,1e-05,0.0,standard,full,2206,2206,0,788,8.3,mesuré ici,0.9707677043284137,0.09481445704017781,0.8340639227660619
339cbc4cc198848f,363696,qsar-biodeg,392,ep128_25,25,102,26,128,1e-05,0.0,standard,32,32,32,0,141,3.0,mesuré ici,0.9021050248981439,0.42933978040526416,0.8605905970338475
339cbc4cc198848f,363696,qsar-biodeg,392,ep128_25,25,102,26,128,1e-05,0.0,standard,32,32,32,1,141,2.7,mesuré ici,0.9015391579900407,0.37288113418564584,0.8534954974812811
339cbc4cc198848f,363696,qsar-biodeg,392,ep128_25,25,102,26,128,1e-05,0.0,standard,32,32,32,2,141,2.6,mesuré ici,0.8211860570393843,0.48195806899745364,0.7576320639387273
339cbc4cc198848f,363696,qsar-biodeg,392,ep128_25,25,102,26,128,1e-05,0.0,standard,64,64,64,0,141,2.7,mesuré ici,0.9187415119963784,0.3228846767674743,0.9048118135563705
339cbc4cc198848f,363696,qsar-biodeg,392,ep128_25,25,102,26,128,1e-05,0.0,standard,64,64,64,1,141,2.6,mesuré ici,0.8886373924852874,0.3853426010236474,0.8149322894540078
339cbc4cc198848f,363696,qsar-biodeg,392,ep128_25,25,102,26,128,1e-05,0.0,standard,64,64,64,2,141,2.6,mesuré ici,0.9361702127659575,0.29851619103712324,0.8943411330662836
339cbc4cc198848f,363696,qsar-biodeg,392,ep128_25,25,102,26,128,1e-05,0.0,standard,128,128,128,0,141,2.7,mesuré ici,0.9144409234947941,0.3295481713194874,0.8923024614925735
339cbc4cc198848f,363696,qsar-biodeg,392,ep128_25,25,102,26,128,1e-05,0.0,standard,128,128,128,1,141,2.7,mesuré ici,0.9185151652331371,0.3177145420119196,0.8847685487030543
339cbc4cc198848f,363696,qsar-biodeg,392,ep128_25,25,102,26,128,1e-05,0.0,standard,128,128,128,2,141,2.7,mesuré ici,0.9155726573110003,0.3325391701791929,0.8926049425664386
339cbc4cc198848f,363696,qsar-biodeg,392,ep128_25,25,102,26,128,1e-05,0.0,standard,256,256,256,0,141,2.7,mesuré ici,0.9041421457673156,0.3711625266728516,0.8780853304532359
339cbc4cc198848f,363696,qsar-biodeg,392,ep128_25,25,102,26,128,1e-05,0.0,standard,256,256,256,1,141,2.7,mesuré ici,0.9167043911272068,0.3234682409694271,0.8927161694051707
339cbc4cc198848f,363696,qsar-biodeg,392,ep128_25,25,102,26,128,1e-05,0.0,standard,256,256,256,2,141,2.7,mesuré ici,0.9316432775011317,0.2887394073412832,0.9190730227535288
339cbc4cc198848f,363696,qsar-biodeg,392,ep128_25,25,102,26,128,1e-05,0.0,standard,full,392,392,0,141,2.8,mesuré ici,0.9300588501584428,0.3014494766546807,0.9122061546205498
339cbc4cc198848f,363696,qsar-biodeg,392,ep128_50,50,102,26,128,1e-05,0.0,standard,32,32,32,0,141,3.2,mesuré ici,0.8933906745133544,0.43069130102764136,0.8496546275020485
339cbc4cc198848f,363696,qsar-biodeg,392,ep128_50,50,102,26,128,1e-05,0.0,standard,32,32,32,1,141,2.7,mesuré ici,0.8936170212765958,0.3852257311578601,0.8444059115386122
339cbc4cc198848f,363696,qsar-biodeg,392,ep128_50,50,102,26,128,1e-05,0.0,standard,32,32,32,2,141,2.6,mesuré ici,0.8199411498415572,0.4822567910813733,0.7577279073099921
339cbc4cc198848f,363696,qsar-biodeg,392,ep128_50,50,102,26,128,1e-05,0.0,standard,64,64,64,0,141,2.6,mesuré ici,0.9178361249434134,0.32943415152472827,0.9057640935258857
339cbc4cc198848f,363696,qsar-biodeg,392,ep128_50,50,102,26,128,1e-05,0.0,standard,64,64,64,1,141,2.6,mesuré ici,0.8927116342236305,0.3795765512152672,0.8218921878380446
339cbc4cc198848f,363696,qsar-biodeg,392,ep128_50,50,102,26,128,1e-05,0.0,standard,64,64,64,2,141,2.7,mesuré ici,0.9375282933454052,0.29980007123141916,0.8985809081055419
339cbc4cc198848f,363696,qsar-biodeg,392,ep128_50,50,102,26,128,1e-05,0.0,standard,128,128,128,0,141,2.7,mesuré ici,0.9167043911272069,0.32500910307468994,0.8946354195155145
339cbc4cc198848f,363696,qsar-biodeg,392,ep128_50,50,102,26,128,1e-05,0.0,standard,128,128,128,1,141,2.7,mesuré ici,0.9190810321412404,0.31010893963165564,0.8886105654500499
339cbc4cc198848f,363696,qsar-biodeg,392,ep128_50,50,102,26,128,1e-05,0.0,standard,128,128,128,2,141,2.7,mesuré ici,0.9178361249434134,0.322612124681787,0.8957866841393182
339cbc4cc198848f,363696,qsar-biodeg,392,ep128_50,50,102,26,128,1e-05,0.0,standard,256,256,256,0,141,2.7,mesuré ici,0.9076505205975555,0.3563648297858175,0.8864222949343613
339cbc4cc198848f,363696,qsar-biodeg,392,ep128_50,50,102,26,128,1e-05,0.0,standard,256,256,256,1,141,2.6,mesuré ici,0.9214576731552739,0.31424302314875824,0.9014477560375311
339cbc4cc198848f,363696,qsar-biodeg,392,ep128_50,50,102,26,128,1e-05,0.0,standard,256,256,256,2,141,2.7,mesuré ici,0.9327750113173381,0.2844955728651429,0.9215718541549145
339cbc4cc198848f,363696,qsar-biodeg,392,ep128_50,50,102,26,128,1e-05,0.0,standard,full,392,392,0,141,2.7,mesuré ici,0.9307378904481667,0.296203678598235,0.9131045998471319
339cbc4cc198848f,363696,qsar-biodeg,392,ep128_200,200,102,26,128,1e-05,0.0,standard,32,32,32,0,141,3.0,mesuré ici,0.895427795382526,0.4143667254706541,0.8503699191726152
339cbc4cc198848f,363696,qsar-biodeg,392,ep128_200,200,102,26,128,1e-05,0.0,standard,32,32,32,1,141,2.7,mesuré ici,0.8932775011317339,0.38794969724138295,0.8450095696330359
339cbc4cc198848f,363696,qsar-biodeg,392,ep128_200,200,102,26,128,1e-05,0.0,standard,32,32,32,2,141,2.6,mesuré ici,0.8242417383431417,0.4712753946722601,0.7583447848337389
339cbc4cc198848f,363696,qsar-biodeg,392,ep128_200,200,102,26,128,1e-05,0.0,standard,64,64,64,0,141,2.7,mesuré ici,0.9146672702580353,0.33881186826032217,0.9005054094500744
339cbc4cc198848f,363696,qsar-biodeg,392,ep128_200,200,102,26,128,1e-05,0.0,standard,64,64,64,1,141,2.6,mesuré ici,0.8899954730647351,0.3862841307675762,0.822296948621743
339cbc4cc198848f,363696,qsar-biodeg,392,ep128_200,200,102,26,128,1e-05,0.0,standard,64,64,64,2,141,2.6,mesuré ici,0.9354911724762337,0.3049937489322696,0.8967679881617842
339cbc4cc198848f,363696,qsar-biodeg,392,ep128_200,200,102,26,128,1e-05,0.0,standard,128,128,128,0,141,2.7,mesuré ici,0.917609778180172,0.31793581152645484,0.8925255900588558
339cbc4cc198848f,363696,qsar-biodeg,392,ep128_200,200,102,26,128,1e-05,0.0,standard,128,128,128,1,141,2.7,mesuré ici,0.9253055681303757,0.3036181455951099,0.895284882277722
339cbc4cc198848f,363696,qsar-biodeg,392,ep128_200,200,102,26,128,1e-05,0.0,standard,128,128,128,2,141,2.7,mesuré ici,0.9114984155726573,0.33617538963947285,0.8848467393209068
339cbc4cc198848f,363696,qsar-biodeg,392,ep128_200,200,102,26,128,1e-05,0.0,standard,256,256,256,0,141,2.6,mesuré ici,0.905613399728384,0.3519126186234324,0.873525100352128
339cbc4cc198848f,363696,qsar-biodeg,392,ep128_200,200,102,26,128,1e-05,0.0,standard,256,256,256,1,141,2.7,mesuré ici,0.9198732458125849,0.31783998430155047,0.8980583172017247
339cbc4cc198848f,363696,qsar-biodeg,392,ep128_200,200,102,26,128,1e-05,0.0,standard,256,256,256,2,141,2.7,mesuré ici,0.9307378904481666,0.285482975716745,0.9185794097342811
339cbc4cc198848f,363696,qsar-biodeg,392,ep128_200,200,102,26,128,1e-05,0.0,standard,full,392,392,0,141,2.6,mesuré ici,0.9325486645540969,0.29828407051934136,0.9134833043128919
339cbc4cc198848f,363700,seismic-bumps,963,ep128_25,25,102,26,128,1e-05,0.0,standard,32,32,32,0,345,3.4,mesuré ici,0.6729003510667027,0.22949072607824922,0.2037367582076893
339cbc4cc198848f,363700,seismic-bumps,963,ep128_25,25,102,26,128,1e-05,0.0,standard,32,32,32,1,345,3.1,mesuré ici,0.6819470699432892,0.23635526950428928,0.12575217126561222
339cbc4cc198848f,363700,seismic-bumps,963,ep128_25,25,102,26,128,1e-05,0.0,standard,32,32,32,2,345,3.1,mesuré ici,0.7165811504185795,0.23166800089787487,0.12861885879557527
339cbc4cc198848f,363700,seismic-bumps,963,ep128_25,25,102,26,128,1e-05,0.0,standard,64,64,64,0,345,3.1,mesuré ici,0.6487307588441804,0.2391678449949539,0.13768492161064322
339cbc4cc198848f,363700,seismic-bumps,963,ep128_25,25,102,26,128,1e-05,0.0,standard,64,64,64,1,345,3.1,mesuré ici,0.7045638671347555,0.22991650769166327,0.25634444789468347
339cbc4cc198848f,363700,seismic-bumps,963,ep128_25,25,102,26,128,1e-05,0.0,standard,64,64,64,2,345,3.1,mesuré ici,0.7422360248447205,0.24819573072565546,0.16283086721174428
339cbc4cc198848f,363700,seismic-bumps,963,ep128_25,25,102,26,128,1e-05,0.0,standard,128,128,128,0,345,3.1,mesuré ici,0.7323791520388874,0.2252830548111706,0.15652846195350437
339cbc4cc198848f,363700,seismic-bumps,963,ep128_25,25,102,26,128,1e-05,0.0,standard,128,128,128,1,345,3.3,mesuré ici,0.7406832298136645,0.22275563351523875,0.28299897999196966
339cbc4cc198848f,363700,seismic-bumps,963,ep128_25,25,102,26,128,1e-05,0.0,standard,128,128,128,2,345,3.4,mesuré ici,0.6710099918984608,0.23485249798492427,0.1682929238411454
339cbc4cc198848f,363700,seismic-bumps,963,ep128_25,25,102,26,128,1e-05,0.0,standard,256,256,256,0,345,3.2,mesuré ici,0.7207669457196867,0.21903153022196756,0.2726401812961856
339cbc4cc198848f,363700,seismic-bumps,963,ep128_25,25,102,26,128,1e-05,0.0,standard,256,256,256,1,345,3.2,mesuré ici,0.740480691331353,0.22303253726609557,0.21087530444577382
339cbc4cc198848f,363700,seismic-bumps,963,ep128_25,25,102,26,128,1e-05,0.0,standard,256,256,256,2,345,3.2,mesuré ici,0.703078584931137,0.22927495482735513,0.17542223685425284
339cbc4cc198848f,363700,seismic-bumps,963,ep128_25,25,102,26,128,1e-05,0.0,standard,512,512,512,0,345,3.3,mesuré ici,0.7711990278152849,0.2142080625444947,0.20621457489084055
339cbc4cc198848f,363700,seismic-bumps,963,ep128_25,25,102,26,128,1e-05,0.0,standard,full,963,963,0,345,3.3,mesuré ici,0.7573588981906563,0.2159002932629751,0.26298286305742435
339cbc4cc198848f,363700,seismic-bumps,963,ep128_50,50,102,26,128,1e-05,0.0,standard,32,32,32,0,345,3.4,mesuré ici,0.6855252497974615,0.228762484384187,0.20743100880880005
339cbc4cc198848f,363700,seismic-bumps,963,ep128_50,50,102,26,128,1e-05,0.0,standard,32,32,32,1,345,3.1,mesuré ici,0.7009181744531461,0.23568258628943756,0.15033682962884803
339cbc4cc198848f,363700,seismic-bumps,963,ep128_50,50,102,26,128,1e-05,0.0,standard,32,32,32,2,345,3.1,mesuré ici,0.7348096138266271,0.23047379797210282,0.1424997662328777
339cbc4cc198848f,363700,seismic-bumps,963,ep128_50,50,102,26,128,1e-05,0.0,standard,64,64,64,0,345,3.1,mesuré ici,0.6861328652443964,0.22995038504433551,0.16666745952806544
339cbc4cc198848f,363700,seismic-bumps,963,ep128_50,50,102,26,128,1e-05,0.0,standard,64,64,64,1,345,3.1,mesuré ici,0.7269781258439104,0.2276278888111356,0.24484761171421376
339cbc4cc198848f,363700,seismic-bumps,963,ep128_50,50,102,26,128,1e-05,0.0,standard,64,64,64,2,345,3.1,mesuré ici,0.7470969484201999,0.232347185208735,0.18683996142542428
339cbc4cc198848f,363700,seismic-bumps,963,ep128_50,50,102,26,128,1e-05,0.0,standard,128,128,128,0,345,3.2,mesuré ici,0.7402781528490413,0.2235650954614986,0.19067306075754165
339cbc4cc198848f,363700,seismic-bumps,963,ep128_50,50,102,26,128,1e-05,0.0,standard,128,128,128,1,345,3.1,mesuré ici,0.74588171752633,0.22453701884320448,0.2836776128587205
339cbc4cc198848f,363700,seismic-bumps,963,ep128_50,50,102,26,128,1e-05,0.0,standard,128,128,128,2,345,3.1,mesuré ici,0.7105049959492304,0.22717374055941253,0.19126592796046524
339cbc4cc198848f,363700,seismic-bumps,963,ep128_50,50,102,26,128,1e-05,0.0,standard,256,256,256,0,345,3.2,mesuré ici,0.7480421280043208,0.21962455908029704,0.27133570672580093
339cbc4cc198848f,363700,seismic-bumps,963,ep128_50,50,102,26,128,1e-05,0.0,standard,256,256,256,1,345,3.1,mesuré ici,0.7497974615176883,0.22101611485427738,0.2467439367008193
339cbc4cc198848f,363700,seismic-bumps,963,ep128_50,50,102,26,128,1e-05,0.0,standard,256,256,256,2,345,3.1,mesuré ici,0.7266405617067243,0.2220440465201779,0.2519259783039034
339cbc4cc198848f,363700,seismic-bumps,963,ep128_50,50,102,26,128,1e-05,0.0,standard,512,512,512,0,345,3.2,mesuré ici,0.7700513097488523,0.2155198895064527,0.20963728170359305
339cbc4cc198848f,363700,seismic-bumps,963,ep128_50,50,102,26,128,1e-05,0.0,standard,full,963,963,0,345,3.1,mesuré ici,0.7608020523899541,0.21695524256127213,0.26783498244066906
339cbc4cc198848f,363700,seismic-bumps,963,ep128_200,200,102,26,128,1e-05,0.0,standard,32,32,32,0,345,3.4,mesuré ici,0.6920064812314339,0.22726769781413245,0.22182665310628988
339cbc4cc198848f,363700,seismic-bumps,963,ep128_200,200,102,26,128,1e-05,0.0,standard,32,32,32,1,345,3.1,mesuré ici,0.7221847150958682,0.22858244010116846,0.18279468033326757
339cbc4cc198848f,363700,seismic-bumps,963,ep128_200,200,102,26,128,1e-05,0.0,standard,32,32,32,2,345,3.1,mesuré ici,0.7473669997299486,0.22726533977809235,0.15286900765872052
339cbc4cc198848f,363700,seismic-bumps,963,ep128_200,200,102,26,128,1e-05,0.0,standard,64,64,64,0,345,3.1,mesuré ici,0.7197542533081285,0.22547116608966578,0.1865556597994239
339cbc4cc198848f,363700,seismic-bumps,963,ep128_200,200,102,26,128,1e-05,0.0,standard,64,64,64,1,345,3.1,mesuré ici,0.7412233324331623,0.22387689826069657,0.26007978859369385
339cbc4cc198848f,363700,seismic-bumps,963,ep128_200,200,102,26,128,1e-05,0.0,standard,64,64,64,2,345,3.1,mesuré ici,0.7448690251147717,0.22355329708861768,0.19326108519964236
339cbc4cc198848f,363700,seismic-bumps,963,ep128_200,200,102,26,128,1e-05,0.0,standard,128,128,128,0,345,3.1,mesuré ici,0.7485822306238185,0.21976973889771845,0.21595306610806575
339cbc4cc198848f,363700,seismic-bumps,963,ep128_200,200,102,26,128,1e-05,0.0,standard,128,128,128,1,345,3.2,mesuré ici,0.7548609235754793,0.2201787175963164,0.318558436956552
339cbc4cc198848f,363700,seismic-bumps,963,ep128_200,200,102,26,128,1e-05,0.0,standard,128,128,128,2,345,3.1,mesuré ici,0.7310964083175804,0.2231032375905867,0.2148966274587747
339cbc4cc198848f,363700,seismic-bumps,963,ep128_200,200,102,26,128,1e-05,0.0,standard,256,256,256,0,345,3.1,mesuré ici,0.7603969754253307,0.2178863669349668,0.28106267659579265
339cbc4cc198848f,363700,seismic-bumps,963,ep128_200,200,102,26,128,1e-05,0.0,standard,256,256,256,1,345,3.1,mesuré ici,0.7583715906022144,0.2181849381149128,0.2549305539013507
339cbc4cc198848f,363700,seismic-bumps,963,ep128_200,200,102,26,128,1e-05,0.0,standard,256,256,256,2,345,3.2,mesuré ici,0.7529705644072373,0.21942411196312797,0.26668411984941837
339cbc4cc198848f,363700,seismic-bumps,963,ep128_200,200,102,26,128,1e-05,0.0,standard,512,512,512,0,345,3.1,mesuré ici,0.7654604374831218,0.21615830098135647,0.20187113265330145
339cbc4cc198848f,363700,seismic-bumps,963,ep128_200,200,102,26,128,1e-05,0.0,standard,full,963,963,0,345,3.2,mesuré ici,0.7594517958412098,0.21710620687023266,0.2396673241599337
339cbc4cc198848f,363706,taiwanese_bankruptcy_prediction,2545,ep128_25,25,102,26,128,1e-05,0.0,standard,32,32,32,0,910,4.8,mesuré ici,0.9243414615053427,0.10910002272492673,0.2045284246248265
339cbc4cc198848f,363706,taiwanese_bankruptcy_prediction,2545,ep128_25,25,102,26,128,1e-05,0.0,standard,32,32,32,1,910,4.6,mesuré ici,0.9431093193471369,0.12185749569778988,0.2986954516417246
339cbc4cc198848f,363706,taiwanese_bankruptcy_prediction,2545,ep128_25,25,102,26,128,1e-05,0.0,standard,32,32,32,2,910,4.6,mesuré ici,0.8618928333789972,0.13008619633791643,0.19743936092942077
339cbc4cc198848f,363706,taiwanese_bankruptcy_prediction,2545,ep128_25,25,102,26,128,1e-05,0.0,standard,64,64,64,0,910,4.6,mesuré ici,0.8021448980390622,0.1381923639948258,0.2235653442971244
339cbc4cc198848f,363706,taiwanese_bankruptcy_prediction,2545,ep128_25,25,102,26,128,1e-05,0.0,standard,64,64,64,1,910,4.6,mesuré ici,0.8196602606755646,0.12158829963458534,0.11861085502724218
339cbc4cc198848f,363706,taiwanese_bankruptcy_prediction,2545,ep128_25,25,102,26,128,1e-05,0.0,standard,64,64,64,2,910,5.0,mesuré ici,0.8966691455634271,0.1044470305201865,0.2559243923973973
339cbc4cc198848f,363706,taiwanese_bankruptcy_prediction,2545,ep128_25,25,102,26,128,1e-05,0.0,standard,128,128,128,0,910,4.5,mesuré ici,0.8744373556694978,0.12113102093803871,0.1910628913667167
339cbc4cc198848f,363706,taiwanese_bankruptcy_prediction,2545,ep128_25,25,102,26,128,1e-05,0.0,standard,128,128,128,1,910,4.5,mesuré ici,0.8780187091471291,0.10945574014264539,0.2952669269402862
339cbc4cc198848f,363706,taiwanese_bankruptcy_prediction,2545,ep128_25,25,102,26,128,1e-05,0.0,standard,128,128,128,2,910,4.5,mesuré ici,0.8970605503150809,0.10306605397440965,0.2853635421629902
339cbc4cc198848f,363706,taiwanese_bankruptcy_prediction,2545,ep128_25,25,102,26,128,1e-05,0.0,standard,256,256,256,0,910,4.5,mesuré ici,0.8959646170104505,0.10115956166278676,0.31989733297300316
339cbc4cc198848f,363706,taiwanese_bankruptcy_prediction,2545,ep128_25,25,102,26,128,1e-05,0.0,standard,256,256,256,1,910,4.6,mesuré ici,0.9227562722611452,0.09156744986695527,0.40507644501705675
339cbc4cc198848f,363706,taiwanese_bankruptcy_prediction,2545,ep128_25,25,102,26,128,1e-05,0.0,standard,256,256,256,2,910,4.5,mesuré ici,0.9256526674233825,0.0936163245893389,0.3330582300754401
339cbc4cc198848f,363706,taiwanese_bankruptcy_prediction,2545,ep128_25,25,102,26,128,1e-05,0.0,standard,512,512,512,0,910,4.8,mesuré ici,0.9353007945516459,0.08720257137350344,0.48882130787280104
339cbc4cc198848f,363706,taiwanese_bankruptcy_prediction,2545,ep128_25,25,102,26,128,1e-05,0.0,standard,1024,1024,1024,0,910,6.1,mesuré ici,0.9408978825002936,0.08521766077660355,0.4303251397585774
339cbc4cc198848f,363706,taiwanese_bankruptcy_prediction,2545,ep128_25,25,102,26,128,1e-05,0.0,standard,2048,2048,2048,0,910,10.8,mesuré ici,0.9426983443579006,0.0821894593534146,0.4715811185440965
339cbc4cc198848f,363706,taiwanese_bankruptcy_prediction,2545,ep128_25,25,102,26,128,1e-05,0.0,standard,full,2545,2545,0,910,12.5,mesuré ici,0.9451446240557361,0.07971013423474264,0.5349424835409355
339cbc4cc198848f,363706,taiwanese_bankruptcy_prediction,2545,ep128_50,50,102,26,128,1e-05,0.0,standard,32,32,32,0,910,4.8,mesuré ici,0.9299972601667386,0.10785270846763399,0.22715724991690103
339cbc4cc198848f,363706,taiwanese_bankruptcy_prediction,2545,ep128_50,50,102,26,128,1e-05,0.0,standard,32,32,32,1,910,4.5,mesuré ici,0.9476300442287369,0.13312428196863696,0.31760554566814775
339cbc4cc198848f,363706,taiwanese_bankruptcy_prediction,2545,ep128_50,50,102,26,128,1e-05,0.0,standard,32,32,32,2,910,4.4,mesuré ici,0.8859446553681162,0.12696214793503818,0.2403548156989393
339cbc4cc198848f,363706,taiwanese_bankruptcy_prediction,2545,ep128_50,50,102,26,128,1e-05,0.0,standard,64,64,64,0,910,4.4,mesuré ici,0.85527809307605,0.1240443653810716,0.25881916716403064
339cbc4cc198848f,363706,taiwanese_bankruptcy_prediction,2545,ep128_50,50,102,26,128,1e-05,0.0,standard,64,64,64,1,910,4.4,mesuré ici,0.8310501389486868,0.12089221321604073,0.15996502941540128
339cbc4cc198848f,363706,taiwanese_bankruptcy_prediction,2545,ep128_50,50,102,26,128,1e-05,0.0,standard,64,64,64,2,910,4.5,mesuré ici,0.9030881834905475,0.10504595911515245,0.28187039273404557
339cbc4cc198848f,363706,taiwanese_bankruptcy_prediction,2545,ep128_50,50,102,26,128,1e-05,0.0,standard,128,128,128,0,910,4.5,mesuré ici,0.8943598575286704,0.11301158778203067,0.21867461364007107
339cbc4cc198848f,363706,taiwanese_bankruptcy_prediction,2545,ep128_50,50,102,26,128,1e-05,0.0,standard,128,128,128,1,910,4.5,mesuré ici,0.8737132568789384,0.11667694866779735,0.30842064292940835
339cbc4cc198848f,363706,taiwanese_bankruptcy_prediction,2545,ep128_50,50,102,26,128,1e-05,0.0,standard,128,128,128,2,910,4.5,mesuré ici,0.9188813652197737,0.09628968562857276,0.3178345637087636
339cbc4cc198848f,363706,taiwanese_bankruptcy_prediction,2545,ep128_50,50,102,26,128,1e-05,0.0,standard,256,256,256,0,910,4.5,mesuré ici,0.8978433598183881,0.10070944831414963,0.30445277192438236
339cbc4cc198848f,363706,taiwanese_bankruptcy_prediction,2545,ep128_50,50,102,26,128,1e-05,0.0,standard,256,256,256,1,910,4.7,mesuré ici,0.9244980234060041,0.09069598678743951,0.4139184210866448
339cbc4cc198848f,363706,taiwanese_bankruptcy_prediction,2545,ep128_50,50,102,26,128,1e-05,0.0,standard,256,256,256,2,910,4.5,mesuré ici,0.9246545853066657,0.09483854906218231,0.32464123948590373
339cbc4cc198848f,363706,taiwanese_bankruptcy_prediction,2545,ep128_50,50,102,26,128,1e-05,0.0,standard,512,512,512,0,910,4.8,mesuré ici,0.9385690242279542,0.08757432771273489,0.47824053854631043
339cbc4cc198848f,363706,taiwanese_bankruptcy_prediction,2545,ep128_50,50,102,26,128,1e-05,0.0,standard,1024,1024,1024,0,910,6.0,mesuré ici,0.9413871384398607,0.08568644059286712,0.4435494990096156
339cbc4cc198848f,363706,taiwanese_bankruptcy_prediction,2545,ep128_50,50,102,26,128,1e-05,0.0,standard,2048,2048,2048,0,910,10.6,mesuré ici,0.9418176836666796,0.08361039984952451,0.48641049498096245
339cbc4cc198848f,363706,taiwanese_bankruptcy_prediction,2545,ep128_50,50,102,26,128,1e-05,0.0,standard,full,2545,2545,0,910,12.6,mesuré ici,0.9444596657403421,0.0807567713258441,0.5354447650998736
339cbc4cc198848f,363706,taiwanese_bankruptcy_prediction,2545,ep128_200,200,102,26,128,1e-05,0.0,standard,32,32,32,0,910,4.8,mesuré ici,0.931014912521038,0.10942667263842798,0.3651409004432104
339cbc4cc198848f,363706,taiwanese_bankruptcy_prediction,2545,ep128_200,200,102,26,128,1e-05,0.0,standard,32,32,32,1,910,4.6,mesuré ici,0.9510548358057067,0.15701737867123292,0.35316905035190627
339cbc4cc198848f,363706,taiwanese_bankruptcy_prediction,2545,ep128_200,200,102,26,128,1e-05,0.0,standard,32,32,32,2,910,4.5,mesuré ici,0.915887118869623,0.1286439785893534,0.30726216241872845
339cbc4cc198848f,363706,taiwanese_bankruptcy_prediction,2545,ep128_200,200,102,26,128,1e-05,0.0,standard,64,64,64,0,910,4.5,mesuré ici,0.9256722376609652,0.09483230406287865,0.3140623745207229
339cbc4cc198848f,363706,taiwanese_bankruptcy_prediction,2545,ep128_200,200,102,26,128,1e-05,0.0,standard,64,64,64,1,910,4.5,mesuré ici,0.877646874633058,0.11481958716706986,0.2396581551384436
339cbc4cc198848f,363706,taiwanese_bankruptcy_prediction,2545,ep128_200,200,102,26,128,1e-05,0.0,standard,64,64,64,2,910,4.5,mesuré ici,0.9115229558886844,0.1107041764076011,0.30498743463362077
339cbc4cc198848f,363706,taiwanese_bankruptcy_prediction,2545,ep128_200,200,102,26,128,1e-05,0.0,standard,128,128,128,0,910,4.5,mesuré ici,0.9031664644408783,0.11456577414147966,0.30016552984979367
339cbc4cc198848f,363706,taiwanese_bankruptcy_prediction,2545,ep128_200,200,102,26,128,1e-05,0.0,standard,128,128,128,1,910,4.4,mesuré ici,0.892833378997221,0.12184052893877297,0.32654006920536355
339cbc4cc198848f,363706,taiwanese_bankruptcy_prediction,2545,ep128_200,200,102,26,128,1e-05,0.0,standard,128,128,128,2,910,4.5,mesuré ici,0.9281380875963834,0.09640560660036958,0.33715985108775925
339cbc4cc198848f,363706,taiwanese_bankruptcy_prediction,2545,ep128_200,200,102,26,128,1e-05,0.0,standard,256,256,256,0,910,4.5,mesuré ici,0.8973541038788211,0.10765065605974328,0.30904898257474545
339cbc4cc198848f,363706,taiwanese_bankruptcy_prediction,2545,ep128_200,200,102,26,128,1e-05,0.0,standard,256,256,256,1,910,4.7,mesuré ici,0.9364358683314415,0.09275944100334937,0.3912798506884511
339cbc4cc198848f,363706,taiwanese_bankruptcy_prediction,2545,ep128_200,200,102,26,128,1e-05,0.0,standard,256,256,256,2,910,4.5,mesuré ici,0.9255743864730518,0.10291823953137173,0.3464133553106398
339cbc4cc198848f,363706,taiwanese_bankruptcy_prediction,2545,ep128_200,200,102,26,128,1e-05,0.0,standard,512,512,512,0,910,4.8,mesuré ici,0.9425417824572391,0.09057214756906105,0.42653951950963953
339cbc4cc198848f,363706,taiwanese_bankruptcy_prediction,2545,ep128_200,200,102,26,128,1e-05,0.0,standard,1024,1024,1024,0,910,6.1,mesuré ici,0.9457904418959646,0.09035510611124127,0.44441056974671467
339cbc4cc198848f,363706,taiwanese_bankruptcy_prediction,2545,ep128_200,200,102,26,128,1e-05,0.0,standard,2048,2048,2048,0,910,10.7,mesuré ici,0.9409370229754589,0.08949831632239834,0.46449289266896754
339cbc4cc198848f,363706,taiwanese_bankruptcy_prediction,2545,ep128_200,200,102,26,128,1e-05,0.0,standard,full,2545,2545,0,910,12.6,mesuré ici,0.9408196015499627,0.08769917684167605,0.43987238764227277
339cbc4cc198848f,363712,jm1,4062,ep128_25,25,102,26,128,1e-05,0.0,standard,32,32,32,0,1024,5.0,mesuré ici,0.6290446841294299,0.7030354166432161,0.26680129262730345
339cbc4cc198848f,363712,jm1,4062,ep128_25,25,102,26,128,1e-05,0.0,standard,32,32,32,1,1024,4.6,mesuré ici,0.6384364223347274,0.5556245340148475,0.27276293992958145
339cbc4cc198848f,363712,jm1,4062,ep128_25,25,102,26,128,1e-05,0.0,standard,32,32,32,2,1024,4.7,mesuré ici,0.48726979235453816,0.4959972537133238,0.2433740121614776
339cbc4cc198848f,363712,jm1,4062,ep128_25,25,102,26,128,1e-05,0.0,standard,64,64,64,0,1024,4.7,mesuré ici,0.6468467972705262,0.48149525559967377,0.28337502674103265
339cbc4cc198848f,363712,jm1,4062,ep128_25,25,102,26,128,1e-05,0.0,standard,64,64,64,1,1024,4.7,mesuré ici,0.6393994423655441,0.4696878072550097,0.30516191838239337
339cbc4cc198848f,363712,jm1,4062,ep128_25,25,102,26,128,1e-05,0.0,standard,64,64,64,2,1024,5.0,mesuré ici,0.6371523956269719,0.48746554621031657,0.2836103686265954
339cbc4cc198848f,363712,jm1,4062,ep128_25,25,102,26,128,1e-05,0.0,standard,128,128,128,0,1024,4.7,mesuré ici,0.6327622471690267,0.4782615820223743,0.307153850744837
339cbc4cc198848f,363712,jm1,4062,ep128_25,25,102,26,128,1e-05,0.0,standard,128,128,128,1,1024,4.6,mesuré ici,0.6535084501186196,0.4661924090803,0.33929732892683473
339cbc4cc198848f,363712,jm1,4062,ep128_25,25,102,26,128,1e-05,0.0,standard,128,128,128,2,1024,4.6,mesuré ici,0.6539028297502874,0.4656571883391702,0.34288485413394976
339cbc4cc198848f,363712,jm1,4062,ep128_25,25,102,26,128,1e-05,0.0,standard,256,256,256,0,1024,4.6,mesuré ici,0.668580477902512,0.4625400233915516,0.35789434073937754
339cbc4cc198848f,363712,jm1,4062,ep128_25,25,102,26,128,1e-05,0.0,standard,256,256,256,1,1024,4.7,mesuré ici,0.698213979993641,0.45629390674073245,0.35374790419003665
339cbc4cc198848f,363712,jm1,4062,ep128_25,25,102,26,128,1e-05,0.0,standard,256,256,256,2,1024,4.6,mesuré ici,0.6538416856213467,0.4709204202444568,0.3053232798155905
339cbc4cc198848f,363712,jm1,4062,ep128_25,25,102,26,128,1e-05,0.0,standard,512,512,512,0,1024,4.7,mesuré ici,0.6681646978257147,0.46395444852623735,0.3323440773910915
339cbc4cc198848f,363712,jm1,4062,ep128_25,25,102,26,128,1e-05,0.0,standard,1024,1024,1024,0,1024,4.7,mesuré ici,0.690103211289652,0.4586469528314536,0.3536210744068686
339cbc4cc198848f,363712,jm1,4062,ep128_25,25,102,26,128,1e-05,0.0,standard,2048,2048,2048,0,1024,6.2,mesuré ici,0.7082079878690047,0.4450414282749108,0.3678632999637672
339cbc4cc198848f,363712,jm1,4062,ep128_25,25,102,26,128,1e-05,0.0,standard,full,4062,4062,0,1024,10.6,mesuré ici,0.7304002494680462,0.43042625941446583,0.42228392476508314
339cbc4cc198848f,363712,jm1,4062,ep128_50,50,102,26,128,1e-05,0.0,standard,32,32,32,0,1024,4.9,mesuré ici,0.6364217232861301,0.6272823659677831,0.2724622703533624
339cbc4cc198848f,363712,jm1,4062,ep128_50,50,102,26,128,1e-05,0.0,standard,32,32,32,1,1024,4.8,mesuré ici,0.6398580233325996,0.5574727669758734,0.2755736742143297
339cbc4cc198848f,363712,jm1,4062,ep128_50,50,102,26,128,1e-05,0.0,standard,32,32,32,2,1024,4.7,mesuré ici,0.5172671020128647,0.4928221968113068,0.2503707055856466
339cbc4cc198848f,363712,jm1,4062,ep128_50,50,102,26,128,1e-05,0.0,standard,64,64,64,0,1024,4.6,mesuré ici,0.6451164184215032,0.4834037117404869,0.28896438647227707
339cbc4cc198848f,363712,jm1,4062,ep128_50,50,102,26,128,1e-05,0.0,standard,64,64,64,1,1024,4.7,mesuré ici,0.6453395944921368,0.4689476814730395,0.3085553353547758
339cbc4cc198848f,363712,jm1,4062,ep128_50,50,102,26,128,1e-05,0.0,standard,64,64,64,2,1024,4.6,mesuré ici,0.6437345611074425,0.4843636992498035,0.2907206325732411
339cbc4cc198848f,363712,jm1,4062,ep128_50,50,102,26,128,1e-05,0.0,standard,128,128,128,0,1024,4.6,mesuré ici,0.6457981754591923,0.47288761679865676,0.31366345308781024
339cbc4cc198848f,363712,jm1,4062,ep128_50,50,102,26,128,1e-05,0.0,standard,128,128,128,1,1024,4.6,mesuré ici,0.660234304302101,0.4634524691838667,0.34618902015004205
339cbc4cc198848f,363712,jm1,4062,ep128_50,50,102,26,128,1e-05,0.0,standard,128,128,128,2,1024,4.7,mesuré ici,0.6568897204490425,0.46364461840427684,0.34843151196037847
339cbc4cc198848f,363712,jm1,4062,ep128_50,50,102,26,128,1e-05,0.0,standard,256,256,256,0,1024,4.7,mesuré ici,0.6721421234133099,0.46283796375608693,0.3606325545631263
339cbc4cc198848f,363712,jm1,4062,ep128_50,50,102,26,128,1e-05,0.0,standard,256,256,256,1,1024,4.7,mesuré ici,0.6958874458874458,0.45464236712242745,0.36121867893519777
339cbc4cc198848f,363712,jm1,4062,ep128_50,50,102,26,128,1e-05,0.0,standard,256,256,256,2,1024,4.6,mesuré ici,0.654948394355174,0.4690504783559848,0.3061816965466235
339cbc4cc198848f,363712,jm1,4062,ep128_50,50,102,26,128,1e-05,0.0,standard,512,512,512,0,1024,4.7,mesuré ici,0.6709773277569888,0.4622257451874703,0.32691627249445443
339cbc4cc198848f,363712,jm1,4062,ep128_50,50,102,26,128,1e-05,0.0,standard,1024,1024,1024,0,1024,4.7,mesuré ici,0.6890117885880598,0.45969336065863486,0.3494730063598086
339cbc4cc198848f,363712,jm1,4062,ep128_50,50,102,26,128,1e-05,0.0,standard,2048,2048,2048,0,1024,6.3,mesuré ici,0.6943068701543278,0.46260555375612344,0.3517715918011716
339cbc4cc198848f,363712,jm1,4062,ep128_50,50,102,26,128,1e-05,0.0,standard,full,4062,4062,0,1024,10.7,mesuré ici,0.7117146036637563,0.47397690024812306,0.39437351451685054
339cbc4cc198848f,363712,jm1,4062,ep128_200,200,102,26,128,1e-05,0.0,standard,32,32,32,0,1024,5.0,mesuré ici,0.6493598209699905,0.4900178754105485,0.2864665240048757
339cbc4cc198848f,363712,jm1,4062,ep128_200,200,102,26,128,1e-05,0.0,standard,32,32,32,1,1024,4.7,mesuré ici,0.6490479859123927,0.5032064328034676,0.2863700975888338
339cbc4cc198848f,363712,jm1,4062,ep128_200,200,102,26,128,1e-05,0.0,standard,32,32,32,2,1024,4.7,mesuré ici,0.5118986474918679,0.490148428834986,0.2698097808965778
339cbc4cc198848f,363712,jm1,4062,ep128_200,200,102,26,128,1e-05,0.0,standard,64,64,64,0,1024,4.7,mesuré ici,0.6617934795900897,0.4764115746270771,0.30890995746044686
339cbc4cc198848f,363712,jm1,4062,ep128_200,200,102,26,128,1e-05,0.0,standard,64,64,64,1,1024,4.7,mesuré ici,0.6610505784234598,0.4655629202594119,0.3219869840551607
339cbc4cc198848f,363712,jm1,4062,ep128_200,200,102,26,128,1e-05,0.0,standard,64,64,64,2,1024,4.6,mesuré ici,0.656599285836574,0.47202428754444203,0.31124789824515614
339cbc4cc198848f,363712,jm1,4062,ep128_200,200,102,26,128,1e-05,0.0,standard,128,128,128,0,1024,4.7,mesuré ici,0.6544133832269425,0.4685492706086295,0.32035877018563635
339cbc4cc198848f,363712,jm1,4062,ep128_200,200,102,26,128,1e-05,0.0,standard,128,128,128,1,1024,4.6,mesuré ici,0.6622000880475458,0.46860514597707525,0.33720021749999673
339cbc4cc198848f,363712,jm1,4062,ep128_200,200,102,26,128,1e-05,0.0,standard,128,128,128,2,1024,4.6,mesuré ici,0.6512430601413653,0.47564128744664436,0.32957838229051706
339cbc4cc198848f,363712,jm1,4062,ep128_200,200,102,26,128,1e-05,0.0,standard,256,256,256,0,1024,4.7,mesuré ici,0.6618515665125835,0.4714060375969345,0.3439919545809637
339cbc4cc198848f,363712,jm1,4062,ep128_200,200,102,26,128,1e-05,0.0,standard,256,256,256,1,1024,4.6,mesuré ici,0.6749058380414312,0.4624628802989277,0.33537623954198836
339cbc4cc198848f,363712,jm1,4062,ep128_200,200,102,26,128,1e-05,0.0,standard,256,256,256,2,1024,4.7,mesuré ici,0.6560123021987428,0.4862159467349667,0.3141757280966636
339cbc4cc198848f,363712,jm1,4062,ep128_200,200,102,26,128,1e-05,0.0,standard,512,512,512,0,1024,4.6,mesuré ici,0.6695740699977988,0.46914796714275253,0.32422922296569284
339cbc4cc198848f,363712,jm1,4062,ep128_200,200,102,26,128,1e-05,0.0,standard,1024,1024,1024,0,1024,4.8,mesuré ici,0.6694884682172817,0.47163885867437816,0.3250674370072628
339cbc4cc198848f,363712,jm1,4062,ep128_200,200,102,26,128,1e-05,0.0,standard,2048,2048,2048,0,1024,6.3,mesuré ici,0.6742485386553184,0.46111519065932083,0.33601175538351497
339cbc4cc198848f,363712,jm1,4062,ep128_200,200,102,26,128,1e-05,0.0,standard,full,4062,4062,0,1024,10.7,mesuré ici,0.6996906107075599,0.4474218760968124,0.3711216458746919
339cbc4cc198848f,363619,Bank_Customer_Churn,3732,ep640_25,25,512,128,640,1e-05,0.0,standard,32,32,32,0,1024,4.9,mesuré ici,0.7040185516775765,0.48554705180340774,0.33739843488770765
339cbc4cc198848f,363619,Bank_Customer_Churn,3732,ep640_25,25,512,128,640,1e-05,0.0,standard,32,32,32,1,1024,4.5,mesuré ici,0.8253412393225115,0.42137814464053824,0.569310452414781
339cbc4cc198848f,363619,Bank_Customer_Churn,3732,ep640_25,25,512,128,640,1e-05,0.0,standard,32,32,32,2,1024,4.5,mesuré ici,0.7140194322951829,0.46758595326401564,0.3976061841565757
339cbc4cc198848f,363619,Bank_Customer_Churn,3732,ep640_25,25,512,128,640,1e-05,0.0,standard,64,64,64,0,1024,4.4,mesuré ici,0.777949335133707,0.4385617869517434,0.5228185440317595
339cbc4cc198848f,363619,Bank_Customer_Churn,3732,ep640_25,25,512,128,640,1e-05,0.0,standard,64,64,64,1,1024,4.4,mesuré ici,0.7297267150027886,0.47554365697366097,0.4427068157357641
339cbc4cc198848f,363619,Bank_Customer_Churn,3732,ep640_25,25,512,128,640,1e-05,0.0,standard,64,64,64,2,1024,4.8,mesuré ici,0.7891331787360201,0.41038233240342736,0.5745131610272731
339cbc4cc198848f,363619,Bank_Customer_Churn,3732,ep640_25,25,512,128,640,1e-05,0.0,standard,128,128,128,0,1024,4.7,mesuré ici,0.8391111632958582,0.380667620464487,0.6356538560372912
339cbc4cc198848f,363619,Bank_Customer_Churn,3732,ep640_25,25,512,128,640,1e-05,0.0,standard,128,128,128,1,1024,4.5,mesuré ici,0.8178647958434848,0.39400618887948113,0.5864417800807014
339cbc4cc198848f,363619,Bank_Customer_Churn,3732,ep640_25,25,512,128,640,1e-05,0.0,standard,128,128,128,2,1024,4.6,mesuré ici,0.7892329820647548,0.42846573215136186,0.5202855350895862
339cbc4cc198848f,363619,Bank_Customer_Churn,3732,ep640_25,25,512,128,640,1e-05,0.0,standard,256,256,256,0,1024,4.6,mesuré ici,0.8431972289899314,0.3768948169588744,0.6433155285304452
339cbc4cc198848f,363619,Bank_Customer_Churn,3732,ep640_25,25,512,128,640,1e-05,0.0,standard,256,256,256,1,1024,4.5,mesuré ici,0.8448909501863975,0.3606093698103757,0.6799410900112021
339cbc4cc198848f,363619,Bank_Customer_Churn,3732,ep640_25,25,512,128,640,1e-05,0.0,standard,256,256,256,2,1024,4.6,mesuré ici,0.8286963924032055,0.36550579448924675,0.6774257797390056
339cbc4cc198848f,363619,Bank_Customer_Churn,3732,ep640_25,25,512,128,640,1e-05,0.0,standard,512,512,512,0,1024,4.6,mesuré ici,0.8516775765403469,0.34581614556142704,0.6920411809180542
339cbc4cc198848f,363619,Bank_Customer_Churn,3732,ep640_25,25,512,128,640,1e-05,0.0,standard,1024,1024,1024,0,1024,4.6,mesuré ici,0.8582880793730001,0.33706607075277495,0.7207797540824781
339cbc4cc198848f,363619,Bank_Customer_Churn,3732,ep640_25,25,512,128,640,1e-05,0.0,standard,2048,2048,2048,0,1024,5.7,mesuré ici,0.8587548067044353,0.33606431601074105,0.7136500637969637
339cbc4cc198848f,363619,Bank_Customer_Churn,3732,ep640_25,25,512,128,640,1e-05,0.0,standard,full,3732,3732,0,1024,8.6,mesuré ici,0.8596559720550679,0.33339656588787914,0.7189585971242608
339cbc4cc198848f,363619,Bank_Customer_Churn,3732,ep640_50,50,512,128,640,1e-05,0.0,standard,32,32,32,0,1024,4.6,mesuré ici,0.704074324125987,0.48774342573982893,0.3364226224117994
339cbc4cc198848f,363619,Bank_Customer_Churn,3732,ep640_50,50,512,128,640,1e-05,0.0,standard,32,32,32,1,1024,4.4,mesuré ici,0.8244136554436845,0.4200649016659781,0.5683266109659942
339cbc4cc198848f,363619,Bank_Customer_Churn,3732,ep640_50,50,512,128,640,1e-05,0.0,standard,32,32,32,2,1024,4.5,mesuré ici,0.7170869169577597,0.466969299958628,0.40363714077870505
339cbc4cc198848f,363619,Bank_Customer_Churn,3732,ep640_50,50,512,128,640,1e-05,0.0,standard,64,64,64,0,1024,4.5,mesuré ici,0.7777820177884756,0.43624608599624737,0.5293576894439875
339cbc4cc198848f,363619,Bank_Customer_Churn,3732,ep640_50,50,512,128,640,1e-05,0.0,standard,64,64,64,1,1024,4.4,mesuré ici,0.7434966389761352,0.47403939159727226,0.47740066105542167
339cbc4cc198848f,363619,Bank_Customer_Churn,3732,ep640_50,50,512,128,640,1e-05,0.0,standard,64,64,64,2,1024,4.5,mesuré ici,0.7906654533712978,0.40477893584664526,0.5751482532099809
339cbc4cc198848f,363619,Bank_Customer_Churn,3732,ep640_50,50,512,128,640,1e-05,0.0,standard,128,128,128,0,1024,4.5,mesuré ici,0.8413332550562127,0.37774212396768936,0.6506239724865289
339cbc4cc198848f,363619,Bank_Customer_Churn,3732,ep640_50,50,512,128,640,1e-05,0.0,standard,128,128,128,1,1024,4.6,mesuré ici,0.8172307511668183,0.3922796631330822,0.5907502060418656
339cbc4cc198848f,363619,Bank_Customer_Churn,3732,ep640_50,50,512,128,640,1e-05,0.0,standard,128,128,128,2,1024,4.6,mesuré ici,0.7890832770716529,0.4251423241153515,0.5388638166410012
339cbc4cc198848f,363619,Bank_Customer_Churn,3732,ep640_50,50,512,128,640,1e-05,0.0,standard,256,256,256,0,1024,4.6,mesuré ici,0.8459359497460887,0.3757644195408778,0.6478262734839761
339cbc4cc198848f,363619,Bank_Customer_Churn,3732,ep640_50,50,512,128,640,1e-05,0.0,standard,256,256,256,1,1024,4.5,mesuré ici,0.844738309801274,0.35951471636943527,0.6806579044448875
339cbc4cc198848f,363619,Bank_Customer_Churn,3732,ep640_50,50,512,128,640,1e-05,0.0,standard,256,256,256,2,1024,4.5,mesuré ici,0.8266093286758447,0.3661916139917431,0.6773218741099016
339cbc4cc198848f,363619,Bank_Customer_Churn,3732,ep640_50,50,512,128,640,1e-05,0.0,standard,512,512,512,0,1024,4.6,mesuré ici,0.8493028443948689,0.3467018102428401,0.6888140360801775
339cbc4cc198848f,363619,Bank_Customer_Churn,3732,ep640_50,50,512,128,640,1e-05,0.0,standard,1024,1024,1024,0,1024,4.6,mesuré ici,0.8564387823993895,0.3360744855272801,0.719312377015582
339cbc4cc198848f,363619,Bank_Customer_Churn,3732,ep640_50,50,512,128,640,1e-05,0.0,standard,2048,2048,2048,0,1024,5.7,mesuré ici,0.8573810432383244,0.3356293686354852,0.7117173531095499
339cbc4cc198848f,363619,Bank_Customer_Churn,3732,ep640_50,50,512,128,640,1e-05,0.0,standard,full,3732,3732,0,1024,8.6,mesuré ici,0.8573458185340652,0.3339691707793605,0.7165315438274065
339cbc4cc198848f,363619,Bank_Customer_Churn,3732,ep640_200,200,512,128,640,1e-05,0.0,standard,32,32,32,0,1024,4.7,mesuré ici,0.7050723574133325,0.4871362493832294,0.34361418647718844
339cbc4cc198848f,363619,Bank_Customer_Churn,3732,ep640_200,200,512,128,640,1e-05,0.0,standard,32,32,32,1,1024,4.5,mesuré ici,0.8219655384976663,0.4237842419226722,0.5587544259895643
339cbc4cc198848f,363619,Bank_Customer_Churn,3732,ep640_200,200,512,128,640,1e-05,0.0,standard,32,32,32,2,1024,4.5,mesuré ici,0.7212346258842869,0.4679658426313776,0.40591964649819745
339cbc4cc198848f,363619,Bank_Customer_Churn,3732,ep640_200,200,512,128,640,1e-05,0.0,standard,64,64,64,0,1024,4.5,mesuré ici,0.7758299820941087,0.43768229711661305,0.5196529374917159
339cbc4cc198848f,363619,Bank_Customer_Churn,3732,ep640_200,200,512,128,640,1e-05,0.0,standard,64,64,64,1,1024,4.5,mesuré ici,0.7565532626882321,0.47436788805081104,0.49153234900457177
339cbc4cc198848f,363619,Bank_Customer_Churn,3732,ep640_200,200,512,128,640,1e-05,0.0,standard,64,64,64,2,1024,4.5,mesuré ici,0.8001790589133179,0.3998380963525193,0.5866264740293069
339cbc4cc198848f,363619,Bank_Customer_Churn,3732,ep640_200,200,512,128,640,1e-05,0.0,standard,128,128,128,0,1024,4.5,mesuré ici,0.8372060938738367,0.3819990389154673,0.6367160114341563
339cbc4cc198848f,363619,Bank_Customer_Churn,3732,ep640_200,200,512,128,640,1e-05,0.0,standard,128,128,128,1,1024,4.5,mesuré ici,0.8266034578918016,0.3801384038708163,0.626228777168057
339cbc4cc198848f,363619,Bank_Customer_Churn,3732,ep640_200,200,512,128,640,1e-05,0.0,standard,128,128,128,2,1024,4.6,mesuré ici,0.7927084862183345,0.42468620254103423,0.5384647510188669
339cbc4cc198848f,363619,Bank_Customer_Churn,3732,ep640_200,200,512,128,640,1e-05,0.0,standard,256,256,256,0,1024,4.5,mesuré ici,0.8402089999119382,0.3787849277175005,0.635715663460292
339cbc4cc198848f,363619,Bank_Customer_Churn,3732,ep640_200,200,512,128,640,1e-05,0.0,standard,256,256,256,1,1024,4.5,mesuré ici,0.8502568468018904,0.354167808824052,0.692905233318158
339cbc4cc198848f,363619,Bank_Customer_Churn,3732,ep640_200,200,512,128,640,1e-05,0.0,standard,256,256,256,2,1024,4.5,mesuré ici,0.8368244929110282,0.35560669157361824,0.6893035164591594
339cbc4cc198848f,363619,Bank_Customer_Churn,3732,ep640_200,200,512,128,640,1e-05,0.0,standard,512,512,512,0,1024,4.6,mesuré ici,0.851862506237708,0.3433550212608385,0.6950159429197069
339cbc4cc198848f,363619,Bank_Customer_Churn,3732,ep640_200,200,512,128,640,1e-05,0.0,standard,1024,1024,1024,0,1024,4.6,mesuré ici,0.8563301728945901,0.33610086072611567,0.7144668176772017
339cbc4cc198848f,363619,Bank_Customer_Churn,3732,ep640_200,200,512,128,640,1e-05,0.0,standard,2048,2048,2048,0,1024,5.8,mesuré ici,0.8597528399917809,0.3344129001163725,0.7112242127102589
339cbc4cc198848f,363619,Bank_Customer_Churn,3732,ep640_200,200,512,128,640,1e-05,0.0,standard,full,3732,3732,0,1024,8.7,mesuré ici,0.8598614494965802,0.33278168801079216,0.7171493509585972
339cbc4cc198848f,363623,churn,1866,ep640_25,25,512,128,640,1e-05,0.0,standard,32,32,32,0,667,4.2,mesuré ici,0.6990921243177008,0.392171963094079,0.2963380886685706
339cbc4cc198848f,363623,churn,1866,ep640_25,25,512,128,640,1e-05,0.0,standard,32,32,32,1,667,3.9,mesuré ici,0.7819984404589506,0.3478096313332638,0.444775539644424
339cbc4cc198848f,363623,churn,1866,ep640_25,25,512,128,640,1e-05,0.0,standard,32,32,32,2,667,3.8,mesuré ici,0.6961494188852995,0.3807744690758869,0.2862844547475569
339cbc4cc198848f,363623,churn,1866,ep640_25,25,512,128,640,1e-05,0.0,standard,64,64,64,0,667,3.8,mesuré ici,0.8385596524451376,0.3442757971736547,0.5480021789493292
339cbc4cc198848f,363623,churn,1866,ep640_25,25,512,128,640,1e-05,0.0,standard,64,64,64,1,667,3.8,mesuré ici,0.7497679254390851,0.36678510678399606,0.3435108936546432
339cbc4cc198848f,363623,churn,1866,ep640_25,25,512,128,640,1e-05,0.0,standard,64,64,64,2,667,3.8,mesuré ici,0.7808009357246296,0.34110158711687605,0.44134653064081947
339cbc4cc198848f,363623,churn,1866,ep640_25,25,512,128,640,1e-05,0.0,standard,128,128,128,0,667,4.5,mesuré ici,0.7667465003156214,0.37502638995306214,0.352389508634098
339cbc4cc198848f,363623,churn,1866,ep640_25,25,512,128,640,1e-05,0.0,standard,128,128,128,1,667,3.9,mesuré ici,0.826566039137054,0.3003220676487255,0.587351247022314
339cbc4cc198848f,363623,churn,1866,ep640_25,25,512,128,640,1e-05,0.0,standard,128,128,128,2,667,3.9,mesuré ici,0.8179699974007649,0.31302495812857967,0.5128763786708034
339cbc4cc198848f,363623,churn,1866,ep640_25,25,512,128,640,1e-05,0.0,standard,256,256,256,0,667,3.8,mesuré ici,0.860374661171141,0.27484114799473947,0.6898180529467738
339cbc4cc198848f,363623,churn,1866,ep640_25,25,512,128,640,1e-05,0.0,standard,256,256,256,1,667,3.8,mesuré ici,0.8970888567078832,0.23395524589043457,0.7457495348386224
339cbc4cc198848f,363623,churn,1866,ep640_25,25,512,128,640,1e-05,0.0,standard,256,256,256,2,667,3.8,mesuré ici,0.897850061267684,0.2445932758529258,0.7313849407629709
339cbc4cc198848f,363623,churn,1866,ep640_25,25,512,128,640,1e-05,0.0,standard,512,512,512,0,667,3.9,mesuré ici,0.8980264379339795,0.20526719835044352,0.8033643143395698
339cbc4cc198848f,363623,churn,1866,ep640_25,25,512,128,640,1e-05,0.0,standard,1024,1024,1024,0,667,4.0,mesuré ici,0.9162489324570197,0.14158005805717683,0.8795332736634427
339cbc4cc198848f,363623,churn,1866,ep640_25,25,512,128,640,1e-05,0.0,standard,full,1866,1866,0,667,4.6,mesuré ici,0.9198043147302365,0.1354248883766113,0.8795710101794287
339cbc4cc198848f,363623,churn,1866,ep640_50,50,512,128,640,1e-05,0.0,standard,32,32,32,0,667,4.1,mesuré ici,0.7031395046600571,0.39282519998057486,0.30088330026397647
339cbc4cc198848f,363623,churn,1866,ep640_50,50,512,128,640,1e-05,0.0,standard,32,32,32,1,667,3.9,mesuré ici,0.7795848650254354,0.35114493157307053,0.4399535127420105
339cbc4cc198848f,363623,churn,1866,ep640_50,50,512,128,640,1e-05,0.0,standard,32,32,32,2,667,3.8,mesuré ici,0.6973654895844936,0.3820681690768009,0.28975933859245506
339cbc4cc198848f,363623,churn,1866,ep640_50,50,512,128,640,1e-05,0.0,standard,64,64,64,0,667,3.8,mesuré ici,0.8383739927964057,0.34919394268736476,0.5518923428826592
339cbc4cc198848f,363623,churn,1866,ep640_50,50,512,128,640,1e-05,0.0,standard,64,64,64,1,667,3.8,mesuré ici,0.7620585941851399,0.3676912030396854,0.3647317611107275
339cbc4cc198848f,363623,churn,1866,ep640_50,50,512,128,640,1e-05,0.0,standard,64,64,64,2,667,3.8,mesuré ici,0.7850246927332813,0.3353592887573528,0.45069022422783594
339cbc4cc198848f,363623,churn,1866,ep640_50,50,512,128,640,1e-05,0.0,standard,128,128,128,0,667,3.8,mesuré ici,0.8033121681333779,0.33669513741800744,0.4014030376235052
339cbc4cc198848f,363623,churn,1866,ep640_50,50,512,128,640,1e-05,0.0,standard,128,128,128,1,667,3.9,mesuré ici,0.854015818202072,0.2791159801374406,0.6790411264214705
339cbc4cc198848f,363623,churn,1866,ep640_50,50,512,128,640,1e-05,0.0,standard,128,128,128,2,667,3.8,mesuré ici,0.8386431992870671,0.29833041589613135,0.5541746475956254
339cbc4cc198848f,363623,churn,1866,ep640_50,50,512,128,640,1e-05,0.0,standard,256,256,256,0,667,3.9,mesuré ici,0.8630017452006981,0.2756457406582297,0.6918004259822572
339cbc4cc198848f,363623,churn,1866,ep640_50,50,512,128,640,1e-05,0.0,standard,256,256,256,1,667,3.8,mesuré ici,0.9038097359919794,0.2294041806776533,0.7517709527698997
339cbc4cc198848f,363623,churn,1866,ep640_50,50,512,128,640,1e-05,0.0,standard,256,256,256,2,667,3.9,mesuré ici,0.908711150718503,0.24147263076495032,0.7643353203099693
339cbc4cc198848f,363623,churn,1866,ep640_50,50,512,128,640,1e-05,0.0,standard,512,512,512,0,667,3.9,mesuré ici,0.9234246778805093,0.18726033385747237,0.8432401469091334
339cbc4cc198848f,363623,churn,1866,ep640_50,50,512,128,640,1e-05,0.0,standard,1024,1024,1024,0,667,3.9,mesuré ici,0.9202591808696299,0.1372152338295787,0.8814851125554711
339cbc4cc198848f,363623,churn,1866,ep640_50,50,512,128,640,1e-05,0.0,standard,full,1866,1866,0,667,4.6,mesuré ici,0.916174668597527,0.12970478730388343,0.8801692586865475
339cbc4cc198848f,363623,churn,1866,ep640_200,200,512,128,640,1e-05,0.0,standard,32,32,32,0,667,4.1,mesuré ici,0.7052745906204745,0.3920805825778959,0.3091469407779782
339cbc4cc198848f,363623,churn,1866,ep640_200,200,512,128,640,1e-05,0.0,standard,32,32,32,1,667,3.8,mesuré ici,0.7801047120418849,0.3508347314543197,0.4384299071787605
339cbc4cc198848f,363623,churn,1866,ep640_200,200,512,128,640,1e-05,0.0,standard,32,32,32,2,667,3.9,mesuré ici,0.7047733095688982,0.3817403768186347,0.29336642108110883
339cbc4cc198848f,363623,churn,1866,ep640_200,200,512,128,640,1e-05,0.0,standard,64,64,64,0,667,3.8,mesuré ici,0.857450521703613,0.33909176603341973,0.5971354796406575
339cbc4cc198848f,363623,churn,1866,ep640_200,200,512,128,640,1e-05,0.0,standard,64,64,64,1,667,3.8,mesuré ici,0.7723998366195091,0.3650055587997514,0.36879572713278913
339cbc4cc198848f,363623,churn,1866,ep640_200,200,512,128,640,1e-05,0.0,standard,64,64,64,2,667,3.8,mesuré ici,0.7889699602688353,0.33008587019885666,0.48001104989201493
339cbc4cc198848f,363623,churn,1866,ep640_200,200,512,128,640,1e-05,0.0,standard,128,128,128,0,667,3.8,mesuré ici,0.812298095132004,0.33470420741087975,0.40427455186172556
339cbc4cc198848f,363623,churn,1866,ep640_200,200,512,128,640,1e-05,0.0,standard,128,128,128,1,667,3.9,mesuré ici,0.8730923471092793,0.25279340283801366,0.7106451047075268
339cbc4cc198848f,363623,churn,1866,ep640_200,200,512,128,640,1e-05,0.0,standard,128,128,128,2,667,3.8,mesuré ici,0.8508688871560656,0.28581241283595693,0.6024753710901118
339cbc4cc198848f,363623,churn,1866,ep640_200,200,512,128,640,1e-05,0.0,standard,256,256,256,0,667,3.8,mesuré ici,0.8712264676395233,0.27338859939003485,0.7114343589482551
339cbc4cc198848f,363623,churn,1866,ep640_200,200,512,128,640,1e-05,0.0,standard,256,256,256,1,667,3.8,mesuré ici,0.8851695072592922,0.24533803344785865,0.7447195351330455
339cbc4cc198848f,363623,churn,1866,ep640_200,200,512,128,640,1e-05,0.0,standard,256,256,256,2,667,3.9,mesuré ici,0.9057220303739186,0.23072082104580696,0.7695982844547937
339cbc4cc198848f,363623,churn,1866,ep640_200,200,512,128,640,1e-05,0.0,standard,512,512,512,0,667,3.9,mesuré ici,0.9113196687831867,0.1763627671563395,0.8400858846519519
339cbc4cc198848f,363623,churn,1866,ep640_200,200,512,128,640,1e-05,0.0,standard,1024,1024,1024,0,667,3.9,mesuré ici,0.9136682633396457,0.13174146675773044,0.8724716874688859
339cbc4cc198848f,363623,churn,1866,ep640_200,200,512,128,640,1e-05,0.0,standard,full,1866,1866,0,667,4.6,mesuré ici,0.9247150124391965,0.13619498379440975,0.8832211553625444
339cbc4cc198848f,363684,Marketing_Campaign,835,ep640_25,25,512,128,640,1e-05,0.0,standard,32,32,32,0,299,3.3,mesuré ici,0.7992563429571303,0.37424749875364444,0.5663065740071701
339cbc4cc198848f,363684,Marketing_Campaign,835,ep640_25,25,512,128,640,1e-05,0.0,standard,32,32,32,1,299,2.9,mesuré ici,0.7721347331583552,0.3791563578473269,0.38119608238115843
339cbc4cc198848f,363684,Marketing_Campaign,835,ep640_25,25,512,128,640,1e-05,0.0,standard,32,32,32,2,299,2.9,mesuré ici,0.7504811898512685,0.3839410099738342,0.4599565725981295
339cbc4cc198848f,363684,Marketing_Campaign,835,ep640_25,25,512,128,640,1e-05,0.0,standard,64,64,64,0,299,2.9,mesuré ici,0.861023622047244,0.31775299771039595,0.503614579918536
339cbc4cc198848f,363684,Marketing_Campaign,835,ep640_25,25,512,128,640,1e-05,0.0,standard,64,64,64,1,299,3.0,mesuré ici,0.7223534558180228,0.39172996852484343,0.3262898608625482
339cbc4cc198848f,363684,Marketing_Campaign,835,ep640_25,25,512,128,640,1e-05,0.0,standard,64,64,64,2,299,2.9,mesuré ici,0.7760279965004374,0.36357588706839494,0.4834664034189987
339cbc4cc198848f,363684,Marketing_Campaign,835,ep640_25,25,512,128,640,1e-05,0.0,standard,128,128,128,0,299,3.0,mesuré ici,0.8145231846019247,0.32964495279037315,0.545936625349626
339cbc4cc198848f,363684,Marketing_Campaign,835,ep640_25,25,512,128,640,1e-05,0.0,standard,128,128,128,1,299,3.0,mesuré ici,0.781583552055993,0.3561128923593957,0.42674757768665383
339cbc4cc198848f,363684,Marketing_Campaign,835,ep640_25,25,512,128,640,1e-05,0.0,standard,128,128,128,2,299,3.2,mesuré ici,0.7782152230971129,0.3631485066751717,0.5210067926346456
339cbc4cc198848f,363684,Marketing_Campaign,835,ep640_25,25,512,128,640,1e-05,0.0,standard,256,256,256,0,299,3.1,mesuré ici,0.8430008748906387,0.3214871738309053,0.5972304351144229
339cbc4cc198848f,363684,Marketing_Campaign,835,ep640_25,25,512,128,640,1e-05,0.0,standard,256,256,256,1,299,2.9,mesuré ici,0.8377077865266841,0.3249306503864216,0.5312891313983744
339cbc4cc198848f,363684,Marketing_Campaign,835,ep640_25,25,512,128,640,1e-05,0.0,standard,256,256,256,2,299,3.0,mesuré ici,0.8272090988626423,0.3202074639602496,0.5977584548916302
339cbc4cc198848f,363684,Marketing_Campaign,835,ep640_25,25,512,128,640,1e-05,0.0,standard,512,512,512,0,299,3.0,mesuré ici,0.8895450568678915,0.2801793853275861,0.6361079322775065
339cbc4cc198848f,363684,Marketing_Campaign,835,ep640_25,25,512,128,640,1e-05,0.0,standard,full,835,835,0,299,3.0,mesuré ici,0.9029308836395451,0.2639361857948844,0.6790176887763723
339cbc4cc198848f,363684,Marketing_Campaign,835,ep640_50,50,512,128,640,1e-05,0.0,standard,32,32,32,0,299,3.3,mesuré ici,0.8003937007874015,0.3780075141408694,0.5722236314721978
339cbc4cc198848f,363684,Marketing_Campaign,835,ep640_50,50,512,128,640,1e-05,0.0,standard,32,32,32,1,299,2.9,mesuré ici,0.7813210848643919,0.372664416338602,0.4012498744227741
339cbc4cc198848f,363684,Marketing_Campaign,835,ep640_50,50,512,128,640,1e-05,0.0,standard,32,32,32,2,299,3.0,mesuré ici,0.7545494313210849,0.38587148217824613,0.4707424759013072
339cbc4cc198848f,363684,Marketing_Campaign,835,ep640_50,50,512,128,640,1e-05,0.0,standard,64,64,64,0,299,3.0,mesuré ici,0.8582677165354331,0.32242054655235797,0.5008698139262365
339cbc4cc198848f,363684,Marketing_Campaign,835,ep640_50,50,512,128,640,1e-05,0.0,standard,64,64,64,1,299,2.9,mesuré ici,0.7367454068241469,0.39046623669123753,0.3746707848171397
339cbc4cc198848f,363684,Marketing_Campaign,835,ep640_50,50,512,128,640,1e-05,0.0,standard,64,64,64,2,299,2.9,mesuré ici,0.7855643044619423,0.36124697823904406,0.494396618761617
339cbc4cc198848f,363684,Marketing_Campaign,835,ep640_50,50,512,128,640,1e-05,0.0,standard,128,128,128,0,299,3.0,mesuré ici,0.8272528433945757,0.329166717150833,0.5746702012257915
339cbc4cc198848f,363684,Marketing_Campaign,835,ep640_50,50,512,128,640,1e-05,0.0,standard,128,128,128,1,299,3.0,mesuré ici,0.7930883639545057,0.3480614518802195,0.4680269243333603
339cbc4cc198848f,363684,Marketing_Campaign,835,ep640_50,50,512,128,640,1e-05,0.0,standard,128,128,128,2,299,2.9,mesuré ici,0.7826334208223973,0.3636320396718382,0.546827984497687
339cbc4cc198848f,363684,Marketing_Campaign,835,ep640_50,50,512,128,640,1e-05,0.0,standard,256,256,256,0,299,3.0,mesuré ici,0.8455380577427821,0.32170430471795225,0.6086783414653689
339cbc4cc198848f,363684,Marketing_Campaign,835,ep640_50,50,512,128,640,1e-05,0.0,standard,256,256,256,1,299,3.0,mesuré ici,0.8316272965879266,0.3335725043185707,0.5354580373660708
339cbc4cc198848f,363684,Marketing_Campaign,835,ep640_50,50,512,128,640,1e-05,0.0,standard,256,256,256,2,299,3.0,mesuré ici,0.8343394575678039,0.32471418995593004,0.6119238141387878
339cbc4cc198848f,363684,Marketing_Campaign,835,ep640_50,50,512,128,640,1e-05,0.0,standard,512,512,512,0,299,3.0,mesuré ici,0.8870516185476814,0.2842175546491684,0.6427437880621271
339cbc4cc198848f,363684,Marketing_Campaign,835,ep640_50,50,512,128,640,1e-05,0.0,standard,full,835,835,0,299,3.1,mesuré ici,0.9003937007874016,0.2688082455780292,0.6971396743938336
339cbc4cc198848f,363684,Marketing_Campaign,835,ep640_200,200,512,128,640,1e-05,0.0,standard,32,32,32,0,299,3.3,mesuré ici,0.8128171478565179,0.37131772751895725,0.5712556982232545
339cbc4cc198848f,363684,Marketing_Campaign,835,ep640_200,200,512,128,640,1e-05,0.0,standard,32,32,32,1,299,3.0,mesuré ici,0.7971128608923884,0.36399278957098397,0.44075872136883526
339cbc4cc198848f,363684,Marketing_Campaign,835,ep640_200,200,512,128,640,1e-05,0.0,standard,32,32,32,2,299,3.1,mesuré ici,0.7675415573053368,0.3808225145222034,0.5214288884341163
339cbc4cc198848f,363684,Marketing_Campaign,835,ep640_200,200,512,128,640,1e-05,0.0,standard,64,64,64,0,299,3.0,mesuré ici,0.8665354330708661,0.3086030736359565,0.5226133284274285
339cbc4cc198848f,363684,Marketing_Campaign,835,ep640_200,200,512,128,640,1e-05,0.0,standard,64,64,64,1,299,3.0,mesuré ici,0.7697287839020122,0.3740273828101148,0.4295822063294208
339cbc4cc198848f,363684,Marketing_Campaign,835,ep640_200,200,512,128,640,1e-05,0.0,standard,64,64,64,2,299,3.0,mesuré ici,0.8225721784776904,0.32813150160207005,0.5587563798173767
339cbc4cc198848f,363684,Marketing_Campaign,835,ep640_200,200,512,128,640,1e-05,0.0,standard,128,128,128,0,299,3.0,mesuré ici,0.8615485564304461,0.3015715514618153,0.6063899549115467
339cbc4cc198848f,363684,Marketing_Campaign,835,ep640_200,200,512,128,640,1e-05,0.0,standard,128,128,128,1,299,3.0,mesuré ici,0.7914260717410324,0.35146514462035855,0.5009967276927304
339cbc4cc198848f,363684,Marketing_Campaign,835,ep640_200,200,512,128,640,1e-05,0.0,standard,128,128,128,2,299,3.0,mesuré ici,0.8363079615048119,0.3112440763131481,0.6182276858504263
339cbc4cc198848f,363684,Marketing_Campaign,835,ep640_200,200,512,128,640,1e-05,0.0,standard,256,256,256,0,299,3.1,mesuré ici,0.8436570428696413,0.3072811065087848,0.6083256139508089
339cbc4cc198848f,363684,Marketing_Campaign,835,ep640_200,200,512,128,640,1e-05,0.0,standard,256,256,256,1,299,3.0,mesuré ici,0.8683727034120735,0.2884527044788397,0.6198332598893538
339cbc4cc198848f,363684,Marketing_Campaign,835,ep640_200,200,512,128,640,1e-05,0.0,standard,256,256,256,2,299,3.0,mesuré ici,0.8598862642169728,0.2938833555980095,0.6256629390036905
339cbc4cc198848f,363684,Marketing_Campaign,835,ep640_200,200,512,128,640,1e-05,0.0,standard,512,512,512,0,299,3.0,mesuré ici,0.8860892388451443,0.27709191345813106,0.6414426557184356
339cbc4cc198848f,363684,Marketing_Campaign,835,ep640_200,200,512,128,640,1e-05,0.0,standard,full,835,835,0,299,3.0,mesuré ici,0.8721784776902888,0.2858585280753812,0.6396200408408113
339cbc4cc198848f,363613,Amazon_employee_access,12233,ep640_25,25,512,128,640,1e-05,0.0,standard,32,32,32,0,1024,4.9,mesuré ici,0.6576007728111004,0.2187661874807531,0.9632065925095314
339cbc4cc198848f,363613,Amazon_employee_access,12233,ep640_25,25,512,128,640,1e-05,0.0,standard,32,32,32,1,1024,4.5,mesuré ici,0.5568103978220778,0.2283980941106983,0.9554916467690352
339cbc4cc198848f,363613,Amazon_employee_access,12233,ep640_25,25,512,128,640,1e-05,0.0,standard,32,32,32,2,1024,4.5,mesuré ici,0.3695969087555985,0.24159344652255876,0.9226496528776895
339cbc4cc198848f,363613,Amazon_employee_access,12233,ep640_25,25,512,128,640,1e-05,0.0,standard,64,64,64,0,1024,4.4,mesuré ici,0.6312022481777465,0.21534075932551183,0.958831406141202
339cbc4cc198848f,363613,Amazon_employee_access,12233,ep640_25,25,512,128,640,1e-05,0.0,standard,64,64,64,1,1024,4.4,mesuré ici,0.48266444190743835,0.23607895837291618,0.9398903589314966
339cbc4cc198848f,363613,Amazon_employee_access,12233,ep640_25,25,512,128,640,1e-05,0.0,standard,64,64,64,2,1024,4.5,mesuré ici,0.6563625186616318,0.21585993586166058,0.9685102048317031
339cbc4cc198848f,363613,Amazon_employee_access,12233,ep640_25,25,512,128,640,1e-05,0.0,standard,128,128,128,0,1024,4.4,mesuré ici,0.5525599367700008,0.22440452403667166,0.9567693570225736
339cbc4cc198848f,363613,Amazon_employee_access,12233,ep640_25,25,512,128,640,1e-05,0.0,standard,128,128,128,1,1024,4.7,mesuré ici,0.5353824536752436,0.22456057777569005,0.9561510699301574
339cbc4cc198848f,363613,Amazon_employee_access,12233,ep640_25,25,512,128,640,1e-05,0.0,standard,128,128,128,2,1024,4.6,mesuré ici,0.5002458944410293,0.22198274414629793,0.9395942284743973
339cbc4cc198848f,363613,Amazon_employee_access,12233,ep640_25,25,512,128,640,1e-05,0.0,standard,256,256,256,0,1024,4.4,mesuré ici,0.7092912970931763,0.20453169832405887,0.9723119669463238
339cbc4cc198848f,363613,Amazon_employee_access,12233,ep640_25,25,512,128,640,1e-05,0.0,standard,256,256,256,1,1024,4.4,mesuré ici,0.4955124264512163,0.22731987664659214,0.9421730273495987
339cbc4cc198848f,363613,Amazon_employee_access,12233,ep640_25,25,512,128,640,1e-05,0.0,standard,256,256,256,2,1024,4.4,mesuré ici,0.6096250109774303,0.22441379532264677,0.9594251237673967
339cbc4cc198848f,363613,Amazon_employee_access,12233,ep640_25,25,512,128,640,1e-05,0.0,standard,512,512,512,0,1024,4.4,mesuré ici,0.6212347413717396,0.2225561465676466,0.9651547449244695
339cbc4cc198848f,363613,Amazon_employee_access,12233,ep640_25,25,512,128,640,1e-05,0.0,standard,1024,1024,1024,0,1024,4.6,mesuré ici,0.6108193554052868,0.22017100095298694,0.9597000239205838
339cbc4cc198848f,363613,Amazon_employee_access,12233,ep640_25,25,512,128,640,1e-05,0.0,standard,2048,2048,2048,0,1024,5.6,mesuré ici,0.735593220338983,0.19273075805078888,0.974405928403668
339cbc4cc198848f,363613,Amazon_employee_access,12233,ep640_25,25,512,128,640,1e-05,0.0,standard,full,12233,12233,0,1024,36.0,mesuré ici,0.8394572758408713,0.16820495720045223,0.9854752680832602
339cbc4cc198848f,363613,Amazon_employee_access,12233,ep640_50,50,512,128,640,1e-05,0.0,standard,32,32,32,0,1024,4.7,mesuré ici,0.6590058839026961,0.21877476654473677,0.9633641684356367
339cbc4cc198848f,363613,Amazon_employee_access,12233,ep640_50,50,512,128,640,1e-05,0.0,standard,32,32,32,1,1024,4.5,mesuré ici,0.5501800298586107,0.2285639675575824,0.954802251468115
339cbc4cc198848f,363613,Amazon_employee_access,12233,ep640_50,50,512,128,640,1e-05,0.0,standard,32,32,32,2,1024,4.4,mesuré ici,0.373504873979099,0.2405338264699305,0.9220063512388476
339cbc4cc198848f,363613,Amazon_employee_access,12233,ep640_50,50,512,128,640,1e-05,0.0,standard,64,64,64,0,1024,4.4,mesuré ici,0.6281724773864934,0.21507008783453327,0.9580494870944051
339cbc4cc198848f,363613,Amazon_employee_access,12233,ep640_50,50,512,128,640,1e-05,0.0,standard,64,64,64,1,1024,4.4,mesuré ici,0.48024940721875825,0.23433576843399068,0.9407533646153935
339cbc4cc198848f,363613,Amazon_employee_access,12233,ep640_50,50,512,128,640,1e-05,0.0,standard,64,64,64,2,1024,4.5,mesuré ici,0.6620795644155616,0.21530105928578988,0.9687914174967076
339cbc4cc198848f,363613,Amazon_employee_access,12233,ep640_50,50,512,128,640,1e-05,0.0,standard,128,128,128,0,1024,4.5,mesuré ici,0.5549222797927461,0.22394431558964456,0.956683702147745
339cbc4cc198848f,363613,Amazon_employee_access,12233,ep640_50,50,512,128,640,1e-05,0.0,standard,128,128,128,1,1024,4.4,mesuré ici,0.5319838412224466,0.2242988711149377,0.9557425800374261
339cbc4cc198848f,363613,Amazon_employee_access,12233,ep640_50,50,512,128,640,1e-05,0.0,standard,128,128,128,2,1024,4.5,mesuré ici,0.5061210151927636,0.22113939474492045,0.9412235046978062
339cbc4cc198848f,363613,Amazon_employee_access,12233,ep640_50,50,512,128,640,1e-05,0.0,standard,256,256,256,0,1024,4.6,mesuré ici,0.679318521120576,0.20848587550121692,0.9680423625527297
339cbc4cc198848f,363613,Amazon_employee_access,12233,ep640_50,50,512,128,640,1e-05,0.0,standard,256,256,256,1,1024,4.5,mesuré ici,0.5109159567928339,0.223163059091414,0.9451327225059221
339cbc4cc198848f,363613,Amazon_employee_access,12233,ep640_50,50,512,128,640,1e-05,0.0,standard,256,256,256,2,1024,4.5,mesuré ici,0.6117678053921138,0.22242374745337956,0.956335984434166
339cbc4cc198848f,363613,Amazon_employee_access,12233,ep640_50,50,512,128,640,1e-05,0.0,standard,512,512,512,0,1024,4.5,mesuré ici,0.5744181961886361,0.2264145741816767,0.959470029758243
339cbc4cc198848f,363613,Amazon_employee_access,12233,ep640_50,50,512,128,640,1e-05,0.0,standard,1024,1024,1024,0,1024,4.5,mesuré ici,0.6229647844032669,0.2183282294522761,0.9625192430037249
339cbc4cc198848f,363613,Amazon_employee_access,12233,ep640_50,50,512,128,640,1e-05,0.0,standard,2048,2048,2048,0,1024,5.7,mesuré ici,0.7301659787476948,0.19534036163633037,0.9732789500249666
339cbc4cc198848f,363613,Amazon_employee_access,12233,ep640_50,50,512,128,640,1e-05,0.0,standard,full,12233,12233,0,1024,35.7,mesuré ici,0.846842891016071,0.1657200944376515,0.9859064581962734
339cbc4cc198848f,363613,Amazon_employee_access,12233,ep640_200,200,512,128,640,1e-05,0.0,standard,32,32,32,0,1024,4.9,mesuré ici,0.6554491964520944,0.22283938106408266,0.9622475068607099
339cbc4cc198848f,363613,Amazon_employee_access,12233,ep640_200,200,512,128,640,1e-05,0.0,standard,32,32,32,1,1024,4.5,mesuré ici,0.536260648107491,0.2301639129151126,0.9524164774118236
339cbc4cc198848f,363613,Amazon_employee_access,12233,ep640_200,200,512,128,640,1e-05,0.0,standard,32,32,32,2,1024,4.5,mesuré ici,0.40394309300079034,0.2401145354481641,0.9253024148767878
339cbc4cc198848f,363613,Amazon_employee_access,12233,ep640_200,200,512,128,640,1e-05,0.0,standard,64,64,64,0,1024,4.5,mesuré ici,0.6177131816984281,0.21699314644853857,0.9548888717413136
339cbc4cc198848f,363613,Amazon_employee_access,12233,ep640_200,200,512,128,640,1e-05,0.0,standard,64,64,64,1,1024,4.5,mesuré ici,0.47956441556160534,0.23284082240845624,0.9406744044512791
339cbc4cc198848f,363613,Amazon_employee_access,12233,ep640_200,200,512,128,640,1e-05,0.0,standard,64,64,64,2,1024,4.5,mesuré ici,0.6724773864933696,0.21375952970693346,0.9676347173762949
339cbc4cc198848f,363613,Amazon_employee_access,12233,ep640_200,200,512,128,640,1e-05,0.0,standard,128,128,128,0,1024,4.6,mesuré ici,0.5633090366207079,0.22440433879861496,0.9548140765951139
339cbc4cc198848f,363613,Amazon_employee_access,12233,ep640_200,200,512,128,640,1e-05,0.0,standard,128,128,128,1,1024,4.7,mesuré ici,0.5717923948362167,0.22459700465027624,0.9595571881960391
339cbc4cc198848f,363613,Amazon_employee_access,12233,ep640_200,200,512,128,640,1e-05,0.0,standard,128,128,128,2,1024,4.6,mesuré ici,0.5503732326337051,0.219467009408495,0.9479728377381202
339cbc4cc198848f,363613,Amazon_employee_access,12233,ep640_200,200,512,128,640,1e-05,0.0,standard,256,256,256,0,1024,4.5,mesuré ici,0.6850619127074734,0.20712004730441205,0.9692308955022629
339cbc4cc198848f,363613,Amazon_employee_access,12233,ep640_200,200,512,128,640,1e-05,0.0,standard,256,256,256,1,1024,4.5,mesuré ici,0.5415737244225871,0.22093332962666756,0.9531150292068172
339cbc4cc198848f,363613,Amazon_employee_access,12233,ep640_200,200,512,128,640,1e-05,0.0,standard,256,256,256,2,1024,4.5,mesuré ici,0.6213752524808993,0.2264036235699968,0.9617415319809328
339cbc4cc198848f,363613,Amazon_employee_access,12233,ep640_200,200,512,128,640,1e-05,0.0,standard,512,512,512,0,1024,4.5,mesuré ici,0.6048476332660051,0.22576770947826275,0.9659708323236305
339cbc4cc198848f,363613,Amazon_employee_access,12233,ep640_200,200,512,128,640,1e-05,0.0,standard,1024,1024,1024,0,1024,4.6,mesuré ici,0.6365328883814877,0.2163131496353471,0.9667910353969384
339cbc4cc198848f,363613,Amazon_employee_access,12233,ep640_200,200,512,128,640,1e-05,0.0,standard,2048,2048,2048,0,1024,5.7,mesuré ici,0.7231931149556511,0.19362973067441272,0.9716457659447121
339cbc4cc198848f,363613,Amazon_employee_access,12233,ep640_200,200,512,128,640,1e-05,0.0,standard,full,12233,12233,0,1024,36.0,mesuré ici,0.8454641257574426,0.16374449755098805,0.9860535059822294
339cbc4cc198848f,363618,bank-marketing,16878,ep640_25,25,512,128,640,1e-05,0.0,standard,32,32,32,0,1024,5.1,mesuré ici,0.6650811209439528,0.33619003337781683,0.2971996801341239
339cbc4cc198848f,363618,bank-marketing,16878,ep640_25,25,512,128,640,1e-05,0.0,standard,32,32,32,1,1024,4.7,mesuré ici,0.4841491519174041,0.36646198492677484,0.11540967240728515
339cbc4cc198848f,363618,bank-marketing,16878,ep640_25,25,512,128,640,1e-05,0.0,standard,32,32,32,2,1024,4.7,mesuré ici,0.6622326696165192,0.3500358311320455,0.19839827372648747
339cbc4cc198848f,363618,bank-marketing,16878,ep640_25,25,512,128,640,1e-05,0.0,standard,64,64,64,0,1024,4.7,mesuré ici,0.681070243362832,0.34478378850837427,0.20995481966132498
339cbc4cc198848f,363618,bank-marketing,16878,ep640_25,25,512,128,640,1e-05,0.0,standard,64,64,64,1,1024,4.7,mesuré ici,0.6369653392330384,0.35003149417338075,0.18778267425518405
339cbc4cc198848f,363618,bank-marketing,16878,ep640_25,25,512,128,640,1e-05,0.0,standard,64,64,64,2,1024,4.8,mesuré ici,0.6521478613569321,0.3470587344376024,0.25380941369971655
339cbc4cc198848f,363618,bank-marketing,16878,ep640_25,25,512,128,640,1e-05,0.0,standard,128,128,128,0,1024,4.8,mesuré ici,0.7244561209439528,0.3320207430278744,0.2834563410186721
339cbc4cc198848f,363618,bank-marketing,16878,ep640_25,25,512,128,640,1e-05,0.0,standard,128,128,128,1,1024,5.1,mesuré ici,0.6599373156342183,0.3482206179796564,0.2081718201017433
339cbc4cc198848f,363618,bank-marketing,16878,ep640_25,25,512,128,640,1e-05,0.0,standard,128,128,128,2,1024,4.8,mesuré ici,0.7285029498525074,0.3187373010764717,0.34186765225278004
339cbc4cc198848f,363618,bank-marketing,16878,ep640_25,25,512,128,640,1e-05,0.0,standard,256,256,256,0,1024,4.8,mesuré ici,0.7110757743362832,0.3374577714631579,0.23392746323726232
339cbc4cc198848f,363618,bank-marketing,16878,ep640_25,25,512,128,640,1e-05,0.0,standard,256,256,256,1,1024,4.7,mesuré ici,0.7505991887905604,0.316640031114347,0.3545562186498556
339cbc4cc198848f,363618,bank-marketing,16878,ep640_25,25,512,128,640,1e-05,0.0,standard,256,256,256,2,1024,4.8,mesuré ici,0.6944091076696165,0.326264470268138,0.3404054932286922
339cbc4cc198848f,363618,bank-marketing,16878,ep640_25,25,512,128,640,1e-05,0.0,standard,512,512,512,0,1024,4.8,mesuré ici,0.7397723082595871,0.31901901835005503,0.33405322765520507
339cbc4cc198848f,363618,bank-marketing,16878,ep640_25,25,512,128,640,1e-05,0.0,standard,1024,1024,1024,0,1024,4.9,mesuré ici,0.7652332227138643,0.30640074178038457,0.39837110557092786
339cbc4cc198848f,363618,bank-marketing,16878,ep640_25,25,512,128,640,1e-05,0.0,standard,2048,2048,2048,0,1024,6.0,mesuré ici,0.7718703908554572,0.30062590194383676,0.4124885273416842
339cbc4cc198848f,363618,bank-marketing,16878,ep640_25,25,512,128,640,1e-05,0.0,standard,full,16878,16878,0,1024,61.0,mesuré ici,0.7902286135693214,0.2924195733071375,0.44134401547346247
339cbc4cc198848f,363618,bank-marketing,16878,ep640_50,50,512,128,640,1e-05,0.0,standard,32,32,32,0,1024,4.9,mesuré ici,0.6686393805309735,0.3356487228346095,0.30262000994711113
339cbc4cc198848f,363618,bank-marketing,16878,ep640_50,50,512,128,640,1e-05,0.0,standard,32,32,32,1,1024,4.6,mesuré ici,0.4805770648967551,0.36699669851430483,0.11446115336150062
339cbc4cc198848f,363618,bank-marketing,16878,ep640_50,50,512,128,640,1e-05,0.0,standard,32,32,32,2,1024,4.6,mesuré ici,0.6633066002949852,0.3500525665476616,0.20025150364452793
339cbc4cc198848f,363618,bank-marketing,16878,ep640_50,50,512,128,640,1e-05,0.0,standard,64,64,64,0,1024,4.6,mesuré ici,0.6866334808259588,0.34436316798234434,0.21172349958064224
339cbc4cc198848f,363618,bank-marketing,16878,ep640_50,50,512,128,640,1e-05,0.0,standard,64,64,64,1,1024,4.7,mesuré ici,0.6384264380530973,0.35025159991182253,0.1870700406542415
339cbc4cc198848f,363618,bank-marketing,16878,ep640_50,50,512,128,640,1e-05,0.0,standard,64,64,64,2,1024,4.6,mesuré ici,0.6546828908554574,0.34442204200136983,0.2575881486683677
339cbc4cc198848f,363618,bank-marketing,16878,ep640_50,50,512,128,640,1e-05,0.0,standard,128,128,128,0,1024,4.6,mesuré ici,0.7269773230088497,0.3317376697185634,0.2889069375231472
339cbc4cc198848f,363618,bank-marketing,16878,ep640_50,50,512,128,640,1e-05,0.0,standard,128,128,128,1,1024,4.6,mesuré ici,0.6585822271386431,0.3486104065747007,0.2085500060663163
339cbc4cc198848f,363618,bank-marketing,16878,ep640_50,50,512,128,640,1e-05,0.0,standard,128,128,128,2,1024,4.7,mesuré ici,0.7298257743362833,0.318917459352477,0.34129422459664926
339cbc4cc198848f,363618,bank-marketing,16878,ep640_50,50,512,128,640,1e-05,0.0,standard,256,256,256,0,1024,4.7,mesuré ici,0.7143390486725665,0.3375617751596267,0.2395979269590107
339cbc4cc198848f,363618,bank-marketing,16878,ep640_50,50,512,128,640,1e-05,0.0,standard,256,256,256,1,1024,4.7,mesuré ici,0.7523691002949853,0.3163592669469323,0.35878506793906967
339cbc4cc198848f,363618,bank-marketing,16878,ep640_50,50,512,128,640,1e-05,0.0,standard,256,256,256,2,1024,4.7,mesuré ici,0.6945704277286135,0.32608406769661413,0.34643926652511325
339cbc4cc198848f,363618,bank-marketing,16878,ep640_50,50,512,128,640,1e-05,0.0,standard,512,512,512,0,1024,4.6,mesuré ici,0.7403207964601769,0.3184689955031624,0.33027104165756593
339cbc4cc198848f,363618,bank-marketing,16878,ep640_50,50,512,128,640,1e-05,0.0,standard,1024,1024,1024,0,1024,4.7,mesuré ici,0.7646847345132742,0.30754766167234626,0.40181769530261924
339cbc4cc198848f,363618,bank-marketing,16878,ep640_50,50,512,128,640,1e-05,0.0,standard,2048,2048,2048,0,1024,5.9,mesuré ici,0.7706074852507375,0.3010447962562034,0.4113382290361047
339cbc4cc198848f,363618,bank-marketing,16878,ep640_50,50,512,128,640,1e-05,0.0,standard,full,16878,16878,0,1024,60.9,mesuré ici,0.7885324483775811,0.29315122889731554,0.4411652869481725
339cbc4cc198848f,363618,bank-marketing,16878,ep640_200,200,512,128,640,1e-05,0.0,standard,32,32,32,0,1024,5.0,mesuré ici,0.674695796460177,0.3326920314446577,0.31195178717639616
339cbc4cc198848f,363618,bank-marketing,16878,ep640_200,200,512,128,640,1e-05,0.0,standard,32,32,32,1,1024,4.6,mesuré ici,0.4888182153392331,0.3666952185741785,0.11631399540057688
339cbc4cc198848f,363618,bank-marketing,16878,ep640_200,200,512,128,640,1e-05,0.0,standard,32,32,32,2,1024,4.6,mesuré ici,0.6641500737463126,0.3464774900164685,0.20647673776180747
339cbc4cc198848f,363618,bank-marketing,16878,ep640_200,200,512,128,640,1e-05,0.0,standard,64,64,64,0,1024,4.7,mesuré ici,0.7006729351032449,0.3404089476339909,0.22058943109513035
339cbc4cc198848f,363618,bank-marketing,16878,ep640_200,200,512,128,640,1e-05,0.0,standard,64,64,64,1,1024,4.6,mesuré ici,0.6482393067846608,0.3484210476085601,0.19683325144577107
339cbc4cc198848f,363618,bank-marketing,16878,ep640_200,200,512,128,640,1e-05,0.0,standard,64,64,64,2,1024,4.5,mesuré ici,0.6613569321533923,0.34662398132870964,0.25781622415699734
339cbc4cc198848f,363618,bank-marketing,16878,ep640_200,200,512,128,640,1e-05,0.0,standard,128,128,128,0,1024,4.7,mesuré ici,0.7268667035398231,0.3266645236001243,0.3144741484607334
339cbc4cc198848f,363618,bank-marketing,16878,ep640_200,200,512,128,640,1e-05,0.0,standard,128,128,128,1,1024,4.6,mesuré ici,0.6735988200589971,0.3448728824868176,0.21623392190300583
339cbc4cc198848f,363618,bank-marketing,16878,ep640_200,200,512,128,640,1e-05,0.0,standard,128,128,128,2,1024,4.8,mesuré ici,0.7369376843657817,0.3135278624581056,0.36531321503583375
339cbc4cc198848f,363618,bank-marketing,16878,ep640_200,200,512,128,640,1e-05,0.0,standard,256,256,256,0,1024,4.7,mesuré ici,0.716459255162242,0.33463419315520504,0.24445408711186462
339cbc4cc198848f,363618,bank-marketing,16878,ep640_200,200,512,128,640,1e-05,0.0,standard,256,256,256,1,1024,4.7,mesuré ici,0.7548995206489675,0.31401793477716433,0.3673130666260618
339cbc4cc198848f,363618,bank-marketing,16878,ep640_200,200,512,128,640,1e-05,0.0,standard,256,256,256,2,1024,4.9,mesuré ici,0.7005300516224189,0.32350104240233246,0.37035207926527747
339cbc4cc198848f,363618,bank-marketing,16878,ep640_200,200,512,128,640,1e-05,0.0,standard,512,512,512,0,1024,4.8,mesuré ici,0.7405558628318584,0.31701525879002557,0.3362129138921703
339cbc4cc198848f,363618,bank-marketing,16878,ep640_200,200,512,128,640,1e-05,0.0,standard,1024,1024,1024,0,1024,4.8,mesuré ici,0.7643344395280236,0.30679221379008137,0.40348269615684645
339cbc4cc198848f,363618,bank-marketing,16878,ep640_200,200,512,128,640,1e-05,0.0,standard,2048,2048,2048,0,1024,5.9,mesuré ici,0.76655604719764,0.30096111205340226,0.41792560369033566
339cbc4cc198848f,363618,bank-marketing,16878,ep640_200,200,512,128,640,1e-05,0.0,standard,full,16878,16878,0,1024,61.0,mesuré ici,0.7913716814159292,0.29322379327934656,0.4474560871888733
339cbc4cc198848f,363624,coil2000_insurance_policies,3666,ep640_25,25,512,128,640,1e-05,0.0,standard,32,32,32,0,1024,5.3,mesuré ici,0.5006383739339155,0.2338955193041551,0.07053357683777321
339cbc4cc198848f,363624,coil2000_insurance_policies,3666,ep640_25,25,512,128,640,1e-05,0.0,standard,32,32,32,1,1024,4.9,mesuré ici,0.6764550669867048,0.21938108095938091,0.1204561224981185
339cbc4cc198848f,363624,coil2000_insurance_policies,3666,ep640_25,25,512,128,640,1e-05,0.0,standard,32,32,32,2,1024,4.9,mesuré ici,0.6318114498748787,0.2306183258297101,0.10915001989790621
339cbc4cc198848f,363624,coil2000_insurance_policies,3666,ep640_25,25,512,128,640,1e-05,0.0,standard,64,64,64,0,1024,4.9,mesuré ici,0.6437958565275863,0.21913204787943488,0.12256552549702626
339cbc4cc198848f,363624,coil2000_insurance_policies,3666,ep640_25,25,512,128,640,1e-05,0.0,standard,64,64,64,1,1024,4.8,mesuré ici,0.6085661270279012,0.22613765801860228,0.08788124519592802
339cbc4cc198848f,363624,coil2000_insurance_policies,3666,ep640_25,25,512,128,640,1e-05,0.0,standard,64,64,64,2,1024,4.8,mesuré ici,0.6711012375942665,0.21739286575745617,0.11544787928679225
339cbc4cc198848f,363624,coil2000_insurance_policies,3666,ep640_25,25,512,128,640,1e-05,0.0,standard,128,128,128,0,1024,5.3,mesuré ici,0.6902013856970193,0.21612049051198878,0.12279675439378313
339cbc4cc198848f,363624,coil2000_insurance_policies,3666,ep640_25,25,512,128,640,1e-05,0.0,standard,128,128,128,1,1024,5.6,mesuré ici,0.7247501830005277,0.21438318610230328,0.13569620668863405
339cbc4cc198848f,363624,coil2000_insurance_policies,3666,ep640_25,25,512,128,640,1e-05,0.0,standard,128,128,128,2,1024,5.4,mesuré ici,0.6898779429038353,0.21581462771548413,0.1476722576585161
339cbc4cc198848f,363624,coil2000_insurance_policies,3666,ep640_25,25,512,128,640,1e-05,0.0,standard,256,256,256,0,1024,5.4,mesuré ici,0.6853071855370001,0.21525214142604418,0.14064744195030052
339cbc4cc198848f,363624,coil2000_insurance_policies,3666,ep640_25,25,512,128,640,1e-05,0.0,standard,256,256,256,1,1024,5.4,mesuré ici,0.7039562160597858,0.21280766465933426,0.13128282863273286
339cbc4cc198848f,363624,coil2000_insurance_policies,3666,ep640_25,25,512,128,640,1e-05,0.0,standard,256,256,256,2,1024,5.3,mesuré ici,0.7119401460599561,0.21217658170821715,0.12674044225254721
339cbc4cc198848f,363624,coil2000_insurance_policies,3666,ep640_25,25,512,128,640,1e-05,0.0,standard,512,512,512,0,1024,5.3,mesuré ici,0.7347683979367754,0.21308446375099405,0.14555141165415086
339cbc4cc198848f,363624,coil2000_insurance_policies,3666,ep640_25,25,512,128,640,1e-05,0.0,standard,1024,1024,1024,0,1024,6.5,mesuré ici,0.7947329894625743,0.2033837705164512,0.19413347864476785
339cbc4cc198848f,363624,coil2000_insurance_policies,3666,ep640_25,25,512,128,640,1e-05,0.0,standard,2048,2048,2048,0,1024,10.9,mesuré ici,0.7778799176072043,0.20432799680725305,0.1605612182863043
339cbc4cc198848f,363624,coil2000_insurance_policies,3666,ep640_25,25,512,128,640,1e-05,0.0,standard,full,3666,3666,0,1024,17.3,mesuré ici,0.7953458284391333,0.19738719614988004,0.1936972293700103
339cbc4cc198848f,363624,coil2000_insurance_policies,3666,ep640_50,50,512,128,640,1e-05,0.0,standard,32,32,32,0,1024,5.1,mesuré ici,0.49681664198287456,0.23307920124670434,0.06851868494299136
339cbc4cc198848f,363624,coil2000_insurance_policies,3666,ep640_50,50,512,128,640,1e-05,0.0,standard,32,32,32,1,1024,4.8,mesuré ici,0.6798001464004222,0.21912651389951582,0.12059440430825885
339cbc4cc198848f,363624,coil2000_insurance_policies,3666,ep640_50,50,512,128,640,1e-05,0.0,standard,32,32,32,2,1024,4.8,mesuré ici,0.6336584784570076,0.22977061537194232,0.11025399268318485
339cbc4cc198848f,363624,coil2000_insurance_policies,3666,ep640_50,50,512,128,640,1e-05,0.0,standard,64,64,64,0,1024,4.8,mesuré ici,0.646374887220605,0.2186580755134637,0.12134589384405345
339cbc4cc198848f,363624,coil2000_insurance_policies,3666,ep640_50,50,512,128,640,1e-05,0.0,standard,64,64,64,1,1024,4.7,mesuré ici,0.6139284680727917,0.22491073585183943,0.0900153314427554
339cbc4cc198848f,363624,coil2000_insurance_policies,3666,ep640_50,50,512,128,640,1e-05,0.0,standard,64,64,64,2,1024,4.7,mesuré ici,0.6829749927650954,0.2165631704973299,0.1222503153654139
339cbc4cc198848f,363624,coil2000_insurance_policies,3666,ep640_50,50,512,128,640,1e-05,0.0,standard,128,128,128,0,1024,5.2,mesuré ici,0.7020410942580393,0.21498699112225678,0.12625595792436972
339cbc4cc198848f,363624,coil2000_insurance_policies,3666,ep640_50,50,512,128,640,1e-05,0.0,standard,128,128,128,1,1024,5.4,mesuré ici,0.7498936043443474,0.21094849352607198,0.14995694547686425
339cbc4cc198848f,363624,coil2000_insurance_policies,3666,ep640_50,50,512,128,640,1e-05,0.0,standard,128,128,128,2,1024,5.3,mesuré ici,0.7161874606336075,0.21378869200022976,0.15732158168123153
339cbc4cc198848f,363624,coil2000_insurance_policies,3666,ep640_50,50,512,128,640,1e-05,0.0,standard,256,256,256,0,1024,5.4,mesuré ici,0.6897928263793133,0.21457495205735205,0.13771193285175443
339cbc4cc198848f,363624,coil2000_insurance_policies,3666,ep640_50,50,512,128,640,1e-05,0.0,standard,256,256,256,1,1024,5.4,mesuré ici,0.7292443354952931,0.21027528317428762,0.13992481588100072
339cbc4cc198848f,363624,coil2000_insurance_policies,3666,ep640_50,50,512,128,640,1e-05,0.0,standard,256,256,256,2,1024,5.3,mesuré ici,0.7224265018810752,0.21035733849812432,0.13669044152375973
339cbc4cc198848f,363624,coil2000_insurance_policies,3666,ep640_50,50,512,128,640,1e-05,0.0,standard,512,512,512,0,1024,5.4,mesuré ici,0.7338576511243893,0.21174511342602587,0.1472925924502215
339cbc4cc198848f,363624,coil2000_insurance_policies,3666,ep640_50,50,512,128,640,1e-05,0.0,standard,1024,1024,1024,0,1024,6.5,mesuré ici,0.7934987998570042,0.20385158512573287,0.20739150920151206
339cbc4cc198848f,363624,coil2000_insurance_policies,3666,ep640_50,50,512,128,640,1e-05,0.0,standard,2048,2048,2048,0,1024,11.0,mesuré ici,0.772730367873619,0.20620776296534155,0.15802273672753414
339cbc4cc198848f,363624,coil2000_insurance_policies,3666,ep640_50,50,512,128,640,1e-05,0.0,standard,full,3666,3666,0,1024,17.3,mesuré ici,0.790570791413445,0.19930754272410722,0.18591949673205038
339cbc4cc198848f,363624,coil2000_insurance_policies,3666,ep640_200,200,512,128,640,1e-05,0.0,standard,32,32,32,0,1024,5.2,mesuré ici,0.4758013720783753,0.23523171526514242,0.06448600875795324
339cbc4cc198848f,363624,coil2000_insurance_policies,3666,ep640_200,200,512,128,640,1e-05,0.0,standard,32,32,32,1,1024,4.8,mesuré ici,0.6962531705905384,0.2148306251536753,0.12806862145443085
339cbc4cc198848f,363624,coil2000_insurance_policies,3666,ep640_200,200,512,128,640,1e-05,0.0,standard,32,32,32,2,1024,4.8,mesuré ici,0.6441873925403878,0.22731307446032337,0.11149157981327305
339cbc4cc198848f,363624,coil2000_insurance_policies,3666,ep640_200,200,512,128,640,1e-05,0.0,standard,64,64,64,0,1024,4.7,mesuré ici,0.6898779429038353,0.21426465600692587,0.1346677237552091
339cbc4cc198848f,363624,coil2000_insurance_policies,3666,ep640_200,200,512,128,640,1e-05,0.0,standard,64,64,64,1,1024,4.8,mesuré ici,0.631819961527331,0.2242416464545604,0.09748483954557474
339cbc4cc198848f,363624,coil2000_insurance_policies,3666,ep640_200,200,512,128,640,1e-05,0.0,standard,64,64,64,2,1024,4.8,mesuré ici,0.7126551248659415,0.210027610050458,0.17103574932475196
339cbc4cc198848f,363624,coil2000_insurance_policies,3666,ep640_200,200,512,128,640,1e-05,0.0,standard,128,128,128,0,1024,5.3,mesuré ici,0.7135999182881365,0.2098092354709012,0.13982411540966116
339cbc4cc198848f,363624,coil2000_insurance_policies,3666,ep640_200,200,512,128,640,1e-05,0.0,standard,128,128,128,1,1024,5.4,mesuré ici,0.7684490066901588,0.2031881298114718,0.16811873945469857
339cbc4cc198848f,363624,coil2000_insurance_policies,3666,ep640_200,200,512,128,640,1e-05,0.0,standard,128,128,128,2,1024,5.3,mesuré ici,0.7531450555810906,0.20564438860072332,0.15759519699735175
339cbc4cc198848f,363624,coil2000_insurance_policies,3666,ep640_200,200,512,128,640,1e-05,0.0,standard,256,256,256,0,1024,5.4,mesuré ici,0.696976661048976,0.21195727731971586,0.15140551271361571
339cbc4cc198848f,363624,coil2000_insurance_policies,3666,ep640_200,200,512,128,640,1e-05,0.0,standard,256,256,256,1,1024,5.4,mesuré ici,0.7621588955279778,0.2020094287801983,0.16823291403053323
339cbc4cc198848f,363624,coil2000_insurance_policies,3666,ep640_200,200,512,128,640,1e-05,0.0,standard,256,256,256,2,1024,5.3,mesuré ici,0.7589159559436869,0.20271797061091235,0.17037429808045337
339cbc4cc198848f,363624,coil2000_insurance_policies,3666,ep640_200,200,512,128,640,1e-05,0.0,standard,512,512,512,0,1024,5.4,mesuré ici,0.7480125291524097,0.20627086314807955,0.15040526761827974
339cbc4cc198848f,363624,coil2000_insurance_policies,3666,ep640_200,200,512,128,640,1e-05,0.0,standard,1024,1024,1024,0,1024,6.5,mesuré ici,0.7930476822770374,0.19728085580775154,0.198921867395339
339cbc4cc198848f,363624,coil2000_insurance_policies,3666,ep640_200,200,512,128,640,1e-05,0.0,standard,2048,2048,2048,0,1024,11.0,mesuré ici,0.7731048805815162,0.2022939572113044,0.15905295873554615
339cbc4cc198848f,363624,coil2000_insurance_policies,3666,ep640_200,200,512,128,640,1e-05,0.0,standard,full,3666,3666,0,1024,17.3,mesuré ici,0.793447729942291,0.19610049337440352,0.19944593625105572
339cbc4cc198848f,363627,credit_card_clients_default,11200,ep640_25,25,512,128,640,1e-05,0.0,standard,32,32,32,0,1024,5.2,mesuré ici,0.6870726678789956,0.5077382731115309,0.4224796671921611
339cbc4cc198848f,363627,credit_card_clients_default,11200,ep640_25,25,512,128,640,1e-05,0.0,standard,32,32,32,1,1024,4.9,mesuré ici,0.694155948242031,0.4882178000090495,0.4414051544212661
339cbc4cc198848f,363627,credit_card_clients_default,11200,ep640_25,25,512,128,640,1e-05,0.0,standard,32,32,32,2,1024,5.0,mesuré ici,0.5115134397161161,0.5321139265221744,0.22846742424445282
339cbc4cc198848f,363627,credit_card_clients_default,11200,ep640_25,25,512,128,640,1e-05,0.0,standard,64,64,64,0,1024,4.8,mesuré ici,0.6828801839497234,0.4874548900694625,0.44700394168784213
339cbc4cc198848f,363627,credit_card_clients_default,11200,ep640_25,25,512,128,640,1e-05,0.0,standard,64,64,64,1,1024,4.8,mesuré ici,0.6592121336067522,0.5090381022509323,0.3702144222332213
339cbc4cc198848f,363627,credit_card_clients_default,11200,ep640_25,25,512,128,640,1e-05,0.0,standard,64,64,64,2,1024,5.2,mesuré ici,0.6799700418419292,0.5056011980616995,0.4033029976714807
339cbc4cc198848f,363627,credit_card_clients_default,11200,ep640_25,25,512,128,640,1e-05,0.0,standard,128,128,128,0,1024,4.8,mesuré ici,0.6903337957870649,0.46683785970408503,0.4671115497211524
339cbc4cc198848f,363627,credit_card_clients_default,11200,ep640_25,25,512,128,640,1e-05,0.0,standard,128,128,128,1,1024,4.8,mesuré ici,0.7145683980123702,0.45975372646518814,0.49800533890911836
339cbc4cc198848f,363627,credit_card_clients_default,11200,ep640_25,25,512,128,640,1e-05,0.0,standard,128,128,128,2,1024,4.8,mesuré ici,0.7234701717343122,0.4678672824547239,0.5400004621477417
339cbc4cc198848f,363627,credit_card_clients_default,11200,ep640_25,25,512,128,640,1e-05,0.0,standard,256,256,256,0,1024,4.8,mesuré ici,0.7360835512024718,0.4545586501370039,0.5095932731934826
339cbc4cc198848f,363627,credit_card_clients_default,11200,ep640_25,25,512,128,640,1e-05,0.0,standard,256,256,256,1,1024,4.8,mesuré ici,0.7322088890608505,0.4501299889739292,0.522028660289843
339cbc4cc198848f,363627,credit_card_clients_default,11200,ep640_25,25,512,128,640,1e-05,0.0,standard,256,256,256,2,1024,4.7,mesuré ici,0.7273558885468082,0.45720145870326523,0.5062396840848555
339cbc4cc198848f,363627,credit_card_clients_default,11200,ep640_25,25,512,128,640,1e-05,0.0,standard,512,512,512,0,1024,4.9,mesuré ici,0.7252112823970949,0.45068562058353956,0.5299630672918182
339cbc4cc198848f,363627,credit_card_clients_default,11200,ep640_25,25,512,128,640,1e-05,0.0,standard,1024,1024,1024,0,1024,5.0,mesuré ici,0.748191179478109,0.43939850672387504,0.5579184472356897
339cbc4cc198848f,363627,credit_card_clients_default,11200,ep640_25,25,512,128,640,1e-05,0.0,standard,2048,2048,2048,0,1024,6.5,mesuré ici,0.7525550108059408,0.43956864594217404,0.5388339166538963
339cbc4cc198848f,363627,credit_card_clients_default,11200,ep640_25,25,512,128,640,1e-05,0.0,standard,full,11200,11200,0,1024,35.8,mesuré ici,0.7519414765723889,0.4382550824650303,0.5500402025540967
339cbc4cc198848f,363627,credit_card_clients_default,11200,ep640_50,50,512,128,640,1e-05,0.0,standard,32,32,32,0,1024,5.1,mesuré ici,0.6893333480728945,0.5053015350345303,0.4274895020828859
339cbc4cc198848f,363627,credit_card_clients_default,11200,ep640_50,50,512,128,640,1e-05,0.0,standard,32,32,32,1,1024,4.9,mesuré ici,0.6918289400228832,0.48848724005153643,0.44172149993291443
339cbc4cc198848f,363627,credit_card_clients_default,11200,ep640_50,50,512,128,640,1e-05,0.0,standard,32,32,32,2,1024,4.8,mesuré ici,0.5195142577617607,0.5309658241225076,0.23311043395058254
339cbc4cc198848f,363627,credit_card_clients_default,11200,ep640_50,50,512,128,640,1e-05,0.0,standard,64,64,64,0,1024,4.8,mesuré ici,0.6970743813529812,0.4775381252342997,0.46828908297705235
339cbc4cc198848f,363627,credit_card_clients_default,11200,ep640_50,50,512,128,640,1e-05,0.0,standard,64,64,64,1,1024,4.7,mesuré ici,0.6711318324775176,0.5058170134238678,0.38715294710281245
339cbc4cc198848f,363627,credit_card_clients_default,11200,ep640_50,50,512,128,640,1e-05,0.0,standard,64,64,64,2,1024,4.7,mesuré ici,0.6882361719885695,0.5037557058855373,0.421758791590755
339cbc4cc198848f,363627,credit_card_clients_default,11200,ep640_50,50,512,128,640,1e-05,0.0,standard,128,128,128,0,1024,4.6,mesuré ici,0.7008163874441049,0.46441182580149026,0.4710591746040591
339cbc4cc198848f,363627,credit_card_clients_default,11200,ep640_50,50,512,128,640,1e-05,0.0,standard,128,128,128,1,1024,4.7,mesuré ici,0.71582586682438,0.460462773346511,0.49701364411385573
339cbc4cc198848f,363627,credit_card_clients_default,11200,ep640_50,50,512,128,640,1e-05,0.0,standard,128,128,128,2,1024,4.8,mesuré ici,0.7290444895229358,0.4682881880715544,0.5429368962598414
339cbc4cc198848f,363627,credit_card_clients_default,11200,ep640_50,50,512,128,640,1e-05,0.0,standard,256,256,256,0,1024,4.8,mesuré ici,0.7358624577849756,0.4540011568103274,0.5055287286333954
339cbc4cc198848f,363627,credit_card_clients_default,11200,ep640_50,50,512,128,640,1e-05,0.0,standard,256,256,256,1,1024,4.8,mesuré ici,0.7336846876226377,0.4520691794196545,0.5243841602394199
339cbc4cc198848f,363627,credit_card_clients_default,11200,ep640_50,50,512,128,640,1e-05,0.0,standard,256,256,256,2,1024,4.8,mesuré ici,0.7329440246740254,0.4547265565094737,0.5107021519181938
339cbc4cc198848f,363627,credit_card_clients_default,11200,ep640_50,50,512,128,640,1e-05,0.0,standard,512,512,512,0,1024,4.8,mesuré ici,0.732816895958965,0.45088732987449387,0.532990754682355
339cbc4cc198848f,363627,credit_card_clients_default,11200,ep640_50,50,512,128,640,1e-05,0.0,standard,1024,1024,1024,0,1024,4.8,mesuré ici,0.7475389538964952,0.4402131009790249,0.5563838119254875
339cbc4cc198848f,363627,credit_card_clients_default,11200,ep640_50,50,512,128,640,1e-05,0.0,standard,2048,2048,2048,0,1024,6.4,mesuré ici,0.7503247309569476,0.443759506766809,0.5387079507759847
339cbc4cc198848f,363627,credit_card_clients_default,11200,ep640_50,50,512,128,640,1e-05,0.0,standard,full,11200,11200,0,1024,35.5,mesuré ici,0.7516208911170192,0.43931657246243716,0.5487233040656354
339cbc4cc198848f,363627,credit_card_clients_default,11200,ep640_200,200,512,128,640,1e-05,0.0,standard,32,32,32,0,1024,5.1,mesuré ici,0.7133468568807035,0.4952224541516822,0.4677560821888618
339cbc4cc198848f,363627,credit_card_clients_default,11200,ep640_200,200,512,128,640,1e-05,0.0,standard,32,32,32,1,1024,4.9,mesuré ici,0.6935893963596967,0.4864678420235719,0.4473130310217655
339cbc4cc198848f,363627,credit_card_clients_default,11200,ep640_200,200,512,128,640,1e-05,0.0,standard,32,32,32,2,1024,4.7,mesuré ici,0.5430938707377335,0.5284883568159143,0.24800904986580868
339cbc4cc198848f,363627,credit_card_clients_default,11200,ep640_200,200,512,128,640,1e-05,0.0,standard,64,64,64,0,1024,4.7,mesuré ici,0.709527468093456,0.47694949298034717,0.4798734870480215
339cbc4cc198848f,363627,credit_card_clients_default,11200,ep640_200,200,512,128,640,1e-05,0.0,standard,64,64,64,1,1024,4.7,mesuré ici,0.6770322630569481,0.49943787598391465,0.3915835415899991
339cbc4cc198848f,363627,credit_card_clients_default,11200,ep640_200,200,512,128,640,1e-05,0.0,standard,64,64,64,2,1024,4.8,mesuré ici,0.7079881051741386,0.49358596462788856,0.4359977072861605
339cbc4cc198848f,363627,credit_card_clients_default,11200,ep640_200,200,512,128,640,1e-05,0.0,standard,128,128,128,0,1024,4.8,mesuré ici,0.711556000198984,0.46019817964830695,0.48535078897719763
339cbc4cc198848f,363627,credit_card_clients_default,11200,ep640_200,200,512,128,640,1e-05,0.0,standard,128,128,128,1,1024,4.8,mesuré ici,0.7192058324443537,0.46471335633716276,0.4982317876497643
339cbc4cc198848f,363627,credit_card_clients_default,11200,ep640_200,200,512,128,640,1e-05,0.0,standard,128,128,128,2,1024,4.8,mesuré ici,0.7326206755509371,0.4765498575547369,0.5346682551319388
339cbc4cc198848f,363627,credit_card_clients_default,11200,ep640_200,200,512,128,640,1e-05,0.0,standard,256,256,256,0,1024,4.8,mesuré ici,0.7403672361664613,0.4495991843326624,0.5127483822002025
339cbc4cc198848f,363627,credit_card_clients_default,11200,ep640_200,200,512,128,640,1e-05,0.0,standard,256,256,256,1,1024,4.8,mesuré ici,0.7325073651744703,0.4650322731841726,0.531733035570524
339cbc4cc198848f,363627,credit_card_clients_default,11200,ep640_200,200,512,128,640,1e-05,0.0,standard,256,256,256,2,1024,4.7,mesuré ici,0.7429650838220418,0.45012928104512157,0.5158826836024137
339cbc4cc198848f,363627,credit_card_clients_default,11200,ep640_200,200,512,128,640,1e-05,0.0,standard,512,512,512,0,1024,4.8,mesuré ici,0.743893676175526,0.4509797106385377,0.5383660727353896
339cbc4cc198848f,363627,credit_card_clients_default,11200,ep640_200,200,512,128,640,1e-05,0.0,standard,1024,1024,1024,0,1024,4.9,mesuré ici,0.7453501290632826,0.4443971059229297,0.5466371360155804
339cbc4cc198848f,363627,credit_card_clients_default,11200,ep640_200,200,512,128,640,1e-05,0.0,standard,2048,2048,2048,0,1024,6.5,mesuré ici,0.7502473482608238,0.4456890752047564,0.535547609893888
339cbc4cc198848f,363627,credit_card_clients_default,11200,ep640_200,200,512,128,640,1e-05,0.0,standard,full,11200,11200,0,1024,35.7,mesuré ici,0.7519829315881693,0.4404799882152326,0.5451132932906488
339cbc4cc198848f,363632,E-CommereShippingData,4105,ep640_25,25,512,128,640,1e-05,0.0,standard,32,32,32,0,1024,4.9,mesuré ici,0.7109509675322873,0.6180367863302711,0.7978650667067398
339cbc4cc198848f,363632,E-CommereShippingData,4105,ep640_25,25,512,128,640,1e-05,0.0,standard,32,32,32,1,1024,4.6,mesuré ici,0.7418176846593724,0.5759771231765489,0.8492358828208257
339cbc4cc198848f,363632,E-CommereShippingData,4105,ep640_25,25,512,128,640,1e-05,0.0,standard,32,32,32,2,1024,4.5,mesuré ici,0.7275256297975374,0.6259207801588222,0.8364210447822028
339cbc4cc198848f,363632,E-CommereShippingData,4105,ep640_25,25,512,128,640,1e-05,0.0,standard,64,64,64,0,1024,4.4,mesuré ici,0.738631545158772,0.5325325281085906,0.8510767793123708
339cbc4cc198848f,363632,E-CommereShippingData,4105,ep640_25,25,512,128,640,1e-05,0.0,standard,64,64,64,1,1024,4.5,mesuré ici,0.70450735704973,0.609431105213616,0.8210651553149853
339cbc4cc198848f,363632,E-CommereShippingData,4105,ep640_25,25,512,128,640,1e-05,0.0,standard,64,64,64,2,1024,4.5,mesuré ici,0.7298498472317441,0.5816201273628072,0.8434182030959163
339cbc4cc198848f,363632,E-CommereShippingData,4105,ep640_25,25,512,128,640,1e-05,0.0,standard,128,128,128,0,1024,4.6,mesuré ici,0.7334639756204848,0.5279451042242511,0.8483802894469725
339cbc4cc198848f,363632,E-CommereShippingData,4105,ep640_25,25,512,128,640,1e-05,0.0,standard,128,128,128,1,1024,4.8,mesuré ici,0.7397986074509695,0.5052543957477494,0.854781494248463
339cbc4cc198848f,363632,E-CommereShippingData,4105,ep640_25,25,512,128,640,1e-05,0.0,standard,128,128,128,2,1024,4.7,mesuré ici,0.7338444101877207,0.5189195888816087,0.8508482231903288
339cbc4cc198848f,363632,E-CommereShippingData,4105,ep640_25,25,512,128,640,1e-05,0.0,standard,256,256,256,0,1024,4.5,mesuré ici,0.7316628557162276,0.5009787291904703,0.8516979123964203
339cbc4cc198848f,363632,E-CommereShippingData,4105,ep640_25,25,512,128,640,1e-05,0.0,standard,256,256,256,1,1024,4.5,mesuré ici,0.751613874765696,0.5100671587006065,0.8594498381783681
339cbc4cc198848f,363632,E-CommereShippingData,4105,ep640_25,25,512,128,640,1e-05,0.0,standard,256,256,256,2,1024,4.5,mesuré ici,0.7477837705028472,0.49742107318128786,0.8557396330845992
339cbc4cc198848f,363632,E-CommereShippingData,4105,ep640_25,25,512,128,640,1e-05,0.0,standard,512,512,512,0,1024,4.7,mesuré ici,0.7505538096955334,0.49417151757599737,0.8567330323385757
339cbc4cc198848f,363632,E-CommereShippingData,4105,ep640_25,25,512,128,640,1e-05,0.0,standard,1024,1024,1024,0,1024,4.6,mesuré ici,0.7351303582821793,0.4943144247010772,0.8510713898013971
339cbc4cc198848f,363632,E-CommereShippingData,4105,ep640_25,25,512,128,640,1e-05,0.0,standard,2048,2048,2048,0,1024,5.8,mesuré ici,0.739612353027427,0.49325513651950315,0.8532696713085439
339cbc4cc198848f,363632,E-CommereShippingData,4105,ep640_25,25,512,128,640,1e-05,0.0,standard,full,4105,4105,0,1024,9.5,mesuré ici,0.7452772615051736,0.49086953796714716,0.8589537754893224
339cbc4cc198848f,363632,E-CommereShippingData,4105,ep640_50,50,512,128,640,1e-05,0.0,standard,32,32,32,0,1024,4.9,mesuré ici,0.7108697289007423,0.623978824531496,0.797238149386655
339cbc4cc198848f,363632,E-CommereShippingData,4105,ep640_50,50,512,128,640,1e-05,0.0,standard,32,32,32,1,1024,4.6,mesuré ici,0.7388831867735582,0.5902825113025543,0.8474521969551995
339cbc4cc198848f,363632,E-CommereShippingData,4105,ep640_50,50,512,128,640,1e-05,0.0,standard,32,32,32,2,1024,4.5,mesuré ici,0.7266399305706914,0.6401076947350401,0.8348362836092384
339cbc4cc198848f,363632,E-CommereShippingData,4105,ep640_50,50,512,128,640,1e-05,0.0,standard,64,64,64,0,1024,4.5,mesuré ici,0.7329151195000455,0.5424922043078428,0.8469464245535193
339cbc4cc198848f,363632,E-CommereShippingData,4105,ep640_50,50,512,128,640,1e-05,0.0,standard,64,64,64,1,1024,4.5,mesuré ici,0.6987116741894961,0.6305623873621395,0.8192314027308416
339cbc4cc198848f,363632,E-CommereShippingData,4105,ep640_50,50,512,128,640,1e-05,0.0,standard,64,64,64,2,1024,4.4,mesuré ici,0.7323107833385512,0.5942121493901176,0.8445987388106417
339cbc4cc198848f,363632,E-CommereShippingData,4105,ep640_50,50,512,128,640,1e-05,0.0,standard,128,128,128,0,1024,4.6,mesuré ici,0.7432621471568461,0.5212515034310867,0.8542962774751351
339cbc4cc198848f,363632,E-CommereShippingData,4105,ep640_50,50,512,128,640,1e-05,0.0,standard,128,128,128,1,1024,4.5,mesuré ici,0.7403553892915595,0.5066393891796379,0.8546713873582996
339cbc4cc198848f,363632,E-CommereShippingData,4105,ep640_50,50,512,128,640,1e-05,0.0,standard,128,128,128,2,1024,4.6,mesuré ici,0.7398639946422132,0.5173098113536276,0.8532291153566911
339cbc4cc198848f,363632,E-CommereShippingData,4105,ep640_50,50,512,128,640,1e-05,0.0,standard,256,256,256,0,1024,4.6,mesuré ici,0.740636752356911,0.5009039764169699,0.855188561573561
339cbc4cc198848f,363632,E-CommereShippingData,4105,ep640_50,50,512,128,640,1e-05,0.0,standard,256,256,256,1,1024,4.6,mesuré ici,0.7483702737940026,0.5029477502245101,0.8589950459788508
339cbc4cc198848f,363632,E-CommereShippingData,4105,ep640_50,50,512,128,640,1e-05,0.0,standard,256,256,256,2,1024,4.6,mesuré ici,0.7609781131238037,0.4961993416399547,0.8601867557089561
339cbc4cc198848f,363632,E-CommereShippingData,4105,ep640_50,50,512,128,640,1e-05,0.0,standard,512,512,512,0,1024,4.5,mesuré ici,0.7511502201368773,0.49342794982666793,0.8573577840213146
339cbc4cc198848f,363632,E-CommereShippingData,4105,ep640_50,50,512,128,640,1e-05,0.0,standard,1024,1024,1024,0,1024,4.6,mesuré ici,0.7553290560863587,0.49274776291902733,0.8565040150886802
339cbc4cc198848f,363632,E-CommereShippingData,4105,ep640_50,50,512,128,640,1e-05,0.0,standard,2048,2048,2048,0,1024,5.7,mesuré ici,0.7543165453371007,0.493379808788067,0.8586363875832685
339cbc4cc198848f,363632,E-CommereShippingData,4105,ep640_50,50,512,128,640,1e-05,0.0,standard,full,4105,4105,0,1024,9.6,mesuré ici,0.7411162584260311,0.4910750606747485,0.8551147085365213
339cbc4cc198848f,363632,E-CommereShippingData,4105,ep640_200,200,512,128,640,1e-05,0.0,standard,32,32,32,0,1024,4.9,mesuré ici,0.7089933146550529,0.6284478405351147,0.7917575871536435
339cbc4cc198848f,363632,E-CommereShippingData,4105,ep640_200,200,512,128,640,1e-05,0.0,standard,32,32,32,1,1024,4.6,mesuré ici,0.7380192832771268,0.5906765796063539,0.8471767410084785
339cbc4cc198848f,363632,E-CommereShippingData,4105,ep640_200,200,512,128,640,1e-05,0.0,standard,32,32,32,2,1024,4.6,mesuré ici,0.7314964155930619,0.639536345486553,0.8384442845148568
339cbc4cc198848f,363632,E-CommereShippingData,4105,ep640_200,200,512,128,640,1e-05,0.0,standard,64,64,64,0,1024,4.6,mesuré ici,0.7303333161609397,0.5479901385312876,0.8449680439996166
339cbc4cc198848f,363632,E-CommereShippingData,4105,ep640_200,200,512,128,640,1e-05,0.0,standard,64,64,64,1,1024,4.7,mesuré ici,0.693815560566372,0.6452328670193558,0.8141747128093512
339cbc4cc198848f,363632,E-CommereShippingData,4105,ep640_200,200,512,128,640,1e-05,0.0,standard,64,64,64,2,1024,4.6,mesuré ici,0.7329547481007994,0.595091621235342,0.845147271886466
339cbc4cc198848f,363632,E-CommereShippingData,4105,ep640_200,200,512,128,640,1e-05,0.0,standard,128,128,128,0,1024,4.6,mesuré ici,0.7470942328497323,0.5140795403615401,0.8576623739150372
339cbc4cc198848f,363632,E-CommereShippingData,4105,ep640_200,200,512,128,640,1e-05,0.0,standard,128,128,128,1,1024,4.6,mesuré ici,0.740890375401735,0.503204748747786,0.8549507735186821
339cbc4cc198848f,363632,E-CommereShippingData,4105,ep640_200,200,512,128,640,1e-05,0.0,standard,128,128,128,2,1024,4.6,mesuré ici,0.7451128028120455,0.5122286932263529,0.8555527408914896
339cbc4cc198848f,363632,E-CommereShippingData,4105,ep640_200,200,512,128,640,1e-05,0.0,standard,256,256,256,0,1024,4.6,mesuré ici,0.7449919355797466,0.49898970545696986,0.8569932041858446
339cbc4cc198848f,363632,E-CommereShippingData,4105,ep640_200,200,512,128,640,1e-05,0.0,standard,256,256,256,1,1024,4.6,mesuré ici,0.748380180944191,0.49947466044882916,0.8592057290257724
339cbc4cc198848f,363632,E-CommereShippingData,4105,ep640_200,200,512,128,640,1e-05,0.0,standard,256,256,256,2,1024,4.5,mesuré ici,0.7520795108245524,0.495371446352035,0.8594471560002116
339cbc4cc198848f,363632,E-CommereShippingData,4105,ep640_200,200,512,128,640,1e-05,0.0,standard,512,512,512,0,1024,4.6,mesuré ici,0.7453228343960404,0.4936058662104824,0.8568753492423343
339cbc4cc198848f,363632,E-CommereShippingData,4105,ep640_200,200,512,128,640,1e-05,0.0,standard,1024,1024,1024,0,1024,4.6,mesuré ici,0.7391486983986083,0.4923411812926197,0.854244276385627
339cbc4cc198848f,363632,E-CommereShippingData,4105,ep640_200,200,512,128,640,1e-05,0.0,standard,2048,2048,2048,0,1024,5.8,mesuré ici,0.7381084476288227,0.4913914491853122,0.8552959972026907
339cbc4cc198848f,363632,E-CommereShippingData,4105,ep640_200,200,512,128,640,1e-05,0.0,standard,full,4105,4105,0,1024,9.7,mesuré ici,0.7443677851178752,0.48931167169710527,0.8584863960381158
339cbc4cc198848f,363674,hazelnut-spread-contaminant-detection,896,ep640_25,25,512,128,640,1e-05,0.0,standard,32,32,32,0,320,3.4,mesuré ici,0.8841796875,0.5682485875028598,0.8611288234783578
339cbc4cc198848f,363674,hazelnut-spread-contaminant-detection,896,ep640_25,25,512,128,640,1e-05,0.0,standard,32,32,32,1,320,3.1,mesuré ici,0.88666015625,0.42442701137453553,0.8599968307322852
339cbc4cc198848f,363674,hazelnut-spread-contaminant-detection,896,ep640_25,25,512,128,640,1e-05,0.0,standard,32,32,32,2,320,3.1,mesuré ici,0.862109375,0.4576036049216884,0.8345895976392053
339cbc4cc198848f,363674,hazelnut-spread-contaminant-detection,896,ep640_25,25,512,128,640,1e-05,0.0,standard,64,64,64,0,320,3.0,mesuré ici,0.94193359375,0.3412838973214444,0.9385485450190217
339cbc4cc198848f,363674,hazelnut-spread-contaminant-detection,896,ep640_25,25,512,128,640,1e-05,0.0,standard,64,64,64,1,320,3.0,mesuré ici,0.91240234375,0.41868767517710576,0.8952480355320988
339cbc4cc198848f,363674,hazelnut-spread-contaminant-detection,896,ep640_25,25,512,128,640,1e-05,0.0,standard,64,64,64,2,320,3.0,mesuré ici,0.8892968750000001,0.4703752955377724,0.8905607093274834
339cbc4cc198848f,363674,hazelnut-spread-contaminant-detection,896,ep640_25,25,512,128,640,1e-05,0.0,standard,128,128,128,0,320,3.0,mesuré ici,0.9385546874999999,0.33874538753024197,0.933121605800969
339cbc4cc198848f,363674,hazelnut-spread-contaminant-detection,896,ep640_25,25,512,128,640,1e-05,0.0,standard,128,128,128,1,320,3.0,mesuré ici,0.9465234375,0.307533586972655,0.9462624580424236
339cbc4cc198848f,363674,hazelnut-spread-contaminant-detection,896,ep640_25,25,512,128,640,1e-05,0.0,standard,128,128,128,2,320,2.9,mesuré ici,0.9726171874999999,0.24464993389305328,0.9706847115824324
339cbc4cc198848f,363674,hazelnut-spread-contaminant-detection,896,ep640_25,25,512,128,640,1e-05,0.0,standard,256,256,256,0,320,3.0,mesuré ici,0.9641796874999999,0.28889940902551897,0.9631849563934828
339cbc4cc198848f,363674,hazelnut-spread-contaminant-detection,896,ep640_25,25,512,128,640,1e-05,0.0,standard,256,256,256,1,320,2.9,mesuré ici,0.9832617187500001,0.16904635578204438,0.982022387531737
339cbc4cc198848f,363674,hazelnut-spread-contaminant-detection,896,ep640_25,25,512,128,640,1e-05,0.0,standard,256,256,256,2,320,3.2,mesuré ici,0.979453125,0.20985433597414369,0.9806011598495654
339cbc4cc198848f,363674,hazelnut-spread-contaminant-detection,896,ep640_25,25,512,128,640,1e-05,0.0,standard,512,512,512,0,320,3.2,mesuré ici,0.9896875,0.13979120788712723,0.9894357559293838
339cbc4cc198848f,363674,hazelnut-spread-contaminant-detection,896,ep640_25,25,512,128,640,1e-05,0.0,standard,full,896,896,0,320,3.0,mesuré ici,0.9929687500000001,0.0969657210323486,0.9922938086189164
339cbc4cc198848f,363674,hazelnut-spread-contaminant-detection,896,ep640_50,50,512,128,640,1e-05,0.0,standard,32,32,32,0,320,3.3,mesuré ici,0.8822070312500001,0.5751956250303072,0.8607602131105185
339cbc4cc198848f,363674,hazelnut-spread-contaminant-detection,896,ep640_50,50,512,128,640,1e-05,0.0,standard,32,32,32,1,320,3.0,mesuré ici,0.8855468750000001,0.42555667003301834,0.858377207269569
339cbc4cc198848f,363674,hazelnut-spread-contaminant-detection,896,ep640_50,50,512,128,640,1e-05,0.0,standard,32,32,32,2,320,3.0,mesuré ici,0.8659765625,0.4515689819368952,0.8391862868995841
339cbc4cc198848f,363674,hazelnut-spread-contaminant-detection,896,ep640_50,50,512,128,640,1e-05,0.0,standard,64,64,64,0,320,2.9,mesuré ici,0.9419335937500001,0.3426754537678013,0.9380102365580735
339cbc4cc198848f,363674,hazelnut-spread-contaminant-detection,896,ep640_50,50,512,128,640,1e-05,0.0,standard,64,64,64,1,320,3.0,mesuré ici,0.91578125,0.4037679431867218,0.9008554980290917
339cbc4cc198848f,363674,hazelnut-spread-contaminant-detection,896,ep640_50,50,512,128,640,1e-05,0.0,standard,64,64,64,2,320,3.0,mesuré ici,0.8955859375,0.44455257649960417,0.8944843724342096
339cbc4cc198848f,363674,hazelnut-spread-contaminant-detection,896,ep640_50,50,512,128,640,1e-05,0.0,standard,128,128,128,0,320,3.0,mesuré ici,0.9359765625,0.337070852718249,0.9251447631987868
339cbc4cc198848f,363674,hazelnut-spread-contaminant-detection,896,ep640_50,50,512,128,640,1e-05,0.0,standard,128,128,128,1,320,3.0,mesuré ici,0.94681640625,0.310120341105256,0.9446685161110788
339cbc4cc198848f,363674,hazelnut-spread-contaminant-detection,896,ep640_50,50,512,128,640,1e-05,0.0,standard,128,128,128,2,320,3.1,mesuré ici,0.9744335937499999,0.2256928637506955,0.9735342299988212
339cbc4cc198848f,363674,hazelnut-spread-contaminant-detection,896,ep640_50,50,512,128,640,1e-05,0.0,standard,256,256,256,0,320,3.0,mesuré ici,0.9651953125,0.2655782349366916,0.9641293300981473
339cbc4cc198848f,363674,hazelnut-spread-contaminant-detection,896,ep640_50,50,512,128,640,1e-05,0.0,standard,256,256,256,1,320,3.0,mesuré ici,0.98359375,0.17490039364471205,0.9826671644148729
339cbc4cc198848f,363674,hazelnut-spread-contaminant-detection,896,ep640_50,50,512,128,640,1e-05,0.0,standard,256,256,256,2,320,3.1,mesuré ici,0.9792578125,0.19424845565084378,0.9801065358897423
339cbc4cc198848f,363674,hazelnut-spread-contaminant-detection,896,ep640_50,50,512,128,640,1e-05,0.0,standard,512,512,512,0,320,3.0,mesuré ici,0.9890625,0.14410206380051083,0.9891948665361001
339cbc4cc198848f,363674,hazelnut-spread-contaminant-detection,896,ep640_50,50,512,128,640,1e-05,0.0,standard,full,896,896,0,320,3.0,mesuré ici,0.994375,0.094914469088202,0.9941349453940789
339cbc4cc198848f,363674,hazelnut-spread-contaminant-detection,896,ep640_200,200,512,128,640,1e-05,0.0,standard,32,32,32,0,320,3.3,mesuré ici,0.87890625,0.6230501472426679,0.8501069490523335
339cbc4cc198848f,363674,hazelnut-spread-contaminant-detection,896,ep640_200,200,512,128,640,1e-05,0.0,standard,32,32,32,1,320,3.0,mesuré ici,0.88705078125,0.4194005495487767,0.8565059429954176
339cbc4cc198848f,363674,hazelnut-spread-contaminant-detection,896,ep640_200,200,512,128,640,1e-05,0.0,standard,32,32,32,2,320,3.0,mesuré ici,0.8723632812500001,0.44298868178544426,0.8492554508602075
339cbc4cc198848f,363674,hazelnut-spread-contaminant-detection,896,ep640_200,200,512,128,640,1e-05,0.0,standard,64,64,64,0,320,3.0,mesuré ici,0.94478515625,0.32825267407594916,0.9400549676568621
339cbc4cc198848f,363674,hazelnut-spread-contaminant-detection,896,ep640_200,200,512,128,640,1e-05,0.0,standard,64,64,64,1,320,3.1,mesuré ici,0.9165625,0.4068977161887779,0.9043459770987767
339cbc4cc198848f,363674,hazelnut-spread-contaminant-detection,896,ep640_200,200,512,128,640,1e-05,0.0,standard,64,64,64,2,320,3.0,mesuré ici,0.90423828125,0.43824556297309336,0.9030680828466688
339cbc4cc198848f,363674,hazelnut-spread-contaminant-detection,896,ep640_200,200,512,128,640,1e-05,0.0,standard,128,128,128,0,320,3.0,mesuré ici,0.93966796875,0.34795384665720885,0.9320763030055399
339cbc4cc198848f,363674,hazelnut-spread-contaminant-detection,896,ep640_200,200,512,128,640,1e-05,0.0,standard,128,128,128,1,320,3.1,mesuré ici,0.9457617187499999,0.30694613375340685,0.9435822848582188
339cbc4cc198848f,363674,hazelnut-spread-contaminant-detection,896,ep640_200,200,512,128,640,1e-05,0.0,standard,128,128,128,2,320,3.1,mesuré ici,0.9782421874999999,0.20810731797888732,0.9783956290423134
339cbc4cc198848f,363674,hazelnut-spread-contaminant-detection,896,ep640_200,200,512,128,640,1e-05,0.0,standard,256,256,256,0,320,3.0,mesuré ici,0.9690625,0.2498325358108759,0.967720166296393
339cbc4cc198848f,363674,hazelnut-spread-contaminant-detection,896,ep640_200,200,512,128,640,1e-05,0.0,standard,256,256,256,1,320,3.0,mesuré ici,0.9853125000000001,0.1605146553872616,0.985571757199003
339cbc4cc198848f,363674,hazelnut-spread-contaminant-detection,896,ep640_200,200,512,128,640,1e-05,0.0,standard,256,256,256,2,320,3.0,mesuré ici,0.978515625,0.18979132712675634,0.9783531348970623
339cbc4cc198848f,363674,hazelnut-spread-contaminant-detection,896,ep640_200,200,512,128,640,1e-05,0.0,standard,512,512,512,0,320,3.0,mesuré ici,0.9872265625000001,0.14595782346771652,0.9874849961975513
339cbc4cc198848f,363674,hazelnut-spread-contaminant-detection,896,ep640_200,200,512,128,640,1e-05,0.0,standard,full,896,896,0,320,3.0,mesuré ici,0.9924218750000001,0.10077842912525517,0.9919497308867
339cbc4cc198848f,363676,heloc,3903,ep640_25,25,512,128,640,1e-05,0.0,standard,32,32,32,0,1024,5.2,mesuré ici,0.7260376060536574,0.6450355240941716,0.7149641386303045
339cbc4cc198848f,363676,heloc,3903,ep640_25,25,512,128,640,1e-05,0.0,standard,32,32,32,1,1024,4.8,mesuré ici,0.7280784223801879,0.6198139628867676,0.6965467387056834
339cbc4cc198848f,363676,heloc,3903,ep640_25,25,512,128,640,1e-05,0.0,standard,32,32,32,2,1024,4.7,mesuré ici,0.7627073301230605,0.6419954904983878,0.7546930936934929
339cbc4cc198848f,363676,heloc,3903,ep640_25,25,512,128,640,1e-05,0.0,standard,64,64,64,0,1024,4.6,mesuré ici,0.7696590995948942,0.5744690180881389,0.7508250425542857
339cbc4cc198848f,363676,heloc,3903,ep640_25,25,512,128,640,1e-05,0.0,standard,64,64,64,1,1024,4.6,mesuré ici,0.7579473362378659,0.6345392070855379,0.657036600343036
339cbc4cc198848f,363676,heloc,3903,ep640_25,25,512,128,640,1e-05,0.0,standard,64,64,64,2,1024,4.6,mesuré ici,0.704119850187266,0.6421802428529784,0.6810893678878965
339cbc4cc198848f,363676,heloc,3903,ep640_25,25,512,128,640,1e-05,0.0,standard,128,128,128,0,1024,4.6,mesuré ici,0.7717171138118168,0.5749296091797971,0.7542162704907396
339cbc4cc198848f,363676,heloc,3903,ep640_25,25,512,128,640,1e-05,0.0,standard,128,128,128,1,1024,5.0,mesuré ici,0.7950145226629979,0.5515482232362514,0.7702892741126369
339cbc4cc198848f,363676,heloc,3903,ep640_25,25,512,128,640,1e-05,0.0,standard,128,128,128,2,1024,4.7,mesuré ici,0.7930253000076435,0.5577763203703228,0.7706818803797305
339cbc4cc198848f,363676,heloc,3903,ep640_25,25,512,128,640,1e-05,0.0,standard,256,256,256,0,1024,4.7,mesuré ici,0.7879137048077658,0.5609771802520913,0.7591474287402298
339cbc4cc198848f,363676,heloc,3903,ep640_25,25,512,128,640,1e-05,0.0,standard,256,256,256,1,1024,4.8,mesuré ici,0.795236184361385,0.5511587021078643,0.7738312036238095
339cbc4cc198848f,363676,heloc,3903,ep640_25,25,512,128,640,1e-05,0.0,standard,256,256,256,2,1024,4.7,mesuré ici,0.7959909806619276,0.5515215696835681,0.7698582661762207
339cbc4cc198848f,363676,heloc,3903,ep640_25,25,512,128,640,1e-05,0.0,standard,512,512,512,0,1024,4.7,mesuré ici,0.7952705801421691,0.5477534619927508,0.773406530786332
339cbc4cc198848f,363676,heloc,3903,ep640_25,25,512,128,640,1e-05,0.0,standard,1024,1024,1024,0,1024,4.8,mesuré ici,0.804534510433387,0.5415914695839635,0.7766774233669961
339cbc4cc198848f,363676,heloc,3903,ep640_25,25,512,128,640,1e-05,0.0,standard,2048,2048,2048,0,1024,6.4,mesuré ici,0.8116525261790108,0.5328300717798158,0.7852291070676412
339cbc4cc198848f,363676,heloc,3903,ep640_25,25,512,128,640,1e-05,0.0,standard,full,3903,3903,0,1024,10.4,mesuré ici,0.8144615149430559,0.52945537910977,0.7839899229496138
339cbc4cc198848f,363676,heloc,3903,ep640_50,50,512,128,640,1e-05,0.0,standard,32,32,32,0,1024,5.1,mesuré ici,0.7211839792096614,0.6479377676493293,0.7089299815783658
339cbc4cc198848f,363676,heloc,3903,ep640_50,50,512,128,640,1e-05,0.0,standard,32,32,32,1,1024,4.7,mesuré ici,0.7297752808988764,0.6216300775867319,0.6960314694826722
339cbc4cc198848f,363676,heloc,3903,ep640_50,50,512,128,640,1e-05,0.0,standard,32,32,32,2,1024,4.8,mesuré ici,0.7637468470534281,0.6427959877351652,0.7511133278039317
339cbc4cc198848f,363676,heloc,3903,ep640_50,50,512,128,640,1e-05,0.0,standard,64,64,64,0,1024,4.8,mesuré ici,0.7693571810746771,0.5740147983790036,0.7501950347067071
339cbc4cc198848f,363676,heloc,3903,ep640_50,50,512,128,640,1e-05,0.0,standard,64,64,64,1,1024,4.9,mesuré ici,0.7592409997706948,0.6414056640190426,0.6569877814160929
339cbc4cc198848f,363676,heloc,3903,ep640_50,50,512,128,640,1e-05,0.0,standard,64,64,64,2,1024,4.8,mesuré ici,0.7037185660781167,0.6476902182246378,0.6766262612086557
339cbc4cc198848f,363676,heloc,3903,ep640_50,50,512,128,640,1e-05,0.0,standard,128,128,128,0,1024,4.7,mesuré ici,0.770333639073607,0.5784217577552109,0.7525742016995917
339cbc4cc198848f,363676,heloc,3903,ep640_50,50,512,128,640,1e-05,0.0,standard,128,128,128,1,1024,4.8,mesuré ici,0.7973056638385692,0.550395802965596,0.7715558920354237
339cbc4cc198848f,363676,heloc,3903,ep640_50,50,512,128,640,1e-05,0.0,standard,128,128,128,2,1024,4.8,mesuré ici,0.7936100282809753,0.5587207826862093,0.7721117435598068
339cbc4cc198848f,363676,heloc,3903,ep640_50,50,512,128,640,1e-05,0.0,standard,256,256,256,0,1024,4.8,mesuré ici,0.7861843613850035,0.5641551646204399,0.757970111007271
339cbc4cc198848f,363676,heloc,3903,ep640_50,50,512,128,640,1e-05,0.0,standard,256,256,256,1,1024,4.8,mesuré ici,0.797915233509134,0.5469562063914778,0.7750082639587141
339cbc4cc198848f,363676,heloc,3903,ep640_50,50,512,128,640,1e-05,0.0,standard,256,256,256,2,1024,4.9,mesuré ici,0.7972120308797677,0.5526357307964731,0.7702206197940578
339cbc4cc198848f,363676,heloc,3903,ep640_50,50,512,128,640,1e-05,0.0,standard,512,512,512,0,1024,4.9,mesuré ici,0.7982458151800046,0.5470600987922971,0.7747837358475997
339cbc4cc198848f,363676,heloc,3903,ep640_50,50,512,128,640,1e-05,0.0,standard,1024,1024,1024,0,1024,4.9,mesuré ici,0.8064033478559963,0.540362934449403,0.7776040629180916
339cbc4cc198848f,363676,heloc,3903,ep640_50,50,512,128,640,1e-05,0.0,standard,2048,2048,2048,0,1024,6.4,mesuré ici,0.8120805625621035,0.5337248472802416,0.783429589875719
339cbc4cc198848f,363676,heloc,3903,ep640_50,50,512,128,640,1e-05,0.0,standard,full,3903,3903,0,1024,10.5,mesuré ici,0.8145570587785677,0.5304268466547808,0.7836275877602683
339cbc4cc198848f,363676,heloc,3903,ep640_200,200,512,128,640,1e-05,0.0,standard,32,32,32,0,1024,5.2,mesuré ici,0.726433157532676,0.6347909672040851,0.7127202311399377
339cbc4cc198848f,363676,heloc,3903,ep640_200,200,512,128,640,1e-05,0.0,standard,32,32,32,1,1024,4.8,mesuré ici,0.7402793701750363,0.6155691285672551,0.7030059846335244
339cbc4cc198848f,363676,heloc,3903,ep640_200,200,512,128,640,1e-05,0.0,standard,32,32,32,2,1024,4.7,mesuré ici,0.7682832683635252,0.6224877394126661,0.7496872219763857
339cbc4cc198848f,363676,heloc,3903,ep640_200,200,512,128,640,1e-05,0.0,standard,64,64,64,0,1024,4.7,mesuré ici,0.7752980967667966,0.5681268162248125,0.7559298810500861
339cbc4cc198848f,363676,heloc,3903,ep640_200,200,512,128,640,1e-05,0.0,standard,64,64,64,1,1024,4.7,mesuré ici,0.7633092562867844,0.6188499133528664,0.661277602656797
339cbc4cc198848f,363676,heloc,3903,ep640_200,200,512,128,640,1e-05,0.0,standard,64,64,64,2,1024,4.8,mesuré ici,0.7054651073912712,0.6387332245500984,0.672550602965298
339cbc4cc198848f,363676,heloc,3903,ep640_200,200,512,128,640,1e-05,0.0,standard,128,128,128,0,1024,4.8,mesuré ici,0.7819078193074983,0.5687041175126636,0.7605634922636114
339cbc4cc198848f,363676,heloc,3903,ep640_200,200,512,128,640,1e-05,0.0,standard,128,128,128,1,1024,4.8,mesuré ici,0.7960616831002063,0.5503850619890697,0.7666410779308983
339cbc4cc198848f,363676,heloc,3903,ep640_200,200,512,128,640,1e-05,0.0,standard,128,128,128,2,1024,4.8,mesuré ici,0.8038408621875718,0.5518123099331571,0.778700356340928
339cbc4cc198848f,363676,heloc,3903,ep640_200,200,512,128,640,1e-05,0.0,standard,256,256,256,0,1024,4.8,mesuré ici,0.7878143392188337,0.562784892716701,0.7597927911162062
339cbc4cc198848f,363676,heloc,3903,ep640_200,200,512,128,640,1e-05,0.0,standard,256,256,256,1,1024,4.8,mesuré ici,0.798624168768631,0.5458575148266713,0.7718523131138944
339cbc4cc198848f,363676,heloc,3903,ep640_200,200,512,128,640,1e-05,0.0,standard,256,256,256,2,1024,4.8,mesuré ici,0.7990483833983031,0.5468651539797733,0.7712655380168723
339cbc4cc198848f,363676,heloc,3903,ep640_200,200,512,128,640,1e-05,0.0,standard,512,512,512,0,1024,4.8,mesuré ici,0.7989299090422687,0.5478289776421269,0.7744306469348831
339cbc4cc198848f,363676,heloc,3903,ep640_200,200,512,128,640,1e-05,0.0,standard,1024,1024,1024,0,1024,4.9,mesuré ici,0.806154933883666,0.539308122481029,0.775046971856644
339cbc4cc198848f,363676,heloc,3903,ep640_200,200,512,128,640,1e-05,0.0,standard,2048,2048,2048,0,1024,6.5,mesuré ici,0.8106512267828481,0.5370558159666238,0.7783432171263118
339cbc4cc198848f,363676,heloc,3903,ep640_200,200,512,128,640,1e-05,0.0,standard,full,3903,3903,0,1024,10.6,mesuré ici,0.8114671711381183,0.5362156609815487,0.7804127509275505
339cbc4cc198848f,363679,HR_Analytics_Job_Change_of_Data_Scientists,7151,ep640_25,25,512,128,640,1e-05,0.0,standard,32,32,32,0,1024,5.1,mesuré ici,0.7148193477651139,0.49379279466321424,0.4841160011493484
339cbc4cc198848f,363679,HR_Analytics_Job_Change_of_Data_Scientists,7151,ep640_25,25,512,128,640,1e-05,0.0,standard,32,32,32,1,1024,4.8,mesuré ici,0.6949718248807976,0.5262147341377068,0.4132604116119027
339cbc4cc198848f,363679,HR_Analytics_Job_Change_of_Data_Scientists,7151,ep640_25,25,512,128,640,1e-05,0.0,standard,32,32,32,2,1024,4.8,mesuré ici,0.7597134042173436,0.4862502397486499,0.5257558114140257
339cbc4cc198848f,363679,HR_Analytics_Job_Change_of_Data_Scientists,7151,ep640_25,25,512,128,640,1e-05,0.0,standard,64,64,64,0,1024,4.8,mesuré ici,0.8074453708661617,0.47872751744289954,0.5462115179541693
339cbc4cc198848f,363679,HR_Analytics_Job_Change_of_Data_Scientists,7151,ep640_25,25,512,128,640,1e-05,0.0,standard,64,64,64,1,1024,4.7,mesuré ici,0.7425737525179121,0.5102458333782492,0.44877438165965267
339cbc4cc198848f,363679,HR_Analytics_Job_Change_of_Data_Scientists,7151,ep640_25,25,512,128,640,1e-05,0.0,standard,64,64,64,2,1024,4.7,mesuré ici,0.7260868456615417,0.5021954022185562,0.45471890488286637
339cbc4cc198848f,363679,HR_Analytics_Job_Change_of_Data_Scientists,7151,ep640_25,25,512,128,640,1e-05,0.0,standard,128,128,128,0,1024,4.7,mesuré ici,0.7777684285677859,0.491366912324127,0.5326514292848255
339cbc4cc198848f,363679,HR_Analytics_Job_Change_of_Data_Scientists,7151,ep640_25,25,512,128,640,1e-05,0.0,standard,128,128,128,1,1024,5.2,mesuré ici,0.7840485478977027,0.464853793708892,0.5007563171206028
339cbc4cc198848f,363679,HR_Analytics_Job_Change_of_Data_Scientists,7151,ep640_25,25,512,128,640,1e-05,0.0,standard,128,128,128,2,1024,4.6,mesuré ici,0.7861240725158725,0.4690222248331791,0.5460970747844778
339cbc4cc198848f,363679,HR_Analytics_Job_Change_of_Data_Scientists,7151,ep640_25,25,512,128,640,1e-05,0.0,standard,256,256,256,0,1024,4.6,mesuré ici,0.8210408220505367,0.43440855927915367,0.5741799526237666
339cbc4cc198848f,363679,HR_Analytics_Job_Change_of_Data_Scientists,7151,ep640_25,25,512,128,640,1e-05,0.0,standard,256,256,256,1,1024,4.6,mesuré ici,0.8240852647951247,0.42953556390930486,0.5802713032064682
339cbc4cc198848f,363679,HR_Analytics_Job_Change_of_Data_Scientists,7151,ep640_25,25,512,128,640,1e-05,0.0,standard,256,256,256,2,1024,4.6,mesuré ici,0.8141793518447691,0.45411066975584014,0.5706697461170649
339cbc4cc198848f,363679,HR_Analytics_Job_Change_of_Data_Scientists,7151,ep640_25,25,512,128,640,1e-05,0.0,standard,512,512,512,0,1024,4.7,mesuré ici,0.8141207068002754,0.43125276748610375,0.5635609378120292
339cbc4cc198848f,363679,HR_Analytics_Job_Change_of_Data_Scientists,7151,ep640_25,25,512,128,640,1e-05,0.0,standard,1024,1024,1024,0,1024,4.7,mesuré ici,0.819521150462786,0.43521402363766326,0.5718033531561171
339cbc4cc198848f,363679,HR_Analytics_Job_Change_of_Data_Scientists,7151,ep640_25,25,512,128,640,1e-05,0.0,standard,2048,2048,2048,0,1024,5.8,mesuré ici,0.8310130293990158,0.4272253969927503,0.5661854380287625
339cbc4cc198848f,363679,HR_Analytics_Job_Change_of_Data_Scientists,7151,ep640_25,25,512,128,640,1e-05,0.0,standard,full,7151,7151,0,1024,17.8,mesuré ici,0.83446798745506,0.4172611853554449,0.5753677425405382
339cbc4cc198848f,363679,HR_Analytics_Job_Change_of_Data_Scientists,7151,ep640_50,50,512,128,640,1e-05,0.0,standard,32,32,32,0,1024,5.0,mesuré ici,0.7117596063132665,0.49552929246248,0.48380399065453444
339cbc4cc198848f,363679,HR_Analytics_Job_Change_of_Data_Scientists,7151,ep640_50,50,512,128,640,1e-05,0.0,standard,32,32,32,1,1024,4.7,mesuré ici,0.6948570845763533,0.5284817088213003,0.4138713713151273
339cbc4cc198848f,363679,HR_Analytics_Job_Change_of_Data_Scientists,7151,ep640_50,50,512,128,640,1e-05,0.0,standard,32,32,32,2,1024,4.6,mesuré ici,0.7593717330885541,0.48510765255335925,0.5257988126174938
339cbc4cc198848f,363679,HR_Analytics_Job_Change_of_Data_Scientists,7151,ep640_50,50,512,128,640,1e-05,0.0,standard,64,64,64,0,1024,4.6,mesuré ici,0.8081618603228027,0.46948019079723524,0.5525538714688435
339cbc4cc198848f,363679,HR_Analytics_Job_Change_of_Data_Scientists,7151,ep640_50,50,512,128,640,1e-05,0.0,standard,64,64,64,1,1024,4.6,mesuré ici,0.7447640174405262,0.509482100884078,0.4550851761126774
339cbc4cc198848f,363679,HR_Analytics_Job_Change_of_Data_Scientists,7151,ep640_50,50,512,128,640,1e-05,0.0,standard,64,64,64,2,1024,4.6,mesuré ici,0.7174405262755297,0.5064117899810111,0.4498430371241804
339cbc4cc198848f,363679,HR_Analytics_Job_Change_of_Data_Scientists,7151,ep640_50,50,512,128,640,1e-05,0.0,standard,128,128,128,0,1024,4.8,mesuré ici,0.7850378643004666,0.4848571896129629,0.5430321713362716
339cbc4cc198848f,363679,HR_Analytics_Job_Change_of_Data_Scientists,7151,ep640_50,50,512,128,640,1e-05,0.0,standard,128,128,128,1,1024,4.6,mesuré ici,0.7868788087406614,0.461560944408427,0.5079208135881974
339cbc4cc198848f,363679,HR_Analytics_Job_Change_of_Data_Scientists,7151,ep640_50,50,512,128,640,1e-05,0.0,standard,128,128,128,2,1024,4.6,mesuré ici,0.7872612764221423,0.46885569306638275,0.5500145544527411
339cbc4cc198848f,363679,HR_Analytics_Job_Change_of_Data_Scientists,7151,ep640_50,50,512,128,640,1e-05,0.0,standard,256,256,256,0,1024,4.7,mesuré ici,0.8155052398072362,0.43800082875942226,0.5743973136524009
339cbc4cc198848f,363679,HR_Analytics_Job_Change_of_Data_Scientists,7151,ep640_50,50,512,128,640,1e-05,0.0,standard,256,256,256,1,1024,4.6,mesuré ici,0.8212320558912771,0.4297755159293972,0.5858993258639799
339cbc4cc198848f,363679,HR_Analytics_Job_Change_of_Data_Scientists,7151,ep640_50,50,512,128,640,1e-05,0.0,standard,256,256,256,2,1024,4.6,mesuré ici,0.8184068946174049,0.44090298649351645,0.5786795250337239
339cbc4cc198848f,363679,HR_Analytics_Job_Change_of_Data_Scientists,7151,ep640_50,50,512,128,640,1e-05,0.0,standard,512,512,512,0,1024,4.7,mesuré ici,0.8144751268517811,0.42257030126770845,0.5738349048517895
339cbc4cc198848f,363679,HR_Analytics_Job_Change_of_Data_Scientists,7151,ep640_50,50,512,128,640,1e-05,0.0,standard,1024,1024,1024,0,1024,4.8,mesuré ici,0.8205716616945868,0.43111300173181466,0.5590313059686332
339cbc4cc198848f,363679,HR_Analytics_Job_Change_of_Data_Scientists,7151,ep640_50,50,512,128,640,1e-05,0.0,standard,2048,2048,2048,0,1024,5.9,mesuré ici,0.8277773528136871,0.42516640676951856,0.5610599435176464
339cbc4cc198848f,363679,HR_Analytics_Job_Change_of_Data_Scientists,7151,ep640_50,50,512,128,640,1e-05,0.0,standard,full,7151,7151,0,1024,18.1,mesuré ici,0.8295163058721537,0.41788612656635754,0.5677623692031032
339cbc4cc198848f,363679,HR_Analytics_Job_Change_of_Data_Scientists,7151,ep640_200,200,512,128,640,1e-05,0.0,standard,32,32,32,0,1024,4.9,mesuré ici,0.7365027155205385,0.495200619335018,0.498706293277409
339cbc4cc198848f,363679,HR_Analytics_Job_Change_of_Data_Scientists,7151,ep640_200,200,512,128,640,1e-05,0.0,standard,32,32,32,1,1024,4.7,mesuré ici,0.7133608710063999,0.5124856544509226,0.4367815874770937
339cbc4cc198848f,363679,HR_Analytics_Job_Change_of_Data_Scientists,7151,ep640_200,200,512,128,640,1e-05,0.0,standard,32,32,32,2,1024,4.6,mesuré ici,0.7533414926438716,0.48799862289317486,0.5266397684588686
339cbc4cc198848f,363679,HR_Analytics_Job_Change_of_Data_Scientists,7151,ep640_200,200,512,128,640,1e-05,0.0,standard,64,64,64,0,1024,4.6,mesuré ici,0.8040873046227593,0.4776622730641076,0.5362285992768558
339cbc4cc198848f,363679,HR_Analytics_Job_Change_of_Data_Scientists,7151,ep640_200,200,512,128,640,1e-05,0.0,standard,64,64,64,1,1024,4.7,mesuré ici,0.7383462097452764,0.5166760184562471,0.4405754266823373
339cbc4cc198848f,363679,HR_Analytics_Job_Change_of_Data_Scientists,7151,ep640_200,200,512,128,640,1e-05,0.0,standard,64,64,64,2,1024,4.6,mesuré ici,0.7320890384762488,0.5010270031692481,0.46024884279553707
339cbc4cc198848f,363679,HR_Analytics_Job_Change_of_Data_Scientists,7151,ep640_200,200,512,128,640,1e-05,0.0,standard,128,128,128,0,1024,4.7,mesuré ici,0.8028353604120452,0.48229277845311613,0.5565028021452951
339cbc4cc198848f,363679,HR_Analytics_Job_Change_of_Data_Scientists,7151,ep640_200,200,512,128,640,1e-05,0.0,standard,128,128,128,1,1024,4.6,mesuré ici,0.7851959509421453,0.46186638646274203,0.5100208655914439
339cbc4cc198848f,363679,HR_Analytics_Job_Change_of_Data_Scientists,7151,ep640_200,200,512,128,640,1e-05,0.0,standard,128,128,128,2,1024,4.6,mesuré ici,0.7932889670822816,0.46877846445915106,0.5490864984615683
339cbc4cc198848f,363679,HR_Analytics_Job_Change_of_Data_Scientists,7151,ep640_200,200,512,128,640,1e-05,0.0,standard,256,256,256,0,1024,4.6,mesuré ici,0.817889288355134,0.4294622074192951,0.5727764984131415
339cbc4cc198848f,363679,HR_Analytics_Job_Change_of_Data_Scientists,7151,ep640_200,200,512,128,640,1e-05,0.0,standard,256,256,256,1,1024,4.6,mesuré ici,0.8245493255819882,0.4246669216387443,0.5816903403288066
339cbc4cc198848f,363679,HR_Analytics_Job_Change_of_Data_Scientists,7151,ep640_200,200,512,128,640,1e-05,0.0,standard,256,256,256,2,1024,4.6,mesuré ici,0.8179912797368621,0.44226674189882853,0.5803424562662697
339cbc4cc198848f,363679,HR_Analytics_Job_Change_of_Data_Scientists,7151,ep640_200,200,512,128,640,1e-05,0.0,standard,512,512,512,0,1024,4.6,mesuré ici,0.8183431500038246,0.42281494452804447,0.5713196410894084
339cbc4cc198848f,363679,HR_Analytics_Job_Change_of_Data_Scientists,7151,ep640_200,200,512,128,640,1e-05,0.0,standard,1024,1024,1024,0,1024,4.7,mesuré ici,0.8179351844769116,0.4292758265487544,0.5601051210171556
339cbc4cc198848f,363679,HR_Analytics_Job_Change_of_Data_Scientists,7151,ep640_200,200,512,128,640,1e-05,0.0,standard,2048,2048,2048,0,1024,5.8,mesuré ici,0.8239552257834213,0.42350666860137737,0.556571943915839
339cbc4cc198848f,363679,HR_Analytics_Job_Change_of_Data_Scientists,7151,ep640_200,200,512,128,640,1e-05,0.0,standard,full,7151,7151,0,1024,18.0,mesuré ici,0.8321017873989647,0.4162388415837019,0.5717790918745916
339cbc4cc198848f,363681,in_vehicle_coupon_recommendation,4734,ep640_25,25,512,128,640,1e-05,0.0,standard,32,32,32,0,1024,5.2,mesuré ici,0.528554601856603,0.6903964596642698,0.5991080186252334
339cbc4cc198848f,363681,in_vehicle_coupon_recommendation,4734,ep640_25,25,512,128,640,1e-05,0.0,standard,32,32,32,1,1024,4.7,mesuré ici,0.5410680132481225,0.6916783120577981,0.596888564773913
339cbc4cc198848f,363681,in_vehicle_coupon_recommendation,4734,ep640_25,25,512,128,640,1e-05,0.0,standard,32,32,32,2,1024,4.8,mesuré ici,0.624626813453375,0.670083077839938,0.6833641747760931
339cbc4cc198848f,363681,in_vehicle_coupon_recommendation,4734,ep640_25,25,512,128,640,1e-05,0.0,standard,64,64,64,0,1024,4.7,mesuré ici,0.6162165103948003,0.6642867851639489,0.6693687662203587
339cbc4cc198848f,363681,in_vehicle_coupon_recommendation,4734,ep640_25,25,512,128,640,1e-05,0.0,standard,64,64,64,1,1024,4.7,mesuré ici,0.6067041408157235,0.6680717818841019,0.6585742259480627
339cbc4cc198848f,363681,in_vehicle_coupon_recommendation,4734,ep640_25,25,512,128,640,1e-05,0.0,standard,64,64,64,2,1024,4.6,mesuré ici,0.627738645021847,0.6732869606346337,0.6679995061384618
339cbc4cc198848f,363681,in_vehicle_coupon_recommendation,4734,ep640_25,25,512,128,640,1e-05,0.0,standard,128,128,128,0,1024,4.9,mesuré ici,0.6807797266408546,0.6336213899057062,0.7131004742921957
339cbc4cc198848f,363681,in_vehicle_coupon_recommendation,4734,ep640_25,25,512,128,640,1e-05,0.0,standard,128,128,128,1,1024,5.3,mesuré ici,0.5730551538617032,0.6799582961839894,0.6462345259587952
339cbc4cc198848f,363681,in_vehicle_coupon_recommendation,4734,ep640_25,25,512,128,640,1e-05,0.0,standard,128,128,128,2,1024,4.9,mesuré ici,0.6429168415978603,0.662776160943251,0.7024959848768142
339cbc4cc198848f,363681,in_vehicle_coupon_recommendation,4734,ep640_25,25,512,128,640,1e-05,0.0,standard,256,256,256,0,1024,4.7,mesuré ici,0.6873862947240753,0.6294791101213273,0.7185754862866225
339cbc4cc198848f,363681,in_vehicle_coupon_recommendation,4734,ep640_25,25,512,128,640,1e-05,0.0,standard,256,256,256,1,1024,4.8,mesuré ici,0.663103901354356,0.6431534258570026,0.7146031400473245
339cbc4cc198848f,363681,in_vehicle_coupon_recommendation,4734,ep640_25,25,512,128,640,1e-05,0.0,standard,256,256,256,2,1024,4.8,mesuré ici,0.7174200370076659,0.6121346287087903,0.7586646186972688
339cbc4cc198848f,363681,in_vehicle_coupon_recommendation,4734,ep640_25,25,512,128,640,1e-05,0.0,standard,512,512,512,0,1024,4.8,mesuré ici,0.7358675032265087,0.5998002864370537,0.7577135307588654
339cbc4cc198848f,363681,in_vehicle_coupon_recommendation,4734,ep640_25,25,512,128,640,1e-05,0.0,standard,1024,1024,1024,0,1024,4.9,mesuré ici,0.7503809612663463,0.5827875085647896,0.7909156336937047
339cbc4cc198848f,363681,in_vehicle_coupon_recommendation,4734,ep640_25,25,512,128,640,1e-05,0.0,standard,2048,2048,2048,0,1024,6.8,mesuré ici,0.7970642658332168,0.5381458949512801,0.8173848385225757
339cbc4cc198848f,363681,in_vehicle_coupon_recommendation,4734,ep640_25,25,512,128,640,1e-05,0.0,standard,full,4734,4734,0,1024,12.9,mesuré ici,0.8236149336816407,0.5059719498889291,0.846903144983373
339cbc4cc198848f,363681,in_vehicle_coupon_recommendation,4734,ep640_50,50,512,128,640,1e-05,0.0,standard,32,32,32,0,1024,5.2,mesuré ici,0.5264768080110712,0.6915373218201506,0.5996742815754195
339cbc4cc198848f,363681,in_vehicle_coupon_recommendation,4734,ep640_50,50,512,128,640,1e-05,0.0,standard,32,32,32,1,1024,4.8,mesuré ici,0.5396296900996719,0.6943434744377551,0.5955481678994735
339cbc4cc198848f,363681,in_vehicle_coupon_recommendation,4734,ep640_50,50,512,128,640,1e-05,0.0,standard,32,32,32,2,1024,4.8,mesuré ici,0.6199561505807716,0.6699062794655475,0.6794201585439711
339cbc4cc198848f,363681,in_vehicle_coupon_recommendation,4734,ep640_50,50,512,128,640,1e-05,0.0,standard,64,64,64,0,1024,4.8,mesuré ici,0.6113048312108348,0.6665344155376995,0.6667295924249619
339cbc4cc198848f,363681,in_vehicle_coupon_recommendation,4734,ep640_50,50,512,128,640,1e-05,0.0,standard,64,64,64,1,1024,4.7,mesuré ici,0.6048984621604392,0.6699474513055768,0.6570604537499523
339cbc4cc198848f,363681,in_vehicle_coupon_recommendation,4734,ep640_50,50,512,128,640,1e-05,0.0,standard,64,64,64,2,1024,4.6,mesuré ici,0.625355693427252,0.6729979391827182,0.6687325786655289
339cbc4cc198848f,363681,in_vehicle_coupon_recommendation,4734,ep640_50,50,512,128,640,1e-05,0.0,standard,128,128,128,0,1024,4.9,mesuré ici,0.6820781048343207,0.6334933078080793,0.7147397545414627
339cbc4cc198848f,363681,in_vehicle_coupon_recommendation,4734,ep640_50,50,512,128,640,1e-05,0.0,standard,128,128,128,1,1024,4.8,mesuré ici,0.5916911570337889,0.6786604551556465,0.6535755430383976
339cbc4cc198848f,363681,in_vehicle_coupon_recommendation,4734,ep640_50,50,512,128,640,1e-05,0.0,standard,128,128,128,2,1024,4.8,mesuré ici,0.6451190309589339,0.6605303641945307,0.7052488351177004
339cbc4cc198848f,363681,in_vehicle_coupon_recommendation,4734,ep640_50,50,512,128,640,1e-05,0.0,standard,256,256,256,0,1024,4.8,mesuré ici,0.684674861221253,0.6342428408450198,0.7127845570618176
339cbc4cc198848f,363681,in_vehicle_coupon_recommendation,4734,ep640_50,50,512,128,640,1e-05,0.0,standard,256,256,256,1,1024,4.7,mesuré ici,0.6749700673290727,0.6375314139745718,0.7182944129264948
339cbc4cc198848f,363681,in_vehicle_coupon_recommendation,4734,ep640_50,50,512,128,640,1e-05,0.0,standard,256,256,256,2,1024,4.8,mesuré ici,0.6974953740417658,0.6283972954787385,0.741372851143625
339cbc4cc198848f,363681,in_vehicle_coupon_recommendation,4734,ep640_50,50,512,128,640,1e-05,0.0,standard,512,512,512,0,1024,4.8,mesuré ici,0.7246874562672017,0.609449584978957,0.7469062358096582
339cbc4cc198848f,363681,in_vehicle_coupon_recommendation,4734,ep640_50,50,512,128,640,1e-05,0.0,standard,1024,1024,1024,0,1024,4.9,mesuré ici,0.7481535040661784,0.5856357261199547,0.787070846963291
339cbc4cc198848f,363681,in_vehicle_coupon_recommendation,4734,ep640_50,50,512,128,640,1e-05,0.0,standard,2048,2048,2048,0,1024,6.8,mesuré ici,0.7858220211161389,0.5512521739285694,0.8066345008752198
339cbc4cc198848f,363681,in_vehicle_coupon_recommendation,4734,ep640_50,50,512,128,640,1e-05,0.0,standard,full,4734,4734,0,1024,13.1,mesuré ici,0.8078536331265258,0.5291238176219788,0.8377969424944061
339cbc4cc198848f,363681,in_vehicle_coupon_recommendation,4734,ep640_200,200,512,128,640,1e-05,0.0,standard,32,32,32,0,1024,5.1,mesuré ici,0.5307626222574676,0.6897833285217567,0.6041140873705104
339cbc4cc198848f,363681,in_vehicle_coupon_recommendation,4734,ep640_200,200,512,128,640,1e-05,0.0,standard,32,32,32,1,1024,4.7,mesuré ici,0.5438183203495514,0.6902912921701554,0.6008054201663207
339cbc4cc198848f,363681,in_vehicle_coupon_recommendation,4734,ep640_200,200,512,128,640,1e-05,0.0,standard,32,32,32,2,1024,4.7,mesuré ici,0.616484738225187,0.669051036955138,0.6745994867997961
339cbc4cc198848f,363681,in_vehicle_coupon_recommendation,4734,ep640_200,200,512,128,640,1e-05,0.0,standard,64,64,64,0,1024,4.8,mesuré ici,0.6231068557478503,0.6626394337018431,0.6757798982546936
339cbc4cc198848f,363681,in_vehicle_coupon_recommendation,4734,ep640_200,200,512,128,640,1e-05,0.0,standard,64,64,64,1,1024,4.7,mesuré ici,0.6041034970689306,0.6706241463776847,0.6522945492749896
339cbc4cc198848f,363681,in_vehicle_coupon_recommendation,4734,ep640_200,200,512,128,640,1e-05,0.0,standard,64,64,64,2,1024,4.7,mesuré ici,0.6355872245805538,0.6721261186440333,0.6787461095940652
339cbc4cc198848f,363681,in_vehicle_coupon_recommendation,4734,ep640_200,200,512,128,640,1e-05,0.0,standard,128,128,128,0,1024,5.0,mesuré ici,0.6806184012066365,0.6333564902612085,0.7160935370471913
339cbc4cc198848f,363681,in_vehicle_coupon_recommendation,4734,ep640_200,200,512,128,640,1e-05,0.0,standard,128,128,128,1,1024,4.9,mesuré ici,0.5879106995692805,0.6780228264543511,0.651217628149222
339cbc4cc198848f,363681,in_vehicle_coupon_recommendation,4734,ep640_200,200,512,128,640,1e-05,0.0,standard,128,128,128,2,1024,4.9,mesuré ici,0.6404367060067484,0.6587549776258182,0.7034069328406789
339cbc4cc198848f,363681,in_vehicle_coupon_recommendation,4734,ep640_200,200,512,128,640,1e-05,0.0,standard,256,256,256,0,1024,4.9,mesuré ici,0.6938490304924507,0.6332620179370649,0.7163258950371617
339cbc4cc198848f,363681,in_vehicle_coupon_recommendation,4734,ep640_200,200,512,128,640,1e-05,0.0,standard,256,256,256,1,1024,4.8,mesuré ici,0.6761246132076938,0.6364769145889476,0.7243922219042123
339cbc4cc198848f,363681,in_vehicle_coupon_recommendation,4734,ep640_200,200,512,128,640,1e-05,0.0,standard,256,256,256,2,1024,4.9,mesuré ici,0.7148524358196886,0.6155640166395937,0.7552704582151878
339cbc4cc198848f,363681,in_vehicle_coupon_recommendation,4734,ep640_200,200,512,128,640,1e-05,0.0,standard,512,512,512,0,1024,4.8,mesuré ici,0.738085242027025,0.6015697843146316,0.757222891883524
339cbc4cc198848f,363681,in_vehicle_coupon_recommendation,4734,ep640_200,200,512,128,640,1e-05,0.0,standard,1024,1024,1024,0,1024,5.0,mesuré ici,0.7538601483416523,0.5822705783003868,0.7947662113704905
339cbc4cc198848f,363681,in_vehicle_coupon_recommendation,4734,ep640_200,200,512,128,640,1e-05,0.0,standard,2048,2048,2048,0,1024,6.8,mesuré ici,0.7849182099485315,0.5575359168210687,0.8145685267136535
339cbc4cc198848f,363681,in_vehicle_coupon_recommendation,4734,ep640_200,200,512,128,640,1e-05,0.0,standard,full,4734,4734,0,1024,13.0,mesuré ici,0.8045921382034178,0.5356984583415128,0.8338622087485331
339cbc4cc198848f,363689,NATICUSdroid,2796,ep640_25,25,512,128,640,1e-05,0.0,standard,32,32,32,0,999,5.2,mesuré ici,0.9634558661677305,0.2371874915427452,0.9426205562098975
339cbc4cc198848f,363689,NATICUSdroid,2796,ep640_25,25,512,128,640,1e-05,0.0,standard,32,32,32,1,999,4.9,mesuré ici,0.9202949592780101,0.3317774891533701,0.8928093816034953
339cbc4cc198848f,363689,NATICUSdroid,2796,ep640_25,25,512,128,640,1e-05,0.0,standard,32,32,32,2,999,4.9,mesuré ici,0.9540788025533788,0.29890961985657216,0.9279238926748459
339cbc4cc198848f,363689,NATICUSdroid,2796,ep640_25,25,512,128,640,1e-05,0.0,standard,64,64,64,0,999,4.8,mesuré ici,0.9551419766674004,0.2869714292623367,0.9482293372387043
339cbc4cc198848f,363689,NATICUSdroid,2796,ep640_25,25,512,128,640,1e-05,0.0,standard,64,64,64,1,999,4.9,mesuré ici,0.968976447281532,0.22675455900339617,0.9598162444686633
339cbc4cc198848f,363689,NATICUSdroid,2796,ep640_25,25,512,128,640,1e-05,0.0,standard,64,64,64,2,999,5.1,mesuré ici,0.9483535108958837,0.30157558456147004,0.9283652586412448
339cbc4cc198848f,363689,NATICUSdroid,2796,ep640_25,25,512,128,640,1e-05,0.0,standard,128,128,128,0,999,6.3,mesuré ici,0.947079022672243,0.29063378971583675,0.9255755113469901
339cbc4cc198848f,363689,NATICUSdroid,2796,ep640_25,25,512,128,640,1e-05,0.0,standard,128,128,128,1,999,6.3,mesuré ici,0.967787805414924,0.2390484877730203,0.9540145980710768
339cbc4cc198848f,363689,NATICUSdroid,2796,ep640_25,25,512,128,640,1e-05,0.0,standard,128,128,128,2,999,6.3,mesuré ici,0.9557032797710765,0.24746486565646958,0.9482702367458766
339cbc4cc198848f,363689,NATICUSdroid,2796,ep640_25,25,512,128,640,1e-05,0.0,standard,256,256,256,0,999,6.3,mesuré ici,0.979275808936826,0.17523737500607278,0.9701664713349105
339cbc4cc198848f,363689,NATICUSdroid,2796,ep640_25,25,512,128,640,1e-05,0.0,standard,256,256,256,1,999,6.3,mesuré ici,0.976434074400176,0.18591352351736637,0.9673637342361678
339cbc4cc198848f,363689,NATICUSdroid,2796,ep640_25,25,512,128,640,1e-05,0.0,standard,256,256,256,2,999,6.3,mesuré ici,0.9748734316530926,0.18275848379611634,0.9650077655392973
339cbc4cc198848f,363689,NATICUSdroid,2796,ep640_25,25,512,128,640,1e-05,0.0,standard,512,512,512,0,999,6.5,mesuré ici,0.9768919216376842,0.18040334339760508,0.9669173929449142
339cbc4cc198848f,363689,NATICUSdroid,2796,ep640_25,25,512,128,640,1e-05,0.0,standard,1024,1024,1024,0,999,7.4,mesuré ici,0.9820096852300242,0.16058960137941505,0.9725733077227671
339cbc4cc198848f,363689,NATICUSdroid,2796,ep640_25,25,512,128,640,1e-05,0.0,standard,2048,2048,2048,0,999,12.1,mesuré ici,0.9844265903587938,0.15314921594844919,0.9756930635757989
339cbc4cc198848f,363689,NATICUSdroid,2796,ep640_25,25,512,128,640,1e-05,0.0,standard,full,2796,2796,0,999,14.9,mesuré ici,0.9862976007043804,0.1406429248178358,0.9787921608561061
339cbc4cc198848f,363689,NATICUSdroid,2796,ep640_50,50,512,128,640,1e-05,0.0,standard,32,32,32,0,999,5.2,mesuré ici,0.9654655513977547,0.2425798442945862,0.94734218230312
339cbc4cc198848f,363689,NATICUSdroid,2796,ep640_50,50,512,128,640,1e-05,0.0,standard,32,32,32,1,999,4.9,mesuré ici,0.9141162227602906,0.34672142303889464,0.8864937640981643
339cbc4cc198848f,363689,NATICUSdroid,2796,ep640_50,50,512,128,640,1e-05,0.0,standard,32,32,32,2,999,4.9,mesuré ici,0.9555205811138014,0.296584871615844,0.9294117154149495
339cbc4cc198848f,363689,NATICUSdroid,2796,ep640_50,50,512,128,640,1e-05,0.0,standard,64,64,64,0,999,4.7,mesuré ici,0.9554391371340524,0.29245557650672804,0.949087955408126
339cbc4cc198848f,363689,NATICUSdroid,2796,ep640_50,50,512,128,640,1e-05,0.0,standard,64,64,64,1,999,4.8,mesuré ici,0.970429231785164,0.22460993947793034,0.9609823615711698
339cbc4cc198848f,363689,NATICUSdroid,2796,ep640_50,50,512,128,640,1e-05,0.0,standard,64,64,64,2,999,4.8,mesuré ici,0.9519700638344706,0.29377476902710087,0.9311639134420956
339cbc4cc198848f,363689,NATICUSdroid,2796,ep640_50,50,512,128,640,1e-05,0.0,standard,128,128,128,0,999,6.4,mesuré ici,0.9486044464010567,0.2812619379377596,0.9284408655657412
339cbc4cc198848f,363689,NATICUSdroid,2796,ep640_50,50,512,128,640,1e-05,0.0,standard,128,128,128,1,999,6.2,mesuré ici,0.9691041162227603,0.24301649527407337,0.9563407464474583
339cbc4cc198848f,363689,NATICUSdroid,2796,ep640_50,50,512,128,640,1e-05,0.0,standard,128,128,128,2,999,6.2,mesuré ici,0.954866828087167,0.24975884261990658,0.9479692065065378
339cbc4cc198848f,363689,NATICUSdroid,2796,ep640_50,50,512,128,640,1e-05,0.0,standard,256,256,256,0,999,6.3,mesuré ici,0.979751265683469,0.1837360355558257,0.9705196013191666
339cbc4cc198848f,363689,NATICUSdroid,2796,ep640_50,50,512,128,640,1e-05,0.0,standard,256,256,256,1,999,6.2,mesuré ici,0.9755381906229366,0.19311076803103108,0.9662015859762815
339cbc4cc198848f,363689,NATICUSdroid,2796,ep640_50,50,512,128,640,1e-05,0.0,standard,256,256,256,2,999,6.3,mesuré ici,0.9762205591019151,0.18194193672034667,0.9666435108429742
339cbc4cc198848f,363689,NATICUSdroid,2796,ep640_50,50,512,128,640,1e-05,0.0,standard,512,512,512,0,999,6.4,mesuré ici,0.9786836891921636,0.17940783292266874,0.9689898760594218
339cbc4cc198848f,363689,NATICUSdroid,2796,ep640_50,50,512,128,640,1e-05,0.0,standard,1024,1024,1024,0,999,7.4,mesuré ici,0.9832115342284833,0.16244423966320914,0.9747079863050877
339cbc4cc198848f,363689,NATICUSdroid,2796,ep640_50,50,512,128,640,1e-05,0.0,standard,2048,2048,2048,0,999,12.3,mesuré ici,0.9852168170812239,0.15842917603847545,0.9767819016276054
339cbc4cc198848f,363689,NATICUSdroid,2796,ep640_50,50,512,128,640,1e-05,0.0,standard,full,2796,2796,0,999,15.1,mesuré ici,0.986451683909311,0.14682247995924297,0.979169795391112
339cbc4cc198848f,363689,NATICUSdroid,2796,ep640_200,200,512,128,640,1e-05,0.0,standard,32,32,32,0,999,5.3,mesuré ici,0.9641888619854722,0.24478228853167042,0.9466329967065779
339cbc4cc198848f,363689,NATICUSdroid,2796,ep640_200,200,512,128,640,1e-05,0.0,standard,32,32,32,1,999,4.8,mesuré ici,0.9098613251155624,0.3541867152067077,0.8796551342936355
339cbc4cc198848f,363689,NATICUSdroid,2796,ep640_200,200,512,128,640,1e-05,0.0,standard,32,32,32,2,999,4.9,mesuré ici,0.9541338322694254,0.2929527367037131,0.9237982612897121
339cbc4cc198848f,363689,NATICUSdroid,2796,ep640_200,200,512,128,640,1e-05,0.0,standard,64,64,64,0,999,4.8,mesuré ici,0.952507153863086,0.2976267836684033,0.9469321422824812
339cbc4cc198848f,363689,NATICUSdroid,2796,ep640_200,200,512,128,640,1e-05,0.0,standard,64,64,64,1,999,4.9,mesuré ici,0.9716156724631301,0.22078756410829703,0.9621295163259562
339cbc4cc198848f,363689,NATICUSdroid,2796,ep640_200,200,512,128,640,1e-05,0.0,standard,64,64,64,2,999,4.8,mesuré ici,0.9501584855822144,0.3022137930119683,0.9280889586982214
339cbc4cc198848f,363689,NATICUSdroid,2796,ep640_200,200,512,128,640,1e-05,0.0,standard,128,128,128,0,999,6.4,mesuré ici,0.9511512216596963,0.28171501807432897,0.9320522070165055
339cbc4cc198848f,363689,NATICUSdroid,2796,ep640_200,200,512,128,640,1e-05,0.0,standard,128,128,128,1,999,6.3,mesuré ici,0.9704952674444199,0.23534576537759824,0.957500985784942
339cbc4cc198848f,363689,NATICUSdroid,2796,ep640_200,200,512,128,640,1e-05,0.0,standard,128,128,128,2,999,6.4,mesuré ici,0.9558133392031698,0.2550121169034472,0.9482667015365643
339cbc4cc198848f,363689,NATICUSdroid,2796,ep640_200,200,512,128,640,1e-05,0.0,standard,256,256,256,0,999,6.4,mesuré ici,0.9808232445520583,0.18673084257622588,0.9721718519970303
339cbc4cc198848f,363689,NATICUSdroid,2796,ep640_200,200,512,128,640,1e-05,0.0,standard,256,256,256,1,999,6.3,mesuré ici,0.977442218798151,0.19485313063263401,0.9691283113637933
339cbc4cc198848f,363689,NATICUSdroid,2796,ep640_200,200,512,128,640,1e-05,0.0,standard,256,256,256,2,999,6.3,mesuré ici,0.9767730574510236,0.18208868732733594,0.9666015716323423
339cbc4cc198848f,363689,NATICUSdroid,2796,ep640_200,200,512,128,640,1e-05,0.0,standard,512,512,512,0,999,6.5,mesuré ici,0.9813537310147479,0.17710847770639832,0.97278668696817
339cbc4cc198848f,363689,NATICUSdroid,2796,ep640_200,200,512,128,640,1e-05,0.0,standard,1024,1024,1024,0,999,7.4,mesuré ici,0.984538850979529,0.15875563799116843,0.9763612316899704
339cbc4cc198848f,363689,NATICUSdroid,2796,ep640_200,200,512,128,640,1e-05,0.0,standard,2048,2048,2048,0,999,12.2,mesuré ici,0.9850935505172793,0.16672665198017933,0.9769006003981368
339cbc4cc198848f,363689,NATICUSdroid,2796,ep640_200,200,512,128,640,1e-05,0.0,standard,full,2796,2796,0,999,15.1,mesuré ici,0.9864230684569668,0.162761981605576,0.9791536972789504
339cbc4cc198848f,363691,online_shoppers_intention,4603,ep640_25,25,512,128,640,1e-05,0.0,standard,32,32,32,0,1024,5.1,mesuré ici,0.9011678896132371,0.3222434368587448,0.6226782899301072
339cbc4cc198848f,363691,online_shoppers_intention,4603,ep640_25,25,512,128,640,1e-05,0.0,standard,32,32,32,1,1024,4.6,mesuré ici,0.8618557605168533,0.30991077556055247,0.5572772767039247
339cbc4cc198848f,363691,online_shoppers_intention,4603,ep640_25,25,512,128,640,1e-05,0.0,standard,32,32,32,2,1024,4.5,mesuré ici,0.7609042008945538,0.383808217571994,0.3564056283680705
339cbc4cc198848f,363691,online_shoppers_intention,4603,ep640_25,25,512,128,640,1e-05,0.0,standard,64,64,64,0,1024,4.5,mesuré ici,0.8398244511357325,0.36199662079411254,0.49643300395133416
339cbc4cc198848f,363691,online_shoppers_intention,4603,ep640_25,25,512,128,640,1e-05,0.0,standard,64,64,64,1,1024,4.6,mesuré ici,0.8881515479287866,0.27992157284654784,0.57656355285944
339cbc4cc198848f,363691,online_shoppers_intention,4603,ep640_25,25,512,128,640,1e-05,0.0,standard,64,64,64,2,1024,4.5,mesuré ici,0.8531587102055135,0.35808553872601323,0.585517366459652
339cbc4cc198848f,363691,online_shoppers_intention,4603,ep640_25,25,512,128,640,1e-05,0.0,standard,128,128,128,0,1024,4.6,mesuré ici,0.8913964977928495,0.28412775856451,0.6037665587600399
339cbc4cc198848f,363691,online_shoppers_intention,4603,ep640_25,25,512,128,640,1e-05,0.0,standard,128,128,128,1,1024,4.7,mesuré ici,0.8916376764989621,0.28375382841813557,0.6080046156096821
339cbc4cc198848f,363691,online_shoppers_intention,4603,ep640_25,25,512,128,640,1e-05,0.0,standard,128,128,128,2,1024,4.8,mesuré ici,0.8994832928932674,0.2733715506491218,0.6503646047007102
339cbc4cc198848f,363691,online_shoppers_intention,4603,ep640_25,25,512,128,640,1e-05,0.0,standard,256,256,256,0,1024,4.6,mesuré ici,0.911129301020259,0.25734021096779147,0.7030000342719644
339cbc4cc198848f,363691,online_shoppers_intention,4603,ep640_25,25,512,128,640,1e-05,0.0,standard,256,256,256,1,1024,4.6,mesuré ici,0.908553073932236,0.27402115147488815,0.6770775278978575
339cbc4cc198848f,363691,online_shoppers_intention,4603,ep640_25,25,512,128,640,1e-05,0.0,standard,256,256,256,2,1024,4.6,mesuré ici,0.901138655830678,0.2663469982855722,0.6638470266879333
339cbc4cc198848f,363691,online_shoppers_intention,4603,ep640_25,25,512,128,640,1e-05,0.0,standard,512,512,512,0,1024,4.6,mesuré ici,0.9112791241558746,0.2658010806236449,0.6563941366298908
339cbc4cc198848f,363691,online_shoppers_intention,4603,ep640_25,25,512,128,640,1e-05,0.0,standard,1024,1024,1024,0,1024,4.6,mesuré ici,0.9288851697021079,0.23795965026429736,0.7047053181270453
339cbc4cc198848f,363691,online_shoppers_intention,4603,ep640_25,25,512,128,640,1e-05,0.0,standard,2048,2048,2048,0,1024,6.2,mesuré ici,0.9282347180401672,0.2381556177057384,0.712273242500335
339cbc4cc198848f,363691,online_shoppers_intention,4603,ep640_25,25,512,128,640,1e-05,0.0,standard,full,4603,4603,0,1024,11.5,mesuré ici,0.9323749524951034,0.23055281339415057,0.7360081119426152
339cbc4cc198848f,363691,online_shoppers_intention,4603,ep640_50,50,512,128,640,1e-05,0.0,standard,32,32,32,0,1024,5.0,mesuré ici,0.9005649428479552,0.31340435361812985,0.6224115914174918
339cbc4cc198848f,363691,online_shoppers_intention,4603,ep640_50,50,512,128,640,1e-05,0.0,standard,32,32,32,1,1024,4.6,mesuré ici,0.8626085304177508,0.3058161641467394,0.5570250914523976
339cbc4cc198848f,363691,online_shoppers_intention,4603,ep640_50,50,512,128,640,1e-05,0.0,standard,32,32,32,2,1024,4.5,mesuré ici,0.7636667933463911,0.3832434065794035,0.3519613561068207
339cbc4cc198848f,363691,online_shoppers_intention,4603,ep640_50,50,512,128,640,1e-05,0.0,standard,64,64,64,0,1024,4.6,mesuré ici,0.841848890577952,0.35958011479669144,0.49961173174919893
339cbc4cc198848f,363691,online_shoppers_intention,4603,ep640_50,50,512,128,640,1e-05,0.0,standard,64,64,64,1,1024,4.6,mesuré ici,0.8851331598795567,0.2808515833413309,0.5646681537143652
339cbc4cc198848f,363691,online_shoppers_intention,4603,ep640_50,50,512,128,640,1e-05,0.0,standard,64,64,64,2,1024,4.6,mesuré ici,0.8402117987546408,0.3599214111838944,0.5607007289379816
339cbc4cc198848f,363691,online_shoppers_intention,4603,ep640_50,50,512,128,640,1e-05,0.0,standard,128,128,128,0,1024,4.6,mesuré ici,0.8905487180986349,0.2821979208688591,0.6049149666427046
339cbc4cc198848f,363691,online_shoppers_intention,4603,ep640_50,50,512,128,640,1e-05,0.0,standard,128,128,128,1,1024,4.7,mesuré ici,0.8884109977489987,0.28532235545742896,0.6067730293522736
339cbc4cc198848f,363691,online_shoppers_intention,4603,ep640_50,50,512,128,640,1e-05,0.0,standard,128,128,128,2,1024,4.6,mesuré ici,0.899633116028883,0.2710077157296562,0.6561810720408927
339cbc4cc198848f,363691,online_shoppers_intention,4603,ep640_50,50,512,128,640,1e-05,0.0,standard,256,256,256,0,1024,4.7,mesuré ici,0.9085859619376152,0.2567677049368172,0.7093732816560276
339cbc4cc198848f,363691,online_shoppers_intention,4603,ep640_50,50,512,128,640,1e-05,0.0,standard,256,256,256,1,1024,4.6,mesuré ici,0.9074604613090889,0.26365550093168655,0.6921086865062149
339cbc4cc198848f,363691,online_shoppers_intention,4603,ep640_50,50,512,128,640,1e-05,0.0,standard,256,256,256,2,1024,4.6,mesuré ici,0.8984089513842197,0.2664276947782629,0.6754228861650415
339cbc4cc198848f,363691,online_shoppers_intention,4603,ep640_50,50,512,128,640,1e-05,0.0,standard,512,512,512,0,1024,4.6,mesuré ici,0.9129819919899436,0.259980207820016,0.6663581748930448
339cbc4cc198848f,363691,online_shoppers_intention,4603,ep640_50,50,512,128,640,1e-05,0.0,standard,1024,1024,1024,0,1024,4.6,mesuré ici,0.9293236764404946,0.23435626603308285,0.7186638000876269
339cbc4cc198848f,363691,online_shoppers_intention,4603,ep640_50,50,512,128,640,1e-05,0.0,standard,2048,2048,2048,0,1024,6.2,mesuré ici,0.9280593153448125,0.23679027593874075,0.7169124209047452
339cbc4cc198848f,363691,online_shoppers_intention,4603,ep640_50,50,512,128,640,1e-05,0.0,standard,full,4603,4603,0,1024,11.6,mesuré ici,0.93115078785044,0.23082958362840222,0.7347551280306504
339cbc4cc198848f,363691,online_shoppers_intention,4603,ep640_200,200,512,128,640,1e-05,0.0,standard,32,32,32,0,1024,5.0,mesuré ici,0.9008243926681674,0.3058117634275134,0.629831501512748
339cbc4cc198848f,363691,online_shoppers_intention,4603,ep640_200,200,512,128,640,1e-05,0.0,standard,32,32,32,1,1024,4.5,mesuré ici,0.8686306896249305,0.30238930490649674,0.5616089864634075
339cbc4cc198848f,363691,online_shoppers_intention,4603,ep640_200,200,512,128,640,1e-05,0.0,standard,32,32,32,2,1024,4.6,mesuré ici,0.7691444733534072,0.3816044207898377,0.3618894339381401
339cbc4cc198848f,363691,online_shoppers_intention,4603,ep640_200,200,512,128,640,1e-05,0.0,standard,64,64,64,0,1024,4.6,mesuré ici,0.8386879878387465,0.3520088642022607,0.49259496588388385
339cbc4cc198848f,363691,online_shoppers_intention,4603,ep640_200,200,512,128,640,1e-05,0.0,standard,64,64,64,1,1024,4.6,mesuré ici,0.8832768146870523,0.2812182092397866,0.555069153733313
339cbc4cc198848f,363691,online_shoppers_intention,4603,ep640_200,200,512,128,640,1e-05,0.0,standard,64,64,64,2,1024,4.7,mesuré ici,0.8284780892799719,0.357200882930793,0.5401749982400799
339cbc4cc198848f,363691,online_shoppers_intention,4603,ep640_200,200,512,128,640,1e-05,0.0,standard,128,128,128,0,1024,4.7,mesuré ici,0.9007293828748502,0.27243936389201207,0.6320149230590194
339cbc4cc198848f,363691,online_shoppers_intention,4603,ep640_200,200,512,128,640,1e-05,0.0,standard,128,128,128,1,1024,4.6,mesuré ici,0.8958838834156752,0.2748746141535733,0.6278688822183537
339cbc4cc198848f,363691,online_shoppers_intention,4603,ep640_200,200,512,128,640,1e-05,0.0,standard,128,128,128,2,1024,4.6,mesuré ici,0.9024541760458386,0.2689504514609856,0.6736286704704308
339cbc4cc198848f,363691,online_shoppers_intention,4603,ep640_200,200,512,128,640,1e-05,0.0,standard,256,256,256,0,1024,4.7,mesuré ici,0.9154157043879907,0.24999911667579386,0.7314356009964859
339cbc4cc198848f,363691,online_shoppers_intention,4603,ep640_200,200,512,128,640,1e-05,0.0,standard,256,256,256,1,1024,4.6,mesuré ici,0.911162189025638,0.2576213920370042,0.7080568997516032
339cbc4cc198848f,363691,online_shoppers_intention,4603,ep640_200,200,512,128,640,1e-05,0.0,standard,256,256,256,2,1024,4.6,mesuré ici,0.9063313064577426,0.25743434357790257,0.6848142470043471
339cbc4cc198848f,363691,online_shoppers_intention,4603,ep640_200,200,512,128,640,1e-05,0.0,standard,512,512,512,0,1024,4.6,mesuré ici,0.9196801824188031,0.2526222272510541,0.6892820312834823
339cbc4cc198848f,363691,online_shoppers_intention,4603,ep640_200,200,512,128,640,1e-05,0.0,standard,1024,1024,1024,0,1024,4.7,mesuré ici,0.9308365246879294,0.233625673922079,0.7261406433859797
339cbc4cc198848f,363691,online_shoppers_intention,4603,ep640_200,200,512,128,640,1e-05,0.0,standard,2048,2048,2048,0,1024,6.2,mesuré ici,0.9299485485426959,0.23570440471289383,0.7285520753377924
339cbc4cc198848f,363691,online_shoppers_intention,4603,ep640_200,200,512,128,640,1e-05,0.0,standard,full,4603,4603,0,1024,11.6,mesuré ici,0.930650159324115,0.23542049521941072,0.7330326202797159
339cbc4cc198848f,363694,polish_companies_bankruptcy,2206,ep640_25,25,512,128,640,1e-05,0.0,standard,32,32,32,0,788,4.7,mesuré ici,0.7355202778122286,0.23656755285955816,0.21419475049953224
339cbc4cc198848f,363694,polish_companies_bankruptcy,2206,ep640_25,25,512,128,640,1e-05,0.0,standard,32,32,32,1,788,4.3,mesuré ici,0.749460498573732,0.26927860078125027,0.2722479818161479
339cbc4cc198848f,363694,polish_companies_bankruptcy,2206,ep640_25,25,512,128,640,1e-05,0.0,standard,32,32,32,2,788,4.3,mesuré ici,0.7672330398114846,0.2247650796249876,0.25854624093621265
339cbc4cc198848f,363694,polish_companies_bankruptcy,2206,ep640_25,25,512,128,640,1e-05,0.0,standard,64,64,64,0,788,4.3,mesuré ici,0.8036214808383976,0.20982181974329714,0.3270250259651616
339cbc4cc198848f,363694,polish_companies_bankruptcy,2206,ep640_25,25,512,128,640,1e-05,0.0,standard,64,64,64,1,788,4.2,mesuré ici,0.74654595063872,0.22727520736777015,0.29168129728676784
339cbc4cc198848f,363694,polish_companies_bankruptcy,2206,ep640_25,25,512,128,640,1e-05,0.0,standard,64,64,64,2,788,4.3,mesuré ici,0.778295919632891,0.21420713716112263,0.27604845070031586
339cbc4cc198848f,363694,polish_companies_bankruptcy,2206,ep640_25,25,512,128,640,1e-05,0.0,standard,128,128,128,0,788,4.3,mesuré ici,0.8625201537889122,0.18363415941902536,0.4354123169510279
339cbc4cc198848f,363694,polish_companies_bankruptcy,2206,ep640_25,25,512,128,640,1e-05,0.0,standard,128,128,128,1,788,4.5,mesuré ici,0.8029765595932036,0.20880202374321583,0.28466240514786584
339cbc4cc198848f,363694,polish_companies_bankruptcy,2206,ep640_25,25,512,128,640,1e-05,0.0,standard,128,128,128,2,788,4.7,mesuré ici,0.7895076274339576,0.21778381205723837,0.21744277383978594
339cbc4cc198848f,363694,polish_companies_bankruptcy,2206,ep640_25,25,512,128,640,1e-05,0.0,standard,256,256,256,0,788,4.3,mesuré ici,0.8934639712265906,0.1780785979281234,0.40979211853757375
339cbc4cc198848f,363694,polish_companies_bankruptcy,2206,ep640_25,25,512,128,640,1e-05,0.0,standard,256,256,256,1,788,4.2,mesuré ici,0.8452561081483319,0.18719594572002995,0.44877112571962596
339cbc4cc198848f,363694,polish_companies_bankruptcy,2206,ep640_25,25,512,128,640,1e-05,0.0,standard,256,256,256,2,788,4.3,mesuré ici,0.8237504650874365,0.20559785760556776,0.4011868591191955
339cbc4cc198848f,363694,polish_companies_bankruptcy,2206,ep640_25,25,512,128,640,1e-05,0.0,standard,512,512,512,0,788,4.4,mesuré ici,0.9638596056058539,0.10572999289602172,0.7791485915582784
339cbc4cc198848f,363694,polish_companies_bankruptcy,2206,ep640_25,25,512,128,640,1e-05,0.0,standard,1024,1024,1024,0,788,4.8,mesuré ici,0.9692918268634504,0.09134680834671076,0.8322011132649638
339cbc4cc198848f,363694,polish_companies_bankruptcy,2206,ep640_25,25,512,128,640,1e-05,0.0,standard,2048,2048,2048,0,788,7.9,mesuré ici,0.9825623217164826,0.07360748175241331,0.892443643259669
339cbc4cc198848f,363694,polish_companies_bankruptcy,2206,ep640_25,25,512,128,640,1e-05,0.0,standard,full,2206,2206,0,788,8.4,mesuré ici,0.9867791144735211,0.06388948055375936,0.9092362515920334
339cbc4cc198848f,363694,polish_companies_bankruptcy,2206,ep640_50,50,512,128,640,1e-05,0.0,standard,32,32,32,0,788,4.7,mesuré ici,0.7348753565670346,0.23363490651922383,0.20747218459873404
339cbc4cc198848f,363694,polish_companies_bankruptcy,2206,ep640_50,50,512,128,640,1e-05,0.0,standard,32,32,32,1,788,4.4,mesuré ici,0.7511472156765473,0.2602058487320672,0.2707568395027199
339cbc4cc198848f,363694,polish_companies_bankruptcy,2206,ep640_50,50,512,128,640,1e-05,0.0,standard,32,32,32,2,788,4.4,mesuré ici,0.7701971970730497,0.22424263523366622,0.2695193307516745
339cbc4cc198848f,363694,polish_companies_bankruptcy,2206,ep640_50,50,512,128,640,1e-05,0.0,standard,64,64,64,0,788,4.4,mesuré ici,0.8037579064864194,0.20919261404727554,0.31403166497874263
339cbc4cc198848f,363694,polish_companies_bankruptcy,2206,ep640_50,50,512,128,640,1e-05,0.0,standard,64,64,64,1,788,4.3,mesuré ici,0.748431105047749,0.22428754931330253,0.3004609180457008
339cbc4cc198848f,363694,polish_companies_bankruptcy,2206,ep640_50,50,512,128,640,1e-05,0.0,standard,64,64,64,2,788,4.4,mesuré ici,0.7816073421803299,0.21305141544713366,0.2825569517649256
339cbc4cc198848f,363694,polish_companies_bankruptcy,2206,ep640_50,50,512,128,640,1e-05,0.0,standard,128,128,128,0,788,4.3,mesuré ici,0.8697631154657075,0.18147157417165238,0.44463864164061806
339cbc4cc198848f,363694,polish_companies_bankruptcy,2206,ep640_50,50,512,128,640,1e-05,0.0,standard,128,128,128,1,788,4.3,mesuré ici,0.803633883170036,0.20857673981102573,0.2902416000906415
339cbc4cc198848f,363694,polish_companies_bankruptcy,2206,ep640_50,50,512,128,640,1e-05,0.0,standard,128,128,128,2,788,4.3,mesuré ici,0.7939600644921245,0.21677140417049348,0.22570338251691535
339cbc4cc198848f,363694,polish_companies_bankruptcy,2206,ep640_50,50,512,128,640,1e-05,0.0,standard,256,256,256,0,788,4.3,mesuré ici,0.90983504898921,0.17238393999842125,0.4277570144150449
339cbc4cc198848f,363694,polish_companies_bankruptcy,2206,ep640_50,50,512,128,640,1e-05,0.0,standard,256,256,256,1,788,4.4,mesuré ici,0.8412749596924222,0.18513867924351282,0.46460393881494183
339cbc4cc198848f,363694,polish_companies_bankruptcy,2206,ep640_50,50,512,128,640,1e-05,0.0,standard,256,256,256,2,788,4.3,mesuré ici,0.8356939104551656,0.19727796589514857,0.46149976968134016
339cbc4cc198848f,363694,polish_companies_bankruptcy,2206,ep640_50,50,512,128,640,1e-05,0.0,standard,512,512,512,0,788,4.3,mesuré ici,0.9666129232295672,0.10080497266538015,0.7991776014265911
339cbc4cc198848f,363694,polish_companies_bankruptcy,2206,ep640_50,50,512,128,640,1e-05,0.0,standard,1024,1024,1024,0,788,4.8,mesuré ici,0.9694654595063871,0.09139104009066554,0.8318126459064251
339cbc4cc198848f,363694,polish_companies_bankruptcy,2206,ep640_50,50,512,128,640,1e-05,0.0,standard,2048,2048,2048,0,788,7.9,mesuré ici,0.9831576336351234,0.06840379032142511,0.9010938398478002
339cbc4cc198848f,363694,polish_companies_bankruptcy,2206,ep640_50,50,512,128,640,1e-05,0.0,standard,full,2206,2206,0,788,8.4,mesuré ici,0.9875232543718218,0.06144494159178962,0.9146951571814059
339cbc4cc198848f,363694,polish_companies_bankruptcy,2206,ep640_200,200,512,128,640,1e-05,0.0,standard,32,32,32,0,788,4.7,mesuré ici,0.7332630534540493,0.2307956592498577,0.19758503390616
339cbc4cc198848f,363694,polish_companies_bankruptcy,2206,ep640_200,200,512,128,640,1e-05,0.0,standard,32,32,32,1,788,4.4,mesuré ici,0.7548679151680516,0.24949585375025837,0.2700898459664755
339cbc4cc198848f,363694,polish_companies_bankruptcy,2206,ep640_200,200,512,128,640,1e-05,0.0,standard,32,32,32,2,788,4.3,mesuré ici,0.7957832072429617,0.21803933811696882,0.29529645690269224
339cbc4cc198848f,363694,polish_companies_bankruptcy,2206,ep640_200,200,512,128,640,1e-05,0.0,standard,64,64,64,0,788,4.2,mesuré ici,0.8146347513332506,0.2038528165148012,0.3319151471106291
339cbc4cc198848f,363694,polish_companies_bankruptcy,2206,ep640_200,200,512,128,640,1e-05,0.0,standard,64,64,64,1,788,4.4,mesuré ici,0.7666625325561205,0.2197584676190239,0.3029978894762353
339cbc4cc198848f,363694,polish_companies_bankruptcy,2206,ep640_200,200,512,128,640,1e-05,0.0,standard,64,64,64,2,788,4.3,mesuré ici,0.7930422919508868,0.21085130219859394,0.2883604274492421
339cbc4cc198848f,363694,polish_companies_bankruptcy,2206,ep640_200,200,512,128,640,1e-05,0.0,standard,128,128,128,0,788,4.3,mesuré ici,0.8832072429616769,0.1717551013310676,0.537412329815608
339cbc4cc198848f,363694,polish_companies_bankruptcy,2206,ep640_200,200,512,128,640,1e-05,0.0,standard,128,128,128,1,788,4.3,mesuré ici,0.8318863946421926,0.20177488032929516,0.3019186761683091
339cbc4cc198848f,363694,polish_companies_bankruptcy,2206,ep640_200,200,512,128,640,1e-05,0.0,standard,128,128,128,2,788,4.4,mesuré ici,0.8055810492372566,0.21492381138509242,0.24712178320057612
339cbc4cc198848f,363694,polish_companies_bankruptcy,2206,ep640_200,200,512,128,640,1e-05,0.0,standard,256,256,256,0,788,4.2,mesuré ici,0.9323700855760884,0.14193848111349733,0.6713058679247479
339cbc4cc198848f,363694,polish_companies_bankruptcy,2206,ep640_200,200,512,128,640,1e-05,0.0,standard,256,256,256,1,788,4.3,mesuré ici,0.8713630162470544,0.16774306775418127,0.5440955365790183
339cbc4cc198848f,363694,polish_companies_bankruptcy,2206,ep640_200,200,512,128,640,1e-05,0.0,standard,256,256,256,2,788,4.2,mesuré ici,0.9091281160858241,0.14141506329317713,0.6886498440877052
339cbc4cc198848f,363694,polish_companies_bankruptcy,2206,ep640_200,200,512,128,640,1e-05,0.0,standard,512,512,512,0,788,4.3,mesuré ici,0.9720203398238868,0.08635485851525969,0.8459415779378145
339cbc4cc198848f,363694,polish_companies_bankruptcy,2206,ep640_200,200,512,128,640,1e-05,0.0,standard,1024,1024,1024,0,788,4.8,mesuré ici,0.9763611558973087,0.08110396516709494,0.8659133113990332
339cbc4cc198848f,363694,polish_companies_bankruptcy,2206,ep640_200,200,512,128,640,1e-05,0.0,standard,2048,2048,2048,0,788,7.9,mesuré ici,0.9839265781967009,0.06181565013951247,0.9082449172382738
339cbc4cc198848f,363694,polish_companies_bankruptcy,2206,ep640_200,200,512,128,640,1e-05,0.0,standard,full,2206,2206,0,788,8.3,mesuré ici,0.985848939600645,0.059872519503503696,0.910863715925926
339cbc4cc198848f,363700,seismic-bumps,963,ep640_25,25,512,128,640,1e-05,0.0,standard,32,32,32,0,345,3.5,mesuré ici,0.678706454226303,0.2299474256490991,0.1980885949364149
339cbc4cc198848f,363700,seismic-bumps,963,ep640_25,25,512,128,640,1e-05,0.0,standard,32,32,32,1,345,3.2,mesuré ici,0.6684445044558466,0.2369201276291162,0.1162408333958698
339cbc4cc198848f,363700,seismic-bumps,963,ep640_25,25,512,128,640,1e-05,0.0,standard,32,32,32,2,345,3.2,mesuré ici,0.7081420469889279,0.23389075899553083,0.1184242477108707
339cbc4cc198848f,363700,seismic-bumps,963,ep640_25,25,512,128,640,1e-05,0.0,standard,64,64,64,0,345,3.1,mesuré ici,0.6498109640831758,0.24502535489713018,0.13580644881986198
339cbc4cc198848f,363700,seismic-bumps,963,ep640_25,25,512,128,640,1e-05,0.0,standard,64,64,64,1,345,3.1,mesuré ici,0.6986902511477181,0.2307125428539949,0.2452472502798462
339cbc4cc198848f,363700,seismic-bumps,963,ep640_25,25,512,128,640,1e-05,0.0,standard,64,64,64,2,345,3.2,mesuré ici,0.7412908452605996,0.2573371650702183,0.15792348455528338
339cbc4cc198848f,363700,seismic-bumps,963,ep640_25,25,512,128,640,1e-05,0.0,standard,128,128,128,0,345,3.2,mesuré ici,0.7241425870915473,0.22674977282799327,0.14650070759782083
339cbc4cc198848f,363700,seismic-bumps,963,ep640_25,25,512,128,640,1e-05,0.0,standard,128,128,128,1,345,3.2,mesuré ici,0.7408857682959762,0.22218718789330874,0.29351552588684354
339cbc4cc198848f,363700,seismic-bumps,963,ep640_25,25,512,128,640,1e-05,0.0,standard,128,128,128,2,345,3.2,mesuré ici,0.6613556575749392,0.2375788437550184,0.15756128936867766
339cbc4cc198848f,363700,seismic-bumps,963,ep640_25,25,512,128,640,1e-05,0.0,standard,256,256,256,0,345,3.2,mesuré ici,0.7298136645962733,0.2191721603183891,0.2774788602074493
339cbc4cc198848f,363700,seismic-bumps,963,ep640_25,25,512,128,640,1e-05,0.0,standard,256,256,256,1,345,3.4,mesuré ici,0.7448015122873345,0.22405121099580766,0.20704651457582682
339cbc4cc198848f,363700,seismic-bumps,963,ep640_25,25,512,128,640,1e-05,0.0,standard,256,256,256,2,345,3.5,mesuré ici,0.6985552254928435,0.2303965619330963,0.16822188084995468
339cbc4cc198848f,363700,seismic-bumps,963,ep640_25,25,512,128,640,1e-05,0.0,standard,512,512,512,0,345,3.2,mesuré ici,0.7687685660275452,0.21492896126734895,0.20690370472869418
339cbc4cc198848f,363700,seismic-bumps,963,ep640_25,25,512,128,640,1e-05,0.0,standard,full,963,963,0,345,3.2,mesuré ici,0.7544558466108561,0.21724201487487374,0.2520945918015795
339cbc4cc198848f,363700,seismic-bumps,963,ep640_50,50,512,128,640,1e-05,0.0,standard,32,32,32,0,345,3.5,mesuré ici,0.6785039157439914,0.22867801701591317,0.2123784999651355
339cbc4cc198848f,363700,seismic-bumps,963,ep640_50,50,512,128,640,1e-05,0.0,standard,32,32,32,1,345,3.2,mesuré ici,0.6855252497974614,0.23523241557866342,0.1268431404579453
339cbc4cc198848f,363700,seismic-bumps,963,ep640_50,50,512,128,640,1e-05,0.0,standard,32,32,32,2,345,3.2,mesuré ici,0.7051039697542533,0.2333212111963643,0.11853319150059688
339cbc4cc198848f,363700,seismic-bumps,963,ep640_50,50,512,128,640,1e-05,0.0,standard,64,64,64,0,345,3.2,mesuré ici,0.6753983256818795,0.24039642789800214,0.1356310446124261
339cbc4cc198848f,363700,seismic-bumps,963,ep640_50,50,512,128,640,1e-05,0.0,standard,64,64,64,1,345,3.2,mesuré ici,0.7062516878206858,0.22973928407062724,0.2424376229734272
339cbc4cc198848f,363700,seismic-bumps,963,ep640_50,50,512,128,640,1e-05,0.0,standard,64,64,64,2,345,3.1,mesuré ici,0.7412233324331623,0.24862371467529856,0.1582173015432248
339cbc4cc198848f,363700,seismic-bumps,963,ep640_50,50,512,128,640,1e-05,0.0,standard,128,128,128,0,345,3.2,mesuré ici,0.7180664326221982,0.2274349554078531,0.13677963097740686
339cbc4cc198848f,363700,seismic-bumps,963,ep640_50,50,512,128,640,1e-05,0.0,standard,128,128,128,1,345,3.2,mesuré ici,0.7356872805833108,0.2218293527379667,0.3145707361822395
339cbc4cc198848f,363700,seismic-bumps,963,ep640_50,50,512,128,640,1e-05,0.0,standard,128,128,128,2,345,3.2,mesuré ici,0.6928841479881177,0.23197644910362422,0.16714887890908087
339cbc4cc198848f,363700,seismic-bumps,963,ep640_50,50,512,128,640,1e-05,0.0,standard,256,256,256,0,345,3.2,mesuré ici,0.7295436132865245,0.22112987693622857,0.27925435509808805
339cbc4cc198848f,363700,seismic-bumps,963,ep640_50,50,512,128,640,1e-05,0.0,standard,256,256,256,1,345,3.2,mesuré ici,0.7467593842830138,0.22015023750487397,0.20270459829081278
339cbc4cc198848f,363700,seismic-bumps,963,ep640_50,50,512,128,640,1e-05,0.0,standard,256,256,256,2,345,3.2,mesuré ici,0.7150283553875236,0.225446511680253,0.18475370897527835
339cbc4cc198848f,363700,seismic-bumps,963,ep640_50,50,512,128,640,1e-05,0.0,standard,512,512,512,0,345,3.3,mesuré ici,0.769983796921415,0.21491620541785225,0.21416245365891498
339cbc4cc198848f,363700,seismic-bumps,963,ep640_50,50,512,128,640,1e-05,0.0,standard,full,963,963,0,345,3.3,mesuré ici,0.7466243586281394,0.21680894774393272,0.2397176525315945
339cbc4cc198848f,363700,seismic-bumps,963,ep640_200,200,512,128,640,1e-05,0.0,standard,32,32,32,0,345,3.6,mesuré ici,0.6805293005671078,0.2273694509737886,0.22604565968525042
339cbc4cc198848f,363700,seismic-bumps,963,ep640_200,200,512,128,640,1e-05,0.0,standard,32,32,32,1,345,3.2,mesuré ici,0.7014582770726437,0.23457741261984033,0.1360109609706588
339cbc4cc198848f,363700,seismic-bumps,963,ep640_200,200,512,128,640,1e-05,0.0,standard,32,32,32,2,345,3.2,mesuré ici,0.6957196867404807,0.23499473371385546,0.11698282503072864
339cbc4cc198848f,363700,seismic-bumps,963,ep640_200,200,512,128,640,1e-05,0.0,standard,64,64,64,0,345,3.2,mesuré ici,0.7048339184445045,0.23203550598502237,0.14839474416751133
339cbc4cc198848f,363700,seismic-bumps,963,ep640_200,200,512,128,640,1e-05,0.0,standard,64,64,64,1,345,3.2,mesuré ici,0.7118552524979747,0.22801229115276234,0.24575328094690818
339cbc4cc198848f,363700,seismic-bumps,963,ep640_200,200,512,128,640,1e-05,0.0,standard,64,64,64,2,345,3.2,mesuré ici,0.7318390494193896,0.24087302720351592,0.15698894569221034
339cbc4cc198848f,363700,seismic-bumps,963,ep640_200,200,512,128,640,1e-05,0.0,standard,128,128,128,0,345,3.2,mesuré ici,0.739535511747232,0.2228144204112533,0.14312737477333914
339cbc4cc198848f,363700,seismic-bumps,963,ep640_200,200,512,128,640,1e-05,0.0,standard,128,128,128,1,345,3.2,mesuré ici,0.748447204968944,0.22097549930380025,0.2896518787836334
339cbc4cc198848f,363700,seismic-bumps,963,ep640_200,200,512,128,640,1e-05,0.0,standard,128,128,128,2,345,3.3,mesuré ici,0.7038887388603834,0.230961111140121,0.14856658173828566
339cbc4cc198848f,363700,seismic-bumps,963,ep640_200,200,512,128,640,1e-05,0.0,standard,256,256,256,0,345,3.3,mesuré ici,0.7466918714555766,0.21788783888047167,0.2750184670883365
339cbc4cc198848f,363700,seismic-bumps,963,ep640_200,200,512,128,640,1e-05,0.0,standard,256,256,256,1,345,3.2,mesuré ici,0.7483121793140697,0.22020830237958897,0.26135353955601637
339cbc4cc198848f,363700,seismic-bumps,963,ep640_200,200,512,128,640,1e-05,0.0,standard,256,256,256,2,345,3.2,mesuré ici,0.7277207669457197,0.224029792180286,0.18831642070101737
339cbc4cc198848f,363700,seismic-bumps,963,ep640_200,200,512,128,640,1e-05,0.0,standard,512,512,512,0,345,3.2,mesuré ici,0.7658655144477451,0.21475425534329698,0.2834660641390836
339cbc4cc198848f,363700,seismic-bumps,963,ep640_200,200,512,128,640,1e-05,0.0,standard,full,963,963,0,345,3.2,mesuré ici,0.754725897920605,0.21808220534572845,0.25029475131818346
339cbc4cc198848f,363706,taiwanese_bankruptcy_prediction,2545,ep640_25,25,512,128,640,1e-05,0.0,standard,32,32,32,0,910,5.0,mesuré ici,0.9214450663431055,0.10776355478852112,0.19490257796041371
339cbc4cc198848f,363706,taiwanese_bankruptcy_prediction,2545,ep640_25,25,512,128,640,1e-05,0.0,standard,32,32,32,1,910,4.5,mesuré ici,0.942854906258562,0.11078475921833482,0.3070460938774981
339cbc4cc198848f,363706,taiwanese_bankruptcy_prediction,2545,ep640_25,25,512,128,640,1e-05,0.0,standard,32,32,32,2,910,4.6,mesuré ici,0.8553955145015462,0.12621416331618476,0.19749946639673974
339cbc4cc198848f,363706,taiwanese_bankruptcy_prediction,2545,ep640_25,25,512,128,640,1e-05,0.0,standard,64,64,64,0,910,4.6,mesuré ici,0.8015577909115817,0.14430240504026115,0.2126922669376809
339cbc4cc198848f,363706,taiwanese_bankruptcy_prediction,2545,ep640_25,25,512,128,640,1e-05,0.0,standard,64,64,64,1,910,4.5,mesuré ici,0.8290735449528357,0.12147655403175926,0.12295883545827796
339cbc4cc198848f,363706,taiwanese_bankruptcy_prediction,2545,ep640_25,25,512,128,640,1e-05,0.0,standard,64,64,64,2,910,4.5,mesuré ici,0.8979803514814669,0.10377189958001164,0.25359201260501857
339cbc4cc198848f,363706,taiwanese_bankruptcy_prediction,2545,ep640_25,25,512,128,640,1e-05,0.0,standard,128,128,128,0,910,4.5,mesuré ici,0.8714431093193471,0.12615707305692303,0.17684970794672694
339cbc4cc198848f,363706,taiwanese_bankruptcy_prediction,2545,ep640_25,25,512,128,640,1e-05,0.0,standard,128,128,128,1,910,4.8,mesuré ici,0.8736349759286077,0.10950071840208152,0.2858047880995114
339cbc4cc198848f,363706,taiwanese_bankruptcy_prediction,2545,ep640_25,25,512,128,640,1e-05,0.0,standard,128,128,128,2,910,4.7,mesuré ici,0.8933617754119535,0.10680389516759939,0.2666700139422672
339cbc4cc198848f,363706,taiwanese_bankruptcy_prediction,2545,ep640_25,25,512,128,640,1e-05,0.0,standard,256,256,256,0,910,4.6,mesuré ici,0.8959059062977025,0.1023579552468043,0.30461131590685736
339cbc4cc198848f,363706,taiwanese_bankruptcy_prediction,2545,ep640_25,25,512,128,640,1e-05,0.0,standard,256,256,256,1,910,4.7,mesuré ici,0.9252416924341462,0.09261408806333712,0.40850821674309545
339cbc4cc198848f,363706,taiwanese_bankruptcy_prediction,2545,ep640_25,25,512,128,640,1e-05,0.0,standard,256,256,256,2,910,4.6,mesuré ici,0.9196250342479158,0.09522840028823634,0.33564154605007834
339cbc4cc198848f,363706,taiwanese_bankruptcy_prediction,2545,ep640_25,25,512,128,640,1e-05,0.0,standard,512,512,512,0,910,4.8,mesuré ici,0.9428744764961446,0.08545405390311771,0.4509217623240316
339cbc4cc198848f,363706,taiwanese_bankruptcy_prediction,2545,ep640_25,25,512,128,640,1e-05,0.0,standard,1024,1024,1024,0,910,6.1,mesuré ici,0.9488433989588634,0.0831596778005913,0.4598782618176915
339cbc4cc198848f,363706,taiwanese_bankruptcy_prediction,2545,ep640_25,25,512,128,640,1e-05,0.0,standard,2048,2048,2048,0,910,10.7,mesuré ici,0.9435594348115386,0.08079309148456425,0.5103886911348374
339cbc4cc198848f,363706,taiwanese_bankruptcy_prediction,2545,ep640_25,25,512,128,640,1e-05,0.0,standard,full,2545,2545,0,910,12.6,mesuré ici,0.9459861442717914,0.0794200077480276,0.5459016130177023
339cbc4cc198848f,363706,taiwanese_bankruptcy_prediction,2545,ep640_50,50,512,128,640,1e-05,0.0,standard,32,32,32,0,910,4.9,mesuré ici,0.9256722376609653,0.10568570104536526,0.20441141835221038
339cbc4cc198848f,363706,taiwanese_bankruptcy_prediction,2545,ep640_50,50,512,128,640,1e-05,0.0,standard,32,32,32,1,910,4.6,mesuré ici,0.9455555990449724,0.10694937078981552,0.31687952374483735
339cbc4cc198848f,363706,taiwanese_bankruptcy_prediction,2545,ep640_50,50,512,128,640,1e-05,0.0,standard,32,32,32,2,910,4.6,mesuré ici,0.8708560021918665,0.11848205127875007,0.22529823796567244
339cbc4cc198848f,363706,taiwanese_bankruptcy_prediction,2545,ep640_50,50,512,128,640,1e-05,0.0,standard,64,64,64,0,910,4.6,mesuré ici,0.8304630318212062,0.14154152567892306,0.21929664846227667
339cbc4cc198848f,363706,taiwanese_bankruptcy_prediction,2545,ep640_50,50,512,128,640,1e-05,0.0,standard,64,64,64,1,910,4.5,mesuré ici,0.836197111432933,0.11983679212921268,0.12762791004533405
339cbc4cc198848f,363706,taiwanese_bankruptcy_prediction,2545,ep640_50,50,512,128,640,1e-05,0.0,standard,64,64,64,2,910,4.6,mesuré ici,0.9047516536850757,0.10200534279038385,0.2708036351587647
339cbc4cc198848f,363706,taiwanese_bankruptcy_prediction,2545,ep640_50,50,512,128,640,1e-05,0.0,standard,128,128,128,0,910,4.6,mesuré ici,0.8861599279815258,0.12193318934590819,0.20019980799272874
339cbc4cc198848f,363706,taiwanese_bankruptcy_prediction,2545,ep640_50,50,512,128,640,1e-05,0.0,standard,128,128,128,1,910,4.5,mesuré ici,0.874241653293671,0.10879021099546961,0.295506739610082
339cbc4cc198848f,363706,taiwanese_bankruptcy_prediction,2545,ep640_50,50,512,128,640,1e-05,0.0,standard,128,128,128,2,910,4.6,mesuré ici,0.910994559473952,0.10356456532386957,0.291357994241467
339cbc4cc198848f,363706,taiwanese_bankruptcy_prediction,2545,ep640_50,50,512,128,640,1e-05,0.0,standard,256,256,256,0,910,4.6,mesuré ici,0.8992719871619241,0.10154726572469958,0.3093848592355847
339cbc4cc198848f,363706,taiwanese_bankruptcy_prediction,2545,ep640_50,50,512,128,640,1e-05,0.0,standard,256,256,256,1,910,4.7,mesuré ici,0.9307996399076285,0.09072026860867231,0.42391545063232106
339cbc4cc198848f,363706,taiwanese_bankruptcy_prediction,2545,ep640_50,50,512,128,640,1e-05,0.0,standard,256,256,256,2,910,4.6,mesuré ici,0.9212493639672785,0.09332212661881648,0.3248788019481001
339cbc4cc198848f,363706,taiwanese_bankruptcy_prediction,2545,ep640_50,50,512,128,640,1e-05,0.0,standard,512,512,512,0,910,4.8,mesuré ici,0.9406238991741359,0.08505185250153711,0.4450022078759525
339cbc4cc198848f,363706,taiwanese_bankruptcy_prediction,2545,ep640_50,50,512,128,640,1e-05,0.0,standard,1024,1024,1024,0,910,6.2,mesuré ici,0.9508199929547144,0.08207338157639864,0.4698317293581446
339cbc4cc198848f,363706,taiwanese_bankruptcy_prediction,2545,ep640_50,50,512,128,640,1e-05,0.0,standard,2048,2048,2048,0,910,10.8,mesuré ici,0.9446749383537516,0.08093295607730065,0.5091365225351422
339cbc4cc198848f,363706,taiwanese_bankruptcy_prediction,2545,ep640_50,50,512,128,640,1e-05,0.0,standard,full,2545,2545,0,910,12.7,mesuré ici,0.9467298132999334,0.07979486818297721,0.522721526521483
339cbc4cc198848f,363706,taiwanese_bankruptcy_prediction,2545,ep640_200,200,512,128,640,1e-05,0.0,standard,32,32,32,0,910,4.9,mesuré ici,0.9202708520881443,0.10944140425367795,0.20740163129258568
339cbc4cc198848f,363706,taiwanese_bankruptcy_prediction,2545,ep640_200,200,512,128,640,1e-05,0.0,standard,32,32,32,1,910,4.6,mesuré ici,0.9503503072527301,0.11557102557586313,0.36765717961521205
339cbc4cc198848f,363706,taiwanese_bankruptcy_prediction,2545,ep640_200,200,512,128,640,1e-05,0.0,standard,32,32,32,2,910,4.5,mesuré ici,0.8707385807663705,0.12379491486659995,0.2104079896658954
339cbc4cc198848f,363706,taiwanese_bankruptcy_prediction,2545,ep640_200,200,512,128,640,1e-05,0.0,standard,64,64,64,0,910,4.6,mesuré ici,0.8791537829269247,0.12164151410530143,0.2691072758586196
339cbc4cc198848f,363706,taiwanese_bankruptcy_prediction,2545,ep640_200,200,512,128,640,1e-05,0.0,standard,64,64,64,1,910,4.6,mesuré ici,0.8405025637011234,0.11911287762177612,0.12261811145840194
339cbc4cc198848f,363706,taiwanese_bankruptcy_prediction,2545,ep640_200,200,512,128,640,1e-05,0.0,standard,64,64,64,2,910,4.6,mesuré ici,0.9059258679400368,0.10204064657714698,0.2858734462923318
339cbc4cc198848f,363706,taiwanese_bankruptcy_prediction,2545,ep640_200,200,512,128,640,1e-05,0.0,standard,128,128,128,0,910,4.6,mesuré ici,0.900896316881287,0.10477264477165395,0.23586608287852162
339cbc4cc198848f,363706,taiwanese_bankruptcy_prediction,2545,ep640_200,200,512,128,640,1e-05,0.0,standard,128,128,128,1,910,4.6,mesuré ici,0.892402833770402,0.10341585122186846,0.3116228923911341
339cbc4cc198848f,363706,taiwanese_bankruptcy_prediction,2545,ep640_200,200,512,128,640,1e-05,0.0,standard,128,128,128,2,910,4.6,mesuré ici,0.9319738541625895,0.0933653817691674,0.33622868141466
339cbc4cc198848f,363706,taiwanese_bankruptcy_prediction,2545,ep640_200,200,512,128,640,1e-05,0.0,standard,256,256,256,0,910,4.5,mesuré ici,0.9061802810286117,0.09645861249837949,0.34354766437861123
339cbc4cc198848f,363706,taiwanese_bankruptcy_prediction,2545,ep640_200,200,512,128,640,1e-05,0.0,standard,256,256,256,1,910,4.7,mesuré ici,0.937022975458922,0.08724570168374357,0.45920802721520554
339cbc4cc198848f,363706,taiwanese_bankruptcy_prediction,2545,ep640_200,200,512,128,640,1e-05,0.0,standard,256,256,256,2,910,4.7,mesuré ici,0.9195467532975851,0.09365187566533018,0.36182039062094395
339cbc4cc198848f,363706,taiwanese_bankruptcy_prediction,2545,ep640_200,200,512,128,640,1e-05,0.0,standard,512,512,512,0,910,4.8,mesuré ici,0.9417589729539316,0.08610040590910924,0.4683921685245869
339cbc4cc198848f,363706,taiwanese_bankruptcy_prediction,2545,ep640_200,200,512,128,640,1e-05,0.0,standard,1024,1024,1024,0,910,6.1,mesuré ici,0.948373713256879,0.08579686519917089,0.4771525780345235
339cbc4cc198848f,363706,taiwanese_bankruptcy_prediction,2545,ep640_200,200,512,128,640,1e-05,0.0,standard,2048,2048,2048,0,910,10.7,mesuré ici,0.9392735527809307,0.0853849079378497,0.4759641974867547
339cbc4cc198848f,363706,taiwanese_bankruptcy_prediction,2545,ep640_200,200,512,128,640,1e-05,0.0,standard,full,2545,2545,0,910,12.6,mesuré ici,0.941798113429097,0.08361457691590815,0.49073945088299453
339cbc4cc198848f,363712,jm1,4062,ep640_25,25,512,128,640,1e-05,0.0,standard,32,32,32,0,1024,5.1,mesuré ici,0.6297692420573776,0.6579737384390476,0.2691187733656075
339cbc4cc198848f,363712,jm1,4062,ep640_25,25,512,128,640,1e-05,0.0,standard,32,32,32,1,1024,4.7,mesuré ici,0.6377821801550615,0.5716906408935728,0.2708609797031224
339cbc4cc198848f,363712,jm1,4062,ep640_25,25,512,128,640,1e-05,0.0,standard,32,32,32,2,1024,4.8,mesuré ici,0.4732219287304033,0.5009853988084314,0.23714276538243512
339cbc4cc198848f,363712,jm1,4062,ep640_25,25,512,128,640,1e-05,0.0,standard,64,64,64,0,1024,4.7,mesuré ici,0.6428785433022721,0.48006802471965054,0.28287612043626825
339cbc4cc198848f,363712,jm1,4062,ep640_25,25,512,128,640,1e-05,0.0,standard,64,64,64,1,1024,4.9,mesuré ici,0.6353058429329616,0.4712702374884081,0.3003531325635263
339cbc4cc198848f,363712,jm1,4062,ep640_25,25,512,128,640,1e-05,0.0,standard,64,64,64,2,1024,5.0,mesuré ici,0.63551373297136,0.4928965695252646,0.2823656008507519
339cbc4cc198848f,363712,jm1,4062,ep640_25,25,512,128,640,1e-05,0.0,standard,128,128,128,0,1024,4.8,mesuré ici,0.6206587668452076,0.4784592368873075,0.29888163383415456
339cbc4cc198848f,363712,jm1,4062,ep640_25,25,512,128,640,1e-05,0.0,standard,128,128,128,1,1024,4.7,mesuré ici,0.6531507569643162,0.4674486718765698,0.3349910784849025
339cbc4cc198848f,363712,jm1,4062,ep640_25,25,512,128,640,1e-05,0.0,standard,128,128,128,2,1024,4.8,mesuré ici,0.6454221390662069,0.4678847817606743,0.33836121918303785
339cbc4cc198848f,363712,jm1,4062,ep640_25,25,512,128,640,1e-05,0.0,standard,256,256,256,0,1024,4.7,mesuré ici,0.6671527624917457,0.4620942995311022,0.3595196878862139
339cbc4cc198848f,363712,jm1,4062,ep640_25,25,512,128,640,1e-05,0.0,standard,256,256,256,1,1024,4.7,mesuré ici,0.6965111160026414,0.4562143603990173,0.35336488918329945
339cbc4cc198848f,363712,jm1,4062,ep640_25,25,512,128,640,1e-05,0.0,standard,256,256,256,2,1024,4.7,mesuré ici,0.6557952405410032,0.4706195177949435,0.3060797703333201
339cbc4cc198848f,363712,jm1,4062,ep640_25,25,512,128,640,1e-05,0.0,standard,512,512,512,0,1024,4.7,mesuré ici,0.6712310758920929,0.46373605965258,0.33020171934214715
339cbc4cc198848f,363712,jm1,4062,ep640_25,25,512,128,640,1e-05,0.0,standard,1024,1024,1024,0,1024,4.8,mesuré ici,0.6874403844742827,0.4602822399215419,0.34634088036198574
339cbc4cc198848f,363712,jm1,4062,ep640_25,25,512,128,640,1e-05,0.0,standard,2048,2048,2048,0,1024,6.3,mesuré ici,0.7120722968180595,0.44365247505026373,0.3778296321637988
339cbc4cc198848f,363712,jm1,4062,ep640_25,25,512,128,640,1e-05,0.0,standard,full,4062,4062,0,1024,10.6,mesuré ici,0.7322162300975861,0.4282273727890803,0.42374987491706323
339cbc4cc198848f,363712,jm1,4062,ep640_50,50,512,128,640,1e-05,0.0,standard,32,32,32,0,1024,5.0,mesuré ici,0.631952087460562,0.6705414712002573,0.2705421156558403
339cbc4cc198848f,363712,jm1,4062,ep640_50,50,512,128,640,1e-05,0.0,standard,32,32,32,1,1024,4.7,mesuré ici,0.6371921393107833,0.5861283935449371,0.27111809448560426
339cbc4cc198848f,363712,jm1,4062,ep640_50,50,512,128,640,1e-05,0.0,standard,32,32,32,2,1024,4.7,mesuré ici,0.47217024971262256,0.5027938864749901,0.23885497667372607
339cbc4cc198848f,363712,jm1,4062,ep640_50,50,512,128,640,1e-05,0.0,standard,64,64,64,0,1024,4.7,mesuré ici,0.6423649326191698,0.4828826948954947,0.2827733622370233
339cbc4cc198848f,363712,jm1,4062,ep640_50,50,512,128,640,1e-05,0.0,standard,64,64,64,1,1024,4.7,mesuré ici,0.6346485435468486,0.47097363289556726,0.2987437495507383
339cbc4cc198848f,363712,jm1,4062,ep640_50,50,512,128,640,1e-05,0.0,standard,64,64,64,2,1024,4.7,mesuré ici,0.6373878005233937,0.496044607946011,0.2851868892470935
339cbc4cc198848f,363712,jm1,4062,ep640_50,50,512,128,640,1e-05,0.0,standard,128,128,128,0,1024,4.7,mesuré ici,0.6241959547044293,0.47633386501706954,0.2996790580195349
339cbc4cc198848f,363712,jm1,4062,ep640_50,50,512,128,640,1e-05,0.0,standard,128,128,128,1,1024,4.7,mesuré ici,0.6575225621835792,0.4684944510680687,0.34046240295122204
339cbc4cc198848f,363712,jm1,4062,ep640_50,50,512,128,640,1e-05,0.0,standard,128,128,128,2,1024,4.7,mesuré ici,0.6500232347689976,0.46658578276532625,0.33761816690068175
339cbc4cc198848f,363712,jm1,4062,ep640_50,50,512,128,640,1e-05,0.0,standard,256,256,256,0,1024,4.7,mesuré ici,0.6732121456697728,0.46161932326049276,0.364743466320227
339cbc4cc198848f,363712,jm1,4062,ep640_50,50,512,128,640,1e-05,0.0,standard,256,256,256,1,1024,4.8,mesuré ici,0.6978104287426321,0.45351609708443774,0.35575943916678415
339cbc4cc198848f,363712,jm1,4062,ep640_50,50,512,128,640,1e-05,0.0,standard,256,256,256,2,1024,4.7,mesuré ici,0.658170689950351,0.4710234445633166,0.3062338149340842
339cbc4cc198848f,363712,jm1,4062,ep640_50,50,512,128,640,1e-05,0.0,standard,512,512,512,0,1024,4.7,mesuré ici,0.6712280186856459,0.4629930719898302,0.32943212764595586
339cbc4cc198848f,363712,jm1,4062,ep640_50,50,512,128,640,1e-05,0.0,standard,1024,1024,1024,0,1024,4.7,mesuré ici,0.6891738205297527,0.46081378814604756,0.3469645726509105
339cbc4cc198848f,363712,jm1,4062,ep640_50,50,512,128,640,1e-05,0.0,standard,2048,2048,2048,0,1024,6.3,mesuré ici,0.7106996111233399,0.44401470961667666,0.37941306241612227
339cbc4cc198848f,363712,jm1,4062,ep640_50,50,512,128,640,1e-05,0.0,standard,full,4062,4062,0,1024,10.7,mesuré ici,0.7303360481326583,0.4301966841511533,0.4213231440893489
339cbc4cc198848f,363712,jm1,4062,ep640_200,200,512,128,640,1e-05,0.0,standard,32,32,32,0,1024,5.1,mesuré ici,0.6306619463399125,0.5896360301001189,0.26742929592705
339cbc4cc198848f,363712,jm1,4062,ep640_200,200,512,128,640,1e-05,0.0,standard,32,32,32,1,1024,4.8,mesuré ici,0.6397907647907647,0.5597601797553059,0.27415072575030947
339cbc4cc198848f,363712,jm1,4062,ep640_200,200,512,128,640,1e-05,0.0,standard,32,32,32,2,1024,4.7,mesuré ici,0.5113483503314011,0.49614676559279103,0.24605845759030717
339cbc4cc198848f,363712,jm1,4062,ep640_200,200,512,128,640,1e-05,0.0,standard,64,64,64,0,1024,4.7,mesuré ici,0.6494943380536601,0.47769726914253974,0.2971412936306554
339cbc4cc198848f,363712,jm1,4062,ep640_200,200,512,128,640,1e-05,0.0,standard,64,64,64,1,1024,4.7,mesuré ici,0.640298261060973,0.4703836234892837,0.3003177314069003
339cbc4cc198848f,363712,jm1,4062,ep640_200,200,512,128,640,1e-05,0.0,standard,64,64,64,2,1024,4.7,mesuré ici,0.6479443343850124,0.4849915119685736,0.31493457232736
339cbc4cc198848f,363712,jm1,4062,ep640_200,200,512,128,640,1e-05,0.0,standard,128,128,128,0,1024,4.7,mesuré ici,0.6444407757967079,0.4711891642442412,0.32315099663354985
339cbc4cc198848f,363712,jm1,4062,ep640_200,200,512,128,640,1e-05,0.0,standard,128,128,128,1,1024,4.8,mesuré ici,0.6649668598821141,0.4623922427470616,0.3467638803901497
339cbc4cc198848f,363712,jm1,4062,ep640_200,200,512,128,640,1e-05,0.0,standard,128,128,128,2,1024,4.8,mesuré ici,0.6618423948932424,0.4620068627796723,0.34811651120187054
339cbc4cc198848f,363712,jm1,4062,ep640_200,200,512,128,640,1e-05,0.0,standard,256,256,256,0,1024,4.9,mesuré ici,0.6715153960916672,0.4612357009471455,0.3683241137499033
339cbc4cc198848f,363712,jm1,4062,ep640_200,200,512,128,640,1e-05,0.0,standard,256,256,256,1,1024,4.7,mesuré ici,0.7034815467018857,0.44938396656737,0.37703394844443483
339cbc4cc198848f,363712,jm1,4062,ep640_200,200,512,128,640,1e-05,0.0,standard,256,256,256,2,1024,4.8,mesuré ici,0.6692836353853303,0.466807522787179,0.3198314142740558
339cbc4cc198848f,363712,jm1,4062,ep640_200,200,512,128,640,1e-05,0.0,standard,512,512,512,0,1024,4.7,mesuré ici,0.6821269596693326,0.4602471939609978,0.34214641275221425
339cbc4cc198848f,363712,jm1,4062,ep640_200,200,512,128,640,1e-05,0.0,standard,1024,1024,1024,0,1024,4.8,mesuré ici,0.6896721451806198,0.458916184540049,0.36044999402673367
339cbc4cc198848f,363712,jm1,4062,ep640_200,200,512,128,640,1e-05,0.0,standard,2048,2048,2048,0,1024,6.2,mesuré ici,0.699128084721305,0.4501518439782074,0.3715835346976012
339cbc4cc198848f,363712,jm1,4062,ep640_200,200,512,128,640,1e-05,0.0,standard,full,4062,4062,0,1024,10.7,mesuré ici,0.7215129503265096,0.43837853860136594,0.4020821101019093
339cbc4cc198848f,363618,bank-marketing,16878,ep2048_25,25,1638,410,2048,1e-05,0.0,standard,32,32,32,0,1024,5.0,mesuré ici,0.6662702802359882,0.3382209178287222,0.2931220398740284
339cbc4cc198848f,363618,bank-marketing,16878,ep2048_25,25,1638,410,2048,1e-05,0.0,standard,32,32,32,1,1024,4.6,mesuré ici,0.48894266224188787,0.36670452160013894,0.11616386953820436
339cbc4cc198848f,363618,bank-marketing,16878,ep2048_25,25,1638,410,2048,1e-05,0.0,standard,32,32,32,2,1024,4.5,mesuré ici,0.6590523598820058,0.35205864054291613,0.1922831848358752
339cbc4cc198848f,363618,bank-marketing,16878,ep2048_25,25,1638,410,2048,1e-05,0.0,standard,64,64,64,0,1024,4.5,mesuré ici,0.6775073746312684,0.3462475736238764,0.20923993682624464
339cbc4cc198848f,363618,bank-marketing,16878,ep2048_25,25,1638,410,2048,1e-05,0.0,standard,64,64,64,1,1024,4.5,mesuré ici,0.6219948377581122,0.35223532779904915,0.1807857964505002
339cbc4cc198848f,363618,bank-marketing,16878,ep2048_25,25,1638,410,2048,1e-05,0.0,standard,64,64,64,2,1024,4.5,mesuré ici,0.658259587020649,0.3432620817993711,0.25921536300917625
339cbc4cc198848f,363618,bank-marketing,16878,ep2048_25,25,1638,410,2048,1e-05,0.0,standard,128,128,128,0,1024,4.7,mesuré ici,0.7283600663716814,0.3342961584390408,0.2772740828984062
339cbc4cc198848f,363618,bank-marketing,16878,ep2048_25,25,1638,410,2048,1e-05,0.0,standard,128,128,128,1,1024,4.8,mesuré ici,0.6549548303834808,0.3507222831104822,0.19889465139691254
339cbc4cc198848f,363618,bank-marketing,16878,ep2048_25,25,1638,410,2048,1e-05,0.0,standard,128,128,128,2,1024,4.7,mesuré ici,0.7294939159292035,0.31963340463192474,0.33977224805735506
339cbc4cc198848f,363618,bank-marketing,16878,ep2048_25,25,1638,410,2048,1e-05,0.0,standard,256,256,256,0,1024,4.7,mesuré ici,0.7101769911504425,0.3407194886213883,0.22007079048018363
339cbc4cc198848f,363618,bank-marketing,16878,ep2048_25,25,1638,410,2048,1e-05,0.0,standard,256,256,256,1,1024,4.6,mesuré ici,0.7526733038348082,0.31799801443147646,0.35102010621692703
339cbc4cc198848f,363618,bank-marketing,16878,ep2048_25,25,1638,410,2048,1e-05,0.0,standard,256,256,256,2,1024,4.7,mesuré ici,0.6948976769911505,0.328064160834145,0.3292966937332212
339cbc4cc198848f,363618,bank-marketing,16878,ep2048_25,25,1638,410,2048,1e-05,0.0,standard,512,512,512,0,1024,4.7,mesuré ici,0.7370252581120945,0.3204866191031446,0.32760555040361145
339cbc4cc198848f,363618,bank-marketing,16878,ep2048_25,25,1638,410,2048,1e-05,0.0,standard,1024,1024,1024,0,1024,4.8,mesuré ici,0.7674548303834808,0.30614988953021727,0.40096407418616614
339cbc4cc198848f,363618,bank-marketing,16878,ep2048_25,25,1638,410,2048,1e-05,0.0,standard,2048,2048,2048,0,1024,5.9,mesuré ici,0.7778300147492625,0.29808426752237854,0.4204174809192208
339cbc4cc198848f,363618,bank-marketing,16878,ep2048_25,25,1638,410,2048,1e-05,0.0,standard,full,16878,16878,0,1024,61.0,mesuré ici,0.7919063421828909,0.29196362486050187,0.4405089250251798
339cbc4cc198848f,363618,bank-marketing,16878,ep2048_50,50,1638,410,2048,1e-05,0.0,standard,32,32,32,0,1024,5.0,mesuré ici,0.6675838864306785,0.337495994225237,0.29460962824912407
339cbc4cc198848f,363618,bank-marketing,16878,ep2048_50,50,1638,410,2048,1e-05,0.0,standard,32,32,32,1,1024,4.6,mesuré ici,0.4837343289085545,0.3658996489799845,0.11578779001538989
339cbc4cc198848f,363618,bank-marketing,16878,ep2048_50,50,1638,410,2048,1e-05,0.0,standard,32,32,32,2,1024,4.6,mesuré ici,0.6590293141592921,0.35266283635540896,0.19323268472808877
339cbc4cc198848f,363618,bank-marketing,16878,ep2048_50,50,1638,410,2048,1e-05,0.0,standard,64,64,64,0,1024,4.6,mesuré ici,0.6812868731563422,0.34766668847214144,0.2112906339892281
339cbc4cc198848f,363618,bank-marketing,16878,ep2048_50,50,1638,410,2048,1e-05,0.0,standard,64,64,64,1,1024,4.6,mesuré ici,0.6249539085545722,0.3526642930491323,0.18108802268302915
339cbc4cc198848f,363618,bank-marketing,16878,ep2048_50,50,1638,410,2048,1e-05,0.0,standard,64,64,64,2,1024,4.6,mesuré ici,0.6591261061946903,0.3415882515094965,0.25916748588176475
339cbc4cc198848f,363618,bank-marketing,16878,ep2048_50,50,1638,410,2048,1e-05,0.0,standard,128,128,128,0,1024,4.7,mesuré ici,0.7299963126843658,0.338760305216373,0.282714014993433
339cbc4cc198848f,363618,bank-marketing,16878,ep2048_50,50,1638,410,2048,1e-05,0.0,standard,128,128,128,1,1024,4.6,mesuré ici,0.6515901548672567,0.35242765079699057,0.19418307693924075
339cbc4cc198848f,363618,bank-marketing,16878,ep2048_50,50,1638,410,2048,1e-05,0.0,standard,128,128,128,2,1024,4.6,mesuré ici,0.726968104719764,0.32412793520357114,0.3376514236206051
339cbc4cc198848f,363618,bank-marketing,16878,ep2048_50,50,1638,410,2048,1e-05,0.0,standard,256,256,256,0,1024,4.6,mesuré ici,0.7104627581120944,0.3445291133078856,0.22046064890387418
339cbc4cc198848f,363618,bank-marketing,16878,ep2048_50,50,1638,410,2048,1e-05,0.0,standard,256,256,256,1,1024,4.7,mesuré ici,0.7527885324483776,0.32305989672429347,0.3556713123287165
339cbc4cc198848f,363618,bank-marketing,16878,ep2048_50,50,1638,410,2048,1e-05,0.0,standard,256,256,256,2,1024,4.6,mesuré ici,0.6935333702064896,0.3316858619173541,0.3304085434811641
339cbc4cc198848f,363618,bank-marketing,16878,ep2048_50,50,1638,410,2048,1e-05,0.0,standard,512,512,512,0,1024,4.7,mesuré ici,0.7344026548672565,0.3240366442375638,0.32342906659489956
339cbc4cc198848f,363618,bank-marketing,16878,ep2048_50,50,1638,410,2048,1e-05,0.0,standard,1024,1024,1024,0,1024,4.7,mesuré ici,0.7657863200589969,0.3092211193807905,0.3980824173778663
339cbc4cc198848f,363618,bank-marketing,16878,ep2048_50,50,1638,410,2048,1e-05,0.0,standard,2048,2048,2048,0,1024,5.9,mesuré ici,0.7780328171091446,0.29904318234045846,0.41969690226310763
339cbc4cc198848f,363618,bank-marketing,16878,ep2048_50,50,1638,410,2048,1e-05,0.0,standard,full,16878,16878,0,1024,60.9,mesuré ici,0.7908001474926253,0.29412630131613926,0.43850874498058323
339cbc4cc198848f,363618,bank-marketing,16878,ep2048_200,200,1638,410,2048,1e-05,0.0,standard,32,32,32,0,1024,5.0,mesuré ici,0.6765071902654867,0.3352706380095796,0.30563447143370925
339cbc4cc198848f,363618,bank-marketing,16878,ep2048_200,200,1638,410,2048,1e-05,0.0,standard,32,32,32,1,1024,4.6,mesuré ici,0.49014564896755153,0.3652941038700587,0.11601604355296607
339cbc4cc198848f,363618,bank-marketing,16878,ep2048_200,200,1638,410,2048,1e-05,0.0,standard,32,32,32,2,1024,4.6,mesuré ici,0.6671091445427728,0.3506432075884003,0.20744607896132736
339cbc4cc198848f,363618,bank-marketing,16878,ep2048_200,200,1638,410,2048,1e-05,0.0,standard,64,64,64,0,1024,4.6,mesuré ici,0.6934227507374631,0.34518494040432646,0.22073766271536782
339cbc4cc198848f,363618,bank-marketing,16878,ep2048_200,200,1638,410,2048,1e-05,0.0,standard,64,64,64,1,1024,4.5,mesuré ici,0.6432153392330384,0.35058332859806896,0.1920186797548401
339cbc4cc198848f,363618,bank-marketing,16878,ep2048_200,200,1638,410,2048,1e-05,0.0,standard,64,64,64,2,1024,4.6,mesuré ici,0.6584808259587022,0.34231606843356754,0.2561591441764116
339cbc4cc198848f,363618,bank-marketing,16878,ep2048_200,200,1638,410,2048,1e-05,0.0,standard,128,128,128,0,1024,4.6,mesuré ici,0.7408554572271387,0.33562225920342365,0.29818584207306753
339cbc4cc198848f,363618,bank-marketing,16878,ep2048_200,200,1638,410,2048,1e-05,0.0,standard,128,128,128,1,1024,4.7,mesuré ici,0.6676484144542773,0.34947556854792805,0.21792247501621062
339cbc4cc198848f,363618,bank-marketing,16878,ep2048_200,200,1638,410,2048,1e-05,0.0,standard,128,128,128,2,1024,4.6,mesuré ici,0.7359559365781712,0.31996930078480196,0.34192102798378665
339cbc4cc198848f,363618,bank-marketing,16878,ep2048_200,200,1638,410,2048,1e-05,0.0,standard,256,256,256,0,1024,4.6,mesuré ici,0.7189251474926255,0.3409750213824657,0.248437797572868
339cbc4cc198848f,363618,bank-marketing,16878,ep2048_200,200,1638,410,2048,1e-05,0.0,standard,256,256,256,1,1024,4.7,mesuré ici,0.7543464233038348,0.31886638248892957,0.3546739596623593
339cbc4cc198848f,363618,bank-marketing,16878,ep2048_200,200,1638,410,2048,1e-05,0.0,standard,256,256,256,2,1024,4.8,mesuré ici,0.7028392330383479,0.32747718491634614,0.34344794403556067
339cbc4cc198848f,363618,bank-marketing,16878,ep2048_200,200,1638,410,2048,1e-05,0.0,standard,512,512,512,0,1024,4.7,mesuré ici,0.7483867994100295,0.318794473291076,0.3280579790089171
339cbc4cc198848f,363618,bank-marketing,16878,ep2048_200,200,1638,410,2048,1e-05,0.0,standard,1024,1024,1024,0,1024,4.8,mesuré ici,0.7678650442477876,0.3069432528599572,0.4013022297429775
339cbc4cc198848f,363618,bank-marketing,16878,ep2048_200,200,1638,410,2048,1e-05,0.0,standard,2048,2048,2048,0,1024,5.9,mesuré ici,0.7787426253687316,0.2972505364051079,0.432616367867955
339cbc4cc198848f,363618,bank-marketing,16878,ep2048_200,200,1638,410,2048,1e-05,0.0,standard,full,16878,16878,0,1024,60.9,mesuré ici,0.7881867625368731,0.2935456443092128,0.4458013147355171
339cbc4cc198848f,363613,Amazon_employee_access,12233,ep2048_25,25,1638,410,2048,1e-05,0.0,standard,32,32,32,0,1024,4.9,mesuré ici,0.6597347852814613,0.21850852309164442,0.9639227429732758
339cbc4cc198848f,363613,Amazon_employee_access,12233,ep2048_25,25,1638,410,2048,1e-05,0.0,standard,32,32,32,1,1024,4.4,mesuré ici,0.5662509879687362,0.22812379852697473,0.9561783235595207
339cbc4cc198848f,363613,Amazon_employee_access,12233,ep2048_25,25,1638,410,2048,1e-05,0.0,standard,32,32,32,2,1024,4.4,mesuré ici,0.37386493369632035,0.24099102151563168,0.9229923542875537
339cbc4cc198848f,363613,Amazon_employee_access,12233,ep2048_25,25,1638,410,2048,1e-05,0.0,standard,64,64,64,0,1024,4.3,mesuré ici,0.6291999648722227,0.2171628753570087,0.9585415355784643
339cbc4cc198848f,363613,Amazon_employee_access,12233,ep2048_25,25,1638,410,2048,1e-05,0.0,standard,64,64,64,1,1024,4.4,mesuré ici,0.4916220251163608,0.2333319533694014,0.9428620553379992
339cbc4cc198848f,363613,Amazon_employee_access,12233,ep2048_25,25,1638,410,2048,1e-05,0.0,standard,64,64,64,2,1024,4.5,mesuré ici,0.6541494686923686,0.2178426687053498,0.9681179127784152
339cbc4cc198848f,363613,Amazon_employee_access,12233,ep2048_25,25,1638,410,2048,1e-05,0.0,standard,128,128,128,0,1024,4.5,mesuré ici,0.5574778255905859,0.22225849423440197,0.956744582348336
339cbc4cc198848f,363613,Amazon_employee_access,12233,ep2048_25,25,1638,410,2048,1e-05,0.0,standard,128,128,128,1,1024,4.5,mesuré ici,0.5607359269342231,0.22539781309520057,0.9574167607766189
339cbc4cc198848f,363613,Amazon_employee_access,12233,ep2048_25,25,1638,410,2048,1e-05,0.0,standard,128,128,128,2,1024,4.5,mesuré ici,0.5010977430403092,0.22157542401256022,0.938048570962073
339cbc4cc198848f,363613,Amazon_employee_access,12233,ep2048_25,25,1638,410,2048,1e-05,0.0,standard,256,256,256,0,1024,4.5,mesuré ici,0.6801791516641784,0.20873191126724772,0.9681778314625404
339cbc4cc198848f,363613,Amazon_employee_access,12233,ep2048_25,25,1638,410,2048,1e-05,0.0,standard,256,256,256,1,1024,4.5,mesuré ici,0.49866514446298404,0.2274543794356561,0.941459229804249
339cbc4cc198848f,363613,Amazon_employee_access,12233,ep2048_25,25,1638,410,2048,1e-05,0.0,standard,256,256,256,2,1024,4.5,mesuré ici,0.6103275665232282,0.22013817897319285,0.9619054747110585
339cbc4cc198848f,363613,Amazon_employee_access,12233,ep2048_25,25,1638,410,2048,1e-05,0.0,standard,512,512,512,0,1024,4.5,mesuré ici,0.5737244225871607,0.2328111861669865,0.9590652428289359
339cbc4cc198848f,363613,Amazon_employee_access,12233,ep2048_25,25,1638,410,2048,1e-05,0.0,standard,1024,1024,1024,0,1024,4.6,mesuré ici,0.6193905330640204,0.2179206714572242,0.9624496250256847
339cbc4cc198848f,363613,Amazon_employee_access,12233,ep2048_25,25,1638,410,2048,1e-05,0.0,standard,2048,2048,2048,0,1024,5.5,mesuré ici,0.7111618512338632,0.19666701910295198,0.9719361034357377
339cbc4cc198848f,363613,Amazon_employee_access,12233,ep2048_25,25,1638,410,2048,1e-05,0.0,standard,full,12233,12233,0,1024,35.7,mesuré ici,0.8352858522876965,0.1685187167890562,0.9847535265639873
339cbc4cc198848f,363613,Amazon_employee_access,12233,ep2048_50,50,1638,410,2048,1e-05,0.0,standard,32,32,32,0,1024,4.7,mesuré ici,0.6600421533327477,0.21827220787459545,0.9641269803286494
339cbc4cc198848f,363613,Amazon_employee_access,12233,ep2048_50,50,1638,410,2048,1e-05,0.0,standard,32,32,32,1,1024,4.4,mesuré ici,0.5628962852375516,0.22830278527118186,0.9559945693656458
339cbc4cc198848f,363613,Amazon_employee_access,12233,ep2048_50,50,1638,410,2048,1e-05,0.0,standard,32,32,32,2,1024,4.4,mesuré ici,0.3745587072977957,0.23910076451277354,0.9225552294754398
339cbc4cc198848f,363613,Amazon_employee_access,12233,ep2048_50,50,1638,410,2048,1e-05,0.0,standard,64,64,64,0,1024,4.4,mesuré ici,0.6301484148590497,0.2172390036844617,0.9574211769447031
339cbc4cc198848f,363613,Amazon_employee_access,12233,ep2048_50,50,1638,410,2048,1e-05,0.0,standard,64,64,64,1,1024,4.4,mesuré ici,0.49708439448493896,0.23146500801619804,0.9441107666371251
339cbc4cc198848f,363613,Amazon_employee_access,12233,ep2048_50,50,1638,410,2048,1e-05,0.0,standard,64,64,64,2,1024,4.4,mesuré ici,0.6542285061912707,0.21865226707316812,0.9681809043416719
339cbc4cc198848f,363613,Amazon_employee_access,12233,ep2048_50,50,1638,410,2048,1e-05,0.0,standard,128,128,128,0,1024,4.4,mesuré ici,0.5594186352858522,0.2213714936467097,0.9568047889581894
339cbc4cc198848f,363613,Amazon_employee_access,12233,ep2048_50,50,1638,410,2048,1e-05,0.0,standard,128,128,128,1,1024,4.4,mesuré ici,0.5489329937648195,0.22396262217573182,0.9576818856728747
339cbc4cc198848f,363613,Amazon_employee_access,12233,ep2048_50,50,1638,410,2048,1e-05,0.0,standard,128,128,128,2,1024,4.4,mesuré ici,0.5014138930359182,0.22109601508229065,0.9385884758870718
339cbc4cc198848f,363613,Amazon_employee_access,12233,ep2048_50,50,1638,410,2048,1e-05,0.0,standard,256,256,256,0,1024,4.4,mesuré ici,0.6731799420391675,0.21046577876664668,0.968132492314776
339cbc4cc198848f,363613,Amazon_employee_access,12233,ep2048_50,50,1638,410,2048,1e-05,0.0,standard,256,256,256,1,1024,4.4,mesuré ici,0.5172038289277245,0.21998781366508896,0.9463112600914998
339cbc4cc198848f,363613,Amazon_employee_access,12233,ep2048_50,50,1638,410,2048,1e-05,0.0,standard,256,256,256,2,1024,4.4,mesuré ici,0.6247563010450514,0.21829427909630814,0.9642665535595435
339cbc4cc198848f,363613,Amazon_employee_access,12233,ep2048_50,50,1638,410,2048,1e-05,0.0,standard,512,512,512,0,1024,4.4,mesuré ici,0.586686572407131,0.2258269916191373,0.9624291186463605
339cbc4cc198848f,363613,Amazon_employee_access,12233,ep2048_50,50,1638,410,2048,1e-05,0.0,standard,1024,1024,1024,0,1024,4.5,mesuré ici,0.6282339509967507,0.21930434631044776,0.9639510816207966
339cbc4cc198848f,363613,Amazon_employee_access,12233,ep2048_50,50,1638,410,2048,1e-05,0.0,standard,2048,2048,2048,0,1024,5.6,mesuré ici,0.7210854483182576,0.19734101272154442,0.9733923219999094
339cbc4cc198848f,363613,Amazon_employee_access,12233,ep2048_50,50,1638,410,2048,1e-05,0.0,standard,full,12233,12233,0,1024,35.9,mesuré ici,0.8238254149468693,0.1729763008098354,0.9837699847742356
339cbc4cc198848f,363613,Amazon_employee_access,12233,ep2048_200,200,1638,410,2048,1e-05,0.0,standard,32,32,32,0,1024,4.7,mesuré ici,0.6567752700447879,0.21902005900507004,0.962820012705989
339cbc4cc198848f,363613,Amazon_employee_access,12233,ep2048_200,200,1638,410,2048,1e-05,0.0,standard,32,32,32,1,1024,4.4,mesuré ici,0.5685342934925792,0.2286189582393628,0.9571128583348811
339cbc4cc198848f,363613,Amazon_employee_access,12233,ep2048_200,200,1638,410,2048,1e-05,0.0,standard,32,32,32,2,1024,4.4,mesuré ici,0.38126811276016503,0.23911806683762699,0.9225102206007978
339cbc4cc198848f,363613,Amazon_employee_access,12233,ep2048_200,200,1638,410,2048,1e-05,0.0,standard,64,64,64,0,1024,4.4,mesuré ici,0.6387459383507508,0.2164002417686814,0.9598095017119996
339cbc4cc198848f,363613,Amazon_employee_access,12233,ep2048_200,200,1638,410,2048,1e-05,0.0,standard,64,64,64,1,1024,4.4,mesuré ici,0.48153157108983924,0.23444259545496246,0.9408443705324672
339cbc4cc198848f,363613,Amazon_employee_access,12233,ep2048_200,200,1638,410,2048,1e-05,0.0,standard,64,64,64,2,1024,4.4,mesuré ici,0.6570211644858173,0.2182618503132441,0.9673212953391754
339cbc4cc198848f,363613,Amazon_employee_access,12233,ep2048_200,200,1638,410,2048,1e-05,0.0,standard,128,128,128,0,1024,4.4,mesuré ici,0.5679810310002634,0.22165350800533745,0.9571259879172822
339cbc4cc198848f,363613,Amazon_employee_access,12233,ep2048_200,200,1638,410,2048,1e-05,0.0,standard,128,128,128,1,1024,4.4,mesuré ici,0.5810836919293932,0.22213801350683274,0.960475034366409
339cbc4cc198848f,363613,Amazon_employee_access,12233,ep2048_200,200,1638,410,2048,1e-05,0.0,standard,128,128,128,2,1024,4.4,mesuré ici,0.5187933608500922,0.2209666575241976,0.9404533079021998
339cbc4cc198848f,363613,Amazon_employee_access,12233,ep2048_200,200,1638,410,2048,1e-05,0.0,standard,256,256,256,0,1024,4.4,mesuré ici,0.6613770088697637,0.21106013890727102,0.9657212249238647
339cbc4cc198848f,363613,Amazon_employee_access,12233,ep2048_200,200,1638,410,2048,1e-05,0.0,standard,256,256,256,1,1024,4.3,mesuré ici,0.5470009660138755,0.21738283330053462,0.954148830907897
339cbc4cc198848f,363613,Amazon_employee_access,12233,ep2048_200,200,1638,410,2048,1e-05,0.0,standard,256,256,256,2,1024,4.4,mesuré ici,0.6364626328269078,0.22132618848010643,0.9648174416123666
339cbc4cc198848f,363613,Amazon_employee_access,12233,ep2048_200,200,1638,410,2048,1e-05,0.0,standard,512,512,512,0,1024,4.5,mesuré ici,0.6108281373496092,0.22156610937183144,0.9659764935545188
339cbc4cc198848f,363613,Amazon_employee_access,12233,ep2048_200,200,1638,410,2048,1e-05,0.0,standard,1024,1024,1024,0,1024,4.5,mesuré ici,0.606349345745148,0.21940079278002184,0.9632305181643787
339cbc4cc198848f,363613,Amazon_employee_access,12233,ep2048_200,200,1638,410,2048,1e-05,0.0,standard,2048,2048,2048,0,1024,5.6,mesuré ici,0.7403793799947309,0.19040500241811387,0.9749059302369384
339cbc4cc198848f,363613,Amazon_employee_access,12233,ep2048_200,200,1638,410,2048,1e-05,0.0,standard,full,12233,12233,0,1024,35.9,mesuré ici,0.8229384385702994,0.1792444080149349,0.9838028053561287
339cbc4cc198848f,363627,credit_card_clients_default,11200,ep2048_25,25,1638,410,2048,1e-05,0.0,standard,32,32,32,0,1024,5.4,mesuré ici,0.6677435758543878,0.5068822221101301,0.39370753869240893
339cbc4cc198848f,363627,credit_card_clients_default,11200,ep2048_25,25,1638,410,2048,1e-05,0.0,standard,32,32,32,1,1024,4.9,mesuré ici,0.6938243081157867,0.4867421973960951,0.43643311243384386
339cbc4cc198848f,363627,credit_card_clients_default,11200,ep2048_25,25,1638,410,2048,1e-05,0.0,standard,32,32,32,2,1024,4.9,mesuré ici,0.5043583039923943,0.5343741515920996,0.22408266898648324
339cbc4cc198848f,363627,credit_card_clients_default,11200,ep2048_25,25,1638,410,2048,1e-05,0.0,standard,64,64,64,0,1024,4.9,mesuré ici,0.6709411394049271,0.505448574575926,0.42639312729678425
339cbc4cc198848f,363627,credit_card_clients_default,11200,ep2048_25,25,1638,410,2048,1e-05,0.0,standard,64,64,64,1,1024,5.1,mesuré ici,0.6226101183402517,0.513979196496569,0.30417902191632784
339cbc4cc198848f,363627,credit_card_clients_default,11200,ep2048_25,25,1638,410,2048,1e-05,0.0,standard,64,64,64,2,1024,5.0,mesuré ici,0.6662318496122573,0.5031158769066153,0.3709020840751266
339cbc4cc198848f,363627,credit_card_clients_default,11200,ep2048_25,25,1638,410,2048,1e-05,0.0,standard,128,128,128,0,1024,4.9,mesuré ici,0.6790746135010696,0.48206058031805143,0.47078843441498314
339cbc4cc198848f,363627,credit_card_clients_default,11200,ep2048_25,25,1638,410,2048,1e-05,0.0,standard,128,128,128,1,1024,4.8,mesuré ici,0.7069102747638446,0.46663141593211055,0.489137559712276
339cbc4cc198848f,363627,credit_card_clients_default,11200,ep2048_25,25,1638,410,2048,1e-05,0.0,standard,128,128,128,2,1024,4.9,mesuré ici,0.7205047562721438,0.4784793852250151,0.5212953320048894
339cbc4cc198848f,363627,credit_card_clients_default,11200,ep2048_25,25,1638,410,2048,1e-05,0.0,standard,256,256,256,0,1024,4.9,mesuré ici,0.7322309984026001,0.45695157120537994,0.5092233971448797
339cbc4cc198848f,363627,credit_card_clients_default,11200,ep2048_25,25,1638,410,2048,1e-05,0.0,standard,256,256,256,1,1024,4.9,mesuré ici,0.725506994842996,0.4606548707734776,0.5093930982427017
339cbc4cc198848f,363627,credit_card_clients_default,11200,ep2048_25,25,1638,410,2048,1e-05,0.0,standard,256,256,256,2,1024,5.0,mesuré ici,0.7332203914458957,0.45935541454607326,0.5019432002367097
339cbc4cc198848f,363627,credit_card_clients_default,11200,ep2048_25,25,1638,410,2048,1e-05,0.0,standard,512,512,512,0,1024,5.0,mesuré ici,0.7213725479358166,0.456501914099999,0.5273425822379858
339cbc4cc198848f,363627,credit_card_clients_default,11200,ep2048_25,25,1638,410,2048,1e-05,0.0,standard,1024,1024,1024,0,1024,5.0,mesuré ici,0.7484039818924492,0.4403106772124613,0.5542570532467969
339cbc4cc198848f,363627,credit_card_clients_default,11200,ep2048_25,25,1638,410,2048,1e-05,0.0,standard,2048,2048,2048,0,1024,6.5,mesuré ici,0.7542712484592553,0.43973115647301236,0.5445821855392148
339cbc4cc198848f,363627,credit_card_clients_default,11200,ep2048_25,25,1638,410,2048,1e-05,0.0,standard,full,11200,11200,0,1024,35.7,mesuré ici,0.7555895179610764,0.43714008025600204,0.558063826406364
339cbc4cc198848f,363627,credit_card_clients_default,11200,ep2048_50,50,1638,410,2048,1e-05,0.0,standard,32,32,32,0,1024,5.2,mesuré ici,0.6763468734627098,0.5066122920866278,0.40585202113988206
339cbc4cc198848f,363627,credit_card_clients_default,11200,ep2048_50,50,1638,410,2048,1e-05,0.0,standard,32,32,32,1,1024,4.8,mesuré ici,0.6941531845743123,0.4868457740139848,0.4382810646662669
339cbc4cc198848f,363627,credit_card_clients_default,11200,ep2048_50,50,1638,410,2048,1e-05,0.0,standard,32,32,32,2,1024,4.8,mesuré ici,0.5122623936678845,0.5329347094298832,0.22951765644381358
339cbc4cc198848f,363627,credit_card_clients_default,11200,ep2048_50,50,1638,410,2048,1e-05,0.0,standard,64,64,64,0,1024,4.8,mesuré ici,0.6830266583388147,0.48882936016879414,0.44385218217272626
339cbc4cc198848f,363627,credit_card_clients_default,11200,ep2048_50,50,1638,410,2048,1e-05,0.0,standard,64,64,64,1,1024,4.9,mesuré ici,0.6289140444066129,0.5134697037859214,0.3141531425856746
339cbc4cc198848f,363627,credit_card_clients_default,11200,ep2048_50,50,1638,410,2048,1e-05,0.0,standard,64,64,64,2,1024,4.8,mesuré ici,0.674708018505519,0.502266574898929,0.38390456902336767
339cbc4cc198848f,363627,credit_card_clients_default,11200,ep2048_50,50,1638,410,2048,1e-05,0.0,standard,128,128,128,0,1024,4.8,mesuré ici,0.6861827668735733,0.47214023296135765,0.47498925752135523
339cbc4cc198848f,363627,credit_card_clients_default,11200,ep2048_50,50,1638,410,2048,1e-05,0.0,standard,128,128,128,1,1024,4.7,mesuré ici,0.7111829050569592,0.4643747229235653,0.4919170820486799
339cbc4cc198848f,363627,credit_card_clients_default,11200,ep2048_50,50,1638,410,2048,1e-05,0.0,standard,128,128,128,2,1024,4.8,mesuré ici,0.7220607011977737,0.47002627856757856,0.5266602488708757
339cbc4cc198848f,363627,credit_card_clients_default,11200,ep2048_50,50,1638,410,2048,1e-05,0.0,standard,256,256,256,0,1024,4.8,mesuré ici,0.7342761125144402,0.45719729430842015,0.5099765142525676
339cbc4cc198848f,363627,credit_card_clients_default,11200,ep2048_50,50,1638,410,2048,1e-05,0.0,standard,256,256,256,1,1024,4.8,mesuré ici,0.7293706023137425,0.4553732629845742,0.514435049543513
339cbc4cc198848f,363627,credit_card_clients_default,11200,ep2048_50,50,1638,410,2048,1e-05,0.0,standard,256,256,256,2,1024,4.7,mesuré ici,0.7340743647709749,0.4577891290129086,0.5033318893030878
339cbc4cc198848f,363627,credit_card_clients_default,11200,ep2048_50,50,1638,410,2048,1e-05,0.0,standard,512,512,512,0,1024,4.8,mesuré ici,0.7291743819057147,0.4498734904065328,0.5331427731769466
339cbc4cc198848f,363627,credit_card_clients_default,11200,ep2048_50,50,1638,410,2048,1e-05,0.0,standard,1024,1024,1024,0,1024,4.8,mesuré ici,0.74710229439694,0.4403713897749352,0.5551968629130554
339cbc4cc198848f,363627,credit_card_clients_default,11200,ep2048_50,50,1638,410,2048,1e-05,0.0,standard,2048,2048,2048,0,1024,6.4,mesuré ici,0.7502722212702922,0.4412319711455792,0.5406109647716824
339cbc4cc198848f,363627,credit_card_clients_default,11200,ep2048_50,50,1638,410,2048,1e-05,0.0,standard,full,11200,11200,0,1024,35.7,mesuré ici,0.7527346492076565,0.4379295522093825,0.554430589765489
339cbc4cc198848f,363627,credit_card_clients_default,11200,ep2048_200,200,1638,410,2048,1e-05,0.0,standard,32,32,32,0,1024,5.1,mesuré ici,0.7043068997728266,0.500624424459334,0.4493471842771233
339cbc4cc198848f,363627,credit_card_clients_default,11200,ep2048_200,200,1638,410,2048,1e-05,0.0,standard,32,32,32,1,1024,4.7,mesuré ici,0.6963420094075248,0.4855340601036976,0.4475755684311017
339cbc4cc198848f,363627,credit_card_clients_default,11200,ep2048_200,200,1638,410,2048,1e-05,0.0,standard,32,32,32,2,1024,4.8,mesuré ici,0.5293031688214063,0.5304327922660805,0.24247317471501978
339cbc4cc198848f,363627,credit_card_clients_default,11200,ep2048_200,200,1638,410,2048,1e-05,0.0,standard,64,64,64,0,1024,4.7,mesuré ici,0.6876005284132678,0.4856376236351403,0.4520674276168277
339cbc4cc198848f,363627,credit_card_clients_default,11200,ep2048_200,200,1638,410,2048,1e-05,0.0,standard,64,64,64,1,1024,4.8,mesuré ici,0.6448327704663412,0.5094306484645492,0.34085580869826376
339cbc4cc198848f,363627,credit_card_clients_default,11200,ep2048_200,200,1638,410,2048,1e-05,0.0,standard,64,64,64,2,1024,4.7,mesuré ici,0.6871279412333696,0.49857507158019976,0.4084183685878895
339cbc4cc198848f,363627,credit_card_clients_default,11200,ep2048_200,200,1638,410,2048,1e-05,0.0,standard,128,128,128,0,1024,4.8,mesuré ici,0.6948993748583621,0.46712360742797854,0.4797605648206723
339cbc4cc198848f,363627,credit_card_clients_default,11200,ep2048_200,200,1638,410,2048,1e-05,0.0,standard,128,128,128,1,1024,4.8,mesuré ici,0.7153145882964199,0.46219429812419793,0.49568248288289457
339cbc4cc198848f,363627,credit_card_clients_default,11200,ep2048_200,200,1638,410,2048,1e-05,0.0,standard,128,128,128,2,1024,4.8,mesuré ici,0.7290721262001227,0.46469774254477325,0.5321213284869781
339cbc4cc198848f,363627,credit_card_clients_default,11200,ep2048_200,200,1638,410,2048,1e-05,0.0,standard,256,256,256,0,1024,4.7,mesuré ici,0.7382751397034032,0.45444633219091934,0.5103742347431448
339cbc4cc198848f,363627,credit_card_clients_default,11200,ep2048_200,200,1638,410,2048,1e-05,0.0,standard,256,256,256,1,1024,4.8,mesuré ici,0.7359287858102245,0.45309265996972514,0.5181288977128402
339cbc4cc198848f,363627,credit_card_clients_default,11200,ep2048_200,200,1638,410,2048,1e-05,0.0,standard,256,256,256,2,1024,4.8,mesuré ici,0.7366639214233995,0.45537380324664134,0.504609728171764
339cbc4cc198848f,363627,credit_card_clients_default,11200,ep2048_200,200,1638,410,2048,1e-05,0.0,standard,512,512,512,0,1024,4.8,mesuré ici,0.7440594962386483,0.4455064149556447,0.542731474061484
339cbc4cc198848f,363627,credit_card_clients_default,11200,ep2048_200,200,1638,410,2048,1e-05,0.0,standard,1024,1024,1024,0,1024,4.9,mesuré ici,0.7484841282562915,0.4404799935543909,0.5583724804494444
339cbc4cc198848f,363627,credit_card_clients_default,11200,ep2048_200,200,1638,410,2048,1e-05,0.0,standard,2048,2048,2048,0,1024,6.4,mesuré ici,0.7516430004587689,0.4450068986669681,0.5407139209696183
339cbc4cc198848f,363627,credit_card_clients_default,11200,ep2048_200,200,1638,410,2048,1e-05,0.0,standard,full,11200,11200,0,1024,35.6,mesuré ici,0.7506425527445983,0.44100147949184054,0.547912327493048
339cbc4cc198848f,363679,HR_Analytics_Job_Change_of_Data_Scientists,7151,ep2048_25,25,1638,410,2048,1e-05,0.0,standard,32,32,32,0,1024,5.1,mesuré ici,0.7182462581911828,0.49336274364574106,0.4877806108823265
339cbc4cc198848f,363679,HR_Analytics_Job_Change_of_Data_Scientists,7151,ep2048_25,25,1638,410,2048,1e-05,0.0,standard,32,32,32,1,1024,4.7,mesuré ici,0.6883780820520666,0.5321102096285186,0.40356064095039584
339cbc4cc198848f,363679,HR_Analytics_Job_Change_of_Data_Scientists,7151,ep2048_25,25,1638,410,2048,1e-05,0.0,standard,32,32,32,2,1024,4.7,mesuré ici,0.757887758484408,0.4887659748889541,0.5267129174080237
339cbc4cc198848f,363679,HR_Analytics_Job_Change_of_Data_Scientists,7151,ep2048_25,25,1638,410,2048,1e-05,0.0,standard,64,64,64,0,1024,4.6,mesuré ici,0.8022489099671077,0.4845640118066932,0.5382717948899904
339cbc4cc198848f,363679,HR_Analytics_Job_Change_of_Data_Scientists,7151,ep2048_25,25,1638,410,2048,1e-05,0.0,standard,64,64,64,1,1024,4.6,mesuré ici,0.7420229990565798,0.5146841080979203,0.45002742929757966
339cbc4cc198848f,363679,HR_Analytics_Job_Change_of_Data_Scientists,7151,ep2048_25,25,1638,410,2048,1e-05,0.0,standard,64,64,64,2,1024,4.7,mesuré ici,0.7308778908182259,0.4993660330663279,0.4593622373762257
339cbc4cc198848f,363679,HR_Analytics_Job_Change_of_Data_Scientists,7151,ep2048_25,25,1638,410,2048,1e-05,0.0,standard,128,128,128,0,1024,4.6,mesuré ici,0.7874015145720186,0.5009100082370255,0.5458677457486021
339cbc4cc198848f,363679,HR_Analytics_Job_Change_of_Data_Scientists,7151,ep2048_25,25,1638,410,2048,1e-05,0.0,standard,128,128,128,1,1024,4.9,mesuré ici,0.7849256737805654,0.46340702391943245,0.5054725331986947
339cbc4cc198848f,363679,HR_Analytics_Job_Change_of_Data_Scientists,7151,ep2048_25,25,1638,410,2048,1e-05,0.0,standard,128,128,128,2,1024,4.6,mesuré ici,0.7834824957291109,0.4711854836073039,0.5415837977588174
339cbc4cc198848f,363679,HR_Analytics_Job_Change_of_Data_Scientists,7151,ep2048_25,25,1638,410,2048,1e-05,0.0,standard,256,256,256,0,1024,4.6,mesuré ici,0.8165149544863459,0.43849273355093055,0.5707236645548992
339cbc4cc198848f,363679,HR_Analytics_Job_Change_of_Data_Scientists,7151,ep2048_25,25,1638,410,2048,1e-05,0.0,standard,256,256,256,1,1024,4.6,mesuré ici,0.823876182462582,0.42930493170189366,0.5850905438646035
339cbc4cc198848f,363679,HR_Analytics_Job_Change_of_Data_Scientists,7151,ep2048_25,25,1638,410,2048,1e-05,0.0,standard,256,256,256,2,1024,4.7,mesuré ici,0.8111119610392922,0.4531262457470846,0.5698978827054432
339cbc4cc198848f,363679,HR_Analytics_Job_Change_of_Data_Scientists,7151,ep2048_25,25,1638,410,2048,1e-05,0.0,standard,512,512,512,0,1024,4.7,mesuré ici,0.8165990973762718,0.4313655099852607,0.5707710419900633
339cbc4cc198848f,363679,HR_Analytics_Job_Change_of_Data_Scientists,7151,ep2048_25,25,1638,410,2048,1e-05,0.0,standard,1024,1024,1024,0,1024,4.8,mesuré ici,0.8195746959381933,0.42871571858587165,0.5656606925755026
339cbc4cc198848f,363679,HR_Analytics_Job_Change_of_Data_Scientists,7151,ep2048_25,25,1638,410,2048,1e-05,0.0,standard,2048,2048,2048,0,1024,5.8,mesuré ici,0.8287717687855376,0.4244696538982403,0.5646663287624968
339cbc4cc198848f,363679,HR_Analytics_Job_Change_of_Data_Scientists,7151,ep2048_25,25,1638,410,2048,1e-05,0.0,standard,full,7151,7151,0,1024,17.8,mesuré ici,0.8272393482750707,0.41941719965759583,0.564519144836106
339cbc4cc198848f,363679,HR_Analytics_Job_Change_of_Data_Scientists,7151,ep2048_50,50,1638,410,2048,1e-05,0.0,standard,32,32,32,0,1024,5.0,mesuré ici,0.7192483235166629,0.49387282743034666,0.4911527868234806
339cbc4cc198848f,363679,HR_Analytics_Job_Change_of_Data_Scientists,7151,ep2048_50,50,1638,410,2048,1e-05,0.0,standard,32,32,32,1,1024,4.7,mesuré ici,0.6947372447028226,0.5261368094838945,0.4111937958570466
339cbc4cc198848f,363679,HR_Analytics_Job_Change_of_Data_Scientists,7151,ep2048_50,50,1638,410,2048,1e-05,0.0,standard,32,32,32,2,1024,4.6,mesuré ici,0.7565363726765089,0.4881945253638525,0.5269053282156643
339cbc4cc198848f,363679,HR_Analytics_Job_Change_of_Data_Scientists,7151,ep2048_50,50,1638,410,2048,1e-05,0.0,standard,64,64,64,0,1024,4.6,mesuré ici,0.8026084295876997,0.48432119560761044,0.5394091266919855
339cbc4cc198848f,363679,HR_Analytics_Job_Change_of_Data_Scientists,7151,ep2048_50,50,1638,410,2048,1e-05,0.0,standard,64,64,64,1,1024,4.6,mesuré ici,0.7448175629159336,0.5147236035285963,0.4522888500546028
339cbc4cc198848f,363679,HR_Analytics_Job_Change_of_Data_Scientists,7151,ep2048_50,50,1638,410,2048,1e-05,0.0,standard,64,64,64,2,1024,4.5,mesuré ici,0.7349447971646396,0.4992158720589597,0.46235662192146354
339cbc4cc198848f,363679,HR_Analytics_Job_Change_of_Data_Scientists,7151,ep2048_50,50,1638,410,2048,1e-05,0.0,standard,128,128,128,0,1024,4.6,mesuré ici,0.789298554272164,0.5007150740158268,0.5453468857530696
339cbc4cc198848f,363679,HR_Analytics_Job_Change_of_Data_Scientists,7151,ep2048_50,50,1638,410,2048,1e-05,0.0,standard,128,128,128,1,1024,4.6,mesuré ici,0.7840510976822458,0.4643150995910943,0.5032405728630724
339cbc4cc198848f,363679,HR_Analytics_Job_Change_of_Data_Scientists,7151,ep2048_50,50,1638,410,2048,1e-05,0.0,standard,128,128,128,2,1024,4.6,mesuré ici,0.7861393712231316,0.46936952565993534,0.5428024195727598
339cbc4cc198848f,363679,HR_Analytics_Job_Change_of_Data_Scientists,7151,ep2048_50,50,1638,410,2048,1e-05,0.0,standard,256,256,256,0,1024,4.6,mesuré ici,0.8190009944159719,0.4368360895728452,0.5713018132626675
339cbc4cc198848f,363679,HR_Analytics_Job_Change_of_Data_Scientists,7151,ep2048_50,50,1638,410,2048,1e-05,0.0,standard,256,256,256,1,1024,4.6,mesuré ici,0.8246844641627782,0.4292177817752872,0.5840446009026183
339cbc4cc198848f,363679,HR_Analytics_Job_Change_of_Data_Scientists,7151,ep2048_50,50,1638,410,2048,1e-05,0.0,standard,256,256,256,2,1024,4.6,mesuré ici,0.8118055024350443,0.45396924034409064,0.5696644318036489
339cbc4cc198848f,363679,HR_Analytics_Job_Change_of_Data_Scientists,7151,ep2048_50,50,1638,410,2048,1e-05,0.0,standard,512,512,512,0,1024,4.7,mesuré ici,0.8160993396058034,0.4331497213971637,0.5640470762954912
339cbc4cc198848f,363679,HR_Analytics_Job_Change_of_Data_Scientists,7151,ep2048_50,50,1638,410,2048,1e-05,0.0,standard,1024,1024,1024,0,1024,4.7,mesuré ici,0.8210612203268823,0.4310260296138866,0.566926815703352
339cbc4cc198848f,363679,HR_Analytics_Job_Change_of_Data_Scientists,7151,ep2048_50,50,1638,410,2048,1e-05,0.0,standard,2048,2048,2048,0,1024,5.8,mesuré ici,0.8328080777174329,0.42519171929388233,0.568122366287308
339cbc4cc198848f,363679,HR_Analytics_Job_Change_of_Data_Scientists,7151,ep2048_50,50,1638,410,2048,1e-05,0.0,standard,full,7151,7151,0,1024,18.1,mesuré ici,0.8317091205793111,0.41711001043258883,0.5713134286087488
339cbc4cc198848f,363679,HR_Analytics_Job_Change_of_Data_Scientists,7151,ep2048_200,200,1638,410,2048,1e-05,0.0,standard,32,32,32,0,1024,4.9,mesuré ici,0.7243172951885566,0.49367922152379756,0.4910075381091356
339cbc4cc198848f,363679,HR_Analytics_Job_Change_of_Data_Scientists,7151,ep2048_200,200,1638,410,2048,1e-05,0.0,standard,32,32,32,1,1024,4.6,mesuré ici,0.7092608174609245,0.5137883909542572,0.42991926875908276
339cbc4cc198848f,363679,HR_Analytics_Job_Change_of_Data_Scientists,7151,ep2048_200,200,1638,410,2048,1e-05,0.0,standard,32,32,32,2,1024,4.6,mesuré ici,0.7585456028965551,0.4866147719259065,0.5272745413733159
339cbc4cc198848f,363679,HR_Analytics_Job_Change_of_Data_Scientists,7151,ep2048_200,200,1638,410,2048,1e-05,0.0,standard,64,64,64,0,1024,4.5,mesuré ici,0.8062928682526327,0.47770870417057565,0.5455208237004576
339cbc4cc198848f,363679,HR_Analytics_Job_Change_of_Data_Scientists,7151,ep2048_200,200,1638,410,2048,1e-05,0.0,standard,64,64,64,1,1024,4.6,mesuré ici,0.7398148856421631,0.5157390837032635,0.4434328464799023
339cbc4cc198848f,363679,HR_Analytics_Job_Change_of_Data_Scientists,7151,ep2048_200,200,1638,410,2048,1e-05,0.0,standard,64,64,64,2,1024,4.6,mesuré ici,0.7230373033478671,0.5043498581132293,0.45294268502074997
339cbc4cc198848f,363679,HR_Analytics_Job_Change_of_Data_Scientists,7151,ep2048_200,200,1638,410,2048,1e-05,0.0,standard,128,128,128,0,1024,4.6,mesuré ici,0.7998317142201483,0.48938863212828154,0.5473315799332714
339cbc4cc198848f,363679,HR_Analytics_Job_Change_of_Data_Scientists,7151,ep2048_200,200,1638,410,2048,1e-05,0.0,standard,128,128,128,1,1024,4.6,mesuré ici,0.7841964354012086,0.4634824375871336,0.50745322527893
339cbc4cc198848f,363679,HR_Analytics_Job_Change_of_Data_Scientists,7151,ep2048_200,200,1638,410,2048,1e-05,0.0,standard,128,128,128,2,1024,4.5,mesuré ici,0.781343226497361,0.46953211592117305,0.5466221805696675
339cbc4cc198848f,363679,HR_Analytics_Job_Change_of_Data_Scientists,7151,ep2048_200,200,1638,410,2048,1e-05,0.0,standard,256,256,256,0,1024,4.6,mesuré ici,0.8227670261862872,0.42746815908441593,0.574798670713283
339cbc4cc198848f,363679,HR_Analytics_Job_Change_of_Data_Scientists,7151,ep2048_200,200,1638,410,2048,1e-05,0.0,standard,256,256,256,1,1024,4.6,mesuré ici,0.8217700604298936,0.4278337893635612,0.5772152255094527
339cbc4cc198848f,363679,HR_Analytics_Job_Change_of_Data_Scientists,7151,ep2048_200,200,1638,410,2048,1e-05,0.0,standard,256,256,256,2,1024,4.6,mesuré ici,0.8144088324536576,0.45011285262205136,0.5687900243856016
339cbc4cc198848f,363679,HR_Analytics_Job_Change_of_Data_Scientists,7151,ep2048_200,200,1638,410,2048,1e-05,0.0,standard,512,512,512,0,1024,4.6,mesuré ici,0.8184502409546393,0.4295860101902459,0.5653838386674608
339cbc4cc198848f,363679,HR_Analytics_Job_Change_of_Data_Scientists,7151,ep2048_200,200,1638,410,2048,1e-05,0.0,standard,1024,1024,1024,0,1024,4.7,mesuré ici,0.8199418649124149,0.4305950670172722,0.5613686079625883
339cbc4cc198848f,363679,HR_Analytics_Job_Change_of_Data_Scientists,7151,ep2048_200,200,1638,410,2048,1e-05,0.0,standard,2048,2048,2048,0,1024,5.8,mesuré ici,0.8264438154975903,0.42611623464064574,0.5573721102004691
339cbc4cc198848f,363679,HR_Analytics_Job_Change_of_Data_Scientists,7151,ep2048_200,200,1638,410,2048,1e-05,0.0,standard,full,7151,7151,0,1024,18.0,mesuré ici,0.831535735230373,0.4175712837047901,0.5709478000017725
339cbc4cc198848f,363681,in_vehicle_coupon_recommendation,4734,ep2048_25,25,1638,410,2048,1e-05,0.0,standard,32,32,32,0,1024,5.2,mesuré ici,0.5293690037474149,0.6882962424418588,0.5999827111619427
339cbc4cc198848f,363681,in_vehicle_coupon_recommendation,4734,ep2048_25,25,1638,410,2048,1e-05,0.0,standard,32,32,32,1,1024,4.8,mesuré ici,0.5444830588857271,0.6879661564456601,0.5990793998110859
339cbc4cc198848f,363681,in_vehicle_coupon_recommendation,4734,ep2048_25,25,1638,410,2048,1e-05,0.0,standard,32,32,32,2,1024,4.7,mesuré ici,0.6238823840400554,0.6721929760273471,0.6810345165061168
339cbc4cc198848f,363681,in_vehicle_coupon_recommendation,4734,ep2048_25,25,1638,410,2048,1e-05,0.0,standard,64,64,64,0,1024,4.7,mesuré ici,0.6175498748270125,0.6654175424164662,0.6708084904259357
339cbc4cc198848f,363681,in_vehicle_coupon_recommendation,4734,ep2048_25,25,1638,410,2048,1e-05,0.0,standard,64,64,64,1,1024,4.8,mesuré ici,0.6112892817713921,0.6665772681179868,0.6601759024971338
339cbc4cc198848f,363681,in_vehicle_coupon_recommendation,4734,ep2048_25,25,1638,410,2048,1e-05,0.0,standard,64,64,64,2,1024,4.7,mesuré ici,0.6316590474413397,0.676684629257804,0.6722305483562527
339cbc4cc198848f,363681,in_vehicle_coupon_recommendation,4734,ep2048_25,25,1638,410,2048,1e-05,0.0,standard,128,128,128,0,1024,4.9,mesuré ici,0.6763928410380806,0.637698689191093,0.7105255803043102
339cbc4cc198848f,363681,in_vehicle_coupon_recommendation,4734,ep2048_25,25,1638,410,2048,1e-05,0.0,standard,128,128,128,1,1024,5.3,mesuré ici,0.5774478705042683,0.6810911360938076,0.6505402509173324
339cbc4cc198848f,363681,in_vehicle_coupon_recommendation,4734,ep2048_25,25,1638,410,2048,1e-05,0.0,standard,128,128,128,2,1024,5.0,mesuré ici,0.6390178196576013,0.6674352507529211,0.7007234551358944
339cbc4cc198848f,363681,in_vehicle_coupon_recommendation,4734,ep2048_25,25,1638,410,2048,1e-05,0.0,standard,256,256,256,0,1024,4.9,mesuré ici,0.6850946960862061,0.6314059977590687,0.7065144796322994
339cbc4cc198848f,363681,in_vehicle_coupon_recommendation,4734,ep2048_25,25,1638,410,2048,1e-05,0.0,standard,256,256,256,1,1024,4.9,mesuré ici,0.6588647354262879,0.6447627993070992,0.7016240803101161
339cbc4cc198848f,363681,in_vehicle_coupon_recommendation,4734,ep2048_25,25,1638,410,2048,1e-05,0.0,standard,256,256,256,2,1024,4.9,mesuré ici,0.7100185038329367,0.6166612078197007,0.7493180185385886
339cbc4cc198848f,363681,in_vehicle_coupon_recommendation,4734,ep2048_25,25,1638,410,2048,1e-05,0.0,standard,512,512,512,0,1024,4.9,mesuré ici,0.7310607827587816,0.6001902766923348,0.7508065057152558
339cbc4cc198848f,363681,in_vehicle_coupon_recommendation,4734,ep2048_25,25,1638,410,2048,1e-05,0.0,standard,1024,1024,1024,0,1024,4.9,mesuré ici,0.7599905148419399,0.5761157502488494,0.7876721756257126
339cbc4cc198848f,363681,in_vehicle_coupon_recommendation,4734,ep2048_25,25,1638,410,2048,1e-05,0.0,standard,2048,2048,2048,0,1024,6.8,mesuré ici,0.8024443718803937,0.5332462327482386,0.8215741205767124
339cbc4cc198848f,363681,in_vehicle_coupon_recommendation,4734,ep2048_25,25,1638,410,2048,1e-05,0.0,standard,full,4734,4734,0,1024,12.8,mesuré ici,0.8290611248464493,0.49875716249550206,0.8500570836553166
339cbc4cc198848f,363681,in_vehicle_coupon_recommendation,4734,ep2048_50,50,1638,410,2048,1e-05,0.0,standard,32,32,32,0,1024,5.3,mesuré ici,0.5308228763353081,0.6879935848076941,0.6008158081218338
339cbc4cc198848f,363681,in_vehicle_coupon_recommendation,4734,ep2048_50,50,1638,410,2048,1e-05,0.0,standard,32,32,32,1,1024,4.9,mesuré ici,0.545579294366438,0.6861940668403119,0.601849992151847
339cbc4cc198848f,363681,in_vehicle_coupon_recommendation,4734,ep2048_50,50,1638,410,2048,1e-05,0.0,standard,32,32,32,2,1024,4.8,mesuré ici,0.6248483929654336,0.6721032834064138,0.68155199785193
339cbc4cc198848f,363681,in_vehicle_coupon_recommendation,4734,ep2048_50,50,1638,410,2048,1e-05,0.0,standard,64,64,64,0,1024,4.7,mesuré ici,0.6206869742345789,0.6647127582786428,0.674164127750525
339cbc4cc198848f,363681,in_vehicle_coupon_recommendation,4734,ep2048_50,50,1638,410,2048,1e-05,0.0,standard,64,64,64,1,1024,4.7,mesuré ici,0.6116624683180172,0.6666960725854563,0.6609582421958312
339cbc4cc198848f,363681,in_vehicle_coupon_recommendation,4734,ep2048_50,50,1638,410,2048,1e-05,0.0,standard,64,64,64,2,1024,4.7,mesuré ici,0.6303392887686399,0.6759258071040196,0.6710777354542244
339cbc4cc198848f,363681,in_vehicle_coupon_recommendation,4734,ep2048_50,50,1638,410,2048,1e-05,0.0,standard,128,128,128,0,1024,4.9,mesuré ici,0.6716424872883333,0.6407010995986934,0.7041351641122315
339cbc4cc198848f,363681,in_vehicle_coupon_recommendation,4734,ep2048_50,50,1638,410,2048,1e-05,0.0,standard,128,128,128,1,1024,4.8,mesuré ici,0.5790902800454043,0.6803429018417673,0.6539107009691105
339cbc4cc198848f,363681,in_vehicle_coupon_recommendation,4734,ep2048_50,50,1638,410,2048,1e-05,0.0,standard,128,128,128,2,1024,4.9,mesuré ici,0.6355114210632706,0.6678036510892946,0.6978586991885263
339cbc4cc198848f,363681,in_vehicle_coupon_recommendation,4734,ep2048_50,50,1638,410,2048,1e-05,0.0,standard,256,256,256,0,1024,4.8,mesuré ici,0.6912639361851005,0.6287302528778125,0.7170115058167142
339cbc4cc198848f,363681,in_vehicle_coupon_recommendation,4734,ep2048_50,50,1638,410,2048,1e-05,0.0,standard,256,256,256,1,1024,4.8,mesuré ici,0.6571270855685651,0.6447461111977679,0.7057555694078195
339cbc4cc198848f,363681,in_vehicle_coupon_recommendation,4734,ep2048_50,50,1638,410,2048,1e-05,0.0,standard,256,256,256,2,1024,4.9,mesuré ici,0.7129126432492108,0.6141143568933134,0.7515615102332798
339cbc4cc198848f,363681,in_vehicle_coupon_recommendation,4734,ep2048_50,50,1638,410,2048,1e-05,0.0,standard,512,512,512,0,1024,4.9,mesuré ici,0.727618525602152,0.6049933799134743,0.743169235253587
339cbc4cc198848f,363681,in_vehicle_coupon_recommendation,4734,ep2048_50,50,1638,410,2048,1e-05,0.0,standard,1024,1024,1024,0,1024,5.0,mesuré ici,0.7592966211068091,0.5782991059171445,0.7875989678219177
339cbc4cc198848f,363681,in_vehicle_coupon_recommendation,4734,ep2048_50,50,1638,410,2048,1e-05,0.0,standard,2048,2048,2048,0,1024,6.8,mesuré ici,0.7986075476979054,0.5368607691015552,0.8173169951216026
339cbc4cc198848f,363681,in_vehicle_coupon_recommendation,4734,ep2048_50,50,1638,410,2048,1e-05,0.0,standard,full,4734,4734,0,1024,13.0,mesuré ici,0.8273118129091448,0.5007387421189724,0.8509867583323328
339cbc4cc198848f,363681,in_vehicle_coupon_recommendation,4734,ep2048_200,200,1638,410,2048,1e-05,0.0,standard,32,32,32,0,1024,5.1,mesuré ici,0.5325372020338667,0.686966799451664,0.6027048897776675
339cbc4cc198848f,363681,in_vehicle_coupon_recommendation,4734,ep2048_200,200,1638,410,2048,1e-05,0.0,standard,32,32,32,1,1024,4.9,mesuré ici,0.5408444900561334,0.6885291180367326,0.5968943164876038
339cbc4cc198848f,363681,in_vehicle_coupon_recommendation,4734,ep2048_200,200,1638,410,2048,1e-05,0.0,standard,32,32,32,2,1024,4.8,mesuré ici,0.6273985010340377,0.6715656604332696,0.6815019467766635
339cbc4cc198848f,363681,in_vehicle_coupon_recommendation,4734,ep2048_200,200,1638,410,2048,1e-05,0.0,standard,64,64,64,0,1024,4.8,mesuré ici,0.6219270420301348,0.6641048512956298,0.6734594741956323
339cbc4cc198848f,363681,in_vehicle_coupon_recommendation,4734,ep2048_200,200,1638,410,2048,1e-05,0.0,standard,64,64,64,1,1024,4.8,mesuré ici,0.6115672280014306,0.6657768728495788,0.662607767185072
339cbc4cc198848f,363681,in_vehicle_coupon_recommendation,4734,ep2048_200,200,1638,410,2048,1e-05,0.0,standard,64,64,64,2,1024,4.7,mesuré ici,0.6337698838456873,0.6745289294515309,0.6730565524030687
339cbc4cc198848f,363681,in_vehicle_coupon_recommendation,4734,ep2048_200,200,1638,410,2048,1e-05,0.0,standard,128,128,128,0,1024,4.9,mesuré ici,0.6760799085692961,0.637383216886021,0.7082891627377736
339cbc4cc198848f,363681,in_vehicle_coupon_recommendation,4734,ep2048_200,200,1638,410,2048,1e-05,0.0,standard,128,128,128,1,1024,4.9,mesuré ici,0.5880895181228717,0.6791883769473507,0.6606342290144067
339cbc4cc198848f,363681,in_vehicle_coupon_recommendation,4734,ep2048_200,200,1638,410,2048,1e-05,0.0,standard,128,128,128,2,1024,5.0,mesuré ici,0.6414299264511514,0.664235355493235,0.7022378727865416
339cbc4cc198848f,363681,in_vehicle_coupon_recommendation,4734,ep2048_200,200,1638,410,2048,1e-05,0.0,standard,256,256,256,0,1024,4.8,mesuré ici,0.684812862496307,0.6370208762732468,0.7150280557674313
339cbc4cc198848f,363681,in_vehicle_coupon_recommendation,4734,ep2048_200,200,1638,410,2048,1e-05,0.0,standard,256,256,256,1,1024,4.8,mesuré ici,0.6633099314269719,0.6418086655671433,0.7093770998425963
339cbc4cc198848f,363681,in_vehicle_coupon_recommendation,4734,ep2048_200,200,1638,410,2048,1e-05,0.0,standard,256,256,256,2,1024,4.8,mesuré ici,0.7134141126712381,0.6141142424016475,0.7524078317882219
339cbc4cc198848f,363681,in_vehicle_coupon_recommendation,4734,ep2048_200,200,1638,410,2048,1e-05,0.0,standard,512,512,512,0,1024,4.8,mesuré ici,0.7363164932904169,0.5929805227855509,0.755986741116049
339cbc4cc198848f,363681,in_vehicle_coupon_recommendation,4734,ep2048_200,200,1638,410,2048,1e-05,0.0,standard,1024,1024,1024,0,1024,4.9,mesuré ici,0.7606222108192999,0.5735150053389917,0.7902975053280128
339cbc4cc198848f,363681,in_vehicle_coupon_recommendation,4734,ep2048_200,200,1638,410,2048,1e-05,0.0,standard,2048,2048,2048,0,1024,6.8,mesuré ici,0.8036708339164372,0.5302449740041371,0.8211514631927074
339cbc4cc198848f,363681,in_vehicle_coupon_recommendation,4734,ep2048_200,200,1638,410,2048,1e-05,0.0,standard,full,4734,4734,0,1024,13.1,mesuré ici,0.8330106824648972,0.49329617797284997,0.8560979104643445
339cbc4cc198848f,363691,online_shoppers_intention,4603,ep2048_25,25,1638,410,2048,1e-05,0.0,standard,32,32,32,0,1024,5.0,mesuré ici,0.9017269857046804,0.3332562769905213,0.6204932878263478
339cbc4cc198848f,363691,online_shoppers_intention,4603,ep2048_25,25,1638,410,2048,1e-05,0.0,standard,32,32,32,1,1024,4.6,mesuré ici,0.8542111263776421,0.3194246187077646,0.5386302764979163
339cbc4cc198848f,363691,online_shoppers_intention,4603,ep2048_25,25,1638,410,2048,1e-05,0.0,standard,32,32,32,2,1024,4.6,mesuré ici,0.765610839886573,0.3799754476583904,0.3768364261950532
339cbc4cc198848f,363691,online_shoppers_intention,4603,ep2048_25,25,1638,410,2048,1e-05,0.0,standard,64,64,64,0,1024,4.6,mesuré ici,0.833853451048031,0.36145139190324277,0.49085611047789
339cbc4cc198848f,363691,online_shoppers_intention,4603,ep2048_25,25,1638,410,2048,1e-05,0.0,standard,64,64,64,1,1024,4.5,mesuré ici,0.8896570877305814,0.27734265247857587,0.5809631216341171
339cbc4cc198848f,363691,online_shoppers_intention,4603,ep2048_25,25,1638,410,2048,1e-05,0.0,standard,64,64,64,2,1024,4.6,mesuré ici,0.8639934808664894,0.3512685291832581,0.6113840620837404
339cbc4cc198848f,363691,online_shoppers_intention,4603,ep2048_25,25,1638,410,2048,1e-05,0.0,standard,128,128,128,0,1024,4.6,mesuré ici,0.8912685999941532,0.28113818809301117,0.6083533065681015
339cbc4cc198848f,363691,online_shoppers_intention,4603,ep2048_25,25,1638,410,2048,1e-05,0.0,standard,128,128,128,1,1024,4.6,mesuré ici,0.8957194433887802,0.2814740569835895,0.6178884315048963
339cbc4cc198848f,363691,online_shoppers_intention,4603,ep2048_25,25,1638,410,2048,1e-05,0.0,standard,128,128,128,2,1024,4.8,mesuré ici,0.8983504838191012,0.2709094569105732,0.6558476704343533
339cbc4cc198848f,363691,online_shoppers_intention,4603,ep2048_25,25,1638,410,2048,1e-05,0.0,standard,256,256,256,0,1024,4.5,mesuré ici,0.9101901657555471,0.2546462685689327,0.7039501519019422
339cbc4cc198848f,363691,online_shoppers_intention,4603,ep2048_25,25,1638,410,2048,1e-05,0.0,standard,256,256,256,1,1024,4.6,mesuré ici,0.9094593211915689,0.2679020727082212,0.6833534171622643
339cbc4cc198848f,363691,online_shoppers_intention,4603,ep2048_25,25,1638,410,2048,1e-05,0.0,standard,256,256,256,2,1024,4.6,mesuré ici,0.8999108369631946,0.26684637221101865,0.6647425959867702
339cbc4cc198848f,363691,online_shoppers_intention,4603,ep2048_25,25,1638,410,2048,1e-05,0.0,standard,512,512,512,0,1024,4.6,mesuré ici,0.912967375098664,0.2616096041806483,0.645680054756566
339cbc4cc198848f,363691,online_shoppers_intention,4603,ep2048_25,25,1638,410,2048,1e-05,0.0,standard,1024,1024,1024,0,1024,4.6,mesuré ici,0.9282895313824655,0.24001842387269545,0.7044316133710136
339cbc4cc198848f,363691,online_shoppers_intention,4603,ep2048_25,25,1638,410,2048,1e-05,0.0,standard,2048,2048,2048,0,1024,6.1,mesuré ici,0.9293163679948548,0.2364249808544186,0.7226449036889806
339cbc4cc198848f,363691,online_shoppers_intention,4603,ep2048_25,25,1638,410,2048,1e-05,0.0,standard,full,4603,4603,0,1024,11.5,mesuré ici,0.9320168386587541,0.232321753768898,0.7336134104707639
339cbc4cc198848f,363691,online_shoppers_intention,4603,ep2048_50,50,1638,410,2048,1e-05,0.0,standard,32,32,32,0,1024,4.9,mesuré ici,0.9026697751922121,0.32989470543058685,0.6292340278203459
339cbc4cc198848f,363691,online_shoppers_intention,4603,ep2048_50,50,1638,410,2048,1e-05,0.0,standard,32,32,32,1,1024,4.6,mesuré ici,0.8571454673020141,0.31740609780407103,0.5419520220492025
339cbc4cc198848f,363691,online_shoppers_intention,4603,ep2048_50,50,1638,410,2048,1e-05,0.0,standard,32,32,32,2,1024,4.5,mesuré ici,0.7642478147747537,0.3788187097319947,0.3718394692539867
339cbc4cc198848f,363691,online_shoppers_intention,4603,ep2048_50,50,1638,410,2048,1e-05,0.0,standard,64,64,64,0,1024,4.5,mesuré ici,0.8471986727862719,0.35339362742141817,0.522224786967389
339cbc4cc198848f,363691,online_shoppers_intention,4603,ep2048_50,50,1638,410,2048,1e-05,0.0,standard,64,64,64,1,1024,4.7,mesuré ici,0.8876326482883621,0.2814625584964356,0.579549217049076
339cbc4cc198848f,363691,online_shoppers_intention,4603,ep2048_50,50,1638,410,2048,1e-05,0.0,standard,64,64,64,2,1024,4.6,mesuré ici,0.8628131668956646,0.3472306130871754,0.6092586919646579
339cbc4cc198848f,363691,online_shoppers_intention,4603,ep2048_50,50,1638,410,2048,1e-05,0.0,standard,128,128,128,0,1024,4.6,mesuré ici,0.8917180694009997,0.28299905761365635,0.6065266240242972
339cbc4cc198848f,363691,online_shoppers_intention,4603,ep2048_50,50,1638,410,2048,1e-05,0.0,standard,128,128,128,1,1024,4.6,mesuré ici,0.8965928026427338,0.2796584818679351,0.6286616104600037
339cbc4cc198848f,363691,online_shoppers_intention,4603,ep2048_50,50,1638,410,2048,1e-05,0.0,standard,128,128,128,2,1024,4.6,mesuré ici,0.8992238430730551,0.2696720823260235,0.6587843744195732
339cbc4cc198848f,363691,online_shoppers_intention,4603,ep2048_50,50,1638,410,2048,1e-05,0.0,standard,256,256,256,0,1024,4.5,mesuré ici,0.9088709913175665,0.2548656594118631,0.7164595322546484
339cbc4cc198848f,363691,online_shoppers_intention,4603,ep2048_50,50,1638,410,2048,1e-05,0.0,standard,256,256,256,1,1024,4.6,mesuré ici,0.9136982196626421,0.259199989650227,0.695365262505379
339cbc4cc198848f,363691,online_shoppers_intention,4603,ep2048_50,50,1638,410,2048,1e-05,0.0,standard,256,256,256,2,1024,4.6,mesuré ici,0.8951749641886164,0.2691349100639398,0.6689168577809984
339cbc4cc198848f,363691,online_shoppers_intention,4603,ep2048_50,50,1638,410,2048,1e-05,0.0,standard,512,512,512,0,1024,4.6,mesuré ici,0.9173707135966322,0.25255102004399616,0.6700093407157739
339cbc4cc198848f,363691,online_shoppers_intention,4603,ep2048_50,50,1638,410,2048,1e-05,0.0,standard,1024,1024,1024,0,1024,4.6,mesuré ici,0.9301860730259888,0.23550362929864876,0.7168542751777465
339cbc4cc198848f,363691,online_shoppers_intention,4603,ep2048_50,50,1638,410,2048,1e-05,0.0,standard,2048,2048,2048,0,1024,6.2,mesuré ici,0.9303907095039027,0.2340763888398874,0.7204349146047814
339cbc4cc198848f,363691,online_shoppers_intention,4603,ep2048_50,50,1638,410,2048,1e-05,0.0,standard,full,4603,4603,0,1024,11.5,mesuré ici,0.9306209255415558,0.23401865965793212,0.7309936542202291
339cbc4cc198848f,363691,online_shoppers_intention,4603,ep2048_200,200,1638,410,2048,1e-05,0.0,standard,32,32,32,0,1024,5.0,mesuré ici,0.9018914257315753,0.3247287456310112,0.631558584568207
339cbc4cc198848f,363691,online_shoppers_intention,4603,ep2048_200,200,1638,410,2048,1e-05,0.0,standard,32,32,32,1,1024,4.6,mesuré ici,0.8683529686906188,0.303038391347638,0.5618962490749803
339cbc4cc198848f,363691,online_shoppers_intention,4603,ep2048_200,200,1638,410,2048,1e-05,0.0,standard,32,32,32,2,1024,4.6,mesuré ici,0.7666157511620428,0.3855318404531971,0.3627880935078849
339cbc4cc198848f,363691,online_shoppers_intention,4603,ep2048_200,200,1638,410,2048,1e-05,0.0,standard,64,64,64,0,1024,4.5,mesuré ici,0.8315622533399596,0.362851792889002,0.4641304564980944
339cbc4cc198848f,363691,online_shoppers_intention,4603,ep2048_200,200,1638,410,2048,1e-05,0.0,standard,64,64,64,1,1024,4.5,mesuré ici,0.8846946531411699,0.2808514813783431,0.5624004841606045
339cbc4cc198848f,363691,online_shoppers_intention,4603,ep2048_200,200,1638,410,2048,1e-05,0.0,standard,64,64,64,2,1024,4.5,mesuré ici,0.8569700646066594,0.36166367339512717,0.5806622248962522
339cbc4cc198848f,363691,online_shoppers_intention,4603,ep2048_200,200,1638,410,2048,1e-05,0.0,standard,128,128,128,0,1024,4.6,mesuré ici,0.8946012512058936,0.2739213133113015,0.6125427261162741
339cbc4cc198848f,363691,online_shoppers_intention,4603,ep2048_200,200,1638,410,2048,1e-05,0.0,standard,128,128,128,1,1024,4.6,mesuré ici,0.8968924489139649,0.2801628529373531,0.6202838620225879
339cbc4cc198848f,363691,online_shoppers_intention,4603,ep2048_200,200,1638,410,2048,1e-05,0.0,standard,128,128,128,2,1024,4.6,mesuré ici,0.900232408571345,0.26703292647701693,0.6670793812794413
339cbc4cc198848f,363691,online_shoppers_intention,4603,ep2048_200,200,1638,410,2048,1e-05,0.0,standard,256,256,256,0,1024,4.6,mesuré ici,0.9179078843511562,0.24949997797232193,0.7272079636720914
339cbc4cc198848f,363691,online_shoppers_intention,4603,ep2048_200,200,1638,410,2048,1e-05,0.0,standard,256,256,256,1,1024,4.6,mesuré ici,0.9157153506592217,0.24878972968277577,0.7035026482578597
339cbc4cc198848f,363691,online_shoppers_intention,4603,ep2048_200,200,1638,410,2048,1e-05,0.0,standard,256,256,256,2,1024,4.5,mesuré ici,0.9048915426667057,0.2601202231589228,0.7089879094452871
339cbc4cc198848f,363691,online_shoppers_intention,4603,ep2048_200,200,1638,410,2048,1e-05,0.0,standard,512,512,512,0,1024,4.6,mesuré ici,0.9258850527669775,0.237144369740049,0.7170496248706596
339cbc4cc198848f,363691,online_shoppers_intention,4603,ep2048_200,200,1638,410,2048,1e-05,0.0,standard,1024,1024,1024,0,1024,4.6,mesuré ici,0.9330509837167831,0.2289840803172075,0.7332338380357056
339cbc4cc198848f,363691,online_shoppers_intention,4603,ep2048_200,200,1638,410,2048,1e-05,0.0,standard,2048,2048,2048,0,1024,6.2,mesuré ici,0.9306428508784751,0.2303850458834027,0.7264576782649443
339cbc4cc198848f,363691,online_shoppers_intention,4603,ep2048_200,200,1638,410,2048,1e-05,0.0,standard,full,4603,4603,0,1024,11.6,mesuré ici,0.9327294121086327,0.22663740393914508,0.7416213380726459
339cbc4cc198848f,363632,E-CommereShippingData,4105,ep2048_25,25,1638,410,2048,1e-05,0.0,standard,32,32,32,0,1024,5.0,mesuré ici,0.7091617362082562,0.6184720824821659,0.7939738411017716
339cbc4cc198848f,363632,E-CommereShippingData,4105,ep2048_25,25,1638,410,2048,1e-05,0.0,standard,32,32,32,1,1024,4.6,mesuré ici,0.7446570739033775,0.5765567368207648,0.8514817901908257
339cbc4cc198848f,363632,E-CommereShippingData,4105,ep2048_25,25,1638,410,2048,1e-05,0.0,standard,32,32,32,2,1024,4.6,mesuré ici,0.7263209203346239,0.6265560381386173,0.8346974242313531
339cbc4cc198848f,363632,E-CommereShippingData,4105,ep2048_25,25,1638,410,2048,1e-05,0.0,standard,64,64,64,0,1024,4.6,mesuré ici,0.7387088209302417,0.5323016551888717,0.8509335510633831
339cbc4cc198848f,363632,E-CommereShippingData,4105,ep2048_25,25,1638,410,2048,1e-05,0.0,standard,64,64,64,1,1024,4.7,mesuré ici,0.7013667904399964,0.6151643866368901,0.8204356987915301
339cbc4cc198848f,363632,E-CommereShippingData,4105,ep2048_25,25,1638,410,2048,1e-05,0.0,standard,64,64,64,2,1024,4.6,mesuré ici,0.7275177040773868,0.5804190806081296,0.8423738634542606
339cbc4cc198848f,363632,E-CommereShippingData,4105,ep2048_25,25,1638,410,2048,1e-05,0.0,standard,128,128,128,0,1024,4.6,mesuré ici,0.7322513404374206,0.5243483888667221,0.8479634423529774
339cbc4cc198848f,363632,E-CommereShippingData,4105,ep2048_25,25,1638,410,2048,1e-05,0.0,standard,128,128,128,1,1024,4.9,mesuré ici,0.7410389826545615,0.5048663397620553,0.8559198819246878
339cbc4cc198848f,363632,E-CommereShippingData,4105,ep2048_25,25,1638,410,2048,1e-05,0.0,standard,128,128,128,2,1024,4.7,mesuré ici,0.7340821817922432,0.5201033860617728,0.8495680620517239
339cbc4cc198848f,363632,E-CommereShippingData,4105,ep2048_25,25,1638,410,2048,1e-05,0.0,standard,256,256,256,0,1024,4.6,mesuré ici,0.7332083711456232,0.5007696662511695,0.8529194882912249
339cbc4cc198848f,363632,E-CommereShippingData,4105,ep2048_25,25,1638,410,2048,1e-05,0.0,standard,256,256,256,1,1024,4.6,mesuré ici,0.7468723126855115,0.5105252041586172,0.8571087466434613
339cbc4cc198848f,363632,E-CommereShippingData,4105,ep2048_25,25,1638,410,2048,1e-05,0.0,standard,256,256,256,2,1024,4.6,mesuré ici,0.7519071264112736,0.49650601121678856,0.856771174360662
339cbc4cc198848f,363632,E-CommereShippingData,4105,ep2048_25,25,1638,410,2048,1e-05,0.0,standard,512,512,512,0,1024,4.6,mesuré ici,0.750549846835458,0.4941003527185652,0.8567116139367073
339cbc4cc198848f,363632,E-CommereShippingData,4105,ep2048_25,25,1638,410,2048,1e-05,0.0,standard,1024,1024,1024,0,1024,4.7,mesuré ici,0.7387543938211085,0.4940910564512159,0.8527842863173563
339cbc4cc198848f,363632,E-CommereShippingData,4105,ep2048_25,25,1638,410,2048,1e-05,0.0,standard,2048,2048,2048,0,1024,5.8,mesuré ici,0.7456359003419949,0.49228225484505683,0.8562405754984784
339cbc4cc198848f,363632,E-CommereShippingData,4105,ep2048_25,25,1638,410,2048,1e-05,0.0,standard,full,4105,4105,0,1024,9.5,mesuré ici,0.7430164498321729,0.49068220070787494,0.8577424344321783
339cbc4cc198848f,363632,E-CommereShippingData,4105,ep2048_50,50,1638,410,2048,1e-05,0.0,standard,32,32,32,0,1024,4.9,mesuré ici,0.7101465069369866,0.6207388045608404,0.7954334951659479
339cbc4cc198848f,363632,E-CommereShippingData,4105,ep2048_50,50,1638,410,2048,1e-05,0.0,standard,32,32,32,1,1024,4.7,mesuré ici,0.7407655453093607,0.583102914843463,0.8488939928731278
339cbc4cc198848f,363632,E-CommereShippingData,4105,ep2048_50,50,1638,410,2048,1e-05,0.0,standard,32,32,32,2,1024,4.6,mesuré ici,0.728819503612147,0.6322560096274196,0.8368155870727542
339cbc4cc198848f,363632,E-CommereShippingData,4105,ep2048_50,50,1638,410,2048,1e-05,0.0,standard,64,64,64,0,1024,4.6,mesuré ici,0.7371058440297532,0.5394949070739928,0.8500549988234019
339cbc4cc198848f,363632,E-CommereShippingData,4105,ep2048_50,50,1638,410,2048,1e-05,0.0,standard,64,64,64,1,1024,4.5,mesuré ici,0.6965697483187566,0.6280240819451128,0.8163554961188129
339cbc4cc198848f,363632,E-CommereShippingData,4105,ep2048_50,50,1638,410,2048,1e-05,0.0,standard,64,64,64,2,1024,4.5,mesuré ici,0.7282567774814439,0.5895149711666593,0.8426798018495225
339cbc4cc198848f,363632,E-CommereShippingData,4105,ep2048_50,50,1638,410,2048,1e-05,0.0,standard,128,128,128,0,1024,4.6,mesuré ici,0.7329408780905355,0.5248777313399045,0.8480820364697909
339cbc4cc198848f,363632,E-CommereShippingData,4105,ep2048_50,50,1638,410,2048,1e-05,0.0,standard,128,128,128,1,1024,4.6,mesuré ici,0.7415145258636063,0.5071376122953403,0.855714308230089
339cbc4cc198848f,363632,E-CommereShippingData,4105,ep2048_50,50,1638,410,2048,1e-05,0.0,standard,128,128,128,2,1024,4.6,mesuré ici,0.7363390306051683,0.519861303222414,0.8510467207841185
339cbc4cc198848f,363632,E-CommereShippingData,4105,ep2048_50,50,1638,410,2048,1e-05,0.0,standard,256,256,256,0,1024,4.6,mesuré ici,0.7374367428460468,0.5012142431551314,0.8542122933638941
339cbc4cc198848f,363632,E-CommereShippingData,4105,ep2048_50,50,1638,410,2048,1e-05,0.0,standard,256,256,256,1,1024,4.6,mesuré ici,0.7515266918440378,0.5054153355915242,0.8600995997186535
339cbc4cc198848f,363632,E-CommereShippingData,4105,ep2048_50,50,1638,410,2048,1e-05,0.0,standard,256,256,256,2,1024,4.6,mesuré ici,0.7526422369552555,0.4957353284808956,0.8572086109200807
339cbc4cc198848f,363632,E-CommereShippingData,4105,ep2048_50,50,1638,410,2048,1e-05,0.0,standard,512,512,512,0,1024,4.6,mesuré ici,0.749987120704755,0.49443048953046065,0.8553942203742194
339cbc4cc198848f,363632,E-CommereShippingData,4105,ep2048_50,50,1638,410,2048,1e-05,0.0,standard,1024,1024,1024,0,1024,4.6,mesuré ici,0.7406585480873257,0.4929937222187048,0.8530580851559904
339cbc4cc198848f,363632,E-CommereShippingData,4105,ep2048_50,50,1638,410,2048,1e-05,0.0,standard,2048,2048,2048,0,1024,5.8,mesuré ici,0.7469059969961521,0.4914565752548726,0.8559851638910304
339cbc4cc198848f,363632,E-CommereShippingData,4105,ep2048_50,50,1638,410,2048,1e-05,0.0,standard,full,4105,4105,0,1024,9.7,mesuré ici,0.7425428880531658,0.4904966308171779,0.8567346239410417
339cbc4cc198848f,363632,E-CommereShippingData,4105,ep2048_200,200,1638,410,2048,1e-05,0.0,standard,32,32,32,0,1024,4.9,mesuré ici,0.7121001969541457,0.6229258708955174,0.797835532892343
339cbc4cc198848f,363632,E-CommereShippingData,4105,ep2048_200,200,1638,410,2048,1e-05,0.0,standard,32,32,32,1,1024,4.6,mesuré ici,0.7419583661920481,0.5806159565691782,0.8504556363352176
339cbc4cc198848f,363632,E-CommereShippingData,4105,ep2048_200,200,1638,410,2048,1e-05,0.0,standard,32,32,32,2,1024,4.6,mesuré ici,0.7279635258358663,0.6302109836284839,0.8366462171796906
339cbc4cc198848f,363632,E-CommereShippingData,4105,ep2048_200,200,1638,410,2048,1e-05,0.0,standard,64,64,64,0,1024,4.7,mesuré ici,0.7308326365304368,0.5435199548225504,0.8464442052623622
339cbc4cc198848f,363632,E-CommereShippingData,4105,ep2048_200,200,1638,410,2048,1e-05,0.0,standard,64,64,64,1,1024,4.6,mesuré ici,0.7002770039192687,0.6287817972518834,0.821031293458282
339cbc4cc198848f,363632,E-CommereShippingData,4105,ep2048_200,200,1638,410,2048,1e-05,0.0,standard,64,64,64,2,1024,4.6,mesuré ici,0.7266240791303901,0.5877832436797361,0.8412575530707872
339cbc4cc198848f,363632,E-CommereShippingData,4105,ep2048_200,200,1638,410,2048,1e-05,0.0,standard,128,128,128,0,1024,4.6,mesuré ici,0.7365688764895402,0.5199304644299999,0.8503423823868418
339cbc4cc198848f,363632,E-CommereShippingData,4105,ep2048_200,200,1638,410,2048,1e-05,0.0,standard,128,128,128,1,1024,4.6,mesuré ici,0.7455348474100728,0.5057303356094314,0.8568198634242067
339cbc4cc198848f,363632,E-CommereShippingData,4105,ep2048_200,200,1638,410,2048,1e-05,0.0,standard,128,128,128,2,1024,4.6,mesuré ici,0.7456576960724094,0.5121029701606044,0.8543504369273334
339cbc4cc198848f,363632,E-CommereShippingData,4105,ep2048_200,200,1638,410,2048,1e-05,0.0,standard,256,256,256,0,1024,4.6,mesuré ici,0.7554320904483184,0.49550927822145735,0.8607156566899514
339cbc4cc198848f,363632,E-CommereShippingData,4105,ep2048_200,200,1638,410,2048,1e-05,0.0,standard,256,256,256,1,1024,4.6,mesuré ici,0.7476846990009629,0.5007116668351381,0.8578001074870237
339cbc4cc198848f,363632,E-CommereShippingData,4105,ep2048_200,200,1638,410,2048,1e-05,0.0,standard,256,256,256,2,1024,4.6,mesuré ici,0.756876552945792,0.49400003459037184,0.8609307641319235
339cbc4cc198848f,363632,E-CommereShippingData,4105,ep2048_200,200,1638,410,2048,1e-05,0.0,standard,512,512,512,0,1024,4.6,mesuré ici,0.7449285298185406,0.4931374530516882,0.8565248349448983
339cbc4cc198848f,363632,E-CommereShippingData,4105,ep2048_200,200,1638,410,2048,1e-05,0.0,standard,1024,1024,1024,0,1024,4.6,mesuré ici,0.7424854265820728,0.4920191358554199,0.8558551936677221
339cbc4cc198848f,363632,E-CommereShippingData,4105,ep2048_200,200,1638,410,2048,1e-05,0.0,standard,2048,2048,2048,0,1024,5.8,mesuré ici,0.743034282702512,0.4903617255022984,0.8580311117157513
339cbc4cc198848f,363632,E-CommereShippingData,4105,ep2048_200,200,1638,410,2048,1e-05,0.0,standard,full,4105,4105,0,1024,9.7,mesuré ici,0.7465612281695946,0.48971129314995143,0.8594266603693235
339cbc4cc198848f,363712,jm1,4062,ep2048_25,25,1638,410,2048,1e-05,0.0,standard,32,32,32,0,1024,5.2,mesuré ici,0.6281000073372954,0.6621357915935833,0.2677308194532398
339cbc4cc198848f,363712,jm1,4062,ep2048_25,25,1638,410,2048,1e-05,0.0,standard,32,32,32,1,1024,4.8,mesuré ici,0.6393872135397559,0.5741646396761033,0.2698926528806802
339cbc4cc198848f,363712,jm1,4062,ep2048_25,25,1638,410,2048,1e-05,0.0,standard,32,32,32,2,1024,4.8,mesuré ici,0.48626702863991,0.4995752564493121,0.23972276972892018
339cbc4cc198848f,363712,jm1,4062,ep2048_25,25,1638,410,2048,1e-05,0.0,standard,64,64,64,0,1024,4.8,mesuré ici,0.6453671093501603,0.4832247624142652,0.2798748945271392
339cbc4cc198848f,363712,jm1,4062,ep2048_25,25,1638,410,2048,1e-05,0.0,standard,64,64,64,1,1024,4.9,mesuré ici,0.6344589967471324,0.4711210534276529,0.3021410172091169
339cbc4cc198848f,363712,jm1,4062,ep2048_25,25,1638,410,2048,1e-05,0.0,standard,64,64,64,2,1024,5.0,mesuré ici,0.628965196761807,0.5103318134028489,0.26608284737998117
339cbc4cc198848f,363712,jm1,4062,ep2048_25,25,1638,410,2048,1e-05,0.0,standard,128,128,128,0,1024,4.8,mesuré ici,0.6277453713894392,0.47811634428374333,0.30126365196300187
339cbc4cc198848f,363712,jm1,4062,ep2048_25,25,1638,410,2048,1e-05,0.0,standard,128,128,128,1,1024,4.7,mesuré ici,0.6527930638100129,0.46957410518852954,0.3338091057490982
339cbc4cc198848f,363712,jm1,4062,ep2048_25,25,1638,410,2048,1e-05,0.0,standard,128,128,128,2,1024,4.8,mesuré ici,0.6475224398953212,0.467849413254682,0.3366441000043668
339cbc4cc198848f,363712,jm1,4062,ep2048_25,25,1638,410,2048,1e-05,0.0,standard,256,256,256,0,1024,4.8,mesuré ici,0.667100789982146,0.46345568092180117,0.35882628962887786
339cbc4cc198848f,363712,jm1,4062,ep2048_25,25,1638,410,2048,1e-05,0.0,standard,256,256,256,1,1024,4.7,mesuré ici,0.6947012497859956,0.4556054486603071,0.34839396599886785
339cbc4cc198848f,363712,jm1,4062,ep2048_25,25,1638,410,2048,1e-05,0.0,standard,256,256,256,2,1024,4.7,mesuré ici,0.6534106195123146,0.4711509155168605,0.30508066357861985
339cbc4cc198848f,363712,jm1,4062,ep2048_25,25,1638,410,2048,1e-05,0.0,standard,512,512,512,0,1024,4.7,mesuré ici,0.6721849243035684,0.46250761067048657,0.3316866403400518
339cbc4cc198848f,363712,jm1,4062,ep2048_25,25,1638,410,2048,1e-05,0.0,standard,1024,1024,1024,0,1024,4.8,mesuré ici,0.6912527209137379,0.45807918469901654,0.3521480598270163
339cbc4cc198848f,363712,jm1,4062,ep2048_25,25,1638,410,2048,1e-05,0.0,standard,2048,2048,2048,0,1024,6.2,mesuré ici,0.7117971482378262,0.44281813803499737,0.3886351469615881
339cbc4cc198848f,363712,jm1,4062,ep2048_25,25,1638,410,2048,1e-05,0.0,standard,full,4062,4062,0,1024,10.5,mesuré ici,0.7263127644483577,0.43279275716955484,0.4152553059407316
339cbc4cc198848f,363712,jm1,4062,ep2048_50,50,1638,410,2048,1e-05,0.0,standard,32,32,32,0,1024,5.2,mesuré ici,0.6289927116198303,0.648484980252525,0.26858935979645693
339cbc4cc198848f,363712,jm1,4062,ep2048_50,50,1638,410,2048,1e-05,0.0,standard,32,32,32,1,1024,4.7,mesuré ici,0.639726563455377,0.5781523629198958,0.2708959677125643
339cbc4cc198848f,363712,jm1,4062,ep2048_50,50,1638,410,2048,1e-05,0.0,standard,32,32,32,2,1024,4.7,mesuré ici,0.4806906840805145,0.5005244985962745,0.23850542082839818
339cbc4cc198848f,363712,jm1,4062,ep2048_50,50,1638,410,2048,1e-05,0.0,standard,64,64,64,0,1024,4.7,mesuré ici,0.6443062587130384,0.48394078489527836,0.28236659242727147
339cbc4cc198848f,363712,jm1,4062,ep2048_50,50,1638,410,2048,1e-05,0.0,standard,64,64,64,1,1024,4.7,mesuré ici,0.6339423288575831,0.4709800283198812,0.30321823398798314
339cbc4cc198848f,363712,jm1,4062,ep2048_50,50,1638,410,2048,1e-05,0.0,standard,64,64,64,2,1024,4.8,mesuré ici,0.6303195392178443,0.5080961814840572,0.2705980810695156
339cbc4cc198848f,363712,jm1,4062,ep2048_50,50,1638,410,2048,1e-05,0.0,standard,128,128,128,0,1024,4.8,mesuré ici,0.629298432264534,0.4771537397182981,0.3006909746997445
339cbc4cc198848f,363712,jm1,4062,ep2048_50,50,1638,410,2048,1e-05,0.0,standard,128,128,128,1,1024,4.8,mesuré ici,0.6548811358133392,0.47039589352527883,0.3309487720445138
339cbc4cc198848f,363712,jm1,4062,ep2048_50,50,1638,410,2048,1e-05,0.0,standard,128,128,128,2,1024,4.8,mesuré ici,0.6489715557512168,0.46749592853295097,0.33407055031585475
339cbc4cc198848f,363712,jm1,4062,ep2048_50,50,1638,410,2048,1e-05,0.0,standard,256,256,256,0,1024,4.8,mesuré ici,0.6693784087851885,0.4638828160811129,0.3606437209325187
339cbc4cc198848f,363712,jm1,4062,ep2048_50,50,1638,410,2048,1e-05,0.0,standard,256,256,256,1,1024,4.7,mesuré ici,0.6938207743292489,0.454754939883376,0.34793273086402193
339cbc4cc198848f,363712,jm1,4062,ep2048_50,50,1638,410,2048,1e-05,0.0,standard,256,256,256,2,1024,4.8,mesuré ici,0.6549208794971507,0.4711331645677497,0.3068401436701911
339cbc4cc198848f,363712,jm1,4062,ep2048_50,50,1638,410,2048,1e-05,0.0,standard,512,512,512,0,1024,4.8,mesuré ici,0.6741935089392717,0.46171722367386636,0.333524669884913
339cbc4cc198848f,363712,jm1,4062,ep2048_50,50,1638,410,2048,1e-05,0.0,standard,1024,1024,1024,0,1024,4.9,mesuré ici,0.6891310196394942,0.4602686336984516,0.3523829869293479
339cbc4cc198848f,363712,jm1,4062,ep2048_50,50,1638,410,2048,1e-05,0.0,standard,2048,2048,2048,0,1024,6.3,mesuré ici,0.7139922224667987,0.4418198800693557,0.39164231765343505
339cbc4cc198848f,363712,jm1,4062,ep2048_50,50,1638,410,2048,1e-05,0.0,standard,full,4062,4062,0,1024,10.7,mesuré ici,0.7311828943184875,0.43153645858176837,0.4225858352369184
339cbc4cc198848f,363712,jm1,4062,ep2048_200,200,1638,410,2048,1e-05,0.0,standard,32,32,32,0,1024,5.2,mesuré ici,0.6305580013207132,0.6097026178431721,0.2690116468035145
339cbc4cc198848f,363712,jm1,4062,ep2048_200,200,1638,410,2048,1e-05,0.0,standard,32,32,32,1,1024,4.8,mesuré ici,0.6406895834861935,0.5868435533898988,0.27583924620163003
339cbc4cc198848f,363712,jm1,4062,ep2048_200,200,1638,410,2048,1e-05,0.0,standard,32,32,32,2,1024,4.8,mesuré ici,0.464677036710935,0.5018356739026205,0.2388844783271878
339cbc4cc198848f,363712,jm1,4062,ep2048_200,200,1638,410,2048,1e-05,0.0,standard,64,64,64,0,1024,4.7,mesuré ici,0.6442023136938392,0.4835768215440242,0.290454401754582
339cbc4cc198848f,363712,jm1,4062,ep2048_200,200,1638,410,2048,1e-05,0.0,standard,64,64,64,1,1024,4.8,mesuré ici,0.6432668085210459,0.4694319569096411,0.30588120616264247
339cbc4cc198848f,363712,jm1,4062,ep2048_200,200,1638,410,2048,1e-05,0.0,standard,64,64,64,2,1024,4.8,mesuré ici,0.6352936141071734,0.5065705491848159,0.29214337949576025
339cbc4cc198848f,363712,jm1,4062,ep2048_200,200,1638,410,2048,1e-05,0.0,standard,128,128,128,0,1024,4.8,mesuré ici,0.6394300144300145,0.4754169310594119,0.3085187020609006
339cbc4cc198848f,363712,jm1,4062,ep2048_200,200,1638,410,2048,1e-05,0.0,standard,128,128,128,1,1024,4.8,mesuré ici,0.6539150585760756,0.4684901249845108,0.33800417374445324
339cbc4cc198848f,363712,jm1,4062,ep2048_200,200,1638,410,2048,1e-05,0.0,standard,128,128,128,2,1024,4.8,mesuré ici,0.65535500281263,0.4649988825019199,0.34910370918872724
339cbc4cc198848f,363712,jm1,4062,ep2048_200,200,1638,410,2048,1e-05,0.0,standard,256,256,256,0,1024,4.7,mesuré ici,0.6681952698901852,0.46689654770046934,0.3636266303716505
339cbc4cc198848f,363712,jm1,4062,ep2048_200,200,1638,410,2048,1e-05,0.0,standard,256,256,256,1,1024,4.8,mesuré ici,0.6943863575219508,0.4525399204289938,0.36252515740976393
339cbc4cc198848f,363712,jm1,4062,ep2048_200,200,1638,410,2048,1e-05,0.0,standard,256,256,256,2,1024,4.8,mesuré ici,0.660662313204686,0.4697542640895832,0.3099165610984853
339cbc4cc198848f,363712,jm1,4062,ep2048_200,200,1638,410,2048,1e-05,0.0,standard,512,512,512,0,1024,4.9,mesuré ici,0.6737838432753687,0.46145261596504034,0.3335126337946012
339cbc4cc198848f,363712,jm1,4062,ep2048_200,200,1638,410,2048,1e-05,0.0,standard,1024,1024,1024,0,1024,4.9,mesuré ici,0.6930045002078901,0.4551255641726451,0.36978243788452286
339cbc4cc198848f,363712,jm1,4062,ep2048_200,200,1638,410,2048,1e-05,0.0,standard,2048,2048,2048,0,1024,6.3,mesuré ici,0.7102410301562845,0.44197831370769514,0.3896387187599509
339cbc4cc198848f,363712,jm1,4062,ep2048_200,200,1638,410,2048,1e-05,0.0,standard,full,4062,4062,0,1024,10.7,mesuré ici,0.7271565534277399,0.4338510824434177,0.4117633550023139
339cbc4cc198848f,363676,heloc,3903,ep2048_25,25,1638,410,2048,1e-05,0.0,standard,32,32,32,0,1024,5.2,mesuré ici,0.7133627608346709,0.6485892658993325,0.7022710866353046
339cbc4cc198848f,363676,heloc,3903,ep2048_25,25,1638,410,2048,1e-05,0.0,standard,32,32,32,1,1024,4.8,mesuré ici,0.72328976534434,0.6227447644988232,0.6930445334651854
339cbc4cc198848f,363676,heloc,3903,ep2048_25,25,1638,410,2048,1e-05,0.0,standard,32,32,32,2,1024,4.7,mesuré ici,0.7616697240694031,0.6421626351465917,0.7543238268587996
339cbc4cc198848f,363676,heloc,3903,ep2048_25,25,1638,410,2048,1e-05,0.0,standard,64,64,64,0,1024,4.8,mesuré ici,0.7671959795154017,0.5760552514221449,0.7490512341169022
339cbc4cc198848f,363676,heloc,3903,ep2048_25,25,1638,410,2048,1e-05,0.0,standard,64,64,64,1,1024,4.7,mesuré ici,0.7563364671711381,0.6361108970297873,0.6551470795235033
339cbc4cc198848f,363676,heloc,3903,ep2048_25,25,1638,410,2048,1e-05,0.0,standard,64,64,64,2,1024,4.8,mesuré ici,0.700594282656883,0.6506464279070675,0.6772069129142957
339cbc4cc198848f,363676,heloc,3903,ep2048_25,25,1638,410,2048,1e-05,0.0,standard,128,128,128,0,1024,4.8,mesuré ici,0.7721680807154322,0.5780354740441569,0.7540322560934271
339cbc4cc198848f,363676,heloc,3903,ep2048_25,25,1638,410,2048,1e-05,0.0,standard,128,128,128,1,1024,5.3,mesuré ici,0.7928858060077963,0.5547546533452431,0.7672361326392878
339cbc4cc198848f,363676,heloc,3903,ep2048_25,25,1638,410,2048,1e-05,0.0,standard,128,128,128,2,1024,4.7,mesuré ici,0.790155163188871,0.563392518037583,0.7674817870558484
339cbc4cc198848f,363676,heloc,3903,ep2048_25,25,1638,410,2048,1e-05,0.0,standard,256,256,256,0,1024,4.8,mesuré ici,0.7795918367346939,0.5696826653263594,0.7494323286629627
339cbc4cc198848f,363676,heloc,3903,ep2048_25,25,1638,410,2048,1e-05,0.0,standard,256,256,256,1,1024,4.8,mesuré ici,0.7904494382022472,0.5558983869829096,0.767735445557127
339cbc4cc198848f,363676,heloc,3903,ep2048_25,25,1638,410,2048,1e-05,0.0,standard,256,256,256,2,1024,4.8,mesuré ici,0.7923756019261636,0.5582350932068973,0.7633238360553365
339cbc4cc198848f,363676,heloc,3903,ep2048_25,25,1638,410,2048,1e-05,0.0,standard,512,512,512,0,1024,4.8,mesuré ici,0.7929794389665978,0.5513069596761664,0.7698347743598778
339cbc4cc198848f,363676,heloc,3903,ep2048_25,25,1638,410,2048,1e-05,0.0,standard,1024,1024,1024,0,1024,5.0,mesuré ici,0.806124359856302,0.5426539019416232,0.7748194206483237
339cbc4cc198848f,363676,heloc,3903,ep2048_25,25,1638,410,2048,1e-05,0.0,standard,2048,2048,2048,0,1024,6.3,mesuré ici,0.8071829855537721,0.5387326558628623,0.7766824593846555
339cbc4cc198848f,363676,heloc,3903,ep2048_25,25,1638,410,2048,1e-05,0.0,standard,full,3903,3903,0,1024,10.3,mesuré ici,0.8120671864251319,0.5334426160874312,0.7821180039339655
339cbc4cc198848f,363676,heloc,3903,ep2048_50,50,1638,410,2048,1e-05,0.0,standard,32,32,32,0,1024,5.2,mesuré ici,0.7194718336772912,0.6432878080438911,0.7088884693884665
339cbc4cc198848f,363676,heloc,3903,ep2048_50,50,1638,410,2048,1e-05,0.0,standard,32,32,32,1,1024,4.8,mesuré ici,0.7263395245738744,0.6225872422386787,0.6957871138188277
339cbc4cc198848f,363676,heloc,3903,ep2048_50,50,1638,410,2048,1e-05,0.0,standard,32,32,32,2,1024,4.8,mesuré ici,0.7638232821218375,0.6381040604326309,0.7560660043753338
339cbc4cc198848f,363676,heloc,3903,ep2048_50,50,1638,410,2048,1e-05,0.0,standard,64,64,64,0,1024,4.7,mesuré ici,0.7683291294045709,0.5745618833023893,0.750414533367135
339cbc4cc198848f,363676,heloc,3903,ep2048_50,50,1638,410,2048,1e-05,0.0,standard,64,64,64,1,1024,4.8,mesuré ici,0.7572632423756019,0.6331663193415601,0.6563539532985809
339cbc4cc198848f,363676,heloc,3903,ep2048_50,50,1638,410,2048,1e-05,0.0,standard,64,64,64,2,1024,4.8,mesuré ici,0.7081250477719178,0.6481784627272167,0.682713770386578
339cbc4cc198848f,363676,heloc,3903,ep2048_50,50,1638,410,2048,1e-05,0.0,standard,128,128,128,0,1024,4.8,mesuré ici,0.7737120690973018,0.5774886752721144,0.7536485051230801
339cbc4cc198848f,363676,heloc,3903,ep2048_50,50,1638,410,2048,1e-05,0.0,standard,128,128,128,1,1024,4.8,mesuré ici,0.7952075212107315,0.5527951150446047,0.7688979195444703
339cbc4cc198848f,363676,heloc,3903,ep2048_50,50,1638,410,2048,1e-05,0.0,standard,128,128,128,2,1024,4.8,mesuré ici,0.7946457234579225,0.56261937949955,0.7716626255873371
339cbc4cc198848f,363676,heloc,3903,ep2048_50,50,1638,410,2048,1e-05,0.0,standard,256,256,256,0,1024,4.8,mesuré ici,0.7846709470304976,0.5664256692983928,0.7540052930132306
339cbc4cc198848f,363676,heloc,3903,ep2048_50,50,1638,410,2048,1e-05,0.0,standard,256,256,256,1,1024,4.8,mesuré ici,0.796002445922189,0.5503627675934566,0.7729939140493777
339cbc4cc198848f,363676,heloc,3903,ep2048_50,50,1638,410,2048,1e-05,0.0,standard,256,256,256,2,1024,4.8,mesuré ici,0.79389283803409,0.5571597346146233,0.7661862815322372
339cbc4cc198848f,363676,heloc,3903,ep2048_50,50,1638,410,2048,1e-05,0.0,standard,512,512,512,0,1024,4.9,mesuré ici,0.7972655354276542,0.5484591832044013,0.772730653310692
339cbc4cc198848f,363676,heloc,3903,ep2048_50,50,1638,410,2048,1e-05,0.0,standard,1024,1024,1024,0,1024,4.9,mesuré ici,0.8068237407322479,0.5418185161793803,0.7756588897371413
339cbc4cc198848f,363676,heloc,3903,ep2048_50,50,1638,410,2048,1e-05,0.0,standard,2048,2048,2048,0,1024,6.4,mesuré ici,0.8152105786134678,0.5315126098866425,0.7840812831611544
339cbc4cc198848f,363676,heloc,3903,ep2048_50,50,1638,410,2048,1e-05,0.0,standard,full,3903,3903,0,1024,10.5,mesuré ici,0.8158354352977146,0.5292905071254479,0.7796886594633314
339cbc4cc198848f,363676,heloc,3903,ep2048_200,200,1638,410,2048,1e-05,0.0,standard,32,32,32,0,1024,5.1,mesuré ici,0.7184476037606055,0.6404362717467231,0.7043775329349949
339cbc4cc198848f,363676,heloc,3903,ep2048_200,200,1638,410,2048,1e-05,0.0,standard,32,32,32,1,1024,4.8,mesuré ici,0.7299950317205534,0.6210646754032483,0.6976487713738211
339cbc4cc198848f,363676,heloc,3903,ep2048_200,200,1638,410,2048,1e-05,0.0,standard,32,32,32,2,1024,4.8,mesuré ici,0.7665080638997173,0.62818441813201,0.7548434930144338
339cbc4cc198848f,363676,heloc,3903,ep2048_200,200,1638,410,2048,1e-05,0.0,standard,64,64,64,0,1024,4.8,mesuré ici,0.7719082014828403,0.571054445664533,0.7566042791433543
339cbc4cc198848f,363676,heloc,3903,ep2048_200,200,1638,410,2048,1e-05,0.0,standard,64,64,64,1,1024,4.7,mesuré ici,0.7591664755789956,0.6242266066904846,0.658762310517453
339cbc4cc198848f,363676,heloc,3903,ep2048_200,200,1638,410,2048,1e-05,0.0,standard,64,64,64,2,1024,4.8,mesuré ici,0.7126882213559582,0.6445895163071271,0.6808534348235091
339cbc4cc198848f,363676,heloc,3903,ep2048_200,200,1638,410,2048,1e-05,0.0,standard,128,128,128,0,1024,4.8,mesuré ici,0.7740770465489567,0.5740198907720876,0.7550474561141005
339cbc4cc198848f,363676,heloc,3903,ep2048_200,200,1638,410,2048,1e-05,0.0,standard,128,128,128,1,1024,4.8,mesuré ici,0.7943457158144156,0.5537185847809779,0.7693486346325837
339cbc4cc198848f,363676,heloc,3903,ep2048_200,200,1638,410,2048,1e-05,0.0,standard,128,128,128,2,1024,4.8,mesuré ici,0.7995165481923105,0.556987173925117,0.7741386710881363
339cbc4cc198848f,363676,heloc,3903,ep2048_200,200,1638,410,2048,1e-05,0.0,standard,256,256,256,0,1024,4.9,mesuré ici,0.7883283650538867,0.561300060490329,0.7597709244484097
339cbc4cc198848f,363676,heloc,3903,ep2048_200,200,1638,410,2048,1e-05,0.0,standard,256,256,256,1,1024,4.8,mesuré ici,0.7997764274249025,0.547831603771794,0.7722361809903453
339cbc4cc198848f,363676,heloc,3903,ep2048_200,200,1638,410,2048,1e-05,0.0,standard,256,256,256,2,1024,4.7,mesuré ici,0.7961209202782238,0.5505286856683118,0.7665009474636949
339cbc4cc198848f,363676,heloc,3903,ep2048_200,200,1638,410,2048,1e-05,0.0,standard,512,512,512,0,1024,4.8,mesuré ici,0.7972445157838417,0.5462222523222809,0.7729068502401242
339cbc4cc198848f,363676,heloc,3903,ep2048_200,200,1638,410,2048,1e-05,0.0,standard,1024,1024,1024,0,1024,4.8,mesuré ici,0.8088282504012841,0.5371429389720999,0.7752071025535974
339cbc4cc198848f,363676,heloc,3903,ep2048_200,200,1638,410,2048,1e-05,0.0,standard,2048,2048,2048,0,1024,6.5,mesuré ici,0.8158927615990217,0.5305255401845592,0.7820041593822327
339cbc4cc198848f,363676,heloc,3903,ep2048_200,200,1638,410,2048,1e-05,0.0,standard,full,3903,3903,0,1024,10.5,mesuré ici,0.81596155316059,0.5296264508918229,0.7792805150106887
339cbc4cc198848f,363619,Bank_Customer_Churn,3732,ep2048_25,25,1638,410,2048,1e-05,0.0,standard,32,32,32,0,1024,4.9,mesuré ici,0.6997534270701853,0.4876083782838528,0.3356555335228955
339cbc4cc198848f,363619,Bank_Customer_Churn,3732,ep2048_25,25,1638,410,2048,1e-05,0.0,standard,32,32,32,1,1024,4.6,mesuré ici,0.8215311004784689,0.429373822124179,0.561798584908007
339cbc4cc198848f,363619,Bank_Customer_Churn,3732,ep2048_25,25,1638,410,2048,1e-05,0.0,standard,32,32,32,2,1024,4.6,mesuré ici,0.7165937710981302,0.4687456865423667,0.4051395825640437
339cbc4cc198848f,363619,Bank_Customer_Churn,3732,ep2048_25,25,1638,410,2048,1e-05,0.0,standard,64,64,64,0,1024,4.5,mesuré ici,0.7694924707194646,0.44448899580573814,0.5002508158297634
339cbc4cc198848f,363619,Bank_Customer_Churn,3732,ep2048_25,25,1638,410,2048,1e-05,0.0,standard,64,64,64,1,1024,4.5,mesuré ici,0.7297678104910912,0.4808818369209318,0.44230872410199124
339cbc4cc198848f,363619,Bank_Customer_Churn,3732,ep2048_25,25,1638,410,2048,1e-05,0.0,standard,64,64,64,2,1024,4.5,mesuré ici,0.7937153256817449,0.4061058292860609,0.5811816435693025
339cbc4cc198848f,363619,Bank_Customer_Churn,3732,ep2048_25,25,1638,410,2048,1e-05,0.0,standard,128,128,128,0,1024,4.6,mesuré ici,0.8361757712742537,0.38536477568338867,0.6255809625425852
339cbc4cc198848f,363619,Bank_Customer_Churn,3732,ep2048_25,25,1638,410,2048,1e-05,0.0,standard,128,128,128,1,1024,4.8,mesuré ici,0.825708163325212,0.3903464170041372,0.6027806645838301
339cbc4cc198848f,363619,Bank_Customer_Churn,3732,ep2048_25,25,1638,410,2048,1e-05,0.0,standard,128,128,128,2,1024,4.8,mesuré ici,0.7845216778700794,0.43217567702703685,0.5081992840619592
339cbc4cc198848f,363619,Bank_Customer_Churn,3732,ep2048_25,25,1638,410,2048,1e-05,0.0,standard,256,256,256,0,1024,4.6,mesuré ici,0.8398127219890217,0.3805469074310379,0.6346316834369253
339cbc4cc198848f,363619,Bank_Customer_Churn,3732,ep2048_25,25,1638,410,2048,1e-05,0.0,standard,256,256,256,1,1024,4.7,mesuré ici,0.8452842927172924,0.3650333088308839,0.6808346742711888
339cbc4cc198848f,363619,Bank_Customer_Churn,3732,ep2048_25,25,1638,410,2048,1e-05,0.0,standard,256,256,256,2,1024,4.6,mesuré ici,0.8298822907799337,0.36812861377122685,0.6731826421331689
339cbc4cc198848f,363619,Bank_Customer_Churn,3732,ep2048_25,25,1638,410,2048,1e-05,0.0,standard,512,512,512,0,1024,4.6,mesuré ici,0.855091437461473,0.3420505951786986,0.7005099910436461
339cbc4cc198848f,363619,Bank_Customer_Churn,3732,ep2048_25,25,1638,410,2048,1e-05,0.0,standard,1024,1024,1024,0,1024,4.7,mesuré ici,0.8574984589191887,0.3388340007359864,0.7166904697584422
339cbc4cc198848f,363619,Bank_Customer_Churn,3732,ep2048_25,25,1638,410,2048,1e-05,0.0,standard,2048,2048,2048,0,1024,5.8,mesuré ici,0.859054216690639,0.33606541758063224,0.7133640913965261
339cbc4cc198848f,363619,Bank_Customer_Churn,3732,ep2048_25,25,1638,410,2048,1e-05,0.0,standard,full,3732,3732,0,1024,8.7,mesuré ici,0.8601285701705463,0.3330879162887507,0.7187726359994181
339cbc4cc198848f,363619,Bank_Customer_Churn,3732,ep2048_50,50,1638,410,2048,1e-05,0.0,standard,32,32,32,0,1024,4.9,mesuré ici,0.7011007720081017,0.49210409773800556,0.3357731349068981
339cbc4cc198848f,363619,Bank_Customer_Churn,3732,ep2048_50,50,1638,410,2048,1e-05,0.0,standard,32,32,32,1,1024,4.5,mesuré ici,0.8218217042886078,0.4272951769999105,0.5613990727661999
339cbc4cc198848f,363619,Bank_Customer_Churn,3732,ep2048_50,50,1638,410,2048,1e-05,0.0,standard,32,32,32,2,1024,4.6,mesuré ici,0.7159626618134852,0.4694764053868101,0.4023051394652104
339cbc4cc198848f,363619,Bank_Customer_Churn,3732,ep2048_50,50,1638,410,2048,1e-05,0.0,standard,64,64,64,0,1024,4.5,mesuré ici,0.7713270907329675,0.4416903275007384,0.5077389079518227
339cbc4cc198848f,363619,Bank_Customer_Churn,3732,ep2048_50,50,1638,410,2048,1e-05,0.0,standard,64,64,64,1,1024,4.5,mesuré ici,0.7342472187160595,0.4801000565024266,0.4509829742587218
339cbc4cc198848f,363619,Bank_Customer_Churn,3732,ep2048_50,50,1638,410,2048,1e-05,0.0,standard,64,64,64,2,1024,4.4,mesuré ici,0.794085185076467,0.4045962931963649,0.5792328679928704
339cbc4cc198848f,363619,Bank_Customer_Churn,3732,ep2048_50,50,1638,410,2048,1e-05,0.0,standard,128,128,128,0,1024,4.7,mesuré ici,0.8356209821821705,0.38318070139945704,0.625925437896842
339cbc4cc198848f,363619,Bank_Customer_Churn,3732,ep2048_50,50,1638,410,2048,1e-05,0.0,standard,128,128,128,1,1024,4.6,mesuré ici,0.8256318431326504,0.38787837280799664,0.6047357171453065
339cbc4cc198848f,363619,Bank_Customer_Churn,3732,ep2048_50,50,1638,410,2048,1e-05,0.0,standard,128,128,128,2,1024,4.6,mesuré ici,0.7865940646373324,0.42972954257552143,0.5108103078593269
339cbc4cc198848f,363619,Bank_Customer_Churn,3732,ep2048_50,50,1638,410,2048,1e-05,0.0,standard,256,256,256,0,1024,4.6,mesuré ici,0.8404819913699475,0.3797135722556812,0.635495982463111
339cbc4cc198848f,363619,Bank_Customer_Churn,3732,ep2048_50,50,1638,410,2048,1e-05,0.0,standard,256,256,256,1,1024,4.6,mesuré ici,0.8455983796636041,0.36253392285203956,0.6818320257073659
339cbc4cc198848f,363619,Bank_Customer_Churn,3732,ep2048_50,50,1638,410,2048,1e-05,0.0,standard,256,256,256,2,1024,4.7,mesuré ici,0.8333343117973405,0.36337663540521853,0.6803175135028606
339cbc4cc198848f,363619,Bank_Customer_Churn,3732,ep2048_50,50,1638,410,2048,1e-05,0.0,standard,512,512,512,0,1024,4.6,mesuré ici,0.8556814512578154,0.340140623833098,0.7009577906458235
339cbc4cc198848f,363619,Bank_Customer_Churn,3732,ep2048_50,50,1638,410,2048,1e-05,0.0,standard,1024,1024,1024,0,1024,4.7,mesuré ici,0.856101212316905,0.3389871027632982,0.716584005013465
339cbc4cc198848f,363619,Bank_Customer_Churn,3732,ep2048_50,50,1638,410,2048,1e-05,0.0,standard,2048,2048,2048,0,1024,5.8,mesuré ici,0.8588898347374292,0.33525965362810617,0.7142645922768198
339cbc4cc198848f,363619,Bank_Customer_Churn,3732,ep2048_50,50,1638,410,2048,1e-05,0.0,standard,full,3732,3732,0,1024,8.7,mesuré ici,0.8604455925088795,0.33205372320402843,0.7197457450988487
339cbc4cc198848f,363619,Bank_Customer_Churn,3732,ep2048_200,200,1638,410,2048,1e-05,0.0,standard,32,32,32,0,1024,4.8,mesuré ici,0.7019226817741508,0.4926939004464674,0.33998459474066356
339cbc4cc198848f,363619,Bank_Customer_Churn,3732,ep2048_200,200,1638,410,2048,1e-05,0.0,standard,32,32,32,1,1024,4.6,mesuré ici,0.8215663251827281,0.4303840817644022,0.5640063921824905
339cbc4cc198848f,363619,Bank_Customer_Churn,3732,ep2048_200,200,1638,410,2048,1e-05,0.0,standard,32,32,32,2,1024,4.6,mesuré ici,0.7121613291455074,0.47164262915052746,0.3928036906198245
339cbc4cc198848f,363619,Bank_Customer_Churn,3732,ep2048_200,200,1638,410,2048,1e-05,0.0,standard,64,64,64,0,1024,4.5,mesuré ici,0.7747321454780286,0.4410780338211998,0.5101378456797504
339cbc4cc198848f,363619,Bank_Customer_Churn,3732,ep2048_200,200,1638,410,2048,1e-05,0.0,standard,64,64,64,1,1024,4.6,mesuré ici,0.7455367364311504,0.4794859685403747,0.47518166771610637
339cbc4cc198848f,363619,Bank_Customer_Churn,3732,ep2048_200,200,1638,410,2048,1e-05,0.0,standard,64,64,64,2,1024,4.6,mesuré ici,0.7987818123110342,0.4010046725490237,0.582907498626057
339cbc4cc198848f,363619,Bank_Customer_Churn,3732,ep2048_200,200,1638,410,2048,1e-05,0.0,standard,128,128,128,0,1024,4.6,mesuré ici,0.8345495640942847,0.38696399619554056,0.627554062255457
339cbc4cc198848f,363619,Bank_Customer_Churn,3732,ep2048_200,200,1638,410,2048,1e-05,0.0,standard,128,128,128,1,1024,4.6,mesuré ici,0.8241083746734377,0.3857842484419708,0.6140653399423791
339cbc4cc198848f,363619,Bank_Customer_Churn,3732,ep2048_200,200,1638,410,2048,1e-05,0.0,standard,128,128,128,2,1024,4.5,mesuré ici,0.7835647400710365,0.43109869654435135,0.5056749426251229
339cbc4cc198848f,363619,Bank_Customer_Churn,3732,ep2048_200,200,1638,410,2048,1e-05,0.0,standard,256,256,256,0,1024,4.7,mesuré ici,0.842704083130302,0.3790971478109409,0.6474820104969072
339cbc4cc198848f,363619,Bank_Customer_Churn,3732,ep2048_200,200,1638,410,2048,1e-05,0.0,standard,256,256,256,1,1024,4.6,mesuré ici,0.8450964276279096,0.36112486112429765,0.676613800546879
339cbc4cc198848f,363619,Bank_Customer_Churn,3732,ep2048_200,200,1638,410,2048,1e-05,0.0,standard,256,256,256,2,1024,4.6,mesuré ici,0.8324096633105351,0.36153639073459914,0.6824855168353577
339cbc4cc198848f,363619,Bank_Customer_Churn,3732,ep2048_200,200,1638,410,2048,1e-05,0.0,standard,512,512,512,0,1024,4.6,mesuré ici,0.8501218187688966,0.34177777782116003,0.7012189418156218
339cbc4cc198848f,363619,Bank_Customer_Churn,3732,ep2048_200,200,1638,410,2048,1e-05,0.0,standard,1024,1024,1024,0,1024,4.7,mesuré ici,0.8547978982593125,0.34053560422380524,0.7101173478109775
339cbc4cc198848f,363619,Bank_Customer_Churn,3732,ep2048_200,200,1638,410,2048,1e-05,0.0,standard,2048,2048,2048,0,1024,5.8,mesuré ici,0.8587401297443273,0.3336745158793729,0.7169093570329216
339cbc4cc198848f,363619,Bank_Customer_Churn,3732,ep2048_200,200,1638,410,2048,1e-05,0.0,standard,full,3732,3732,0,1024,8.8,mesuré ici,0.8587019696480466,0.3327159594365911,0.7193858858691422
339cbc4cc198848f,363624,coil2000_insurance_policies,3666,ep2048_25,25,1638,410,2048,1e-05,0.0,standard,32,32,32,0,1024,5.6,mesuré ici,0.5103161227720749,0.239882019150052,0.09533233748349382
339cbc4cc198848f,363624,coil2000_insurance_policies,3666,ep2048_25,25,1638,410,2048,1e-05,0.0,standard,32,32,32,1,1024,5.2,mesuré ici,0.6614405120610116,0.21902359893164955,0.11400949757389237
339cbc4cc198848f,363624,coil2000_insurance_policies,3666,ep2048_25,25,1638,410,2048,1e-05,0.0,standard,32,32,32,2,1024,5.1,mesuré ici,0.6190524828490204,0.23116194196634704,0.10275225886191311
339cbc4cc198848f,363624,coil2000_insurance_policies,3666,ep2048_25,25,1638,410,2048,1e-05,0.0,standard,64,64,64,0,1024,5.0,mesuré ici,0.6323902422416288,0.22244810304607365,0.12403731405156676
339cbc4cc198848f,363624,coil2000_insurance_policies,3666,ep2048_25,25,1638,410,2048,1e-05,0.0,standard,64,64,64,1,1024,5.2,mesuré ici,0.600752430076775,0.22871641013431948,0.08299589428312211
339cbc4cc198848f,363624,coil2000_insurance_policies,3666,ep2048_25,25,1638,410,2048,1e-05,0.0,standard,64,64,64,2,1024,5.3,mesuré ici,0.6548014231482899,0.2186857141229323,0.10648082353621383
339cbc4cc198848f,363624,coil2000_insurance_policies,3666,ep2048_25,25,1638,410,2048,1e-05,0.0,standard,128,128,128,0,1024,5.7,mesuré ici,0.6681732291507073,0.2167656550496092,0.12362771263088451
339cbc4cc198848f,363624,coil2000_insurance_policies,3666,ep2048_25,25,1638,410,2048,1e-05,0.0,standard,128,128,128,1,1024,5.8,mesuré ici,0.6601637641931805,0.21902572855579544,0.11772325284333235
339cbc4cc198848f,363624,coil2000_insurance_policies,3666,ep2048_25,25,1638,410,2048,1e-05,0.0,standard,128,128,128,2,1024,5.6,mesuré ici,0.6573464072315,0.21575983406484078,0.12995467997895818
339cbc4cc198848f,363624,coil2000_insurance_policies,3666,ep2048_25,25,1638,410,2048,1e-05,0.0,standard,256,256,256,0,1024,5.7,mesuré ici,0.6699521645132186,0.21531739213922213,0.13716900348629218
339cbc4cc198848f,363624,coil2000_insurance_policies,3666,ep2048_25,25,1638,410,2048,1e-05,0.0,standard,256,256,256,1,1024,5.8,mesuré ici,0.6794171220400729,0.21730765872865856,0.12131128527686057
339cbc4cc198848f,363624,coil2000_insurance_policies,3666,ep2048_25,25,1638,410,2048,1e-05,0.0,standard,256,256,256,2,1024,5.8,mesuré ici,0.673833478031425,0.21648615663885845,0.10648329520398267
339cbc4cc198848f,363624,coil2000_insurance_policies,3666,ep2048_25,25,1638,410,2048,1e-05,0.0,standard,512,512,512,0,1024,5.5,mesuré ici,0.6908823178931958,0.21269835300354714,0.14647925367125303
339cbc4cc198848f,363624,coil2000_insurance_policies,3666,ep2048_25,25,1638,410,2048,1e-05,0.0,standard,1024,1024,1024,0,1024,6.6,mesuré ici,0.8007422160938324,0.19955375514420642,0.21403188975727744
339cbc4cc198848f,363624,coil2000_insurance_policies,3666,ep2048_25,25,1638,410,2048,1e-05,0.0,standard,2048,2048,2048,0,1024,11.3,mesuré ici,0.7708663159865856,0.2016232417974936,0.15538844274968572
339cbc4cc198848f,363624,coil2000_insurance_policies,3666,ep2048_25,25,1638,410,2048,1e-05,0.0,standard,full,3666,3666,0,1024,17.4,mesuré ici,0.799899562501064,0.19416860736132702,0.1878523535765081
339cbc4cc198848f,363624,coil2000_insurance_policies,3666,ep2048_50,50,1638,410,2048,1e-05,0.0,standard,32,32,32,0,1024,5.6,mesuré ici,0.5048090836354969,0.23611837913554765,0.09431870913744869
339cbc4cc198848f,363624,coil2000_insurance_policies,3666,ep2048_50,50,1638,410,2048,1e-05,0.0,standard,32,32,32,1,1024,5.2,mesuré ici,0.658665713361592,0.21899932671240124,0.11272391836710408
339cbc4cc198848f,363624,coil2000_insurance_policies,3666,ep2048_50,50,1638,410,2048,1e-05,0.0,standard,32,32,32,2,1024,5.2,mesuré ici,0.617230989224248,0.23075780581904243,0.10355619731640145
339cbc4cc198848f,363624,coil2000_insurance_policies,3666,ep2048_50,50,1638,410,2048,1e-05,0.0,standard,64,64,64,0,1024,5.0,mesuré ici,0.6375057453654053,0.22156909973178612,0.12864942429815895
339cbc4cc198848f,363624,coil2000_insurance_policies,3666,ep2048_50,50,1638,410,2048,1e-05,0.0,standard,64,64,64,1,1024,5.1,mesuré ici,0.5987436800980542,0.22931504691781052,0.08219839272324517
339cbc4cc198848f,363624,coil2000_insurance_policies,3666,ep2048_50,50,1638,410,2048,1e-05,0.0,standard,64,64,64,2,1024,4.9,mesuré ici,0.6613298605791329,0.2180450663737964,0.10876859356241764
339cbc4cc198848f,363624,coil2000_insurance_policies,3666,ep2048_50,50,1638,410,2048,1e-05,0.0,standard,128,128,128,0,1024,5.5,mesuré ici,0.6768891612617673,0.21553337234049383,0.12714255867607807
339cbc4cc198848f,363624,coil2000_insurance_policies,3666,ep2048_50,50,1638,410,2048,1e-05,0.0,standard,128,128,128,1,1024,5.7,mesuré ici,0.696559590078818,0.21351402969651648,0.12927927347673676
339cbc4cc198848f,363624,coil2000_insurance_policies,3666,ep2048_50,50,1638,410,2048,1e-05,0.0,standard,128,128,128,2,1024,5.8,mesuré ici,0.6711523075089798,0.21450420709353885,0.14440043792041676
339cbc4cc198848f,363624,coil2000_insurance_policies,3666,ep2048_50,50,1638,410,2048,1e-05,0.0,standard,256,256,256,0,1024,5.8,mesuré ici,0.6640621010162913,0.21554164479886334,0.12651547265269222
339cbc4cc198848f,363624,coil2000_insurance_policies,3666,ep2048_50,50,1638,410,2048,1e-05,0.0,standard,256,256,256,1,1024,5.7,mesuré ici,0.6977341981172225,0.21339104181426544,0.12455330410845528
339cbc4cc198848f,363624,coil2000_insurance_policies,3666,ep2048_50,50,1638,410,2048,1e-05,0.0,standard,256,256,256,2,1024,5.4,mesuré ici,0.694550840100097,0.21386327137891806,0.11644625968787067
339cbc4cc198848f,363624,coil2000_insurance_policies,3666,ep2048_50,50,1638,410,2048,1e-05,0.0,standard,512,512,512,0,1024,5.6,mesuré ici,0.6966276832984355,0.21296561398777178,0.12490344823585127
339cbc4cc198848f,363624,coil2000_insurance_policies,3666,ep2048_50,50,1638,410,2048,1e-05,0.0,standard,1024,1024,1024,0,1024,6.7,mesuré ici,0.7974652298997328,0.20056628195862308,0.1964862448525214
339cbc4cc198848f,363624,coil2000_insurance_policies,3666,ep2048_50,50,1638,410,2048,1e-05,0.0,standard,2048,2048,2048,0,1024,11.4,mesuré ici,0.7786119197180941,0.20299986084414662,0.16641565124764268
339cbc4cc198848f,363624,coil2000_insurance_policies,3666,ep2048_50,50,1638,410,2048,1e-05,0.0,standard,full,3666,3666,0,1024,17.5,mesuré ici,0.8038745041962446,0.19402937332772727,0.2100311799562773
339cbc4cc198848f,363624,coil2000_insurance_policies,3666,ep2048_200,200,1638,410,2048,1e-05,0.0,standard,32,32,32,0,1024,5.5,mesuré ici,0.4992254396268491,0.23387358714805462,0.08856456734331966
339cbc4cc198848f,363624,coil2000_insurance_policies,3666,ep2048_200,200,1638,410,2048,1e-05,0.0,standard,32,32,32,1,1024,4.9,mesuré ici,0.6624789336601808,0.21879944029725673,0.1126466124062355
339cbc4cc198848f,363624,coil2000_insurance_policies,3666,ep2048_200,200,1638,410,2048,1e-05,0.0,standard,32,32,32,2,1024,5.0,mesuré ici,0.6225252370495208,0.2296280692661425,0.10803577596246997
339cbc4cc198848f,363624,coil2000_insurance_policies,3666,ep2048_200,200,1638,410,2048,1e-05,0.0,standard,64,64,64,0,1024,4.9,mesuré ici,0.6461025143421344,0.21965173481013672,0.127537474465036
339cbc4cc198848f,363624,coil2000_insurance_policies,3666,ep2048_200,200,1638,410,2048,1e-05,0.0,standard,64,64,64,1,1024,5.0,mesuré ici,0.6088044532965631,0.22700878190310547,0.08560324760964008
339cbc4cc198848f,363624,coil2000_insurance_policies,3666,ep2048_200,200,1638,410,2048,1e-05,0.0,standard,64,64,64,2,1024,5.0,mesuré ici,0.67165449500366,0.2166189329884305,0.11530347344584535
339cbc4cc198848f,363624,coil2000_insurance_policies,3666,ep2048_200,200,1638,410,2048,1e-05,0.0,standard,128,128,128,0,1024,5.5,mesuré ici,0.6893331971468941,0.21361640227780376,0.13541689751047356
339cbc4cc198848f,363624,coil2000_insurance_policies,3666,ep2048_200,200,1638,410,2048,1e-05,0.0,standard,128,128,128,1,1024,5.7,mesuré ici,0.7286059615613775,0.2096435289869254,0.1437108314269823
339cbc4cc198848f,363624,coil2000_insurance_policies,3666,ep2048_200,200,1638,410,2048,1e-05,0.0,standard,128,128,128,2,1024,5.5,mesuré ici,0.6680200194065675,0.2150110999789958,0.141780473702471
339cbc4cc198848f,363624,coil2000_insurance_policies,3666,ep2048_200,200,1638,410,2048,1e-05,0.0,standard,256,256,256,0,1024,5.5,mesuré ici,0.660682974992765,0.216086844982498,0.12434225711782934
339cbc4cc198848f,363624,coil2000_insurance_policies,3666,ep2048_200,200,1638,410,2048,1e-05,0.0,standard,256,256,256,1,1024,5.5,mesuré ici,0.7294656384590504,0.2091196427972178,0.1305702391995187
339cbc4cc198848f,363624,coil2000_insurance_policies,3666,ep2048_200,200,1638,410,2048,1e-05,0.0,standard,256,256,256,2,1024,5.6,mesuré ici,0.7356706330967093,0.20877846313346224,0.13344623173828157
339cbc4cc198848f,363624,coil2000_insurance_policies,3666,ep2048_200,200,1638,410,2048,1e-05,0.0,standard,512,512,512,0,1024,5.6,mesuré ici,0.7299337793439218,0.20874479415986347,0.14098825912223917
339cbc4cc198848f,363624,coil2000_insurance_policies,3666,ep2048_200,200,1638,410,2048,1e-05,0.0,standard,1024,1024,1024,0,1024,6.7,mesuré ici,0.7991079788230088,0.19844567670297503,0.20630378978132724
339cbc4cc198848f,363624,coil2000_insurance_policies,3666,ep2048_200,200,1638,410,2048,1e-05,0.0,standard,2048,2048,2048,0,1024,11.2,mesuré ici,0.7719472958480159,0.1999038627836115,0.15981639874394
339cbc4cc198848f,363624,coil2000_insurance_policies,3666,ep2048_200,200,1638,410,2048,1e-05,0.0,standard,full,3666,3666,0,1024,17.5,mesuré ici,0.7921709820744598,0.19379015448630033,0.19880015157222145
339cbc4cc198848f,363689,NATICUSdroid,2796,ep2048_25,25,1638,410,2048,1e-05,0.0,standard,32,32,32,0,999,5.4,mesuré ici,0.9643099273607748,0.2428601925972345,0.945608487089652
339cbc4cc198848f,363689,NATICUSdroid,2796,ep2048_25,25,1638,410,2048,1e-05,0.0,standard,32,32,32,1,999,4.9,mesuré ici,0.9150583314990095,0.34234756937500554,0.8850569945299611
339cbc4cc198848f,363689,NATICUSdroid,2796,ep2048_25,25,1638,410,2048,1e-05,0.0,standard,32,32,32,2,999,4.8,mesuré ici,0.9545124367158266,0.3073676491833142,0.9275371265570427
339cbc4cc198848f,363689,NATICUSdroid,2796,ep2048_25,25,1638,410,2048,1e-05,0.0,standard,64,64,64,0,999,5.0,mesuré ici,0.9550495267444419,0.2876361398754532,0.9481175529822046
339cbc4cc198848f,363689,NATICUSdroid,2796,ep2048_25,25,1638,410,2048,1e-05,0.0,standard,64,64,64,1,999,5.1,mesuré ici,0.9671384547655735,0.22944926528881182,0.9583914915124891
339cbc4cc198848f,363689,NATICUSdroid,2796,ep2048_25,25,1638,410,2048,1e-05,0.0,standard,64,64,64,2,999,5.2,mesuré ici,0.9447787805414924,0.3094729773931392,0.9209366335554494
339cbc4cc198848f,363689,NATICUSdroid,2796,ep2048_25,25,1638,410,2048,1e-05,0.0,standard,128,128,128,0,999,6.5,mesuré ici,0.9478582434514639,0.29037753086663526,0.9238387327317217
339cbc4cc198848f,363689,NATICUSdroid,2796,ep2048_25,25,1638,410,2048,1e-05,0.0,standard,128,128,128,1,999,6.4,mesuré ici,0.9682918776139114,0.23669749416308838,0.9536818977287448
339cbc4cc198848f,363689,NATICUSdroid,2796,ep2048_25,25,1638,410,2048,1e-05,0.0,standard,128,128,128,2,999,6.4,mesuré ici,0.9564296720228924,0.24325153171838468,0.9494926143564191
339cbc4cc198848f,363689,NATICUSdroid,2796,ep2048_25,25,1638,410,2048,1e-05,0.0,standard,256,256,256,0,999,6.5,mesuré ici,0.9790799031476998,0.17331058342817418,0.9702255508275809
339cbc4cc198848f,363689,NATICUSdroid,2796,ep2048_25,25,1638,410,2048,1e-05,0.0,standard,256,256,256,1,999,6.4,mesuré ici,0.9757539071098393,0.18777183667950245,0.9657394170297996
339cbc4cc198848f,363689,NATICUSdroid,2796,ep2048_25,25,1638,410,2048,1e-05,0.0,standard,256,256,256,2,999,6.5,mesuré ici,0.9745256438476777,0.18334518366110347,0.9641911223052622
339cbc4cc198848f,363689,NATICUSdroid,2796,ep2048_25,25,1638,410,2048,1e-05,0.0,standard,512,512,512,0,999,6.6,mesuré ici,0.9772727272727273,0.17610326161546172,0.9671489423675377
339cbc4cc198848f,363689,NATICUSdroid,2796,ep2048_25,25,1638,410,2048,1e-05,0.0,standard,1024,1024,1024,0,999,7.4,mesuré ici,0.9815892581994278,0.15970904610552433,0.9718681652511192
339cbc4cc198848f,363689,NATICUSdroid,2796,ep2048_25,25,1638,410,2048,1e-05,0.0,standard,2048,2048,2048,0,999,12.1,mesuré ici,0.9845850759410081,0.14685377074521597,0.9761037130710261
339cbc4cc198848f,363689,NATICUSdroid,2796,ep2048_25,25,1638,410,2048,1e-05,0.0,standard,full,2796,2796,0,999,15.1,mesuré ici,0.98574290116663,0.140559405711468,0.9778400349090433
339cbc4cc198848f,363689,NATICUSdroid,2796,ep2048_50,50,1638,410,2048,1e-05,0.0,standard,32,32,32,0,999,5.3,mesuré ici,0.9654941668500991,0.239181470263828,0.9476804562095484
339cbc4cc198848f,363689,NATICUSdroid,2796,ep2048_50,50,1638,410,2048,1e-05,0.0,standard,32,32,32,1,999,4.9,mesuré ici,0.9165287255117763,0.34106653232090767,0.8882950695150765
339cbc4cc198848f,363689,NATICUSdroid,2796,ep2048_50,50,1638,410,2048,1e-05,0.0,standard,32,32,32,2,999,5.0,mesuré ici,0.9558001320713185,0.2939237857372026,0.9290907508517192
339cbc4cc198848f,363689,NATICUSdroid,2796,ep2048_50,50,1638,410,2048,1e-05,0.0,standard,64,64,64,0,999,4.9,mesuré ici,0.9542747083425049,0.2928223978016293,0.9480511304613275
339cbc4cc198848f,363689,NATICUSdroid,2796,ep2048_50,50,1638,410,2048,1e-05,0.0,standard,64,64,64,1,999,4.9,mesuré ici,0.9682126348228043,0.22381586049145383,0.9595374056460046
339cbc4cc198848f,363689,NATICUSdroid,2796,ep2048_50,50,1638,410,2048,1e-05,0.0,standard,64,64,64,2,999,4.9,mesuré ici,0.947655734096412,0.3036263659161732,0.9263103695538101
339cbc4cc198848f,363689,NATICUSdroid,2796,ep2048_50,50,1638,410,2048,1e-05,0.0,standard,128,128,128,0,999,6.3,mesuré ici,0.9483931322914374,0.2843914162739385,0.9292902546818674
339cbc4cc198848f,363689,NATICUSdroid,2796,ep2048_50,50,1638,410,2048,1e-05,0.0,standard,128,128,128,1,999,6.2,mesuré ici,0.9689038080563505,0.23855126214391242,0.9564131596940756
339cbc4cc198848f,363689,NATICUSdroid,2796,ep2048_50,50,1638,410,2048,1e-05,0.0,standard,128,128,128,2,999,6.3,mesuré ici,0.9555337882456527,0.2460500458978047,0.9495756481524968
339cbc4cc198848f,363689,NATICUSdroid,2796,ep2048_50,50,1638,410,2048,1e-05,0.0,standard,256,256,256,0,999,6.5,mesuré ici,0.978547215496368,0.1813654583474741,0.9697888475802716
339cbc4cc198848f,363689,NATICUSdroid,2796,ep2048_50,50,1638,410,2048,1e-05,0.0,standard,256,256,256,1,999,6.4,mesuré ici,0.9758573629760071,0.19052198684595378,0.9662853183608063
339cbc4cc198848f,363689,NATICUSdroid,2796,ep2048_50,50,1638,410,2048,1e-05,0.0,standard,256,256,256,2,999,6.4,mesuré ici,0.9754435395113361,0.18202961791264585,0.9664957800512954
339cbc4cc198848f,363689,NATICUSdroid,2796,ep2048_50,50,1638,410,2048,1e-05,0.0,standard,512,512,512,0,999,6.5,mesuré ici,0.9775126568346907,0.17734798447588065,0.9684246753898625
339cbc4cc198848f,363689,NATICUSdroid,2796,ep2048_50,50,1638,410,2048,1e-05,0.0,standard,1024,1024,1024,0,999,7.6,mesuré ici,0.9830838652872552,0.15796141760726956,0.9746615493626924
339cbc4cc198848f,363689,NATICUSdroid,2796,ep2048_50,50,1638,410,2048,1e-05,0.0,standard,2048,2048,2048,0,999,12.4,mesuré ici,0.9853070658155404,0.15010401241008983,0.9777520905406255
339cbc4cc198848f,363689,NATICUSdroid,2796,ep2048_50,50,1638,410,2048,1e-05,0.0,standard,full,2796,2796,0,999,15.3,mesuré ici,0.9861963460268546,0.14300259468577378,0.9792557099214585
339cbc4cc198848f,363689,NATICUSdroid,2796,ep2048_200,200,1638,410,2048,1e-05,0.0,standard,32,32,32,0,999,5.3,mesuré ici,0.964472815320273,0.239661151164118,0.944363245943252
339cbc4cc198848f,363689,NATICUSdroid,2796,ep2048_200,200,1638,410,2048,1e-05,0.0,standard,32,32,32,1,999,4.9,mesuré ici,0.9167246313009025,0.34068682872162726,0.8889852899605432
339cbc4cc198848f,363689,NATICUSdroid,2796,ep2048_200,200,1638,410,2048,1e-05,0.0,standard,32,32,32,2,999,4.9,mesuré ici,0.9544309927360775,0.28609071911153705,0.9262714052950126
339cbc4cc198848f,363689,NATICUSdroid,2796,ep2048_200,200,1638,410,2048,1e-05,0.0,standard,64,64,64,0,999,4.9,mesuré ici,0.9514043583535109,0.2955817907021247,0.9453753706237092
339cbc4cc198848f,363689,NATICUSdroid,2796,ep2048_200,200,1638,410,2048,1e-05,0.0,standard,64,64,64,1,999,4.9,mesuré ici,0.9663130090248735,0.2300811737165327,0.958691997489801
339cbc4cc198848f,363689,NATICUSdroid,2796,ep2048_200,200,1638,410,2048,1e-05,0.0,standard,64,64,64,2,999,4.9,mesuré ici,0.9458859784283514,0.3088798363564722,0.9249970628129917
339cbc4cc198848f,363689,NATICUSdroid,2796,ep2048_200,200,1638,410,2048,1e-05,0.0,standard,128,128,128,0,999,6.6,mesuré ici,0.9468192824125028,0.2959858173748665,0.9306871140252824
339cbc4cc198848f,363689,NATICUSdroid,2796,ep2048_200,200,1638,410,2048,1e-05,0.0,standard,128,128,128,1,999,6.3,mesuré ici,0.9687409200968522,0.237955634592801,0.957320910112469
339cbc4cc198848f,363689,NATICUSdroid,2796,ep2048_200,200,1638,410,2048,1e-05,0.0,standard,128,128,128,2,999,6.4,mesuré ici,0.953515298261061,0.2581739296750083,0.9460799399507499
339cbc4cc198848f,363689,NATICUSdroid,2796,ep2048_200,200,1638,410,2048,1e-05,0.0,standard,256,256,256,0,999,6.4,mesuré ici,0.977444419986793,0.18177364034287213,0.9694975534093971
339cbc4cc198848f,363689,NATICUSdroid,2796,ep2048_200,200,1638,410,2048,1e-05,0.0,standard,256,256,256,1,999,6.4,mesuré ici,0.9782962799911952,0.1831365103258836,0.9697155540341256
339cbc4cc198848f,363689,NATICUSdroid,2796,ep2048_200,200,1638,410,2048,1e-05,0.0,standard,256,256,256,2,999,6.4,mesuré ici,0.9723618754127229,0.1908503016416832,0.9647598158288562
339cbc4cc198848f,363689,NATICUSdroid,2796,ep2048_200,200,1638,410,2048,1e-05,0.0,standard,512,512,512,0,999,6.7,mesuré ici,0.9781289896544133,0.17306421041974865,0.9706902430409167
339cbc4cc198848f,363689,NATICUSdroid,2796,ep2048_200,200,1638,410,2048,1e-05,0.0,standard,1024,1024,1024,0,999,7.6,mesuré ici,0.983682588597843,0.15490027370252848,0.9750971384099001
339cbc4cc198848f,363689,NATICUSdroid,2796,ep2048_200,200,1638,410,2048,1e-05,0.0,standard,2048,2048,2048,0,999,12.3,mesuré ici,0.9857649130530487,0.14637431087333944,0.9787835318722057
339cbc4cc198848f,363689,NATICUSdroid,2796,ep2048_200,200,1638,410,2048,1e-05,0.0,standard,full,2796,2796,0,999,15.0,mesuré ici,0.9862755888179617,0.1424639783118958,0.9800057666317779
339cbc4cc198848f,363618,bank-marketing,16878,lrlo_ep640_250,250,512,128,640,1e-06,0.003,lrlo,32,32,32,0,1024,5.3,mesuré ici,0.6656757005899705,0.3372994193641651,0.2945390550884932
339cbc4cc198848f,363618,bank-marketing,16878,lrlo_ep640_250,250,512,128,640,1e-06,0.003,lrlo,32,32,32,1,1024,4.8,mesuré ici,0.4802037241887906,0.3673039921259078,0.1139075328315896
339cbc4cc198848f,363618,bank-marketing,16878,lrlo_ep640_250,250,512,128,640,1e-06,0.003,lrlo,32,32,32,2,1024,4.6,mesuré ici,0.6586698008849557,0.35147704985518385,0.19347330655397327
339cbc4cc198848f,363618,bank-marketing,16878,lrlo_ep640_250,250,512,128,640,1e-06,0.003,lrlo,64,64,64,0,1024,4.7,mesuré ici,0.6756452802359882,0.34601409856820686,0.20634698149902234
339cbc4cc198848f,363618,bank-marketing,16878,lrlo_ep640_250,250,512,128,640,1e-06,0.003,lrlo,64,64,64,1,1024,4.6,mesuré ici,0.6266178097345133,0.3515306956970974,0.18257447997852916
339cbc4cc198848f,363618,bank-marketing,16878,lrlo_ep640_250,250,512,128,640,1e-06,0.003,lrlo,64,64,64,2,1024,4.7,mesuré ici,0.6550239675516224,0.3441665569645015,0.25371690403105135
339cbc4cc198848f,363618,bank-marketing,16878,lrlo_ep640_250,250,512,128,640,1e-06,0.003,lrlo,128,128,128,0,1024,4.6,mesuré ici,0.7255853613569321,0.3338735805952775,0.28020949498969516
339cbc4cc198848f,363618,bank-marketing,16878,lrlo_ep640_250,250,512,128,640,1e-06,0.003,lrlo,128,128,128,1,1024,5.1,mesuré ici,0.6511246312684364,0.35023540187727187,0.20042482248452956
339cbc4cc198848f,363618,bank-marketing,16878,lrlo_ep640_250,250,512,128,640,1e-06,0.003,lrlo,128,128,128,2,1024,4.7,mesuré ici,0.725626843657817,0.32081482122864213,0.33619786164780685
339cbc4cc198848f,363618,bank-marketing,16878,lrlo_ep640_250,250,512,128,640,1e-06,0.003,lrlo,256,256,256,0,1024,4.8,mesuré ici,0.7076004793510324,0.3400310233805777,0.2280850921865322
339cbc4cc198848f,363618,bank-marketing,16878,lrlo_ep640_250,250,512,128,640,1e-06,0.003,lrlo,256,256,256,1,1024,4.7,mesuré ici,0.7509033923303835,0.31844072094245374,0.35190680928255513
339cbc4cc198848f,363618,bank-marketing,16878,lrlo_ep640_250,250,512,128,640,1e-06,0.003,lrlo,256,256,256,2,1024,4.7,mesuré ici,0.6887444690265487,0.3284400879112418,0.330367334548865
339cbc4cc198848f,363618,bank-marketing,16878,lrlo_ep640_250,250,512,128,640,1e-06,0.003,lrlo,512,512,512,0,1024,4.7,mesuré ici,0.7371865781710915,0.3201333208535679,0.3332139613672236
339cbc4cc198848f,363618,bank-marketing,16878,lrlo_ep640_250,250,512,128,640,1e-06,0.003,lrlo,1024,1024,1024,0,1024,4.8,mesuré ici,0.7634771386430679,0.30877443960183215,0.39700926605095815
339cbc4cc198848f,363618,bank-marketing,16878,lrlo_ep640_250,250,512,128,640,1e-06,0.003,lrlo,2048,2048,2048,0,1024,6.0,mesuré ici,0.7703309365781711,0.30151301818353393,0.4084552944162005
339cbc4cc198848f,363618,bank-marketing,16878,lrlo_ep640_250,250,512,128,640,1e-06,0.003,lrlo,full,16878,16878,0,1024,61.1,mesuré ici,0.7884172197640118,0.2930245956480664,0.43881110579684934
339cbc4cc198848f,363618,bank-marketing,16878,lrlo_ep640_1000,1000,512,128,640,1e-06,0.003,lrlo,32,32,32,0,1024,5.0,mesuré ici,0.6748248525073746,0.3344753805567514,0.3091767607631347
339cbc4cc198848f,363618,bank-marketing,16878,lrlo_ep640_1000,1000,512,128,640,1e-06,0.003,lrlo,32,32,32,1,1024,4.7,mesuré ici,0.4851677728613569,0.36670835473290436,0.11578755518313358
339cbc4cc198848f,363618,bank-marketing,16878,lrlo_ep640_1000,1000,512,128,640,1e-06,0.003,lrlo,32,32,32,2,1024,4.9,mesuré ici,0.6644450589970502,0.3496603996456055,0.204702862011152
339cbc4cc198848f,363618,bank-marketing,16878,lrlo_ep640_1000,1000,512,128,640,1e-06,0.003,lrlo,64,64,64,0,1024,4.7,mesuré ici,0.6944459808259587,0.34290022195773107,0.22064204048989733
339cbc4cc198848f,363618,bank-marketing,16878,lrlo_ep640_1000,1000,512,128,640,1e-06,0.003,lrlo,64,64,64,1,1024,4.7,mesuré ici,0.6377765486725664,0.35045201898741474,0.18605666919931757
339cbc4cc198848f,363618,bank-marketing,16878,lrlo_ep640_1000,1000,512,128,640,1e-06,0.003,lrlo,64,64,64,2,1024,4.6,mesuré ici,0.6604673672566372,0.34319821691871627,0.2557957117912729
339cbc4cc198848f,363618,bank-marketing,16878,lrlo_ep640_1000,1000,512,128,640,1e-06,0.003,lrlo,128,128,128,0,1024,4.7,mesuré ici,0.7306969026548673,0.3297730898496511,0.30765956264549593
339cbc4cc198848f,363618,bank-marketing,16878,lrlo_ep640_1000,1000,512,128,640,1e-06,0.003,lrlo,128,128,128,1,1024,4.7,mesuré ici,0.6615689528023599,0.3483884305161695,0.21305589800292707
339cbc4cc198848f,363618,bank-marketing,16878,lrlo_ep640_1000,1000,512,128,640,1e-06,0.003,lrlo,128,128,128,2,1024,4.7,mesuré ici,0.732282448377581,0.31716038864320556,0.34548526756666686
339cbc4cc198848f,363618,bank-marketing,16878,lrlo_ep640_1000,1000,512,128,640,1e-06,0.003,lrlo,256,256,256,0,1024,4.8,mesuré ici,0.7163440265486727,0.3370658911265628,0.2538102544273716
339cbc4cc198848f,363618,bank-marketing,16878,lrlo_ep640_1000,1000,512,128,640,1e-06,0.003,lrlo,256,256,256,1,1024,4.8,mesuré ici,0.7545031342182891,0.31558497171633626,0.36530611330211393
339cbc4cc198848f,363618,bank-marketing,16878,lrlo_ep640_1000,1000,512,128,640,1e-06,0.003,lrlo,256,256,256,2,1024,4.8,mesuré ici,0.6987232669616519,0.3251655601358372,0.3553971726576465
339cbc4cc198848f,363618,bank-marketing,16878,lrlo_ep640_1000,1000,512,128,640,1e-06,0.003,lrlo,512,512,512,0,1024,4.8,mesuré ici,0.7419570427728615,0.31777991041264925,0.3328133563166427
339cbc4cc198848f,363618,bank-marketing,16878,lrlo_ep640_1000,1000,512,128,640,1e-06,0.003,lrlo,1024,1024,1024,0,1024,4.8,mesuré ici,0.766477691740413,0.3067825412120726,0.4047329461063982
339cbc4cc198848f,363618,bank-marketing,16878,lrlo_ep640_1000,1000,512,128,640,1e-06,0.003,lrlo,2048,2048,2048,0,1024,5.9,mesuré ici,0.7734882005899706,0.2996467069125826,0.4178409898860106
339cbc4cc198848f,363618,bank-marketing,16878,lrlo_ep640_1000,1000,512,128,640,1e-06,0.003,lrlo,full,16878,16878,0,1024,61.0,mesuré ici,0.7889103982300885,0.2924841477903795,0.44407145708780704
339cbc4cc198848f,363613,Amazon_employee_access,12233,lrlo_ep640_250,250,512,128,640,1e-06,0.003,lrlo,32,32,32,0,1024,5.0,mesuré ici,0.6581452533590937,0.21791417486399667,0.9638098118709584
339cbc4cc198848f,363613,Amazon_employee_access,12233,lrlo_ep640_250,250,512,128,640,1e-06,0.003,lrlo,32,32,32,1,1024,4.7,mesuré ici,0.5540792131377887,0.22812701616210612,0.9548323596308212
339cbc4cc198848f,363613,Amazon_employee_access,12233,lrlo_ep640_250,250,512,128,640,1e-06,0.003,lrlo,32,32,32,2,1024,4.7,mesuré ici,0.37367173092122596,0.24046962817536477,0.9231625015235483
339cbc4cc198848f,363613,Amazon_employee_access,12233,lrlo_ep640_250,250,512,128,640,1e-06,0.003,lrlo,64,64,64,0,1024,4.5,mesuré ici,0.6267234565732853,0.21558924303147636,0.956411598008712
339cbc4cc198848f,363613,Amazon_employee_access,12233,lrlo_ep640_250,250,512,128,640,1e-06,0.003,lrlo,64,64,64,1,1024,4.6,mesuré ici,0.47956441556160534,0.2337292646542857,0.9400088064886691
339cbc4cc198848f,363613,Amazon_employee_access,12233,lrlo_ep640_250,250,512,128,640,1e-06,0.003,lrlo,64,64,64,2,1024,4.5,mesuré ici,0.6607359269342231,0.21546307365550027,0.9688494383553112
339cbc4cc198848f,363613,Amazon_employee_access,12233,lrlo_ep640_250,250,512,128,640,1e-06,0.003,lrlo,128,128,128,0,1024,4.5,mesuré ici,0.5511548256784051,0.2240307537330843,0.9565114883193504
339cbc4cc198848f,363613,Amazon_employee_access,12233,lrlo_ep640_250,250,512,128,640,1e-06,0.003,lrlo,128,128,128,1,1024,4.7,mesuré ici,0.565372793536489,0.2235550493161633,0.9575963146959692
339cbc4cc198848f,363613,Amazon_employee_access,12233,lrlo_ep640_250,250,512,128,640,1e-06,0.003,lrlo,128,128,128,2,1024,4.7,mesuré ici,0.5096601387547203,0.22090555143094076,0.9412251387127178
339cbc4cc198848f,363613,Amazon_employee_access,12233,lrlo_ep640_250,250,512,128,640,1e-06,0.003,lrlo,256,256,256,0,1024,4.5,mesuré ici,0.6828312988495653,0.20708831067296266,0.9692657592996706
339cbc4cc198848f,363613,Amazon_employee_access,12233,lrlo_ep640_250,250,512,128,640,1e-06,0.003,lrlo,256,256,256,1,1024,4.5,mesuré ici,0.49171862650390796,0.228401687518542,0.941154193250371
339cbc4cc198848f,363613,Amazon_employee_access,12233,lrlo_ep640_250,250,512,128,640,1e-06,0.003,lrlo,256,256,256,2,1024,4.6,mesuré ici,0.6100114165276191,0.22070905206339445,0.961089250555398
339cbc4cc198848f,363613,Amazon_employee_access,12233,lrlo_ep640_250,250,512,128,640,1e-06,0.003,lrlo,512,512,512,0,1024,4.6,mesuré ici,0.6151049442346536,0.22504457902130193,0.9660014844760856
339cbc4cc198848f,363613,Amazon_employee_access,12233,lrlo_ep640_250,250,512,128,640,1e-06,0.003,lrlo,1024,1024,1024,0,1024,4.6,mesuré ici,0.6346447703521559,0.21632002384305574,0.9625253012796743
339cbc4cc198848f,363613,Amazon_employee_access,12233,lrlo_ep640_250,250,512,128,640,1e-06,0.003,lrlo,2048,2048,2048,0,1024,5.7,mesuré ici,0.7357512953367875,0.1935010497927224,0.9743753947266761
339cbc4cc198848f,363613,Amazon_employee_access,12233,lrlo_ep640_250,250,512,128,640,1e-06,0.003,lrlo,full,12233,12233,0,1024,36.1,mesuré ici,0.8526038464916134,0.16185884210974905,0.9860828721700428
339cbc4cc198848f,363613,Amazon_employee_access,12233,lrlo_ep640_1000,1000,512,128,640,1e-06,0.003,lrlo,32,32,32,0,1024,4.9,mesuré ici,0.6573373144814261,0.21697629123204992,0.9635659488771433
339cbc4cc198848f,363613,Amazon_employee_access,12233,lrlo_ep640_1000,1000,512,128,640,1e-06,0.003,lrlo,32,32,32,1,1024,4.5,mesuré ici,0.5480021076666374,0.22740979710757245,0.9537571265527212
339cbc4cc198848f,363613,Amazon_employee_access,12233,lrlo_ep640_1000,1000,512,128,640,1e-06,0.003,lrlo,32,32,32,2,1024,4.5,mesuré ici,0.37718450865021513,0.23866888566355174,0.9225258472280764
339cbc4cc198848f,363613,Amazon_employee_access,12233,lrlo_ep640_1000,1000,512,128,640,1e-06,0.003,lrlo,64,64,64,0,1024,4.6,mesuré ici,0.6165715289365066,0.2154075923910155,0.9549565017491964
339cbc4cc198848f,363613,Amazon_employee_access,12233,lrlo_ep640_1000,1000,512,128,640,1e-06,0.003,lrlo,64,64,64,1,1024,4.5,mesuré ici,0.47988934750153683,0.23110309314514,0.9402833425487162
339cbc4cc198848f,363613,Amazon_employee_access,12233,lrlo_ep640_1000,1000,512,128,640,1e-06,0.003,lrlo,64,64,64,2,1024,4.6,mesuré ici,0.66175463247563,0.2148928447072158,0.9681380566518007
339cbc4cc198848f,363613,Amazon_employee_access,12233,lrlo_ep640_1000,1000,512,128,640,1e-06,0.003,lrlo,128,128,128,0,1024,4.6,mesuré ici,0.5581101255818037,0.2221065357531703,0.9562124538866241
339cbc4cc198848f,363613,Amazon_employee_access,12233,lrlo_ep640_1000,1000,512,128,640,1e-06,0.003,lrlo,128,128,128,1,1024,4.6,mesuré ici,0.5657943268639677,0.22340931672753855,0.9575686475810437
339cbc4cc198848f,363613,Amazon_employee_access,12233,lrlo_ep640_1000,1000,512,128,640,1e-06,0.003,lrlo,128,128,128,2,1024,4.5,mesuré ici,0.5160973039430929,0.22073810101179692,0.9418112009185444
339cbc4cc198848f,363613,Amazon_employee_access,12233,lrlo_ep640_1000,1000,512,128,640,1e-06,0.003,lrlo,256,256,256,0,1024,4.6,mesuré ici,0.6813383683147449,0.2075318535218373,0.9692066424910917
339cbc4cc198848f,363613,Amazon_employee_access,12233,lrlo_ep640_1000,1000,512,128,640,1e-06,0.003,lrlo,256,256,256,1,1024,4.7,mesuré ici,0.5074734346184245,0.22200705399026616,0.9450957332530078
339cbc4cc198848f,363613,Amazon_employee_access,12233,lrlo_ep640_1000,1000,512,128,640,1e-06,0.003,lrlo,256,256,256,2,1024,4.8,mesuré ici,0.6116360762272768,0.2179572260827793,0.9599447389754946
339cbc4cc198848f,363613,Amazon_employee_access,12233,lrlo_ep640_1000,1000,512,128,640,1e-06,0.003,lrlo,512,512,512,0,1024,4.6,mesuré ici,0.6174585053130763,0.22169664614116263,0.9650973465493261
339cbc4cc198848f,363613,Amazon_employee_access,12233,lrlo_ep640_1000,1000,512,128,640,1e-06,0.003,lrlo,1024,1024,1024,0,1024,4.6,mesuré ici,0.6458944410292439,0.21624942317918638,0.9655509859022353
339cbc4cc198848f,363613,Amazon_employee_access,12233,lrlo_ep640_1000,1000,512,128,640,1e-06,0.003,lrlo,2048,2048,2048,0,1024,5.7,mesuré ici,0.747290770176517,0.1956262958784889,0.9761804064808972
339cbc4cc198848f,363613,Amazon_employee_access,12233,lrlo_ep640_1000,1000,512,128,640,1e-06,0.003,lrlo,full,12233,12233,0,1024,35.9,mesuré ici,0.8507069465179591,0.16359597128494413,0.9856620699219276
339cbc4cc198848f,363627,credit_card_clients_default,11200,lrlo_ep640_250,250,512,128,640,1e-06,0.003,lrlo,32,32,32,0,1024,5.3,mesuré ici,0.6792514882350664,0.5062274907710258,0.4104609531521213
339cbc4cc198848f,363627,credit_card_clients_default,11200,lrlo_ep640_250,250,512,128,640,1e-06,0.003,lrlo,32,32,32,1,1024,4.7,mesuré ici,0.6943659869886524,0.4871303576989114,0.4375220546272136
339cbc4cc198848f,363627,credit_card_clients_default,11200,lrlo_ep640_250,250,512,128,640,1e-06,0.003,lrlo,32,32,32,2,1024,4.8,mesuré ici,0.5112812916277449,0.5330257554917268,0.22705238277037618
339cbc4cc198848f,363627,credit_card_clients_default,11200,lrlo_ep640_250,250,512,128,640,1e-06,0.003,lrlo,64,64,64,0,1024,4.7,mesuré ici,0.6816144241345574,0.49271976969789943,0.4431321285865955
339cbc4cc198848f,363627,credit_card_clients_default,11200,lrlo_ep640_250,250,512,128,640,1e-06,0.003,lrlo,64,64,64,1,1024,4.7,mesuré ici,0.6496885346481022,0.5080704453935023,0.3471493540027343
339cbc4cc198848f,363627,credit_card_clients_default,11200,lrlo_ep640_250,250,512,128,640,1e-06,0.003,lrlo,64,64,64,2,1024,4.8,mesuré ici,0.6764933478518012,0.5027902623172055,0.3897490895269896
339cbc4cc198848f,363627,credit_card_clients_default,11200,lrlo_ep640_250,250,512,128,640,1e-06,0.003,lrlo,128,128,128,0,1024,4.7,mesuré ici,0.6872136149326494,0.4709518141113555,0.4716010686278548
339cbc4cc198848f,363627,credit_card_clients_default,11200,lrlo_ep640_250,250,512,128,640,1e-06,0.003,lrlo,128,128,128,1,1024,5.3,mesuré ici,0.7110309033324307,0.463492298435182,0.49269425552423385
339cbc4cc198848f,363627,credit_card_clients_default,11200,lrlo_ep640_250,250,512,128,640,1e-06,0.003,lrlo,128,128,128,2,1024,4.7,mesuré ici,0.7217235337360919,0.4724246126527041,0.5278084995229377
339cbc4cc198848f,363627,credit_card_clients_default,11200,lrlo_ep640_250,250,512,128,640,1e-06,0.003,lrlo,256,256,256,0,1024,4.8,mesuré ici,0.733236973452208,0.45481186063973417,0.507259406273545
339cbc4cc198848f,363627,credit_card_clients_default,11200,lrlo_ep640_250,250,512,128,640,1e-06,0.003,lrlo,256,256,256,1,1024,4.7,mesuré ici,0.728408845947634,0.4555282168430808,0.5141088377604021
339cbc4cc198848f,363627,credit_card_clients_default,11200,lrlo_ep640_250,250,512,128,640,1e-06,0.003,lrlo,256,256,256,2,1024,4.7,mesuré ici,0.7308933832267479,0.45649200044053184,0.5052958018033932
339cbc4cc198848f,363627,credit_card_clients_default,11200,lrlo_ep640_250,250,512,128,640,1e-06,0.003,lrlo,512,512,512,0,1024,4.8,mesuré ici,0.7213614932649418,0.45691076583032164,0.5253871203974039
339cbc4cc198848f,363627,credit_card_clients_default,11200,lrlo_ep640_250,250,512,128,640,1e-06,0.003,lrlo,1024,1024,1024,0,1024,4.8,mesuré ici,0.7467899999447267,0.4398544398231208,0.5557396458378828
339cbc4cc198848f,363627,credit_card_clients_default,11200,lrlo_ep640_250,250,512,128,640,1e-06,0.003,lrlo,2048,2048,2048,0,1024,6.4,mesuré ici,0.7512837236553375,0.44222750455850485,0.5354629761937602
339cbc4cc198848f,363627,credit_card_clients_default,11200,lrlo_ep640_250,250,512,128,640,1e-06,0.003,lrlo,full,11200,11200,0,1024,35.7,mesuré ici,0.7517811838447039,0.43837326349748085,0.550884108215013
339cbc4cc198848f,363627,credit_card_clients_default,11200,lrlo_ep640_1000,1000,512,128,640,1e-06,0.003,lrlo,32,32,32,0,1024,5.1,mesuré ici,0.6801248072341766,0.5060713043027467,0.40886418691818105
339cbc4cc198848f,363627,credit_card_clients_default,11200,lrlo_ep640_1000,1000,512,128,640,1e-06,0.003,lrlo,32,32,32,1,1024,4.9,mesuré ici,0.6958417855504397,0.4871304112672603,0.4429080092863754
339cbc4cc198848f,363627,credit_card_clients_default,11200,lrlo_ep640_1000,1000,512,128,640,1e-06,0.003,lrlo,32,32,32,2,1024,4.7,mesuré ici,0.5164078952459388,0.5319772586223348,0.2302532537374407
339cbc4cc198848f,363627,credit_card_clients_default,11200,lrlo_ep640_1000,1000,512,128,640,1e-06,0.003,lrlo,64,64,64,0,1024,4.7,mesuré ici,0.6912927884854547,0.4823357589658376,0.45774221796096004
339cbc4cc198848f,363627,credit_card_clients_default,11200,lrlo_ep640_1000,1000,512,128,640,1e-06,0.003,lrlo,64,64,64,1,1024,4.8,mesuré ici,0.6652922025878985,0.5055582183548795,0.37322813880833416
339cbc4cc198848f,363627,credit_card_clients_default,11200,lrlo_ep640_1000,1000,512,128,640,1e-06,0.003,lrlo,64,64,64,2,1024,4.9,mesuré ici,0.683181423731062,0.5028255203521942,0.4103639475490287
339cbc4cc198848f,363627,credit_card_clients_default,11200,lrlo_ep640_1000,1000,512,128,640,1e-06,0.003,lrlo,128,128,128,0,1024,4.8,mesuré ici,0.697569077874629,0.4653112772656512,0.47774032286714485
339cbc4cc198848f,363627,credit_card_clients_default,11200,lrlo_ep640_1000,1000,512,128,640,1e-06,0.003,lrlo,128,128,128,1,1024,4.9,mesuré ici,0.715278660616077,0.46045275302987154,0.49828570446772635
339cbc4cc198848f,363627,credit_card_clients_default,11200,lrlo_ep640_1000,1000,512,128,640,1e-06,0.003,lrlo,128,128,128,2,1024,4.7,mesuré ici,0.7289201244755941,0.4673723754960414,0.53639085706516
339cbc4cc198848f,363627,credit_card_clients_default,11200,lrlo_ep640_1000,1000,512,128,640,1e-06,0.003,lrlo,256,256,256,0,1024,4.8,mesuré ici,0.7371751999513594,0.4525801405177442,0.5089101564867757
339cbc4cc198848f,363627,credit_card_clients_default,11200,lrlo_ep640_1000,1000,512,128,640,1e-06,0.003,lrlo,256,256,256,1,1024,4.8,mesuré ici,0.7328887513196514,0.45210697769424435,0.5224593155806427
339cbc4cc198848f,363627,credit_card_clients_default,11200,lrlo_ep640_1000,1000,512,128,640,1e-06,0.003,lrlo,256,256,256,2,1024,4.8,mesuré ici,0.7352931422349229,0.4534873437178224,0.5104675579708932
339cbc4cc198848f,363627,credit_card_clients_default,11200,lrlo_ep640_1000,1000,512,128,640,1e-06,0.003,lrlo,512,512,512,0,1024,4.8,mesuré ici,0.7322199437317252,0.4511308447454152,0.5334379392534097
339cbc4cc198848f,363627,credit_card_clients_default,11200,lrlo_ep640_1000,1000,512,128,640,1e-06,0.003,lrlo,1024,1024,1024,0,1024,4.9,mesuré ici,0.7468397459636632,0.4402835123801945,0.5564539613770748
339cbc4cc198848f,363627,credit_card_clients_default,11200,lrlo_ep640_1000,1000,512,128,640,1e-06,0.003,lrlo,2048,2048,2048,0,1024,6.5,mesuré ici,0.7491971545277167,0.4436743988359998,0.5374220683676575
339cbc4cc198848f,363627,credit_card_clients_default,11200,lrlo_ep640_1000,1000,512,128,640,1e-06,0.003,lrlo,full,11200,11200,0,1024,35.7,mesuré ici,0.75193871290467,0.43905512313018447,0.5489308556676068
339cbc4cc198848f,363679,HR_Analytics_Job_Change_of_Data_Scientists,7151,lrlo_ep640_250,250,512,128,640,1e-06,0.003,lrlo,32,32,32,0,1024,4.9,mesuré ici,0.7168056299242713,0.4931713297686603,0.4877474472623008
339cbc4cc198848f,363679,HR_Analytics_Job_Change_of_Data_Scientists,7151,lrlo_ep640_250,250,512,128,640,1e-06,0.003,lrlo,32,32,32,1,1024,4.7,mesuré ici,0.6887350518881155,0.5321816874215611,0.40569643698035307
339cbc4cc198848f,363679,HR_Analytics_Job_Change_of_Data_Scientists,7151,lrlo_ep640_250,250,512,128,640,1e-06,0.003,lrlo,32,32,32,2,1024,4.6,mesuré ici,0.7563451388357684,0.4868169609703102,0.5250393103410087
339cbc4cc198848f,363679,HR_Analytics_Job_Change_of_Data_Scientists,7151,lrlo_ep640_250,250,512,128,640,1e-06,0.003,lrlo,64,64,64,0,1024,4.6,mesuré ici,0.8049771794283382,0.4783067200190782,0.5422156635640458
339cbc4cc198848f,363679,HR_Analytics_Job_Change_of_Data_Scientists,7151,lrlo_ep640_250,250,512,128,640,1e-06,0.003,lrlo,64,64,64,1,1024,4.6,mesuré ici,0.7431755016701089,0.5109937635289348,0.4506270532956177
339cbc4cc198848f,363679,HR_Analytics_Job_Change_of_Data_Scientists,7151,lrlo_ep640_250,250,512,128,640,1e-06,0.003,lrlo,64,64,64,2,1024,4.6,mesuré ici,0.7254672480175426,0.5017345977992379,0.45454348886235607
339cbc4cc198848f,363679,HR_Analytics_Job_Change_of_Data_Scientists,7151,lrlo_ep640_250,250,512,128,640,1e-06,0.003,lrlo,128,128,128,0,1024,4.6,mesuré ici,0.78583594686249,0.4911997554804506,0.5485082908777085
339cbc4cc198848f,363679,HR_Analytics_Job_Change_of_Data_Scientists,7151,lrlo_ep640_250,250,512,128,640,1e-06,0.003,lrlo,128,128,128,1,1024,4.9,mesuré ici,0.7861189729467859,0.463050027377093,0.5037967680652758
339cbc4cc198848f,363679,HR_Analytics_Job_Change_of_Data_Scientists,7151,lrlo_ep640_250,250,512,128,640,1e-06,0.003,lrlo,128,128,128,2,1024,4.7,mesuré ici,0.78296488946684,0.46937466469233413,0.5409670895893431
339cbc4cc198848f,363679,HR_Analytics_Job_Change_of_Data_Scientists,7151,lrlo_ep640_250,250,512,128,640,1e-06,0.003,lrlo,256,256,256,0,1024,4.6,mesuré ici,0.8149621356995335,0.4389406541442427,0.5692418690118963
339cbc4cc198848f,363679,HR_Analytics_Job_Change_of_Data_Scientists,7151,lrlo_ep640_250,250,512,128,640,1e-06,0.003,lrlo,256,256,256,1,1024,4.6,mesuré ici,0.8224763507483619,0.4293912411828945,0.5817966178143785
339cbc4cc198848f,363679,HR_Analytics_Job_Change_of_Data_Scientists,7151,lrlo_ep640_250,250,512,128,640,1e-06,0.003,lrlo,256,256,256,2,1024,4.6,mesuré ici,0.8128254162523265,0.44904864677705214,0.5666909721465829
339cbc4cc198848f,363679,HR_Analytics_Job_Change_of_Data_Scientists,7151,lrlo_ep640_250,250,512,128,640,1e-06,0.003,lrlo,512,512,512,0,1024,4.6,mesuré ici,0.811976337999439,0.4325539565328521,0.5585624700532009
339cbc4cc198848f,363679,HR_Analytics_Job_Change_of_Data_Scientists,7151,lrlo_ep640_250,250,512,128,640,1e-06,0.003,lrlo,1024,1024,1024,0,1024,4.6,mesuré ici,0.814712256814299,0.4381601665565556,0.5444465369990376
339cbc4cc198848f,363679,HR_Analytics_Job_Change_of_Data_Scientists,7151,lrlo_ep640_250,250,512,128,640,1e-06,0.003,lrlo,2048,2048,2048,0,1024,5.8,mesuré ici,0.8288125653382289,0.4282992287976755,0.5538891369217431
339cbc4cc198848f,363679,HR_Analytics_Job_Change_of_Data_Scientists,7151,lrlo_ep640_250,250,512,128,640,1e-06,0.003,lrlo,full,7151,7151,0,1024,17.9,mesuré ici,0.8345368316377265,0.416797145353597,0.5695327794825938
339cbc4cc198848f,363679,HR_Analytics_Job_Change_of_Data_Scientists,7151,lrlo_ep640_1000,1000,512,128,640,1e-06,0.003,lrlo,32,32,32,0,1024,4.9,mesuré ici,0.7245850225655932,0.4914333706198336,0.49364302545842115
339cbc4cc198848f,363679,HR_Analytics_Job_Change_of_Data_Scientists,7151,lrlo_ep640_1000,1000,512,128,640,1e-06,0.003,lrlo,32,32,32,1,1024,4.6,mesuré ici,0.6988092506183228,0.5200938806744759,0.42163969969978343
339cbc4cc198848f,363679,HR_Analytics_Job_Change_of_Data_Scientists,7151,lrlo_ep640_1000,1000,512,128,640,1e-06,0.003,lrlo,32,32,32,2,1024,4.6,mesuré ici,0.757367602437594,0.4882457082357892,0.5250731227799109
339cbc4cc198848f,363679,HR_Analytics_Job_Change_of_Data_Scientists,7151,lrlo_ep640_1000,1000,512,128,640,1e-06,0.003,lrlo,64,64,64,0,1024,4.6,mesuré ici,0.8055942272877943,0.47181505818158753,0.5447234501494985
339cbc4cc198848f,363679,HR_Analytics_Job_Change_of_Data_Scientists,7151,lrlo_ep640_1000,1000,512,128,640,1e-06,0.003,lrlo,64,64,64,1,1024,4.6,mesuré ici,0.7456742905224508,0.5094548546902857,0.45412228174981434
339cbc4cc198848f,363679,HR_Analytics_Job_Change_of_Data_Scientists,7151,lrlo_ep640_1000,1000,512,128,640,1e-06,0.003,lrlo,64,64,64,2,1024,4.6,mesuré ici,0.7268186338254417,0.5010771409346371,0.4548499120409423
339cbc4cc198848f,363679,HR_Analytics_Job_Change_of_Data_Scientists,7151,lrlo_ep640_1000,1000,512,128,640,1e-06,0.003,lrlo,128,128,128,0,1024,4.6,mesuré ici,0.7977714883092379,0.48473924895095166,0.5566317280979864
339cbc4cc198848f,363679,HR_Analytics_Job_Change_of_Data_Scientists,7151,lrlo_ep640_1000,1000,512,128,640,1e-06,0.003,lrlo,128,128,128,1,1024,4.6,mesuré ici,0.7879114714806599,0.46067177710295165,0.5138278484281519
339cbc4cc198848f,363679,HR_Analytics_Job_Change_of_Data_Scientists,7151,lrlo_ep640_1000,1000,512,128,640,1e-06,0.003,lrlo,128,128,128,2,1024,4.6,mesuré ici,0.7823733394528163,0.4681171710044554,0.5483422351558808
339cbc4cc198848f,363679,HR_Analytics_Job_Change_of_Data_Scientists,7151,lrlo_ep640_1000,1000,512,128,640,1e-06,0.003,lrlo,256,256,256,0,1024,4.6,mesuré ici,0.8192177261021444,0.4332099189578148,0.5725830488380064
339cbc4cc198848f,363679,HR_Analytics_Job_Change_of_Data_Scientists,7151,lrlo_ep640_1000,1000,512,128,640,1e-06,0.003,lrlo,256,256,256,1,1024,4.6,mesuré ici,0.8257375251791224,0.42408751214755497,0.5914691808361648
339cbc4cc198848f,363679,HR_Analytics_Job_Change_of_Data_Scientists,7151,lrlo_ep640_1000,1000,512,128,640,1e-06,0.003,lrlo,256,256,256,2,1024,4.6,mesuré ici,0.8168719243223947,0.44033655593336485,0.5769249356037949
339cbc4cc198848f,363679,HR_Analytics_Job_Change_of_Data_Scientists,7151,lrlo_ep640_1000,1000,512,128,640,1e-06,0.003,lrlo,512,512,512,0,1024,4.6,mesuré ici,0.8183635482801703,0.42491457642474406,0.5709034754832853
339cbc4cc198848f,363679,HR_Analytics_Job_Change_of_Data_Scientists,7151,lrlo_ep640_1000,1000,512,128,640,1e-06,0.003,lrlo,1024,1024,1024,0,1024,4.7,mesuré ici,0.8197378821489585,0.4306856435545591,0.5603180404292711
339cbc4cc198848f,363679,HR_Analytics_Job_Change_of_Data_Scientists,7151,lrlo_ep640_1000,1000,512,128,640,1e-06,0.003,lrlo,2048,2048,2048,0,1024,5.9,mesuré ici,0.8292893750478085,0.42430577887084586,0.5683493535617427
339cbc4cc198848f,363679,HR_Analytics_Job_Change_of_Data_Scientists,7151,lrlo_ep640_1000,1000,512,128,640,1e-06,0.003,lrlo,full,7151,7151,0,1024,18.2,mesuré ici,0.8304954231367448,0.4184303667368776,0.5734201150184712
