run_hash,target,name,n_train,arm,ft_steps,ep_context,ep_query,episode_rows,lr,l2sp,regime,context_size,requested,n_context_rows,repeat,n_report_eval,seconds,source,auc,logloss,ap
75e6bdca12b3c5d7,363621,blood-transfusion-service-center,278,base,0,0,0,0,1e-05,0.0,standard,32,32,32,0,100,2.5,mesuré ici,0.6304824561403508,0.5616392673640531,0.4433818469996498
75e6bdca12b3c5d7,363621,blood-transfusion-service-center,278,base,0,0,0,0,1e-05,0.0,standard,32,32,32,1,100,2.5,mesuré ici,0.675438596491228,0.5434147335615759,0.3570390644918189
75e6bdca12b3c5d7,363621,blood-transfusion-service-center,278,base,0,0,0,0,1e-05,0.0,standard,32,32,32,2,100,2.6,mesuré ici,0.6853070175438596,0.5217994345806349,0.35536756852460255
75e6bdca12b3c5d7,363621,blood-transfusion-service-center,278,base,0,0,0,0,1e-05,0.0,standard,64,64,64,0,100,2.5,mesuré ici,0.6263706140350876,0.527847092844788,0.3714325455202145
75e6bdca12b3c5d7,363621,blood-transfusion-service-center,278,base,0,0,0,0,1e-05,0.0,standard,64,64,64,1,100,2.6,mesuré ici,0.7234100877192983,0.4876637266601774,0.5509227871184446
75e6bdca12b3c5d7,363621,blood-transfusion-service-center,278,base,0,0,0,0,1e-05,0.0,standard,64,64,64,2,100,2.5,mesuré ici,0.7272478070175439,0.49425613416045777,0.5127516689809335
75e6bdca12b3c5d7,363621,blood-transfusion-service-center,278,base,0,0,0,0,1e-05,0.0,standard,128,128,128,0,100,2.6,mesuré ici,0.7357456140350878,0.4856598217891217,0.4818515037803831
75e6bdca12b3c5d7,363621,blood-transfusion-service-center,278,base,0,0,0,0,1e-05,0.0,standard,128,128,128,1,100,2.5,mesuré ici,0.6389802631578947,0.5251922266692326,0.44787570419146616
75e6bdca12b3c5d7,363621,blood-transfusion-service-center,278,base,0,0,0,0,1e-05,0.0,standard,128,128,128,2,100,2.5,mesuré ici,0.7209429824561403,0.48578478170316913,0.5223235026172585
75e6bdca12b3c5d7,363621,blood-transfusion-service-center,278,base,0,0,0,0,1e-05,0.0,standard,256,256,256,0,100,2.6,mesuré ici,0.7376644736842106,0.4800305094741625,0.4948246784321205
75e6bdca12b3c5d7,363621,blood-transfusion-service-center,278,base,0,0,0,0,1e-05,0.0,standard,256,256,256,1,100,2.5,mesuré ici,0.745888157894737,0.48377071881013384,0.525834555741206
75e6bdca12b3c5d7,363621,blood-transfusion-service-center,278,base,0,0,0,0,1e-05,0.0,standard,256,256,256,2,100,2.6,mesuré ici,0.7478070175438597,0.48044535825733087,0.5247301656054016
75e6bdca12b3c5d7,363621,blood-transfusion-service-center,278,base,0,0,0,0,1e-05,0.0,standard,full,278,278,0,100,2.6,mesuré ici,0.7404057017543859,0.48122835992559115,0.5255534081356985
75e6bdca12b3c5d7,363626,credit-g,372,base,0,0,0,0,1e-05,0.0,standard,32,32,32,0,134,2.7,mesuré ici,0.6002659574468084,0.6022333717700599,0.7695650371104344
75e6bdca12b3c5d7,363626,credit-g,372,base,0,0,0,0,1e-05,0.0,standard,32,32,32,1,134,2.7,mesuré ici,0.5652925531914893,0.6099389929847586,0.7563953393725025
75e6bdca12b3c5d7,363626,credit-g,372,base,0,0,0,0,1e-05,0.0,standard,32,32,32,2,134,2.8,mesuré ici,0.7501329787234043,0.5509873963264665,0.8828670704187787
75e6bdca12b3c5d7,363626,credit-g,372,base,0,0,0,0,1e-05,0.0,standard,64,64,64,0,134,2.8,mesuré ici,0.767686170212766,0.5109195278426749,0.8921188513754014
75e6bdca12b3c5d7,363626,credit-g,372,base,0,0,0,0,1e-05,0.0,standard,64,64,64,1,134,2.7,mesuré ici,0.6795212765957447,0.5692781480420036,0.8276827197075214
75e6bdca12b3c5d7,363626,credit-g,372,base,0,0,0,0,1e-05,0.0,standard,64,64,64,2,134,2.7,mesuré ici,0.6840425531914893,0.5692039659397023,0.8371316983161651
75e6bdca12b3c5d7,363626,credit-g,372,base,0,0,0,0,1e-05,0.0,standard,128,128,128,0,134,2.8,mesuré ici,0.7412234042553191,0.5471685227577066,0.8791682183791436
75e6bdca12b3c5d7,363626,credit-g,372,base,0,0,0,0,1e-05,0.0,standard,128,128,128,1,134,2.8,mesuré ici,0.782845744680851,0.5075131738755003,0.8980562341674845
75e6bdca12b3c5d7,363626,credit-g,372,base,0,0,0,0,1e-05,0.0,standard,128,128,128,2,134,2.8,mesuré ici,0.7752659574468084,0.5070053401069483,0.8990392407848699
75e6bdca12b3c5d7,363626,credit-g,372,base,0,0,0,0,1e-05,0.0,standard,256,256,256,0,134,2.8,mesuré ici,0.8023936170212765,0.48700859131684454,0.9035397981520168
75e6bdca12b3c5d7,363626,credit-g,372,base,0,0,0,0,1e-05,0.0,standard,256,256,256,1,134,2.8,mesuré ici,0.7773936170212765,0.5066859876552223,0.8932613600088095
75e6bdca12b3c5d7,363626,credit-g,372,base,0,0,0,0,1e-05,0.0,standard,256,256,256,2,134,2.7,mesuré ici,0.7595744680851064,0.5136055456248614,0.8906894171229618
75e6bdca12b3c5d7,363626,credit-g,372,base,0,0,0,0,1e-05,0.0,standard,full,372,372,0,134,2.8,mesuré ici,0.7986702127659575,0.4828428459465268,0.9052552243027933
75e6bdca12b3c5d7,363619,Bank_Customer_Churn,3732,base,0,0,0,0,1e-05,0.0,standard,32,32,32,0,1024,4.6,mesuré ici,0.702442246161975,0.48318259790612067,0.33480568774849856
75e6bdca12b3c5d7,363619,Bank_Customer_Churn,3732,base,0,0,0,0,1e-05,0.0,standard,32,32,32,1,1024,4.6,mesuré ici,0.8217013532157219,0.4215674367496114,0.5610307790837845
75e6bdca12b3c5d7,363619,Bank_Customer_Churn,3732,base,0,0,0,0,1e-05,0.0,standard,32,32,32,2,1024,4.7,mesuré ici,0.7110605571374057,0.4667495916812189,0.3934375236338816
75e6bdca12b3c5d7,363619,Bank_Customer_Churn,3732,base,0,0,0,0,1e-05,0.0,standard,64,64,64,0,1024,4.6,mesuré ici,0.7727536912554671,0.4368761334906664,0.5105558299097364
75e6bdca12b3c5d7,363619,Bank_Customer_Churn,3732,base,0,0,0,0,1e-05,0.0,standard,64,64,64,1,1024,4.6,mesuré ici,0.7251621804091937,0.4734196208662629,0.42251638812864833
75e6bdca12b3c5d7,363619,Bank_Customer_Churn,3732,base,0,0,0,0,1e-05,0.0,standard,64,64,64,2,1024,4.6,mesuré ici,0.7866615786538291,0.4101173946248733,0.5688765501401304
75e6bdca12b3c5d7,363619,Bank_Customer_Churn,3732,base,0,0,0,0,1e-05,0.0,standard,128,128,128,0,1024,4.7,mesuré ici,0.8368685237913523,0.3814972174345922,0.6293995814785689
75e6bdca12b3c5d7,363619,Bank_Customer_Churn,3732,base,0,0,0,0,1e-05,0.0,standard,128,128,128,1,1024,4.7,mesuré ici,0.8185722253206915,0.39575587754076574,0.5817708481954108
75e6bdca12b3c5d7,363619,Bank_Customer_Churn,3732,base,0,0,0,0,1e-05,0.0,standard,128,128,128,2,1024,4.6,mesuré ici,0.7830804003874718,0.42996733250806496,0.5092431722098663
75e6bdca12b3c5d7,363619,Bank_Customer_Churn,3732,base,0,0,0,0,1e-05,0.0,standard,256,256,256,0,1024,4.7,mesuré ici,0.8403821880412129,0.38160026533014896,0.6378259005554008
75e6bdca12b3c5d7,363619,Bank_Customer_Churn,3732,base,0,0,0,0,1e-05,0.0,standard,256,256,256,1,1024,4.7,mesuré ici,0.8429594622361816,0.3649834601237115,0.6774491307406615
75e6bdca12b3c5d7,363619,Bank_Customer_Churn,3732,base,0,0,0,0,1e-05,0.0,standard,256,256,256,2,1024,4.7,mesuré ici,0.827037895910999,0.3718464491425465,0.6730755921924713
75e6bdca12b3c5d7,363619,Bank_Customer_Churn,3732,base,0,0,0,0,1e-05,0.0,standard,512,512,512,0,1024,4.7,mesuré ici,0.8488273108873691,0.34853261802311375,0.68771076331471
75e6bdca12b3c5d7,363619,Bank_Customer_Churn,3732,base,0,0,0,0,1e-05,0.0,standard,1024,1024,1024,0,1024,4.8,mesuré ici,0.8553057210790501,0.3395489891868668,0.7165678784838926
75e6bdca12b3c5d7,363619,Bank_Customer_Churn,3732,base,0,0,0,0,1e-05,0.0,standard,2048,2048,2048,0,1024,5.7,mesuré ici,0.8573194000058706,0.3370571053474525,0.7132711452072802
75e6bdca12b3c5d7,363619,Bank_Customer_Churn,3732,base,0,0,0,0,1e-05,0.0,standard,full,3732,3732,0,1024,8.4,mesuré ici,0.8581178266357471,0.33421680320716357,0.7182947696312726
75e6bdca12b3c5d7,363623,churn,1866,base,0,0,0,0,1e-05,0.0,standard,32,32,32,0,667,3.9,mesuré ici,0.6943856522223459,0.39390219653124164,0.2850649163553274
75e6bdca12b3c5d7,363623,churn,1866,base,0,0,0,0,1e-05,0.0,standard,32,32,32,1,667,4.0,mesuré ici,0.7803182206379264,0.35304266457094136,0.4424678402143972
75e6bdca12b3c5d7,363623,churn,1866,base,0,0,0,0,1e-05,0.0,standard,32,32,32,2,667,3.9,mesuré ici,0.6897905759162304,0.3837552951166281,0.2786326660133527
75e6bdca12b3c5d7,363623,churn,1866,base,0,0,0,0,1e-05,0.0,standard,64,64,64,0,667,4.0,mesuré ici,0.7867234785191786,0.36293324623949985,0.4658250295476873
75e6bdca12b3c5d7,363623,churn,1866,base,0,0,0,0,1e-05,0.0,standard,64,64,64,1,667,3.9,mesuré ici,0.7328357654747317,0.37256849500436595,0.3305138901791953
75e6bdca12b3c5d7,363623,churn,1866,base,0,0,0,0,1e-05,0.0,standard,64,64,64,2,667,3.9,mesuré ici,0.7795848650254352,0.33931223167455205,0.43140831500619237
75e6bdca12b3c5d7,363623,churn,1866,base,0,0,0,0,1e-05,0.0,standard,128,128,128,0,667,4.0,mesuré ici,0.7951431435891723,0.34462621174364827,0.4370865638061686
75e6bdca12b3c5d7,363623,churn,1866,base,0,0,0,0,1e-05,0.0,standard,128,128,128,1,667,4.0,mesuré ici,0.8516857896104861,0.32383629851421875,0.5826768477938938
75e6bdca12b3c5d7,363623,churn,1866,base,0,0,0,0,1e-05,0.0,standard,128,128,128,2,667,4.0,mesuré ici,0.788394415357766,0.3295197472808588,0.476801944730594
75e6bdca12b3c5d7,363623,churn,1866,base,0,0,0,0,1e-05,0.0,standard,256,256,256,0,667,4.0,mesuré ici,0.8502469273328135,0.2735715787356239,0.6679852776884672
75e6bdca12b3c5d7,363623,churn,1866,base,0,0,0,0,1e-05,0.0,standard,256,256,256,1,667,4.0,mesuré ici,0.8601054546804798,0.27725875042223164,0.6261312383172
75e6bdca12b3c5d7,363623,churn,1866,base,0,0,0,0,1e-05,0.0,standard,256,256,256,2,667,4.0,mesuré ici,0.8864691248004157,0.295446962792268,0.6463142522611092
75e6bdca12b3c5d7,363623,churn,1866,base,0,0,0,0,1e-05,0.0,standard,512,512,512,0,667,4.0,mesuré ici,0.8958820689911254,0.21076094857450955,0.7881369686773096
75e6bdca12b3c5d7,363623,churn,1866,base,0,0,0,0,1e-05,0.0,standard,1024,1024,1024,0,667,4.1,mesuré ici,0.9189038654338865,0.1619307947726274,0.8631911533404617
75e6bdca12b3c5d7,363623,churn,1866,base,0,0,0,0,1e-05,0.0,standard,full,1866,1866,0,667,4.7,mesuré ici,0.9330418476848241,0.12950506232598744,0.8893793707006598
75e6bdca12b3c5d7,363682,Is-this-a-good-customer,642,base,0,0,0,0,1e-05,0.0,standard,32,32,32,0,230,2.8,mesuré ici,0.6036953242835597,0.3715453197232663,0.16579930250938685
75e6bdca12b3c5d7,363682,Is-this-a-good-customer,642,base,0,0,0,0,1e-05,0.0,standard,32,32,32,1,230,2.9,mesuré ici,0.6010558069381599,0.3592743115544294,0.1465885652606374
75e6bdca12b3c5d7,363682,Is-this-a-good-customer,642,base,0,0,0,0,1e-05,0.0,standard,32,32,32,2,230,2.9,mesuré ici,0.6494155354449471,0.34994070312716474,0.17924158981545693
75e6bdca12b3c5d7,363682,Is-this-a-good-customer,642,base,0,0,0,0,1e-05,0.0,standard,64,64,64,0,230,2.8,mesuré ici,0.6354638009049773,0.34557292384009575,0.16111515973300228
75e6bdca12b3c5d7,363682,Is-this-a-good-customer,642,base,0,0,0,0,1e-05,0.0,standard,64,64,64,1,230,3.0,mesuré ici,0.5491138763197587,0.35283786063698275,0.13490597323412656
75e6bdca12b3c5d7,363682,Is-this-a-good-customer,642,base,0,0,0,0,1e-05,0.0,standard,64,64,64,2,230,2.9,mesuré ici,0.6677036199095022,0.34203556323759937,0.18617211174179074
75e6bdca12b3c5d7,363682,Is-this-a-good-customer,642,base,0,0,0,0,1e-05,0.0,standard,128,128,128,0,230,2.9,mesuré ici,0.7254901960784315,0.32305180854131504,0.22117593057725912
75e6bdca12b3c5d7,363682,Is-this-a-good-customer,642,base,0,0,0,0,1e-05,0.0,standard,128,128,128,1,230,2.9,mesuré ici,0.548736802413273,0.359531231398034,0.1527208993201275
75e6bdca12b3c5d7,363682,Is-this-a-good-customer,642,base,0,0,0,0,1e-05,0.0,standard,128,128,128,2,230,2.9,mesuré ici,0.590026395173454,0.3497182316061979,0.180452744863543
75e6bdca12b3c5d7,363682,Is-this-a-good-customer,642,base,0,0,0,0,1e-05,0.0,standard,256,256,256,0,230,2.9,mesuré ici,0.7137066365007542,0.32323018166338674,0.2596272253192386
75e6bdca12b3c5d7,363682,Is-this-a-good-customer,642,base,0,0,0,0,1e-05,0.0,standard,256,256,256,1,230,2.9,mesuré ici,0.680052790346908,0.33559877722230436,0.19722664226193948
75e6bdca12b3c5d7,363682,Is-this-a-good-customer,642,base,0,0,0,0,1e-05,0.0,standard,256,256,256,2,230,2.9,mesuré ici,0.6524321266968326,0.3367875379956606,0.20771147958934577
75e6bdca12b3c5d7,363682,Is-this-a-good-customer,642,base,0,0,0,0,1e-05,0.0,standard,512,512,512,0,230,2.9,mesuré ici,0.688631221719457,0.3282022017257595,0.2468737122404527
75e6bdca12b3c5d7,363682,Is-this-a-good-customer,642,base,0,0,0,0,1e-05,0.0,standard,full,642,642,0,230,2.9,mesuré ici,0.7449095022624435,0.3161708923668399,0.30349666628346067
75e6bdca12b3c5d7,363684,Marketing_Campaign,835,base,0,0,0,0,1e-05,0.0,standard,32,32,32,0,299,3.1,mesuré ici,0.7948818897637795,0.37475424542404395,0.5593981205077283
75e6bdca12b3c5d7,363684,Marketing_Campaign,835,base,0,0,0,0,1e-05,0.0,standard,32,32,32,1,299,3.1,mesuré ici,0.76832895888014,0.3801162862462032,0.35509831941734554
75e6bdca12b3c5d7,363684,Marketing_Campaign,835,base,0,0,0,0,1e-05,0.0,standard,32,32,32,2,299,3.1,mesuré ici,0.7377952755905511,0.3886587424649547,0.4391773821634164
75e6bdca12b3c5d7,363684,Marketing_Campaign,835,base,0,0,0,0,1e-05,0.0,standard,64,64,64,0,299,3.0,mesuré ici,0.8697287839020122,0.31815888921954855,0.5131323257488093
75e6bdca12b3c5d7,363684,Marketing_Campaign,835,base,0,0,0,0,1e-05,0.0,standard,64,64,64,1,299,3.1,mesuré ici,0.7430883639545057,0.3902465750413208,0.3459513859715953
75e6bdca12b3c5d7,363684,Marketing_Campaign,835,base,0,0,0,0,1e-05,0.0,standard,64,64,64,2,299,3.0,mesuré ici,0.7659667541557305,0.3694245367672487,0.4657260974948467
75e6bdca12b3c5d7,363684,Marketing_Campaign,835,base,0,0,0,0,1e-05,0.0,standard,128,128,128,0,299,3.1,mesuré ici,0.7854768153980752,0.3474854469136186,0.4917002516039575
75e6bdca12b3c5d7,363684,Marketing_Campaign,835,base,0,0,0,0,1e-05,0.0,standard,128,128,128,1,299,3.0,mesuré ici,0.779002624671916,0.35496329821396594,0.43969529397981055
75e6bdca12b3c5d7,363684,Marketing_Campaign,835,base,0,0,0,0,1e-05,0.0,standard,128,128,128,2,299,3.1,mesuré ici,0.7559930008748906,0.37760857099524514,0.43790262421762227
75e6bdca12b3c5d7,363684,Marketing_Campaign,835,base,0,0,0,0,1e-05,0.0,standard,256,256,256,0,299,3.1,mesuré ici,0.8229221347331582,0.3412646020574798,0.5611468234743469
75e6bdca12b3c5d7,363684,Marketing_Campaign,835,base,0,0,0,0,1e-05,0.0,standard,256,256,256,1,299,3.1,mesuré ici,0.8206036745406824,0.3394656632871554,0.5001022903463921
75e6bdca12b3c5d7,363684,Marketing_Campaign,835,base,0,0,0,0,1e-05,0.0,standard,256,256,256,2,299,3.1,mesuré ici,0.8139982502187226,0.34084562400113544,0.5535095790930248
75e6bdca12b3c5d7,363684,Marketing_Campaign,835,base,0,0,0,0,1e-05,0.0,standard,512,512,512,0,299,3.1,mesuré ici,0.8850831146106737,0.2899217437759848,0.6357180586855565
75e6bdca12b3c5d7,363684,Marketing_Campaign,835,base,0,0,0,0,1e-05,0.0,standard,full,835,835,0,299,3.1,mesuré ici,0.9063867016622923,0.2696328938046517,0.6854002227393583
75e6bdca12b3c5d7,363613,Amazon_employee_access,12233,base,0,0,0,0,1e-05,0.0,standard,32,32,32,0,1024,4.5,mesuré ici,0.6578817950294196,0.21854848508917774,0.9639445514339382
75e6bdca12b3c5d7,363613,Amazon_employee_access,12233,base,0,0,0,0,1e-05,0.0,standard,32,32,32,1,1024,4.5,mesuré ici,0.5657328532537104,0.22884680898214668,0.956388911191075
75e6bdca12b3c5d7,363613,Amazon_employee_access,12233,base,0,0,0,0,1e-05,0.0,standard,32,32,32,2,1024,4.5,mesuré ici,0.3743830684113463,0.24213287008663903,0.9240045507215006
75e6bdca12b3c5d7,363613,Amazon_employee_access,12233,base,0,0,0,0,1e-05,0.0,standard,64,64,64,0,1024,4.4,mesuré ici,0.6251075788179504,0.2172404473557985,0.9574994832500876
75e6bdca12b3c5d7,363613,Amazon_employee_access,12233,base,0,0,0,0,1e-05,0.0,standard,64,64,64,1,1024,4.5,mesuré ici,0.48612452797049266,0.2351907062693258,0.9416024203358087
75e6bdca12b3c5d7,363613,Amazon_employee_access,12233,base,0,0,0,0,1e-05,0.0,standard,64,64,64,2,1024,4.4,mesuré ici,0.6535698603670853,0.21704406353557978,0.9683657281707899
75e6bdca12b3c5d7,363613,Amazon_employee_access,12233,base,0,0,0,0,1e-05,0.0,standard,128,128,128,0,1024,4.5,mesuré ici,0.5549837534030034,0.22410731625731103,0.9568951861133029
75e6bdca12b3c5d7,363613,Amazon_employee_access,12233,base,0,0,0,0,1e-05,0.0,standard,128,128,128,1,1024,4.4,mesuré ici,0.5573548783700711,0.22355877039278596,0.957265953283704
75e6bdca12b3c5d7,363613,Amazon_employee_access,12233,base,0,0,0,0,1e-05,0.0,standard,128,128,128,2,1024,4.4,mesuré ici,0.4977430403091245,0.22189962251508447,0.9388453718794794
75e6bdca12b3c5d7,363613,Amazon_employee_access,12233,base,0,0,0,0,1e-05,0.0,standard,256,256,256,0,1024,4.4,mesuré ici,0.6822604724686047,0.20787062756466024,0.9690651851236471
75e6bdca12b3c5d7,363613,Amazon_employee_access,12233,base,0,0,0,0,1e-05,0.0,standard,256,256,256,1,1024,4.5,mesuré ici,0.4850619127074734,0.23352345266964825,0.9386920058721244
75e6bdca12b3c5d7,363613,Amazon_employee_access,12233,base,0,0,0,0,1e-05,0.0,standard,256,256,256,2,1024,4.6,mesuré ici,0.6077632387810661,0.22151493910442122,0.9607402060910551
75e6bdca12b3c5d7,363613,Amazon_employee_access,12233,base,0,0,0,0,1e-05,0.0,standard,512,512,512,0,1024,4.5,mesuré ici,0.597918679195574,0.23060844667728597,0.9633082595757966
75e6bdca12b3c5d7,363613,Amazon_employee_access,12233,base,0,0,0,0,1e-05,0.0,standard,1024,1024,1024,0,1024,4.6,mesuré ici,0.6271186440677966,0.2168104382792564,0.9607247002054096
75e6bdca12b3c5d7,363613,Amazon_employee_access,12233,base,0,0,0,0,1e-05,0.0,standard,2048,2048,2048,0,1024,5.6,mesuré ici,0.7293141301484148,0.19400638299286993,0.9741295639387726
75e6bdca12b3c5d7,363613,Amazon_employee_access,12233,base,0,0,0,0,1e-05,0.0,standard,full,12233,12233,0,1024,33.7,mesuré ici,0.8542021603583033,0.1619558903187432,0.9865736044908266
75e6bdca12b3c5d7,363618,bank-marketing,16878,base,0,0,0,0,1e-05,0.0,standard,32,32,32,0,1024,4.6,mesuré ici,0.6605872050147492,0.3397139739960799,0.28646677585947394
75e6bdca12b3c5d7,363618,bank-marketing,16878,base,0,0,0,0,1e-05,0.0,standard,32,32,32,1,1024,4.8,mesuré ici,0.4827664085545722,0.3678496492594622,0.11398996504174483
75e6bdca12b3c5d7,363618,bank-marketing,16878,base,0,0,0,0,1e-05,0.0,standard,32,32,32,2,1024,4.6,mesuré ici,0.6559411873156342,0.35193528577485456,0.1900994283062964
75e6bdca12b3c5d7,363618,bank-marketing,16878,base,0,0,0,0,1e-05,0.0,standard,64,64,64,0,1024,4.7,mesuré ici,0.662357116519174,0.34713448092852534,0.1996168547312794
75e6bdca12b3c5d7,363618,bank-marketing,16878,base,0,0,0,0,1e-05,0.0,standard,64,64,64,1,1024,4.6,mesuré ici,0.6118132374631269,0.3532927353410472,0.17403433508501942
75e6bdca12b3c5d7,363618,bank-marketing,16878,base,0,0,0,0,1e-05,0.0,standard,64,64,64,2,1024,4.7,mesuré ici,0.6507051991150443,0.3461504734720311,0.2524673917628056
75e6bdca12b3c5d7,363618,bank-marketing,16878,base,0,0,0,0,1e-05,0.0,standard,128,128,128,0,1024,4.8,mesuré ici,0.7153945427728614,0.3361958280480547,0.25982359794610316
75e6bdca12b3c5d7,363618,bank-marketing,16878,base,0,0,0,0,1e-05,0.0,standard,128,128,128,1,1024,4.7,mesuré ici,0.6411320058997051,0.35111085427716415,0.1838247759565691
75e6bdca12b3c5d7,363618,bank-marketing,16878,base,0,0,0,0,1e-05,0.0,standard,128,128,128,2,1024,4.8,mesuré ici,0.7202110988200591,0.32258031615814164,0.3279712688721774
75e6bdca12b3c5d7,363618,bank-marketing,16878,base,0,0,0,0,1e-05,0.0,standard,256,256,256,0,1024,4.8,mesuré ici,0.7055033185840707,0.3402017159912115,0.22340539698124917
75e6bdca12b3c5d7,363618,bank-marketing,16878,base,0,0,0,0,1e-05,0.0,standard,256,256,256,1,1024,4.8,mesuré ici,0.7469441371681417,0.3191680868621532,0.34345687327709695
75e6bdca12b3c5d7,363618,bank-marketing,16878,base,0,0,0,0,1e-05,0.0,standard,256,256,256,2,1024,4.7,mesuré ici,0.6768021755162241,0.3303606387278901,0.3184095016805263
75e6bdca12b3c5d7,363618,bank-marketing,16878,base,0,0,0,0,1e-05,0.0,standard,512,512,512,0,1024,4.8,mesuré ici,0.7375553097345132,0.3212448268946964,0.3240044819667372
75e6bdca12b3c5d7,363618,bank-marketing,16878,base,0,0,0,0,1e-05,0.0,standard,1024,1024,1024,0,1024,4.8,mesuré ici,0.7629931784660766,0.30946021300063153,0.39522737159008126
75e6bdca12b3c5d7,363618,bank-marketing,16878,base,0,0,0,0,1e-05,0.0,standard,2048,2048,2048,0,1024,5.9,mesuré ici,0.7684365781710915,0.3021689900546248,0.3982275981443873
75e6bdca12b3c5d7,363618,bank-marketing,16878,base,0,0,0,0,1e-05,0.0,standard,full,16878,16878,0,1024,58.5,mesuré ici,0.7879839601769911,0.2932551404022363,0.43687807729697253
75e6bdca12b3c5d7,363624,coil2000_insurance_policies,3666,base,0,0,0,0,1e-05,0.0,standard,32,32,32,0,1024,4.8,mesuré ici,0.5081201164394056,0.23899678019107884,0.08685450949110432
75e6bdca12b3c5d7,363624,coil2000_insurance_policies,3666,base,0,0,0,0,1e-05,0.0,standard,32,32,32,1,1024,4.8,mesuré ici,0.6657814548116371,0.21893856328923927,0.11931411754767163
75e6bdca12b3c5d7,363624,coil2000_insurance_policies,3666,base,0,0,0,0,1e-05,0.0,standard,32,32,32,2,1024,4.8,mesuré ici,0.6238785897894217,0.2330984351221671,0.10323450185193561
75e6bdca12b3c5d7,363624,coil2000_insurance_policies,3666,base,0,0,0,0,1e-05,0.0,standard,64,64,64,0,1024,4.8,mesuré ici,0.6265427370069625,0.22818112213422273,0.12219903506864899
75e6bdca12b3c5d7,363624,coil2000_insurance_policies,3666,base,0,0,0,0,1e-05,0.0,standard,64,64,64,1,1024,4.8,mesuré ici,0.5857293634986296,0.23140364555539455,0.07871650294429655
75e6bdca12b3c5d7,363624,coil2000_insurance_policies,3666,base,0,0,0,0,1e-05,0.0,standard,64,64,64,2,1024,4.8,mesuré ici,0.6537459782442163,0.21896429645452908,0.11403488246477407
75e6bdca12b3c5d7,363624,coil2000_insurance_policies,3666,base,0,0,0,0,1e-05,0.0,standard,128,128,128,0,1024,5.2,mesuré ici,0.6512180174659108,0.2218106281430068,0.11162805200588846
75e6bdca12b3c5d7,363624,coil2000_insurance_policies,3666,base,0,0,0,0,1e-05,0.0,standard,128,128,128,1,1024,5.4,mesuré ici,0.6361268576681476,0.22437844033989623,0.10599173875895815
75e6bdca12b3c5d7,363624,coil2000_insurance_policies,3666,base,0,0,0,0,1e-05,0.0,standard,128,128,128,2,1024,5.3,mesuré ici,0.6492688490543553,0.21772299267778578,0.12086067970593016
75e6bdca12b3c5d7,363624,coil2000_insurance_policies,3666,base,0,0,0,0,1e-05,0.0,standard,256,256,256,0,1024,5.4,mesuré ici,0.6452173024871048,0.21780057317761342,0.11493812648920208
75e6bdca12b3c5d7,363624,coil2000_insurance_policies,3666,base,0,0,0,0,1e-05,0.0,standard,256,256,256,1,1024,5.4,mesuré ici,0.6620022811228572,0.22130390155633278,0.11924927570641568
75e6bdca12b3c5d7,363624,coil2000_insurance_policies,3666,base,0,0,0,0,1e-05,0.0,standard,256,256,256,2,1024,5.5,mesuré ici,0.6562143574553564,0.22111278894017877,0.0966655753044525
75e6bdca12b3c5d7,363624,coil2000_insurance_policies,3666,base,0,0,0,0,1e-05,0.0,standard,512,512,512,0,1024,5.4,mesuré ici,0.682013176037996,0.21505586554408543,0.12465544432135674
75e6bdca12b3c5d7,363624,coil2000_insurance_policies,3666,base,0,0,0,0,1e-05,0.0,standard,1024,1024,1024,0,1024,6.5,mesuré ici,0.7844509133003081,0.2028430156066457,0.18836645803666494
75e6bdca12b3c5d7,363624,coil2000_insurance_policies,3666,base,0,0,0,0,1e-05,0.0,standard,2048,2048,2048,0,1024,10.8,mesuré ici,0.7869278041639003,0.20222417668672993,0.17401770853133733
75e6bdca12b3c5d7,363624,coil2000_insurance_policies,3666,base,0,0,0,0,1e-05,0.0,standard,full,3666,3666,0,1024,16.7,mesuré ici,0.803806410976627,0.19433564215081908,0.2032844925736055
75e6bdca12b3c5d7,363627,credit_card_clients_default,11200,base,0,0,0,0,1e-05,0.0,standard,32,32,32,0,1024,4.8,mesuré ici,0.6720991161790636,0.5070322617725316,0.3975801441233828
75e6bdca12b3c5d7,363627,credit_card_clients_default,11200,base,0,0,0,0,1e-05,0.0,standard,32,32,32,1,1024,4.8,mesuré ici,0.6924120739115294,0.48844563997218315,0.4309861894658511
75e6bdca12b3c5d7,363627,credit_card_clients_default,11200,base,0,0,0,0,1e-05,0.0,standard,32,32,32,2,1024,4.8,mesuré ici,0.5030704348354789,0.5347783585349716,0.22222125819148889
75e6bdca12b3c5d7,363627,credit_card_clients_default,11200,base,0,0,0,0,1e-05,0.0,standard,64,64,64,0,1024,4.8,mesuré ici,0.6645349576329739,0.5193085389927934,0.4201847276900381
75e6bdca12b3c5d7,363627,credit_card_clients_default,11200,base,0,0,0,0,1e-05,0.0,standard,64,64,64,1,1024,4.8,mesuré ici,0.6307684654458625,0.512143093785173,0.3127270178516909
75e6bdca12b3c5d7,363627,credit_card_clients_default,11200,base,0,0,0,0,1e-05,0.0,standard,64,64,64,2,1024,4.9,mesuré ici,0.6655050050022386,0.5040547953000656,0.36820387833532686
75e6bdca12b3c5d7,363627,credit_card_clients_default,11200,base,0,0,0,0,1e-05,0.0,standard,128,128,128,0,1024,4.8,mesuré ici,0.6775601235912203,0.4829776822886387,0.46860737061312646
75e6bdca12b3c5d7,363627,credit_card_clients_default,11200,base,0,0,0,0,1e-05,0.0,standard,128,128,128,1,1024,4.8,mesuré ici,0.7037652208999607,0.4681337251771074,0.4855347720473915
75e6bdca12b3c5d7,363627,credit_card_clients_default,11200,base,0,0,0,0,1e-05,0.0,standard,128,128,128,2,1024,4.8,mesuré ici,0.7184845151697721,0.4816377416431642,0.519621732169335
75e6bdca12b3c5d7,363627,credit_card_clients_default,11200,base,0,0,0,0,1e-05,0.0,standard,256,256,256,0,1024,4.9,mesuré ici,0.7277897843786445,0.4566373700405056,0.5056871824806591
75e6bdca12b3c5d7,363627,credit_card_clients_default,11200,base,0,0,0,0,1e-05,0.0,standard,256,256,256,1,1024,4.9,mesuré ici,0.7230252212316008,0.4629698866806177,0.49960534487425007
75e6bdca12b3c5d7,363627,credit_card_clients_default,11200,base,0,0,0,0,1e-05,0.0,standard,256,256,256,2,1024,4.9,mesuré ici,0.7318219755802321,0.45912262046044494,0.49820288403446134
75e6bdca12b3c5d7,363627,credit_card_clients_default,11200,base,0,0,0,0,1e-05,0.0,standard,512,512,512,0,1024,4.8,mesuré ici,0.7129212520520234,0.46587334001946024,0.5067365448468171
75e6bdca12b3c5d7,363627,credit_card_clients_default,11200,base,0,0,0,0,1e-05,0.0,standard,1024,1024,1024,0,1024,4.9,mesuré ici,0.7460438096606768,0.4400301528285003,0.5549634012379636
75e6bdca12b3c5d7,363627,credit_card_clients_default,11200,base,0,0,0,0,1e-05,0.0,standard,2048,2048,2048,0,1024,6.4,mesuré ici,0.7533509471089272,0.4405707586468238,0.540402551562556
75e6bdca12b3c5d7,363627,credit_card_clients_default,11200,base,0,0,0,0,1e-05,0.0,standard,full,11200,11200,0,1024,34.3,mesuré ici,0.7543265218136294,0.43685347079944015,0.5554858414976156
75e6bdca12b3c5d7,363629,diabetes,286,base,0,0,0,0,1e-05,0.0,standard,32,32,32,0,103,2.5,mesuré ici,0.7497927031509122,0.5854972389333278,0.6161257275542439
75e6bdca12b3c5d7,363629,diabetes,286,base,0,0,0,0,1e-05,0.0,standard,32,32,32,1,103,2.6,mesuré ici,0.7060530679933665,0.6006438747298308,0.5517338761297552
75e6bdca12b3c5d7,363629,diabetes,286,base,0,0,0,0,1e-05,0.0,standard,32,32,32,2,103,2.5,mesuré ici,0.6911276948590381,0.63111687485681,0.5414614961586496
75e6bdca12b3c5d7,363629,diabetes,286,base,0,0,0,0,1e-05,0.0,standard,64,64,64,0,103,2.6,mesuré ici,0.7661691542288558,0.56353092275488,0.6394580344736003
75e6bdca12b3c5d7,363629,diabetes,286,base,0,0,0,0,1e-05,0.0,standard,64,64,64,1,103,2.5,mesuré ici,0.7574626865671641,0.5709994894436462,0.6222728456906769
75e6bdca12b3c5d7,363629,diabetes,286,base,0,0,0,0,1e-05,0.0,standard,64,64,64,2,103,2.5,mesuré ici,0.7825456053067993,0.5477306511967958,0.6038661902048806
75e6bdca12b3c5d7,363629,diabetes,286,base,0,0,0,0,1e-05,0.0,standard,128,128,128,0,103,2.5,mesuré ici,0.804519071310116,0.5199137522279064,0.6640805689927735
75e6bdca12b3c5d7,363629,diabetes,286,base,0,0,0,0,1e-05,0.0,standard,128,128,128,1,103,2.6,mesuré ici,0.7736318407960199,0.5461318036524049,0.603285028907627
75e6bdca12b3c5d7,363629,diabetes,286,base,0,0,0,0,1e-05,0.0,standard,128,128,128,2,103,2.5,mesuré ici,0.7657545605306799,0.553877457061513,0.6459439695589356
75e6bdca12b3c5d7,363629,diabetes,286,base,0,0,0,0,1e-05,0.0,standard,256,256,256,0,103,2.5,mesuré ici,0.7999585406301825,0.5221003859620422,0.6671298874363553
75e6bdca12b3c5d7,363629,diabetes,286,base,0,0,0,0,1e-05,0.0,standard,256,256,256,1,103,2.6,mesuré ici,0.8003731343283582,0.51390976223372,0.6967155686182591
75e6bdca12b3c5d7,363629,diabetes,286,base,0,0,0,0,1e-05,0.0,standard,256,256,256,2,103,2.6,mesuré ici,0.8030679933665008,0.5154786668945527,0.6647297495873095
75e6bdca12b3c5d7,363629,diabetes,286,base,0,0,0,0,1e-05,0.0,standard,full,286,286,0,103,2.6,mesuré ici,0.7983001658374793,0.522051232955868,0.6650673790634142
75e6bdca12b3c5d7,363632,E-CommereShippingData,4105,base,0,0,0,0,1e-05,0.0,standard,32,32,32,0,1024,4.7,mesuré ici,0.7103248356403783,0.615877019755436,0.7970161343833722
75e6bdca12b3c5d7,363632,E-CommereShippingData,4105,base,0,0,0,0,1e-05,0.0,standard,32,32,32,1,1024,4.6,mesuré ici,0.7449384369687291,0.5741911332194718,0.8511526720772982
75e6bdca12b3c5d7,363632,E-CommereShippingData,4105,base,0,0,0,0,1e-05,0.0,standard,32,32,32,2,1024,4.6,mesuré ici,0.7250706379808436,0.6204674881509059,0.834306836811692
75e6bdca12b3c5d7,363632,E-CommereShippingData,4105,base,0,0,0,0,1e-05,0.0,standard,64,64,64,0,1024,4.6,mesuré ici,0.7384195321447395,0.5254148351648061,0.8510380310096761
75e6bdca12b3c5d7,363632,E-CommereShippingData,4105,base,0,0,0,0,1e-05,0.0,standard,64,64,64,1,1024,4.6,mesuré ici,0.7065303971182082,0.6053729711695934,0.8253341262169941
75e6bdca12b3c5d7,363632,E-CommereShippingData,4105,base,0,0,0,0,1e-05,0.0,standard,64,64,64,2,1024,4.6,mesuré ici,0.724725869154286,0.5790629977340721,0.8400899393733844
75e6bdca12b3c5d7,363632,E-CommereShippingData,4105,base,0,0,0,0,1e-05,0.0,standard,128,128,128,0,1024,4.6,mesuré ici,0.7303808704818442,0.5242514732201955,0.84707574296993
75e6bdca12b3c5d7,363632,E-CommereShippingData,4105,base,0,0,0,0,1e-05,0.0,standard,128,128,128,1,1024,4.7,mesuré ici,0.741389695771232,0.5056670474283669,0.8558965604429476
75e6bdca12b3c5d7,363632,E-CommereShippingData,4105,base,0,0,0,0,1e-05,0.0,standard,128,128,128,2,1024,4.6,mesuré ici,0.7304938119939923,0.519752408658479,0.8486769027925338
75e6bdca12b3c5d7,363632,E-CommereShippingData,4105,base,0,0,0,0,1e-05,0.0,standard,256,256,256,0,1024,4.6,mesuré ici,0.7306860107076479,0.4999067900236034,0.8518821205753169
75e6bdca12b3c5d7,363632,E-CommereShippingData,4105,base,0,0,0,0,1e-05,0.0,standard,256,256,256,1,1024,4.6,mesuré ici,0.7446630181934906,0.5199698223614777,0.8556210274846676
75e6bdca12b3c5d7,363632,E-CommereShippingData,4105,base,0,0,0,0,1e-05,0.0,standard,256,256,256,2,1024,4.6,mesuré ici,0.7474390016762897,0.49801809464004687,0.8552792960002035
75e6bdca12b3c5d7,363632,E-CommereShippingData,4105,base,0,0,0,0,1e-05,0.0,standard,512,512,512,0,1024,4.6,mesuré ici,0.7484198095449448,0.49322148467894,0.855784465690305
75e6bdca12b3c5d7,363632,E-CommereShippingData,4105,base,0,0,0,0,1e-05,0.0,standard,1024,1024,1024,0,1024,4.7,mesuré ici,0.7363390306051683,0.4938369704271125,0.8518797493791219
75e6bdca12b3c5d7,363632,E-CommereShippingData,4105,base,0,0,0,0,1e-05,0.0,standard,2048,2048,2048,0,1024,5.7,mesuré ici,0.7469931799178103,0.49231332515748016,0.8567665458145748
75e6bdca12b3c5d7,363632,E-CommereShippingData,4105,base,0,0,0,0,1e-05,0.0,standard,full,4105,4105,0,1024,9.3,mesuré ici,0.7463076051247707,0.4896720522010108,0.8593057124225693
75e6bdca12b3c5d7,363671,Fitness_Club,560,base,0,0,0,0,1e-05,0.0,standard,32,32,32,0,200,2.9,mesuré ici,0.7975,0.46812876063815906,0.7175807079724946
75e6bdca12b3c5d7,363671,Fitness_Club,560,base,0,0,0,0,1e-05,0.0,standard,32,32,32,1,200,2.9,mesuré ici,0.8102380952380953,0.5414461064823425,0.632468731152308
75e6bdca12b3c5d7,363671,Fitness_Club,560,base,0,0,0,0,1e-05,0.0,standard,32,32,32,2,200,2.8,mesuré ici,0.8475595238095239,0.4370398253400992,0.7288698727030459
75e6bdca12b3c5d7,363671,Fitness_Club,560,base,0,0,0,0,1e-05,0.0,standard,64,64,64,0,200,2.9,mesuré ici,0.8352976190476191,0.475628606079574,0.692280509413937
75e6bdca12b3c5d7,363671,Fitness_Club,560,base,0,0,0,0,1e-05,0.0,standard,64,64,64,1,200,2.9,mesuré ici,0.7935119047619048,0.5083169687015119,0.6020444840792273
75e6bdca12b3c5d7,363671,Fitness_Club,560,base,0,0,0,0,1e-05,0.0,standard,64,64,64,2,200,2.9,mesuré ici,0.8357142857142856,0.4632350080123249,0.69146525089064
75e6bdca12b3c5d7,363671,Fitness_Club,560,base,0,0,0,0,1e-05,0.0,standard,128,128,128,0,200,2.8,mesuré ici,0.8554761904761905,0.4415810611812506,0.7515000803600534
75e6bdca12b3c5d7,363671,Fitness_Club,560,base,0,0,0,0,1e-05,0.0,standard,128,128,128,1,200,2.9,mesuré ici,0.8695238095238096,0.4130603413671568,0.7727206140752326
75e6bdca12b3c5d7,363671,Fitness_Club,560,base,0,0,0,0,1e-05,0.0,standard,128,128,128,2,200,2.9,mesuré ici,0.8636309523809523,0.42751149456550636,0.7566049107822267
75e6bdca12b3c5d7,363671,Fitness_Club,560,base,0,0,0,0,1e-05,0.0,standard,256,256,256,0,200,2.8,mesuré ici,0.861547619047619,0.4176690570265489,0.7657541869545845
75e6bdca12b3c5d7,363671,Fitness_Club,560,base,0,0,0,0,1e-05,0.0,standard,256,256,256,1,200,2.9,mesuré ici,0.8326190476190477,0.4466497109172424,0.726364019807586
75e6bdca12b3c5d7,363671,Fitness_Club,560,base,0,0,0,0,1e-05,0.0,standard,256,256,256,2,200,2.8,mesuré ici,0.856845238095238,0.4327094087000885,0.7579020674071185
75e6bdca12b3c5d7,363671,Fitness_Club,560,base,0,0,0,0,1e-05,0.0,standard,512,512,512,0,200,2.9,mesuré ici,0.8673809523809524,0.4153804106599208,0.7705859244887427
75e6bdca12b3c5d7,363671,Fitness_Club,560,base,0,0,0,0,1e-05,0.0,standard,full,560,560,0,200,2.8,mesuré ici,0.8672023809523809,0.4155904561451861,0.7707620434127597
75e6bdca12b3c5d7,363674,hazelnut-spread-contaminant-detection,896,base,0,0,0,0,1e-05,0.0,standard,32,32,32,0,320,3.0,mesuré ici,0.8864453125,0.49131047006529993,0.8661671378863528
75e6bdca12b3c5d7,363674,hazelnut-spread-contaminant-detection,896,base,0,0,0,0,1e-05,0.0,standard,32,32,32,1,320,3.1,mesuré ici,0.8858398437500001,0.4371631641402935,0.8616046917578477
75e6bdca12b3c5d7,363674,hazelnut-spread-contaminant-detection,896,base,0,0,0,0,1e-05,0.0,standard,32,32,32,2,320,3.0,mesuré ici,0.85056640625,0.47415381213634583,0.8198879964286746
75e6bdca12b3c5d7,363674,hazelnut-spread-contaminant-detection,896,base,0,0,0,0,1e-05,0.0,standard,64,64,64,0,320,3.1,mesuré ici,0.9421484375,0.35335211369373776,0.93703977095552
75e6bdca12b3c5d7,363674,hazelnut-spread-contaminant-detection,896,base,0,0,0,0,1e-05,0.0,standard,64,64,64,1,320,3.1,mesuré ici,0.9039453125000001,0.41529362113978385,0.8833863100125374
75e6bdca12b3c5d7,363674,hazelnut-spread-contaminant-detection,896,base,0,0,0,0,1e-05,0.0,standard,64,64,64,2,320,3.1,mesuré ici,0.9025390624999999,0.4082464227379369,0.8992308613942795
75e6bdca12b3c5d7,363674,hazelnut-spread-contaminant-detection,896,base,0,0,0,0,1e-05,0.0,standard,128,128,128,0,320,3.1,mesuré ici,0.93697265625,0.3354042148873131,0.9307240529700638
75e6bdca12b3c5d7,363674,hazelnut-spread-contaminant-detection,896,base,0,0,0,0,1e-05,0.0,standard,128,128,128,1,320,3.0,mesuré ici,0.94888671875,0.3098053694041292,0.9480474178728653
75e6bdca12b3c5d7,363674,hazelnut-spread-contaminant-detection,896,base,0,0,0,0,1e-05,0.0,standard,128,128,128,2,320,3.1,mesuré ici,0.97265625,0.22084545494440455,0.9688061756413717
75e6bdca12b3c5d7,363674,hazelnut-spread-contaminant-detection,896,base,0,0,0,0,1e-05,0.0,standard,256,256,256,0,320,3.0,mesuré ici,0.9659374999999999,0.25274802004867825,0.9649795997100437
75e6bdca12b3c5d7,363674,hazelnut-spread-contaminant-detection,896,base,0,0,0,0,1e-05,0.0,standard,256,256,256,1,320,3.1,mesuré ici,0.9799023437500001,0.19045862077590256,0.9772063730913457
75e6bdca12b3c5d7,363674,hazelnut-spread-contaminant-detection,896,base,0,0,0,0,1e-05,0.0,standard,256,256,256,2,320,3.1,mesuré ici,0.9780859375000001,0.20060616160728006,0.9797029315143622
75e6bdca12b3c5d7,363674,hazelnut-spread-contaminant-detection,896,base,0,0,0,0,1e-05,0.0,standard,512,512,512,0,320,3.0,mesuré ici,0.9871484375,0.15223697385378981,0.9873560426899817
75e6bdca12b3c5d7,363674,hazelnut-spread-contaminant-detection,896,base,0,0,0,0,1e-05,0.0,standard,full,896,896,0,320,3.1,mesuré ici,0.9941796875,0.09674029844759427,0.9940168305381243
75e6bdca12b3c5d7,363676,heloc,3903,base,0,0,0,0,1e-05,0.0,standard,32,32,32,0,1024,4.8,mesuré ici,0.7217247573186578,0.6465134387328784,0.7112008561603316
75e6bdca12b3c5d7,363676,heloc,3903,base,0,0,0,0,1e-05,0.0,standard,32,32,32,1,1024,4.8,mesuré ici,0.7213999082779179,0.620386168591608,0.6924739773548465
75e6bdca12b3c5d7,363676,heloc,3903,base,0,0,0,0,1e-05,0.0,standard,32,32,32,2,1024,4.8,mesuré ici,0.7604945348926087,0.6429964279063316,0.755186935170786
75e6bdca12b3c5d7,363676,heloc,3903,base,0,0,0,0,1e-05,0.0,standard,64,64,64,0,1024,4.9,mesuré ici,0.7669494764197814,0.5779677484236447,0.7500981010545293
75e6bdca12b3c5d7,363676,heloc,3903,base,0,0,0,0,1e-05,0.0,standard,64,64,64,1,1024,4.9,mesuré ici,0.7561874187877398,0.6349566474625369,0.6551802203173764
75e6bdca12b3c5d7,363676,heloc,3903,base,0,0,0,0,1e-05,0.0,standard,64,64,64,2,1024,4.8,mesuré ici,0.7038465948177024,0.6427719941717495,0.6816919325079664
75e6bdca12b3c5d7,363676,heloc,3903,base,0,0,0,0,1e-05,0.0,standard,128,128,128,0,1024,4.8,mesuré ici,0.7705381028816021,0.5749527019993719,0.7556323525743303
75e6bdca12b3c5d7,363676,heloc,3903,base,0,0,0,0,1e-05,0.0,standard,128,128,128,1,1024,4.7,mesuré ici,0.7908373461744247,0.5562225589570737,0.7679988646111887
75e6bdca12b3c5d7,363676,heloc,3903,base,0,0,0,0,1e-05,0.0,standard,128,128,128,2,1024,4.8,mesuré ici,0.7864270427272032,0.5624945073472233,0.7658317628317916
75e6bdca12b3c5d7,363676,heloc,3903,base,0,0,0,0,1e-05,0.0,standard,256,256,256,0,1024,4.8,mesuré ici,0.7865760911106014,0.5634571240726727,0.7584429192081501
75e6bdca12b3c5d7,363676,heloc,3903,base,0,0,0,0,1e-05,0.0,standard,256,256,256,1,1024,4.9,mesuré ici,0.7863888251929986,0.5657796407480906,0.7632025285193964
75e6bdca12b3c5d7,363676,heloc,3903,base,0,0,0,0,1e-05,0.0,standard,256,256,256,2,1024,4.8,mesuré ici,0.790562179928151,0.5561231410335948,0.7639305534828342
75e6bdca12b3c5d7,363676,heloc,3903,base,0,0,0,0,1e-05,0.0,standard,512,512,512,0,1024,4.9,mesuré ici,0.7916169838722005,0.55228525091112,0.7707765942077227
75e6bdca12b3c5d7,363676,heloc,3903,base,0,0,0,0,1e-05,0.0,standard,1024,1024,1024,0,1024,4.9,mesuré ici,0.8023656653672706,0.544040011543151,0.7716443265573356
75e6bdca12b3c5d7,363676,heloc,3903,base,0,0,0,0,1e-05,0.0,standard,2048,2048,2048,0,1024,6.3,mesuré ici,0.8121054039593365,0.5337399882099066,0.7858340334604073
75e6bdca12b3c5d7,363676,heloc,3903,base,0,0,0,0,1e-05,0.0,standard,full,3903,3903,0,1024,10.0,mesuré ici,0.8146487808606588,0.5301636699705587,0.7829365695790896
75e6bdca12b3c5d7,363679,HR_Analytics_Job_Change_of_Data_Scientists,7151,base,0,0,0,0,1e-05,0.0,standard,32,32,32,0,1024,4.7,mesuré ici,0.7157423697697545,0.493599147006592,0.48625121042522934
75e6bdca12b3c5d7,363679,HR_Analytics_Job_Change_of_Data_Scientists,7151,base,0,0,0,0,1e-05,0.0,standard,32,32,32,1,1024,4.8,mesuré ici,0.6803105637573625,0.5425022208195187,0.3950120435548564
75e6bdca12b3c5d7,363679,HR_Analytics_Job_Change_of_Data_Scientists,7151,base,0,0,0,0,1e-05,0.0,standard,32,32,32,2,1024,4.7,mesuré ici,0.7585609016038144,0.48622337512004865,0.5268676676270391
75e6bdca12b3c5d7,363679,HR_Analytics_Job_Change_of_Data_Scientists,7151,base,0,0,0,0,1e-05,0.0,standard,64,64,64,0,1024,4.7,mesuré ici,0.8015171218032077,0.48160630677573524,0.5352564538739941
75e6bdca12b3c5d7,363679,HR_Analytics_Job_Change_of_Data_Scientists,7151,base,0,0,0,0,1e-05,0.0,standard,64,64,64,1,1024,4.7,mesuré ici,0.7396415002932252,0.5106282032902436,0.447956823216175
75e6bdca12b3c5d7,363679,HR_Analytics_Job_Change_of_Data_Scientists,7151,base,0,0,0,0,1e-05,0.0,standard,64,64,64,2,1024,4.7,mesuré ici,0.7280246819143783,0.5010412209459097,0.45269600453807485
75e6bdca12b3c5d7,363679,HR_Analytics_Job_Change_of_Data_Scientists,7151,base,0,0,0,0,1e-05,0.0,standard,128,128,128,0,1024,4.7,mesuré ici,0.7712256814299192,0.49665465912592166,0.5327820875089389
75e6bdca12b3c5d7,363679,HR_Analytics_Job_Change_of_Data_Scientists,7151,base,0,0,0,0,1e-05,0.0,standard,128,128,128,1,1024,4.7,mesuré ici,0.783495244651827,0.4650684690050949,0.5001134518671055
75e6bdca12b3c5d7,363679,HR_Analytics_Job_Change_of_Data_Scientists,7151,base,0,0,0,0,1e-05,0.0,standard,128,128,128,2,1024,4.7,mesuré ici,0.7790229225630434,0.4716660023914272,0.5309676204718673
75e6bdca12b3c5d7,363679,HR_Analytics_Job_Change_of_Data_Scientists,7151,base,0,0,0,0,1e-05,0.0,standard,256,256,256,0,1024,4.7,mesuré ici,0.8161095387439761,0.4388343621503581,0.5698346982478656
75e6bdca12b3c5d7,363679,HR_Analytics_Job_Change_of_Data_Scientists,7151,base,0,0,0,0,1e-05,0.0,standard,256,256,256,1,1024,4.7,mesuré ici,0.8219102985797702,0.4326974453333196,0.5789114137062059
75e6bdca12b3c5d7,363679,HR_Analytics_Job_Change_of_Data_Scientists,7151,base,0,0,0,0,1e-05,0.0,standard,256,256,256,2,1024,4.7,mesuré ici,0.8030214946836992,0.45744818484529287,0.558392459867689
75e6bdca12b3c5d7,363679,HR_Analytics_Job_Change_of_Data_Scientists,7151,base,0,0,0,0,1e-05,0.0,standard,512,512,512,0,1024,4.8,mesuré ici,0.8126800785333639,0.4327699050332108,0.5586928976021511
75e6bdca12b3c5d7,363679,HR_Analytics_Job_Change_of_Data_Scientists,7151,base,0,0,0,0,1e-05,0.0,standard,1024,1024,1024,0,1024,4.8,mesuré ici,0.8159616512404703,0.43846280535020044,0.5517468343899835
75e6bdca12b3c5d7,363679,HR_Analytics_Job_Change_of_Data_Scientists,7151,base,0,0,0,0,1e-05,0.0,standard,2048,2048,2048,0,1024,5.8,mesuré ici,0.8309900813381269,0.4263629644943913,0.5529635695731395
75e6bdca12b3c5d7,363679,HR_Analytics_Job_Change_of_Data_Scientists,7151,base,0,0,0,0,1e-05,0.0,standard,full,7151,7151,0,1024,17.2,mesuré ici,0.8379331446492772,0.41306879955079623,0.5742973288585442
75e6bdca12b3c5d7,363681,in_vehicle_coupon_recommendation,4734,base,0,0,0,0,1e-05,0.0,standard,32,32,32,0,1024,4.8,mesuré ici,0.5314642907123198,0.6873911013273809,0.6019591414178331
75e6bdca12b3c5d7,363681,in_vehicle_coupon_recommendation,4734,base,0,0,0,0,1e-05,0.0,standard,32,32,32,1,1024,4.8,mesuré ici,0.5454082505325684,0.6862153261532207,0.6016441002433713
75e6bdca12b3c5d7,363681,in_vehicle_coupon_recommendation,4734,base,0,0,0,0,1e-05,0.0,standard,32,32,32,2,1024,4.8,mesuré ici,0.6231301799070144,0.6730285319279349,0.6800177535053086
75e6bdca12b3c5d7,363681,in_vehicle_coupon_recommendation,4734,base,0,0,0,0,1e-05,0.0,standard,64,64,64,0,1024,4.8,mesuré ici,0.6216763073191212,0.6650872161301442,0.6755342596072316
75e6bdca12b3c5d7,363681,in_vehicle_coupon_recommendation,4734,base,0,0,0,0,1e-05,0.0,standard,64,64,64,1,1024,4.8,mesuré ici,0.6108111365085289,0.6667034747407388,0.6607595527753332
75e6bdca12b3c5d7,363681,in_vehicle_coupon_recommendation,4734,base,0,0,0,0,1e-05,0.0,standard,64,64,64,2,1024,4.7,mesuré ici,0.6322071651816952,0.677306484297292,0.6720313952029998
75e6bdca12b3c5d7,363681,in_vehicle_coupon_recommendation,4734,base,0,0,0,0,1e-05,0.0,standard,128,128,128,0,1024,5.0,mesuré ici,0.6783384646483495,0.6356843554098033,0.7125225679742839
75e6bdca12b3c5d7,363681,in_vehicle_coupon_recommendation,4734,base,0,0,0,0,1e-05,0.0,standard,128,128,128,1,1024,4.9,mesuré ici,0.5727169535538243,0.6818988732597342,0.6469433292446576
75e6bdca12b3c5d7,363681,in_vehicle_coupon_recommendation,4734,base,0,0,0,0,1e-05,0.0,standard,128,128,128,2,1024,5.0,mesuré ici,0.6398283341885525,0.669022586830657,0.6999508295612189
75e6bdca12b3c5d7,363681,in_vehicle_coupon_recommendation,4734,base,0,0,0,0,1e-05,0.0,standard,256,256,256,0,1024,4.9,mesuré ici,0.6763578547993345,0.6393130743795552,0.71046995278167
75e6bdca12b3c5d7,363681,in_vehicle_coupon_recommendation,4734,base,0,0,0,0,1e-05,0.0,standard,256,256,256,1,1024,5.0,mesuré ici,0.6579045575407007,0.6439459675752177,0.7110936849391218
75e6bdca12b3c5d7,363681,in_vehicle_coupon_recommendation,4734,base,0,0,0,0,1e-05,0.0,standard,256,256,256,2,1024,4.9,mesuré ici,0.7176357854799335,0.6120375540519107,0.7633655707843576
75e6bdca12b3c5d7,363681,in_vehicle_coupon_recommendation,4734,base,0,0,0,0,1e-05,0.0,standard,512,512,512,0,1024,4.9,mesuré ici,0.7282657710189547,0.6028715424168234,0.7543668271325957
75e6bdca12b3c5d7,363681,in_vehicle_coupon_recommendation,4734,base,0,0,0,0,1e-05,0.0,standard,1024,1024,1024,0,1024,4.9,mesuré ici,0.7441747912487755,0.5872854146539258,0.7865235157569874
75e6bdca12b3c5d7,363681,in_vehicle_coupon_recommendation,4734,base,0,0,0,0,1e-05,0.0,standard,2048,2048,2048,0,1024,6.7,mesuré ici,0.7944986083251698,0.5394250835363354,0.8170665085101789
75e6bdca12b3c5d7,363681,in_vehicle_coupon_recommendation,4734,base,0,0,0,0,1e-05,0.0,standard,full,4734,4734,0,1024,12.5,mesuré ici,0.8234633266470744,0.5008187075294446,0.8448114919850479
75e6bdca12b3c5d7,363689,NATICUSdroid,2796,base,0,0,0,0,1e-05,0.0,standard,32,32,32,0,999,4.9,mesuré ici,0.96458727712965,0.24086158990524387,0.945613869481924
75e6bdca12b3c5d7,363689,NATICUSdroid,2796,base,0,0,0,0,1e-05,0.0,standard,32,32,32,1,999,4.8,mesuré ici,0.9166696015848558,0.33883705143052245,0.8877668604466327
75e6bdca12b3c5d7,363689,NATICUSdroid,2796,base,0,0,0,0,1e-05,0.0,standard,32,32,32,2,999,4.8,mesuré ici,0.9541756548536211,0.29874894086038617,0.9274504016556141
75e6bdca12b3c5d7,363689,NATICUSdroid,2796,base,0,0,0,0,1e-05,0.0,standard,64,64,64,0,999,4.8,mesuré ici,0.954701738939027,0.2843840322336383,0.9473967898252352
75e6bdca12b3c5d7,363689,NATICUSdroid,2796,base,0,0,0,0,1e-05,0.0,standard,64,64,64,1,999,4.8,mesuré ici,0.967310147479639,0.2288811208556665,0.9585789395357251
75e6bdca12b3c5d7,363689,NATICUSdroid,2796,base,0,0,0,0,1e-05,0.0,standard,64,64,64,2,999,4.8,mesuré ici,0.9451111600264144,0.30378736952129776,0.923420399688664
75e6bdca12b3c5d7,363689,NATICUSdroid,2796,base,0,0,0,0,1e-05,0.0,standard,128,128,128,0,999,6.3,mesuré ici,0.947426810477658,0.29164233436054704,0.9265807738493911
75e6bdca12b3c5d7,363689,NATICUSdroid,2796,base,0,0,0,0,1e-05,0.0,standard,128,128,128,1,999,6.1,mesuré ici,0.9680189302223199,0.23569160955684798,0.9540019824675673
75e6bdca12b3c5d7,363689,NATICUSdroid,2796,base,0,0,0,0,1e-05,0.0,standard,128,128,128,2,999,6.2,mesuré ici,0.9562491745542592,0.24413242778912764,0.9491321151184352
75e6bdca12b3c5d7,363689,NATICUSdroid,2796,base,0,0,0,0,1e-05,0.0,standard,256,256,256,0,999,6.3,mesuré ici,0.9780739599383667,0.17620464755357626,0.9695618620774173
75e6bdca12b3c5d7,363689,NATICUSdroid,2796,base,0,0,0,0,1e-05,0.0,standard,256,256,256,1,999,6.2,mesuré ici,0.9747017389390271,0.1891748911273539,0.9653583819651059
75e6bdca12b3c5d7,363689,NATICUSdroid,2796,base,0,0,0,0,1e-05,0.0,standard,256,256,256,2,999,6.3,mesuré ici,0.9740149680827648,0.18469089015397278,0.9637940340173731
75e6bdca12b3c5d7,363689,NATICUSdroid,2796,base,0,0,0,0,1e-05,0.0,standard,512,512,512,0,999,6.4,mesuré ici,0.976451683909311,0.18077271720996524,0.9669785712154632
75e6bdca12b3c5d7,363689,NATICUSdroid,2796,base,0,0,0,0,1e-05,0.0,standard,1024,1024,1024,0,999,7.3,mesuré ici,0.9811820383006824,0.16287344484020375,0.9715021548029957
75e6bdca12b3c5d7,363689,NATICUSdroid,2796,base,0,0,0,0,1e-05,0.0,standard,2048,2048,2048,0,999,11.9,mesuré ici,0.9852410301562844,0.14608736138165887,0.9768711546207465
75e6bdca12b3c5d7,363689,NATICUSdroid,2796,base,0,0,0,0,1e-05,0.0,standard,full,2796,2796,0,999,14.4,mesuré ici,0.9860312568787145,0.13947131631021575,0.9784570361114895
75e6bdca12b3c5d7,363691,online_shoppers_intention,4603,base,0,0,0,0,1e-05,0.0,standard,32,32,32,0,1024,4.6,mesuré ici,0.9016502470254626,0.31040050433232985,0.6299723456622655
75e6bdca12b3c5d7,363691,online_shoppers_intention,4603,base,0,0,0,0,1e-05,0.0,standard,32,32,32,1,1024,4.7,mesuré ici,0.8463618557605168,0.32398733167530697,0.5191700170005561
75e6bdca12b3c5d7,363691,online_shoppers_intention,4603,base,0,0,0,0,1e-05,0.0,standard,32,32,32,2,1024,4.7,mesuré ici,0.7707194433887801,0.3770551452568057,0.3821309924024239
75e6bdca12b3c5d7,363691,online_shoppers_intention,4603,base,0,0,0,0,1e-05,0.0,standard,64,64,64,0,1024,4.7,mesuré ici,0.8331445318209723,0.3569045055966753,0.4912260467579033
75e6bdca12b3c5d7,363691,online_shoppers_intention,4603,base,0,0,0,0,1e-05,0.0,standard,64,64,64,1,1024,4.6,mesuré ici,0.8863134738503814,0.28188876186233947,0.5691099135726486
75e6bdca12b3c5d7,363691,online_shoppers_intention,4603,base,0,0,0,0,1e-05,0.0,standard,64,64,64,2,1024,4.6,mesuré ici,0.8571747010845733,0.34685350044736574,0.5969592745878393
75e6bdca12b3c5d7,363691,online_shoppers_intention,4603,base,0,0,0,0,1e-05,0.0,standard,128,128,128,0,1024,4.6,mesuré ici,0.8855607039494839,0.292031644209491,0.5795437650927774
75e6bdca12b3c5d7,363691,online_shoppers_intention,4603,base,0,0,0,0,1e-05,0.0,standard,128,128,128,1,1024,4.7,mesuré ici,0.8884219604174584,0.2867268500439061,0.6161233567934904
75e6bdca12b3c5d7,363691,online_shoppers_intention,4603,base,0,0,0,0,1e-05,0.0,standard,128,128,128,2,1024,4.7,mesuré ici,0.8991215248340982,0.2743304232903725,0.6451265534878541
75e6bdca12b3c5d7,363691,online_shoppers_intention,4603,base,0,0,0,0,1e-05,0.0,standard,256,256,256,0,1024,4.7,mesuré ici,0.9062399508872453,0.2620168755890253,0.6861135399138063
75e6bdca12b3c5d7,363691,online_shoppers_intention,4603,base,0,0,0,0,1e-05,0.0,standard,256,256,256,1,1024,4.6,mesuré ici,0.9080524454059111,0.29049116434596256,0.661001971678441
75e6bdca12b3c5d7,363691,online_shoppers_intention,4603,base,0,0,0,0,1e-05,0.0,standard,256,256,256,2,1024,4.6,mesuré ici,0.8884731195369369,0.2784010809241644,0.641887938787663
75e6bdca12b3c5d7,363691,online_shoppers_intention,4603,base,0,0,0,0,1e-05,0.0,standard,512,512,512,0,1024,4.6,mesuré ici,0.9107784956295495,0.2621060074059415,0.6470511800338127
75e6bdca12b3c5d7,363691,online_shoppers_intention,4603,base,0,0,0,0,1e-05,0.0,standard,1024,1024,1024,0,1024,4.7,mesuré ici,0.9283553073932236,0.23685837141116467,0.7115571302379131
75e6bdca12b3c5d7,363691,online_shoppers_intention,4603,base,0,0,0,0,1e-05,0.0,standard,2048,2048,2048,0,1024,6.1,mesuré ici,0.9280812406817319,0.2389512697725475,0.7086164767140045
75e6bdca12b3c5d7,363691,online_shoppers_intention,4603,base,0,0,0,0,1e-05,0.0,standard,full,4603,4603,0,1024,11.1,mesuré ici,0.9312786856491361,0.23148802239156485,0.7316238757218887
75e6bdca12b3c5d7,363694,polish_companies_bankruptcy,2206,base,0,0,0,0,1e-05,0.0,standard,32,32,32,0,788,4.4,mesuré ici,0.7368969366240853,0.23664556331861436,0.2155490704161424
75e6bdca12b3c5d7,363694,polish_companies_bankruptcy,2206,base,0,0,0,0,1e-05,0.0,standard,32,32,32,1,788,4.3,mesuré ici,0.7504154781098846,0.2756214030278983,0.2724107716614757
75e6bdca12b3c5d7,363694,polish_companies_bankruptcy,2206,base,0,0,0,0,1e-05,0.0,standard,32,32,32,2,788,4.3,mesuré ici,0.7629790400595311,0.2254760135757676,0.25237378134546234
75e6bdca12b3c5d7,363694,polish_companies_bankruptcy,2206,base,0,0,0,0,1e-05,0.0,standard,64,64,64,0,788,4.3,mesuré ici,0.8001860349745752,0.21073595384871155,0.32544440717960066
75e6bdca12b3c5d7,363694,polish_companies_bankruptcy,2206,base,0,0,0,0,1e-05,0.0,standard,64,64,64,1,788,4.3,mesuré ici,0.748679151680516,0.2271332537086499,0.28958922613984933
75e6bdca12b3c5d7,363694,polish_companies_bankruptcy,2206,base,0,0,0,0,1e-05,0.0,standard,64,64,64,2,788,4.3,mesuré ici,0.7781967009797841,0.2146369951520992,0.2741147777792532
75e6bdca12b3c5d7,363694,polish_companies_bankruptcy,2206,base,0,0,0,0,1e-05,0.0,standard,128,128,128,0,788,4.3,mesuré ici,0.8551655711273719,0.18892164123952104,0.39787156760946846
75e6bdca12b3c5d7,363694,polish_companies_bankruptcy,2206,base,0,0,0,0,1e-05,0.0,standard,128,128,128,1,788,4.4,mesuré ici,0.8006201165819173,0.20978127921726683,0.2780039534122061
75e6bdca12b3c5d7,363694,polish_companies_bankruptcy,2206,base,0,0,0,0,1e-05,0.0,standard,128,128,128,2,788,4.3,mesuré ici,0.7897556740667246,0.2173195275685446,0.21886114231560536
75e6bdca12b3c5d7,363694,polish_companies_bankruptcy,2206,base,0,0,0,0,1e-05,0.0,standard,256,256,256,0,788,4.4,mesuré ici,0.8679895820414238,0.19168978493019495,0.3310988762432861
75e6bdca12b3c5d7,363694,polish_companies_bankruptcy,2206,base,0,0,0,0,1e-05,0.0,standard,256,256,256,1,788,4.4,mesuré ici,0.8295175492992684,0.19566106741199865,0.40464308541105537
75e6bdca12b3c5d7,363694,polish_companies_bankruptcy,2206,base,0,0,0,0,1e-05,0.0,standard,256,256,256,2,788,4.3,mesuré ici,0.7916532308073918,0.2209631903892675,0.283378297892301
75e6bdca12b3c5d7,363694,polish_companies_bankruptcy,2206,base,0,0,0,0,1e-05,0.0,standard,512,512,512,0,788,4.5,mesuré ici,0.953739302988962,0.11644296661997273,0.7446771527639403
75e6bdca12b3c5d7,363694,polish_companies_bankruptcy,2206,base,0,0,0,0,1e-05,0.0,standard,1024,1024,1024,0,788,4.8,mesuré ici,0.9712886022572244,0.08899483364454888,0.8371638610788684
75e6bdca12b3c5d7,363694,polish_companies_bankruptcy,2206,base,0,0,0,0,1e-05,0.0,standard,2048,2048,2048,0,788,7.8,mesuré ici,0.9830088056554632,0.07048138207680373,0.8965389173097474
75e6bdca12b3c5d7,363694,polish_companies_bankruptcy,2206,base,0,0,0,0,1e-05,0.0,standard,full,2206,2206,0,788,8.2,mesuré ici,0.986134193228327,0.06649469070293638,0.9052378006830069
75e6bdca12b3c5d7,363696,qsar-biodeg,392,base,0,0,0,0,1e-05,0.0,standard,32,32,32,0,141,2.8,mesuré ici,0.8991625169760072,0.47083509593174017,0.8588478957626084
75e6bdca12b3c5d7,363696,qsar-biodeg,392,base,0,0,0,0,1e-05,0.0,standard,32,32,32,1,141,2.7,mesuré ici,0.9006337709370755,0.39035854313468626,0.8542957704920733
75e6bdca12b3c5d7,363696,qsar-biodeg,392,base,0,0,0,0,1e-05,0.0,standard,32,32,32,2,141,2.8,mesuré ici,0.8165459483929379,0.4782880054943614,0.7469284209515114
75e6bdca12b3c5d7,363696,qsar-biodeg,392,base,0,0,0,0,1e-05,0.0,standard,64,64,64,0,141,2.7,mesuré ici,0.911272068809416,0.3502688486793508,0.8962376427768499
75e6bdca12b3c5d7,363696,qsar-biodeg,392,base,0,0,0,0,1e-05,0.0,standard,64,64,64,1,141,2.7,mesuré ici,0.891014033499321,0.39338818085691746,0.8170797962520864
75e6bdca12b3c5d7,363696,qsar-biodeg,392,base,0,0,0,0,1e-05,0.0,standard,64,64,64,2,141,2.7,mesuré ici,0.9330013580805795,0.3151183592978226,0.8937324205128663
75e6bdca12b3c5d7,363696,qsar-biodeg,392,base,0,0,0,0,1e-05,0.0,standard,128,128,128,0,141,2.8,mesuré ici,0.9139882299683114,0.343402252798807,0.8903464886837342
75e6bdca12b3c5d7,363696,qsar-biodeg,392,base,0,0,0,0,1e-05,0.0,standard,128,128,128,1,141,2.7,mesuré ici,0.914440923494794,0.3237459934598648,0.8793035412556353
75e6bdca12b3c5d7,363696,qsar-biodeg,392,base,0,0,0,0,1e-05,0.0,standard,128,128,128,2,141,2.8,mesuré ici,0.9167043911272069,0.3314249780253377,0.8902042800597585
75e6bdca12b3c5d7,363696,qsar-biodeg,392,base,0,0,0,0,1e-05,0.0,standard,256,256,256,0,141,2.8,mesuré ici,0.9021050248981439,0.3609110031726199,0.8750350040920689
75e6bdca12b3c5d7,363696,qsar-biodeg,392,base,0,0,0,0,1e-05,0.0,standard,256,256,256,1,141,2.8,mesuré ici,0.9128564961521051,0.3327238214031014,0.8825212694437892
75e6bdca12b3c5d7,363696,qsar-biodeg,392,base,0,0,0,0,1e-05,0.0,standard,256,256,256,2,141,2.8,mesuré ici,0.9330013580805794,0.2966957183940391,0.9201548926976012
75e6bdca12b3c5d7,363696,qsar-biodeg,392,base,0,0,0,0,1e-05,0.0,standard,full,392,392,0,141,2.8,mesuré ici,0.9277953825260299,0.30321596725944766,0.9079455397314323
75e6bdca12b3c5d7,363700,seismic-bumps,963,base,0,0,0,0,1e-05,0.0,standard,32,32,32,0,345,3.3,mesuré ici,0.670807453416149,0.23069508971551564,0.1884120695087801
75e6bdca12b3c5d7,363700,seismic-bumps,963,base,0,0,0,0,1e-05,0.0,standard,32,32,32,1,345,3.2,mesuré ici,0.6411693221712126,0.24317547858313052,0.10283005645508332
75e6bdca12b3c5d7,363700,seismic-bumps,963,base,0,0,0,0,1e-05,0.0,standard,32,32,32,2,345,3.3,mesuré ici,0.6984201998379692,0.23563732201605547,0.11251147196886542
75e6bdca12b3c5d7,363700,seismic-bumps,963,base,0,0,0,0,1e-05,0.0,standard,64,64,64,0,345,3.2,mesuré ici,0.6340804752903052,0.25393217795936074,0.12596083591788
75e6bdca12b3c5d7,363700,seismic-bumps,963,base,0,0,0,0,1e-05,0.0,standard,64,64,64,1,345,3.2,mesuré ici,0.6862003780718336,0.2297097377167988,0.25826967586213384
75e6bdca12b3c5d7,363700,seismic-bumps,963,base,0,0,0,0,1e-05,0.0,standard,64,64,64,2,345,3.2,mesuré ici,0.7341344855522548,0.2661861612265805,0.1495775802347856
75e6bdca12b3c5d7,363700,seismic-bumps,963,base,0,0,0,0,1e-05,0.0,standard,128,128,128,0,345,3.3,mesuré ici,0.709424790710235,0.22900892340133625,0.1475610142706585
75e6bdca12b3c5d7,363700,seismic-bumps,963,base,0,0,0,0,1e-05,0.0,standard,128,128,128,1,345,3.2,mesuré ici,0.7285984337024034,0.22434407979395182,0.29171376708454555
75e6bdca12b3c5d7,363700,seismic-bumps,963,base,0,0,0,0,1e-05,0.0,standard,128,128,128,2,345,3.2,mesuré ici,0.5983661895760194,0.2574361999508056,0.13988326701890041
75e6bdca12b3c5d7,363700,seismic-bumps,963,base,0,0,0,0,1e-05,0.0,standard,256,256,256,0,345,3.3,mesuré ici,0.7238050229543613,0.22153557148427147,0.2571187039968767
75e6bdca12b3c5d7,363700,seismic-bumps,963,base,0,0,0,0,1e-05,0.0,standard,256,256,256,1,345,3.2,mesuré ici,0.7297461517688361,0.22622827836656834,0.18685487780034202
75e6bdca12b3c5d7,363700,seismic-bumps,963,base,0,0,0,0,1e-05,0.0,standard,256,256,256,2,345,3.2,mesuré ici,0.6762759924385632,0.24103857378427726,0.14963474921135034
75e6bdca12b3c5d7,363700,seismic-bumps,963,base,0,0,0,0,1e-05,0.0,standard,512,512,512,0,345,3.3,mesuré ici,0.772211720226843,0.21489761814618402,0.20364194034099295
75e6bdca12b3c5d7,363700,seismic-bumps,963,base,0,0,0,0,1e-05,0.0,standard,full,963,963,0,345,3.3,mesuré ici,0.7575614366729678,0.21562992659474842,0.2344538685028455
75e6bdca12b3c5d7,363706,taiwanese_bankruptcy_prediction,2545,base,0,0,0,0,1e-05,0.0,standard,32,32,32,0,910,4.7,mesuré ici,0.9169047712239227,0.11009254902225864,0.18808634150809056
75e6bdca12b3c5d7,363706,taiwanese_bankruptcy_prediction,2545,base,0,0,0,0,1e-05,0.0,standard,32,32,32,1,910,4.6,mesuré ici,0.9377470742494813,0.12148794970147395,0.2872469661005929
75e6bdca12b3c5d7,363706,taiwanese_bankruptcy_prediction,2545,base,0,0,0,0,1e-05,0.0,standard,32,32,32,2,910,4.6,mesuré ici,0.8391130768327528,0.14712957412926836,0.18479613883382978
75e6bdca12b3c5d7,363706,taiwanese_bankruptcy_prediction,2545,base,0,0,0,0,1e-05,0.0,standard,64,64,64,0,910,4.6,mesuré ici,0.7514188422247445,0.1492133504157245,0.1872633441901304
75e6bdca12b3c5d7,363706,taiwanese_bankruptcy_prediction,2545,base,0,0,0,0,1e-05,0.0,standard,64,64,64,1,910,4.7,mesuré ici,0.8135739167873498,0.1251421558777289,0.11197186937121266
75e6bdca12b3c5d7,363706,taiwanese_bankruptcy_prediction,2545,base,0,0,0,0,1e-05,0.0,standard,64,64,64,2,910,4.7,mesuré ici,0.8801518650436416,0.10862773884223391,0.21822245769956944
75e6bdca12b3c5d7,363706,taiwanese_bankruptcy_prediction,2545,base,0,0,0,0,1e-05,0.0,standard,128,128,128,0,910,4.7,mesuré ici,0.8503855336803788,0.1346395431046128,0.16291807331912117
75e6bdca12b3c5d7,363706,taiwanese_bankruptcy_prediction,2545,base,0,0,0,0,1e-05,0.0,standard,128,128,128,1,910,4.7,mesuré ici,0.8692316724725038,0.11420209626001636,0.26167335798702074
75e6bdca12b3c5d7,363706,taiwanese_bankruptcy_prediction,2545,base,0,0,0,0,1e-05,0.0,standard,128,128,128,2,910,4.7,mesuré ici,0.8672159380014873,0.11178518728611293,0.24871084173671945
75e6bdca12b3c5d7,363706,taiwanese_bankruptcy_prediction,2545,base,0,0,0,0,1e-05,0.0,standard,256,256,256,0,910,4.7,mesuré ici,0.8897804219343223,0.10406247241107008,0.2944425554490405
75e6bdca12b3c5d7,363706,taiwanese_bankruptcy_prediction,2545,base,0,0,0,0,1e-05,0.0,standard,256,256,256,1,910,4.8,mesuré ici,0.9123644761047399,0.09399952519781667,0.3745544660015558
75e6bdca12b3c5d7,363706,taiwanese_bankruptcy_prediction,2545,base,0,0,0,0,1e-05,0.0,standard,256,256,256,2,910,4.7,mesuré ici,0.9233238091510431,0.09463472586618665,0.32230823843421635
75e6bdca12b3c5d7,363706,taiwanese_bankruptcy_prediction,2545,base,0,0,0,0,1e-05,0.0,standard,512,512,512,0,910,4.9,mesuré ici,0.9354573564523073,0.08653128790734886,0.4560327049401906
75e6bdca12b3c5d7,363706,taiwanese_bankruptcy_prediction,2545,base,0,0,0,0,1e-05,0.0,standard,1024,1024,1024,0,910,6.1,mesuré ici,0.9370816861716701,0.08584639700779839,0.3999508880037876
75e6bdca12b3c5d7,363706,taiwanese_bankruptcy_prediction,2545,base,0,0,0,0,1e-05,0.0,standard,2048,2048,2048,0,910,10.5,mesuré ici,0.9422090884183334,0.08191709290287412,0.46522020240263984
75e6bdca12b3c5d7,363706,taiwanese_bankruptcy_prediction,2545,base,0,0,0,0,1e-05,0.0,standard,full,2545,2545,0,910,12.1,mesuré ici,0.9442639633645152,0.07943390152465438,0.5321575108329604
75e6bdca12b3c5d7,363712,jm1,4062,base,0,0,0,0,1e-05,0.0,standard,32,32,32,0,1024,4.8,mesuré ici,0.6246851077359552,0.7329410363717517,0.26440024137019935
75e6bdca12b3c5d7,363712,jm1,4062,base,0,0,0,0,1e-05,0.0,standard,32,32,32,1,1024,4.8,mesuré ici,0.6375406608457456,0.5857247215542094,0.26829379526939895
75e6bdca12b3c5d7,363712,jm1,4062,base,0,0,0,0,1e-05,0.0,standard,32,32,32,2,1024,4.8,mesuré ici,0.47999058380414317,0.5006203709390864,0.236407087419358
75e6bdca12b3c5d7,363712,jm1,4062,base,0,0,0,0,1e-05,0.0,standard,64,64,64,0,1024,4.7,mesuré ici,0.6435113850368088,0.4874320731015416,0.27721063429455184
75e6bdca12b3c5d7,363712,jm1,4062,base,0,0,0,0,1e-05,0.0,standard,64,64,64,1,1024,4.8,mesuré ici,0.6346087998630372,0.47084361158341936,0.30189712008290776
75e6bdca12b3c5d7,363712,jm1,4062,base,0,0,0,0,1e-05,0.0,standard,64,64,64,2,1024,4.8,mesuré ici,0.6299679604764351,0.5074137698461394,0.2715566365079487
75e6bdca12b3c5d7,363712,jm1,4062,base,0,0,0,0,1e-05,0.0,standard,128,128,128,0,1024,4.8,mesuré ici,0.6211051189864749,0.47825579698948273,0.2996793340022296
75e6bdca12b3c5d7,363712,jm1,4062,base,0,0,0,0,1e-05,0.0,standard,128,128,128,1,1024,4.9,mesuré ici,0.6474643529728275,0.47653700694607143,0.32343350539037463
75e6bdca12b3c5d7,363712,jm1,4062,base,0,0,0,0,1e-05,0.0,standard,128,128,128,2,1024,5.0,mesuré ici,0.6451347616601855,0.469244795918151,0.3319823950792133
75e6bdca12b3c5d7,363712,jm1,4062,base,0,0,0,0,1e-05,0.0,standard,256,256,256,0,1024,5.0,mesuré ici,0.6668164697825716,0.46647280139567276,0.36058827057274734
75e6bdca12b3c5d7,363712,jm1,4062,base,0,0,0,0,1e-05,0.0,standard,256,256,256,1,1024,4.8,mesuré ici,0.6913933524103015,0.4572634189009317,0.34426124535102864
75e6bdca12b3c5d7,363712,jm1,4062,base,0,0,0,0,1e-05,0.0,standard,256,256,256,2,1024,4.8,mesuré ici,0.6522580526817816,0.472835620326331,0.3056519787987592
75e6bdca12b3c5d7,363712,jm1,4062,base,0,0,0,0,1e-05,0.0,standard,512,512,512,0,1024,4.8,mesuré ici,0.669020715630885,0.46440072606125005,0.33334753808082684
75e6bdca12b3c5d7,363712,jm1,4062,base,0,0,0,0,1e-05,0.0,standard,1024,1024,1024,0,1024,4.9,mesuré ici,0.6893664245359161,0.4626136783645718,0.35126763930041366
75e6bdca12b3c5d7,363712,jm1,4062,base,0,0,0,0,1e-05,0.0,standard,2048,2048,2048,0,1024,6.2,mesuré ici,0.7132065204099102,0.4423421247707897,0.3800294611979816
75e6bdca12b3c5d7,363712,jm1,4062,base,0,0,0,0,1e-05,0.0,standard,full,4062,4062,0,1024,10.4,mesuré ici,0.7336408883019051,0.42841097620935237,0.4315538055508809
75e6bdca12b3c5d7,363626,credit-g,372,ep230_25,25,102,128,230,1e-05,0.0,standard,32,32,32,0,134,3.0,mesuré ici,0.6216755319148937,0.5954830683095936,0.7799147022320103
75e6bdca12b3c5d7,363626,credit-g,372,ep230_25,25,102,128,230,1e-05,0.0,standard,32,32,32,1,134,2.8,mesuré ici,0.575531914893617,0.6158298862376207,0.7612678997911544
75e6bdca12b3c5d7,363626,credit-g,372,ep230_25,25,102,128,230,1e-05,0.0,standard,32,32,32,2,134,2.7,mesuré ici,0.7574468085106383,0.5392484685588954,0.8891146017933571
75e6bdca12b3c5d7,363626,credit-g,372,ep230_25,25,102,128,230,1e-05,0.0,standard,64,64,64,0,134,2.8,mesuré ici,0.7744680851063831,0.5094526745962469,0.8977862633332427
75e6bdca12b3c5d7,363626,credit-g,372,ep230_25,25,102,128,230,1e-05,0.0,standard,64,64,64,1,134,2.8,mesuré ici,0.6928191489361701,0.5584171750738385,0.8369308191823239
75e6bdca12b3c5d7,363626,credit-g,372,ep230_25,25,102,128,230,1e-05,0.0,standard,64,64,64,2,134,2.8,mesuré ici,0.6861702127659575,0.5737969041373089,0.838168140880509
75e6bdca12b3c5d7,363626,credit-g,372,ep230_25,25,102,128,230,1e-05,0.0,standard,128,128,128,0,134,2.8,mesuré ici,0.7376329787234043,0.5549964848052061,0.8755628254420983
75e6bdca12b3c5d7,363626,credit-g,372,ep230_25,25,102,128,230,1e-05,0.0,standard,128,128,128,1,134,2.8,mesuré ici,0.7744680851063831,0.505040386109605,0.8898999598538035
75e6bdca12b3c5d7,363626,credit-g,372,ep230_25,25,102,128,230,1e-05,0.0,standard,128,128,128,2,134,2.9,mesuré ici,0.7726063829787234,0.5074884459464636,0.8986589541140861
75e6bdca12b3c5d7,363626,credit-g,372,ep230_25,25,102,128,230,1e-05,0.0,standard,256,256,256,0,134,3.0,mesuré ici,0.7992021276595744,0.4901871115410527,0.8996446108398668
75e6bdca12b3c5d7,363626,credit-g,372,ep230_25,25,102,128,230,1e-05,0.0,standard,256,256,256,1,134,2.8,mesuré ici,0.7847074468085106,0.5049887589226297,0.8952105297126205
75e6bdca12b3c5d7,363626,credit-g,372,ep230_25,25,102,128,230,1e-05,0.0,standard,256,256,256,2,134,2.8,mesuré ici,0.749468085106383,0.520796772627048,0.8846555293490859
75e6bdca12b3c5d7,363626,credit-g,372,ep230_25,25,102,128,230,1e-05,0.0,standard,full,372,372,0,134,2.8,mesuré ici,0.7956117021276595,0.48562527437938446,0.9062536725051594
75e6bdca12b3c5d7,363626,credit-g,372,ep230_50,50,102,128,230,1e-05,0.0,standard,32,32,32,0,134,3.0,mesuré ici,0.6360372340425532,0.5939501632126715,0.7871612373035484
75e6bdca12b3c5d7,363626,credit-g,372,ep230_50,50,102,128,230,1e-05,0.0,standard,32,32,32,1,134,2.6,mesuré ici,0.5765957446808511,0.6183747100200301,0.7634930821452377
75e6bdca12b3c5d7,363626,credit-g,372,ep230_50,50,102,128,230,1e-05,0.0,standard,32,32,32,2,134,2.6,mesuré ici,0.7615691489361701,0.5422142521587816,0.8914353312902912
75e6bdca12b3c5d7,363626,credit-g,372,ep230_50,50,102,128,230,1e-05,0.0,standard,64,64,64,0,134,2.6,mesuré ici,0.7707446808510637,0.5085384098542503,0.8943167009412955
75e6bdca12b3c5d7,363626,credit-g,372,ep230_50,50,102,128,230,1e-05,0.0,standard,64,64,64,1,134,2.6,mesuré ici,0.6898936170212766,0.562798038860186,0.8373310667718218
75e6bdca12b3c5d7,363626,credit-g,372,ep230_50,50,102,128,230,1e-05,0.0,standard,64,64,64,2,134,2.6,mesuré ici,0.6839095744680852,0.5775456438307467,0.8360453409338595
75e6bdca12b3c5d7,363626,credit-g,372,ep230_50,50,102,128,230,1e-05,0.0,standard,128,128,128,0,134,2.7,mesuré ici,0.7398936170212765,0.5474583477605032,0.8793862471031927
75e6bdca12b3c5d7,363626,credit-g,372,ep230_50,50,102,128,230,1e-05,0.0,standard,128,128,128,1,134,2.7,mesuré ici,0.7640957446808511,0.5181080589401452,0.8847523275458526
75e6bdca12b3c5d7,363626,credit-g,372,ep230_50,50,102,128,230,1e-05,0.0,standard,128,128,128,2,134,2.7,mesuré ici,0.7712765957446808,0.5120208790718297,0.8994571502986737
75e6bdca12b3c5d7,363626,credit-g,372,ep230_50,50,102,128,230,1e-05,0.0,standard,256,256,256,0,134,2.7,mesuré ici,0.7916223404255319,0.4972930849600723,0.8962239899255496
75e6bdca12b3c5d7,363626,credit-g,372,ep230_50,50,102,128,230,1e-05,0.0,standard,256,256,256,1,134,2.7,mesuré ici,0.7715425531914893,0.5136508085628131,0.8903955894853945
75e6bdca12b3c5d7,363626,credit-g,372,ep230_50,50,102,128,230,1e-05,0.0,standard,256,256,256,2,134,2.7,mesuré ici,0.7420212765957448,0.5262459041379005,0.8819751788215553
75e6bdca12b3c5d7,363626,credit-g,372,ep230_50,50,102,128,230,1e-05,0.0,standard,full,372,372,0,134,2.7,mesuré ici,0.7857712765957446,0.4945957842436555,0.9028274660734789
75e6bdca12b3c5d7,363626,credit-g,372,ep230_200,200,102,128,230,1e-05,0.0,standard,32,32,32,0,134,3.1,mesuré ici,0.6953457446808511,0.5796501644818085,0.8334852577614387
75e6bdca12b3c5d7,363626,credit-g,372,ep230_200,200,102,128,230,1e-05,0.0,standard,32,32,32,1,134,2.7,mesuré ici,0.5898936170212766,0.6239999035675465,0.7687162324335391
75e6bdca12b3c5d7,363626,credit-g,372,ep230_200,200,102,128,230,1e-05,0.0,standard,32,32,32,2,134,2.7,mesuré ici,0.775531914893617,0.5169164031901102,0.9000299151879307
75e6bdca12b3c5d7,363626,credit-g,372,ep230_200,200,102,128,230,1e-05,0.0,standard,64,64,64,0,134,2.7,mesuré ici,0.7792553191489362,0.5050085715501843,0.8997009891888512
75e6bdca12b3c5d7,363626,credit-g,372,ep230_200,200,102,128,230,1e-05,0.0,standard,64,64,64,1,134,2.7,mesuré ici,0.7422872340425533,0.53278199317928,0.8699162207540079
75e6bdca12b3c5d7,363626,credit-g,372,ep230_200,200,102,128,230,1e-05,0.0,standard,64,64,64,2,134,2.7,mesuré ici,0.6909574468085107,0.5701844905869868,0.8443756416065364
75e6bdca12b3c5d7,363626,credit-g,372,ep230_200,200,102,128,230,1e-05,0.0,standard,128,128,128,0,134,2.7,mesuré ici,0.7470744680851062,0.5339566661102871,0.882546545126998
75e6bdca12b3c5d7,363626,credit-g,372,ep230_200,200,102,128,230,1e-05,0.0,standard,128,128,128,1,134,2.8,mesuré ici,0.7553191489361702,0.5213392197453368,0.8789304821181456
75e6bdca12b3c5d7,363626,credit-g,372,ep230_200,200,102,128,230,1e-05,0.0,standard,128,128,128,2,134,2.8,mesuré ici,0.7793882978723404,0.4993094222666131,0.8977012091852883
75e6bdca12b3c5d7,363626,credit-g,372,ep230_200,200,102,128,230,1e-05,0.0,standard,256,256,256,0,134,2.7,mesuré ici,0.7944148936170211,0.4915738752746339,0.8969268669458983
75e6bdca12b3c5d7,363626,credit-g,372,ep230_200,200,102,128,230,1e-05,0.0,standard,256,256,256,1,134,2.8,mesuré ici,0.7908244680851064,0.4939465364390439,0.8997412111748139
75e6bdca12b3c5d7,363626,credit-g,372,ep230_200,200,102,128,230,1e-05,0.0,standard,256,256,256,2,134,2.8,mesuré ici,0.749468085106383,0.5173494819613279,0.8851390665020871
75e6bdca12b3c5d7,363626,credit-g,372,ep230_200,200,102,128,230,1e-05,0.0,standard,full,372,372,0,134,2.7,mesuré ici,0.7901595744680852,0.48308958410477,0.9001125593061597
75e6bdca12b3c5d7,363619,Bank_Customer_Churn,3732,ep230_25,25,102,128,230,1e-05,0.0,standard,32,32,32,0,1024,4.7,mesuré ici,0.7125957671647047,0.4857844537569963,0.34480857010891813
75e6bdca12b3c5d7,363619,Bank_Customer_Churn,3732,ep230_25,25,102,128,230,1e-05,0.0,standard,32,32,32,1,1024,4.5,mesuré ici,0.8312208295417853,0.3946331181368464,0.5903480629958685
75e6bdca12b3c5d7,363619,Bank_Customer_Churn,3732,ep230_25,25,102,128,230,1e-05,0.0,standard,32,32,32,2,1024,4.5,mesuré ici,0.7154841929139637,0.4616873748398799,0.39126469343173265
75e6bdca12b3c5d7,363619,Bank_Customer_Churn,3732,ep230_25,25,102,128,230,1e-05,0.0,standard,64,64,64,0,1024,4.6,mesuré ici,0.7822291367012064,0.42032858834006737,0.5384877056616574
75e6bdca12b3c5d7,363619,Bank_Customer_Churn,3732,ep230_25,25,102,128,230,1e-05,0.0,standard,64,64,64,1,1024,4.5,mesuré ici,0.746681539319576,0.45288157750077196,0.4860053084961418
75e6bdca12b3c5d7,363619,Bank_Customer_Churn,3732,ep230_25,25,102,128,230,1e-05,0.0,standard,64,64,64,2,1024,4.7,mesuré ici,0.7828426336337218,0.4198913683101361,0.5685924400342558
75e6bdca12b3c5d7,363619,Bank_Customer_Churn,3732,ep230_25,25,102,128,230,1e-05,0.0,standard,128,128,128,0,1024,4.6,mesuré ici,0.8372618663222473,0.371088126979733,0.6418741576100194
75e6bdca12b3c5d7,363619,Bank_Customer_Churn,3732,ep230_25,25,102,128,230,1e-05,0.0,standard,128,128,128,1,1024,4.5,mesuré ici,0.8129626911674054,0.390665021710915,0.5790710381933956
75e6bdca12b3c5d7,363619,Bank_Customer_Churn,3732,ep230_25,25,102,128,230,1e-05,0.0,standard,128,128,128,2,1024,4.5,mesuré ici,0.7853171691079344,0.4231142211038708,0.5269950890237537
75e6bdca12b3c5d7,363619,Bank_Customer_Churn,3732,ep230_25,25,102,128,230,1e-05,0.0,standard,256,256,256,0,1024,4.5,mesuré ici,0.8430328470367217,0.374634620006677,0.641202421899638
75e6bdca12b3c5d7,363619,Bank_Customer_Churn,3732,ep230_25,25,102,128,230,1e-05,0.0,standard,256,256,256,1,1024,4.5,mesuré ici,0.8424633809845306,0.36194642096867174,0.673836973246754
75e6bdca12b3c5d7,363619,Bank_Customer_Churn,3732,ep230_25,25,102,128,230,1e-05,0.0,standard,256,256,256,2,1024,4.5,mesuré ici,0.824328529075058,0.370838381822483,0.6721489174942727
75e6bdca12b3c5d7,363619,Bank_Customer_Churn,3732,ep230_25,25,102,128,230,1e-05,0.0,standard,512,512,512,0,1024,4.7,mesuré ici,0.8495435465406405,0.34905133110963227,0.6848350198769201
75e6bdca12b3c5d7,363619,Bank_Customer_Churn,3732,ep230_25,25,102,128,230,1e-05,0.0,standard,1024,1024,1024,0,1024,4.6,mesuré ici,0.8535855813543899,0.3412279229597872,0.7162660199652822
75e6bdca12b3c5d7,363619,Bank_Customer_Churn,3732,ep230_25,25,102,128,230,1e-05,0.0,standard,2048,2048,2048,0,1024,5.7,mesuré ici,0.8531335309830628,0.34063334469452256,0.7077147281452663
75e6bdca12b3c5d7,363619,Bank_Customer_Churn,3732,ep230_25,25,102,128,230,1e-05,0.0,standard,full,3732,3732,0,1024,8.4,mesuré ici,0.8551560160859483,0.33669213570839435,0.7143461270831083
75e6bdca12b3c5d7,363619,Bank_Customer_Churn,3732,ep230_50,50,102,128,230,1e-05,0.0,standard,32,32,32,0,1024,4.7,mesuré ici,0.7125194469721432,0.48661057795929624,0.3447764113027681
75e6bdca12b3c5d7,363619,Bank_Customer_Churn,3732,ep230_50,50,102,128,230,1e-05,0.0,standard,32,32,32,1,1024,4.5,mesuré ici,0.836299057739161,0.3895650342017636,0.6104804398631061
75e6bdca12b3c5d7,363619,Bank_Customer_Churn,3732,ep230_50,50,102,128,230,1e-05,0.0,standard,32,32,32,2,1024,4.5,mesuré ici,0.7168608917720962,0.4614592786746258,0.40415902455444436
75e6bdca12b3c5d7,363619,Bank_Customer_Churn,3732,ep230_50,50,102,128,230,1e-05,0.0,standard,64,64,64,0,1024,4.5,mesuré ici,0.7863973933718849,0.4178096272844908,0.5495429515100156
75e6bdca12b3c5d7,363619,Bank_Customer_Churn,3732,ep230_50,50,102,128,230,1e-05,0.0,standard,64,64,64,1,1024,4.5,mesuré ici,0.7481873954266591,0.452900487637899,0.4962033827507912
75e6bdca12b3c5d7,363619,Bank_Customer_Churn,3732,ep230_50,50,102,128,230,1e-05,0.0,standard,64,64,64,2,1024,4.5,mesuré ici,0.7866586432618077,0.4120748097156448,0.576331687218755
75e6bdca12b3c5d7,363619,Bank_Customer_Churn,3732,ep230_50,50,102,128,230,1e-05,0.0,standard,128,128,128,0,1024,4.6,mesuré ici,0.8400475533507501,0.37058511254476645,0.6411951267377614
75e6bdca12b3c5d7,363619,Bank_Customer_Churn,3732,ep230_50,50,102,128,230,1e-05,0.0,standard,128,128,128,1,1024,4.5,mesuré ici,0.8236416473420025,0.3812399724861055,0.6039006094017146
75e6bdca12b3c5d7,363619,Bank_Customer_Churn,3732,ep230_50,50,102,128,230,1e-05,0.0,standard,128,128,128,2,1024,4.6,mesuré ici,0.7934188510875626,0.4183664970700171,0.5439630617877053
75e6bdca12b3c5d7,363619,Bank_Customer_Churn,3732,ep230_50,50,102,128,230,1e-05,0.0,standard,256,256,256,0,1024,4.6,mesuré ici,0.8460563008189743,0.3727080427574421,0.6484601083166273
75e6bdca12b3c5d7,363619,Bank_Customer_Churn,3732,ep230_50,50,102,128,230,1e-05,0.0,standard,256,256,256,1,1024,4.6,mesuré ici,0.8449848827310886,0.3585342625610082,0.6805112293482114
75e6bdca12b3c5d7,363619,Bank_Customer_Churn,3732,ep230_50,50,102,128,230,1e-05,0.0,standard,256,256,256,2,1024,4.5,mesuré ici,0.8273872075615698,0.36842900420750435,0.6756952183183513
75e6bdca12b3c5d7,363619,Bank_Customer_Churn,3732,ep230_50,50,102,128,230,1e-05,0.0,standard,512,512,512,0,1024,4.6,mesuré ici,0.8528840226612264,0.34634116336373644,0.6894243303754727
75e6bdca12b3c5d7,363619,Bank_Customer_Churn,3732,ep230_50,50,102,128,230,1e-05,0.0,standard,1024,1024,1024,0,1024,4.6,mesuré ici,0.8540170839815657,0.3414039563596529,0.7151796171092708
75e6bdca12b3c5d7,363619,Bank_Customer_Churn,3732,ep230_50,50,102,128,230,1e-05,0.0,standard,2048,2048,2048,0,1024,5.7,mesuré ici,0.8563272375025686,0.33884100253076455,0.7113307729971293
75e6bdca12b3c5d7,363619,Bank_Customer_Churn,3732,ep230_50,50,102,128,230,1e-05,0.0,standard,full,3732,3732,0,1024,8.4,mesuré ici,0.8569495406111486,0.33580398446724014,0.7167805064679678
75e6bdca12b3c5d7,363619,Bank_Customer_Churn,3732,ep230_200,200,102,128,230,1e-05,0.0,standard,32,32,32,0,1024,4.7,mesuré ici,0.7321777673408283,0.46688256755803037,0.37675475876428277
75e6bdca12b3c5d7,363619,Bank_Customer_Churn,3732,ep230_200,200,102,128,230,1e-05,0.0,standard,32,32,32,1,1024,4.4,mesuré ici,0.8317110400093932,0.3832204882183395,0.6153944375950067
75e6bdca12b3c5d7,363619,Bank_Customer_Churn,3732,ep230_200,200,102,128,230,1e-05,0.0,standard,32,32,32,2,1024,4.5,mesuré ici,0.7423547714797312,0.4486087937249802,0.449337697211344
75e6bdca12b3c5d7,363619,Bank_Customer_Churn,3732,ep230_200,200,102,128,230,1e-05,0.0,standard,64,64,64,0,1024,4.4,mesuré ici,0.8022338333284409,0.4011684860534479,0.6012069314008751
75e6bdca12b3c5d7,363619,Bank_Customer_Churn,3732,ep230_200,200,102,128,230,1e-05,0.0,standard,64,64,64,1,1024,4.5,mesuré ici,0.786335750139431,0.4254720885180153,0.5604060893179781
75e6bdca12b3c5d7,363619,Bank_Customer_Churn,3732,ep230_200,200,102,128,230,1e-05,0.0,standard,64,64,64,2,1024,4.4,mesuré ici,0.7977074588311269,0.40851795011232583,0.5870951485276601
75e6bdca12b3c5d7,363619,Bank_Customer_Churn,3732,ep230_200,200,102,128,230,1e-05,0.0,standard,128,128,128,0,1024,4.5,mesuré ici,0.8350133560336983,0.37187756613198625,0.6532113222781165
75e6bdca12b3c5d7,363619,Bank_Customer_Churn,3732,ep230_200,200,102,128,230,1e-05,0.0,standard,128,128,128,1,1024,4.6,mesuré ici,0.8381483547127718,0.36958557710469164,0.6377879279750237
75e6bdca12b3c5d7,363619,Bank_Customer_Churn,3732,ep230_200,200,102,128,230,1e-05,0.0,standard,128,128,128,2,1024,4.5,mesuré ici,0.7956732321601548,0.41269089139975684,0.5660707740275919
75e6bdca12b3c5d7,363619,Bank_Customer_Churn,3732,ep230_200,200,102,128,230,1e-05,0.0,standard,256,256,256,0,1024,4.6,mesuré ici,0.8497284762380015,0.3646209751299406,0.6827857150010144
75e6bdca12b3c5d7,363619,Bank_Customer_Churn,3732,ep230_200,200,102,128,230,1e-05,0.0,standard,256,256,256,1,1024,4.5,mesuré ici,0.8491795579299616,0.3567443134874353,0.6912608998533871
75e6bdca12b3c5d7,363619,Bank_Customer_Churn,3732,ep230_200,200,102,128,230,1e-05,0.0,standard,256,256,256,2,1024,4.5,mesuré ici,0.8400358117826636,0.35892925280794574,0.6941888411673417
75e6bdca12b3c5d7,363619,Bank_Customer_Churn,3732,ep230_200,200,102,128,230,1e-05,0.0,standard,512,512,512,0,1024,4.5,mesuré ici,0.8509525347110106,0.3478743995357939,0.6907448446660767
75e6bdca12b3c5d7,363619,Bank_Customer_Churn,3732,ep230_200,200,102,128,230,1e-05,0.0,standard,1024,1024,1024,0,1024,4.6,mesuré ici,0.8522587841606246,0.3462969283916299,0.7080581266795414
75e6bdca12b3c5d7,363619,Bank_Customer_Churn,3732,ep230_200,200,102,128,230,1e-05,0.0,standard,2048,2048,2048,0,1024,5.7,mesuré ici,0.8566237120967505,0.3415304965962752,0.7094861520457502
75e6bdca12b3c5d7,363619,Bank_Customer_Churn,3732,ep230_200,200,102,128,230,1e-05,0.0,standard,full,3732,3732,0,1024,8.4,mesuré ici,0.8565473919041888,0.3398152860959307,0.7146104810007351
75e6bdca12b3c5d7,363623,churn,1866,ep230_25,25,102,128,230,1e-05,0.0,standard,32,32,32,0,667,4.1,mesuré ici,0.7047083286918421,0.39013723693933183,0.28938437790191
75e6bdca12b3c5d7,363623,churn,1866,ep230_25,25,102,128,230,1e-05,0.0,standard,32,32,32,1,667,3.8,mesuré ici,0.7855909546619135,0.3410849750954559,0.43893116340127514
75e6bdca12b3c5d7,363623,churn,1866,ep230_25,25,102,128,230,1e-05,0.0,standard,32,32,32,2,667,3.8,mesuré ici,0.7363911477479483,0.3642821153162935,0.3350565990173001
75e6bdca12b3c5d7,363623,churn,1866,ep230_25,25,102,128,230,1e-05,0.0,standard,64,64,64,0,667,3.8,mesuré ici,0.8553432846905054,0.31951760221435327,0.6132271185797227
75e6bdca12b3c5d7,363623,churn,1866,ep230_25,25,102,128,230,1e-05,0.0,standard,64,64,64,1,667,3.8,mesuré ici,0.7461475622888121,0.3619182352880537,0.3421544035857934
75e6bdca12b3c5d7,363623,churn,1866,ep230_25,25,102,128,230,1e-05,0.0,standard,64,64,64,2,667,3.8,mesuré ici,0.7974360402510119,0.32176777115331384,0.5126627007900526
75e6bdca12b3c5d7,363623,churn,1866,ep230_25,25,102,128,230,1e-05,0.0,standard,128,128,128,0,667,4.2,mesuré ici,0.7887843006201032,0.3413926691311754,0.3858528134694553
75e6bdca12b3c5d7,363623,churn,1866,ep230_25,25,102,128,230,1e-05,0.0,standard,128,128,128,1,667,3.8,mesuré ici,0.8291467082544279,0.30444551356642013,0.570828089292983
75e6bdca12b3c5d7,363623,churn,1866,ep230_25,25,102,128,230,1e-05,0.0,standard,128,128,128,2,667,3.8,mesuré ici,0.846041736289035,0.2965200890570647,0.564953900439119
75e6bdca12b3c5d7,363623,churn,1866,ep230_25,25,102,128,230,1e-05,0.0,standard,256,256,256,0,667,3.9,mesuré ici,0.8703074523783001,0.2589074283888108,0.6888970977572169
75e6bdca12b3c5d7,363623,churn,1866,ep230_25,25,102,128,230,1e-05,0.0,standard,256,256,256,1,667,3.8,mesuré ici,0.8816605398982585,0.24923997282777993,0.7143990074775382
75e6bdca12b3c5d7,363623,churn,1866,ep230_25,25,102,128,230,1e-05,0.0,standard,256,256,256,2,667,3.8,mesuré ici,0.8853366009431509,0.2749660059331381,0.6565255796664617
75e6bdca12b3c5d7,363623,churn,1866,ep230_25,25,102,128,230,1e-05,0.0,standard,512,512,512,0,667,3.8,mesuré ici,0.8789220600794624,0.2196095105716734,0.7764363282460462
75e6bdca12b3c5d7,363623,churn,1866,ep230_25,25,102,128,230,1e-05,0.0,standard,1024,1024,1024,0,667,3.9,mesuré ici,0.9138910549181241,0.16251925073512363,0.8614472983710687
75e6bdca12b3c5d7,363623,churn,1866,ep230_25,25,102,128,230,1e-05,0.0,standard,full,1866,1866,0,667,4.7,mesuré ici,0.9311295533028852,0.12967790995925185,0.8892225751151569
75e6bdca12b3c5d7,363623,churn,1866,ep230_50,50,102,128,230,1e-05,0.0,standard,32,32,32,0,667,4.1,mesuré ici,0.719161932345624,0.3846714536124476,0.31554995397960567
75e6bdca12b3c5d7,363623,churn,1866,ep230_50,50,102,128,230,1e-05,0.0,standard,32,32,32,1,667,3.8,mesuré ici,0.7892948646541162,0.3392197783492013,0.43303653452765545
75e6bdca12b3c5d7,363623,churn,1866,ep230_50,50,102,128,230,1e-05,0.0,standard,32,32,32,2,667,3.8,mesuré ici,0.7724091196019458,0.35222437456303524,0.3911081178521013
75e6bdca12b3c5d7,363623,churn,1866,ep230_50,50,102,128,230,1e-05,0.0,standard,64,64,64,0,667,3.8,mesuré ici,0.8498570420704764,0.30987107926000335,0.6027710627901928
75e6bdca12b3c5d7,363623,churn,1866,ep230_50,50,102,128,230,1e-05,0.0,standard,64,64,64,1,667,3.8,mesuré ici,0.762791949797631,0.35768831882552493,0.3639414340223666
75e6bdca12b3c5d7,363623,churn,1866,ep230_50,50,102,128,230,1e-05,0.0,standard,64,64,64,2,667,3.7,mesuré ici,0.8315974156176896,0.3006111250257644,0.5779545380811077
75e6bdca12b3c5d7,363623,churn,1866,ep230_50,50,102,128,230,1e-05,0.0,standard,128,128,128,0,667,3.8,mesuré ici,0.7975103041105046,0.34035101896695097,0.3913875863567288
75e6bdca12b3c5d7,363623,churn,1866,ep230_50,50,102,128,230,1e-05,0.0,standard,128,128,128,1,667,3.9,mesuré ici,0.8425884668226209,0.2883045877094373,0.6205541500754901
75e6bdca12b3c5d7,363623,churn,1866,ep230_50,50,102,128,230,1e-05,0.0,standard,128,128,128,2,667,3.9,mesuré ici,0.8714863911477481,0.2765032791934183,0.622041934050845
75e6bdca12b3c5d7,363623,churn,1866,ep230_50,50,102,128,230,1e-05,0.0,standard,256,256,256,0,667,3.9,mesuré ici,0.8800174520069808,0.2488862885553961,0.7126418495843095
75e6bdca12b3c5d7,363623,churn,1866,ep230_50,50,102,128,230,1e-05,0.0,standard,256,256,256,1,667,3.8,mesuré ici,0.8867847462032602,0.24238568730508545,0.7231798996713588
75e6bdca12b3c5d7,363623,churn,1866,ep230_50,50,102,128,230,1e-05,0.0,standard,256,256,256,2,667,3.8,mesuré ici,0.893542757417103,0.2525306458883356,0.7144671103813008
75e6bdca12b3c5d7,363623,churn,1866,ep230_50,50,102,128,230,1e-05,0.0,standard,512,512,512,0,667,3.9,mesuré ici,0.8895232260220564,0.21309752226552184,0.7885078956121598
75e6bdca12b3c5d7,363623,churn,1866,ep230_50,50,102,128,230,1e-05,0.0,standard,1024,1024,1024,0,667,3.9,mesuré ici,0.9088039805428688,0.17228543739232843,0.8526935416420581
75e6bdca12b3c5d7,363623,churn,1866,ep230_50,50,102,128,230,1e-05,0.0,standard,full,1866,1866,0,667,4.7,mesuré ici,0.9126100033418735,0.140816631152766,0.8790181977940631
75e6bdca12b3c5d7,363623,churn,1866,ep230_200,200,102,128,230,1e-05,0.0,standard,32,32,32,0,667,4.1,mesuré ici,0.7776540046786232,0.36736974826721464,0.3840781000409822
75e6bdca12b3c5d7,363623,churn,1866,ep230_200,200,102,128,230,1e-05,0.0,standard,32,32,32,1,667,3.8,mesuré ici,0.7897033158813263,0.344639392051155,0.4037800429529412
75e6bdca12b3c5d7,363623,churn,1866,ep230_200,200,102,128,230,1e-05,0.0,standard,32,32,32,2,667,3.8,mesuré ici,0.8439066503286177,0.3111913328713886,0.5702608910813646
75e6bdca12b3c5d7,363623,churn,1866,ep230_200,200,102,128,230,1e-05,0.0,standard,64,64,64,0,667,3.8,mesuré ici,0.8891704726894656,0.2613955960064145,0.7033431474880232
75e6bdca12b3c5d7,363623,churn,1866,ep230_200,200,102,128,230,1e-05,0.0,standard,64,64,64,1,667,3.8,mesuré ici,0.8880657977795107,0.26785746180399816,0.637189240494606
75e6bdca12b3c5d7,363623,churn,1866,ep230_200,200,102,128,230,1e-05,0.0,standard,64,64,64,2,667,3.7,mesuré ici,0.9012661988043519,0.23939744707189345,0.7310867655313784
75e6bdca12b3c5d7,363623,churn,1866,ep230_200,200,102,128,230,1e-05,0.0,standard,128,128,128,0,667,3.8,mesuré ici,0.8680795365935168,0.30103555511014046,0.5281235340101553
75e6bdca12b3c5d7,363623,churn,1866,ep230_200,200,102,128,230,1e-05,0.0,standard,128,128,128,1,667,3.9,mesuré ici,0.8928372507519216,0.2487262942732017,0.6981755074830104
75e6bdca12b3c5d7,363623,churn,1866,ep230_200,200,102,128,230,1e-05,0.0,standard,128,128,128,2,667,3.9,mesuré ici,0.9012476328394785,0.23736464977629523,0.7296010149217899
75e6bdca12b3c5d7,363623,churn,1866,ep230_200,200,102,128,230,1e-05,0.0,standard,256,256,256,0,667,3.8,mesuré ici,0.8927537039099922,0.23303057118239706,0.7475581343060452
75e6bdca12b3c5d7,363623,churn,1866,ep230_200,200,102,128,230,1e-05,0.0,standard,256,256,256,1,667,3.9,mesuré ici,0.8893561323381975,0.21703459712232623,0.7767649002550638
75e6bdca12b3c5d7,363623,churn,1866,ep230_200,200,102,128,230,1e-05,0.0,standard,256,256,256,2,667,3.8,mesuré ici,0.8795904348148973,0.23389508781571663,0.7603592987602507
75e6bdca12b3c5d7,363623,churn,1866,ep230_200,200,102,128,230,1e-05,0.0,standard,512,512,512,0,667,3.9,mesuré ici,0.8959934647803647,0.21752789633914615,0.791444270419804
75e6bdca12b3c5d7,363623,churn,1866,ep230_200,200,102,128,230,1e-05,0.0,standard,1024,1024,1024,0,667,3.9,mesuré ici,0.8847796219969553,0.19938010774226006,0.8099650405460818
75e6bdca12b3c5d7,363623,churn,1866,ep230_200,200,102,128,230,1e-05,0.0,standard,full,1866,1866,0,667,4.6,mesuré ici,0.8987876424937804,0.17038408725382526,0.8455444737506254
75e6bdca12b3c5d7,363682,Is-this-a-good-customer,642,ep230_25,25,102,128,230,1e-05,0.0,standard,32,32,32,0,230,3.1,mesuré ici,0.6638386123680241,0.34762503094845,0.19563348006770853
75e6bdca12b3c5d7,363682,Is-this-a-good-customer,642,ep230_25,25,102,128,230,1e-05,0.0,standard,32,32,32,1,230,2.8,mesuré ici,0.6053921568627451,0.3525211303937105,0.14440050907853572
75e6bdca12b3c5d7,363682,Is-this-a-good-customer,642,ep230_25,25,102,128,230,1e-05,0.0,standard,32,32,32,2,230,2.8,mesuré ici,0.6751508295625943,0.34620587349292886,0.20453897976108876
75e6bdca12b3c5d7,363682,Is-this-a-good-customer,642,ep230_25,25,102,128,230,1e-05,0.0,standard,64,64,64,0,230,2.8,mesuré ici,0.6496040723981901,0.33978126048404955,0.1742524999119779
75e6bdca12b3c5d7,363682,Is-this-a-good-customer,642,ep230_25,25,102,128,230,1e-05,0.0,standard,64,64,64,1,230,2.8,mesuré ici,0.571078431372549,0.35042466961699587,0.14290625337028873
75e6bdca12b3c5d7,363682,Is-this-a-good-customer,642,ep230_25,25,102,128,230,1e-05,0.0,standard,64,64,64,2,230,2.8,mesuré ici,0.6689291101055806,0.3393253703801042,0.19995457916596965
75e6bdca12b3c5d7,363682,Is-this-a-good-customer,642,ep230_25,25,102,128,230,1e-05,0.0,standard,128,128,128,0,230,2.8,mesuré ici,0.7316176470588236,0.3203475670484998,0.23948154932730478
75e6bdca12b3c5d7,363682,Is-this-a-good-customer,642,ep230_25,25,102,128,230,1e-05,0.0,standard,128,128,128,1,230,2.8,mesuré ici,0.5902149321266968,0.3516126770640824,0.170601209887165
75e6bdca12b3c5d7,363682,Is-this-a-good-customer,642,ep230_25,25,102,128,230,1e-05,0.0,standard,128,128,128,2,230,2.9,mesuré ici,0.641685520361991,0.3426665587984637,0.19811435573796046
75e6bdca12b3c5d7,363682,Is-this-a-good-customer,642,ep230_25,25,102,128,230,1e-05,0.0,standard,256,256,256,0,230,2.9,mesuré ici,0.7251131221719457,0.32093972766379747,0.2951780300108768
75e6bdca12b3c5d7,363682,Is-this-a-good-customer,642,ep230_25,25,102,128,230,1e-05,0.0,standard,256,256,256,1,230,2.8,mesuré ici,0.6865573152337858,0.33438767452565255,0.2079749219472634
75e6bdca12b3c5d7,363682,Is-this-a-good-customer,642,ep230_25,25,102,128,230,1e-05,0.0,standard,256,256,256,2,230,2.8,mesuré ici,0.6682692307692308,0.33419337103823016,0.23863513918559984
75e6bdca12b3c5d7,363682,Is-this-a-good-customer,642,ep230_25,25,102,128,230,1e-05,0.0,standard,512,512,512,0,230,2.8,mesuré ici,0.7117269984917044,0.3228727997675069,0.2598081299260015
75e6bdca12b3c5d7,363682,Is-this-a-good-customer,642,ep230_25,25,102,128,230,1e-05,0.0,standard,full,642,642,0,230,2.8,mesuré ici,0.747737556561086,0.3148569179613428,0.3015745797254708
75e6bdca12b3c5d7,363682,Is-this-a-good-customer,642,ep230_50,50,102,128,230,1e-05,0.0,standard,32,32,32,0,230,3.1,mesuré ici,0.6878770739064857,0.3376088774922709,0.20411294239364508
75e6bdca12b3c5d7,363682,Is-this-a-good-customer,642,ep230_50,50,102,128,230,1e-05,0.0,standard,32,32,32,1,230,2.8,mesuré ici,0.6168929110105581,0.3509819160892751,0.14775152764006239
75e6bdca12b3c5d7,363682,Is-this-a-good-customer,642,ep230_50,50,102,128,230,1e-05,0.0,standard,32,32,32,2,230,2.8,mesuré ici,0.6704374057315233,0.3473276186528009,0.19966190621299074
75e6bdca12b3c5d7,363682,Is-this-a-good-customer,642,ep230_50,50,102,128,230,1e-05,0.0,standard,64,64,64,0,230,2.8,mesuré ici,0.6537518853695324,0.34211540546981717,0.17213479363801362
75e6bdca12b3c5d7,363682,Is-this-a-good-customer,642,ep230_50,50,102,128,230,1e-05,0.0,standard,64,64,64,1,230,2.8,mesuré ici,0.5799396681749622,0.34916355126010906,0.15149322690193234
75e6bdca12b3c5d7,363682,Is-this-a-good-customer,642,ep230_50,50,102,128,230,1e-05,0.0,standard,64,64,64,2,230,2.7,mesuré ici,0.6884426847662142,0.33416752872238004,0.22036298919020655
75e6bdca12b3c5d7,363682,Is-this-a-good-customer,642,ep230_50,50,102,128,230,1e-05,0.0,standard,128,128,128,0,230,2.8,mesuré ici,0.743684012066365,0.3162878235278703,0.26376947231940984
75e6bdca12b3c5d7,363682,Is-this-a-good-customer,642,ep230_50,50,102,128,230,1e-05,0.0,standard,128,128,128,1,230,2.8,mesuré ici,0.5967194570135747,0.35077179951724086,0.16589229804046043
75e6bdca12b3c5d7,363682,Is-this-a-good-customer,642,ep230_50,50,102,128,230,1e-05,0.0,standard,128,128,128,2,230,2.8,mesuré ici,0.6512066365007542,0.33999025274833033,0.1968071558361244
75e6bdca12b3c5d7,363682,Is-this-a-good-customer,642,ep230_50,50,102,128,230,1e-05,0.0,standard,256,256,256,0,230,2.8,mesuré ici,0.7249245852187028,0.32154662803077383,0.2953773512232021
75e6bdca12b3c5d7,363682,Is-this-a-good-customer,642,ep230_50,50,102,128,230,1e-05,0.0,standard,256,256,256,1,230,2.8,mesuré ici,0.6816553544494721,0.3324724125220223,0.2187508427973308
75e6bdca12b3c5d7,363682,Is-this-a-good-customer,642,ep230_50,50,102,128,230,1e-05,0.0,standard,256,256,256,2,230,2.8,mesuré ici,0.6813725490196079,0.33255584463966525,0.21850973008537683
75e6bdca12b3c5d7,363682,Is-this-a-good-customer,642,ep230_50,50,102,128,230,1e-05,0.0,standard,512,512,512,0,230,2.8,mesuré ici,0.7209653092006033,0.3224781090029348,0.2715880477603582
75e6bdca12b3c5d7,363682,Is-this-a-good-customer,642,ep230_50,50,102,128,230,1e-05,0.0,standard,full,642,642,0,230,2.8,mesuré ici,0.7462292609351433,0.31497724200117694,0.30163787944854
75e6bdca12b3c5d7,363682,Is-this-a-good-customer,642,ep230_200,200,102,128,230,1e-05,0.0,standard,32,32,32,0,230,3.1,mesuré ici,0.7125754147812972,0.32457562522215616,0.311573887656061
75e6bdca12b3c5d7,363682,Is-this-a-good-customer,642,ep230_200,200,102,128,230,1e-05,0.0,standard,32,32,32,1,230,2.8,mesuré ici,0.6308446455505279,0.34594651940470345,0.16569959412670154
75e6bdca12b3c5d7,363682,Is-this-a-good-customer,642,ep230_200,200,102,128,230,1e-05,0.0,standard,32,32,32,2,230,2.8,mesuré ici,0.6996606334841629,0.3437315706336181,0.2111256951060821
75e6bdca12b3c5d7,363682,Is-this-a-good-customer,642,ep230_200,200,102,128,230,1e-05,0.0,standard,64,64,64,0,230,2.8,mesuré ici,0.6330128205128206,0.3446588182293744,0.151413373069068
75e6bdca12b3c5d7,363682,Is-this-a-good-customer,642,ep230_200,200,102,128,230,1e-05,0.0,standard,64,64,64,1,230,2.8,mesuré ici,0.6560143288084465,0.33652333200989654,0.22226733571184365
75e6bdca12b3c5d7,363682,Is-this-a-good-customer,642,ep230_200,200,102,128,230,1e-05,0.0,standard,64,64,64,2,230,2.8,mesuré ici,0.7154977375565611,0.32601424365693965,0.275811066676817
75e6bdca12b3c5d7,363682,Is-this-a-good-customer,642,ep230_200,200,102,128,230,1e-05,0.0,standard,128,128,128,0,230,2.8,mesuré ici,0.7333144796380091,0.3184302498460229,0.2725160549940001
75e6bdca12b3c5d7,363682,Is-this-a-good-customer,642,ep230_200,200,102,128,230,1e-05,0.0,standard,128,128,128,1,230,2.8,mesuré ici,0.6697775263951735,0.3367996158707121,0.2210562324297728
75e6bdca12b3c5d7,363682,Is-this-a-good-customer,642,ep230_200,200,102,128,230,1e-05,0.0,standard,128,128,128,2,230,2.8,mesuré ici,0.6859917043740573,0.3327011767434838,0.23887076169987784
75e6bdca12b3c5d7,363682,Is-this-a-good-customer,642,ep230_200,200,102,128,230,1e-05,0.0,standard,256,256,256,0,230,2.8,mesuré ici,0.7401018099547512,0.3195490735201035,0.33916652380951506
75e6bdca12b3c5d7,363682,Is-this-a-good-customer,642,ep230_200,200,102,128,230,1e-05,0.0,standard,256,256,256,1,230,2.8,mesuré ici,0.6871229260935143,0.33082653605891865,0.23750268654754808
75e6bdca12b3c5d7,363682,Is-this-a-good-customer,642,ep230_200,200,102,128,230,1e-05,0.0,standard,256,256,256,2,230,2.8,mesuré ici,0.7128582202111614,0.326112355099672,0.25126623268935233
75e6bdca12b3c5d7,363682,Is-this-a-good-customer,642,ep230_200,200,102,128,230,1e-05,0.0,standard,512,512,512,0,230,2.8,mesuré ici,0.6952300150829562,0.32983960628676307,0.24268001521703186
75e6bdca12b3c5d7,363682,Is-this-a-good-customer,642,ep230_200,200,102,128,230,1e-05,0.0,standard,full,642,642,0,230,2.8,mesuré ici,0.7162518853695324,0.32296918151731974,0.2933462511450241
75e6bdca12b3c5d7,363684,Marketing_Campaign,835,ep230_25,25,102,128,230,1e-05,0.0,standard,32,32,32,0,299,3.3,mesuré ici,0.8202099737532809,0.36509664858408636,0.5898174250764782
75e6bdca12b3c5d7,363684,Marketing_Campaign,835,ep230_25,25,102,128,230,1e-05,0.0,standard,32,32,32,1,299,3.0,mesuré ici,0.7804024496937884,0.37369679547994306,0.38701801395776186
75e6bdca12b3c5d7,363684,Marketing_Campaign,835,ep230_25,25,102,128,230,1e-05,0.0,standard,32,32,32,2,299,3.0,mesuré ici,0.7490813648293964,0.3779886841202397,0.46220339410493994
75e6bdca12b3c5d7,363684,Marketing_Campaign,835,ep230_25,25,102,128,230,1e-05,0.0,standard,64,64,64,0,299,2.9,mesuré ici,0.8639107611548557,0.3186439688111844,0.5032010802654736
75e6bdca12b3c5d7,363684,Marketing_Campaign,835,ep230_25,25,102,128,230,1e-05,0.0,standard,64,64,64,1,299,2.9,mesuré ici,0.7283464566929134,0.387970366943038,0.361120638966941
75e6bdca12b3c5d7,363684,Marketing_Campaign,835,ep230_25,25,102,128,230,1e-05,0.0,standard,64,64,64,2,299,3.0,mesuré ici,0.7905511811023622,0.36196169769404846,0.5159820159516418
75e6bdca12b3c5d7,363684,Marketing_Campaign,835,ep230_25,25,102,128,230,1e-05,0.0,standard,128,128,128,0,299,3.0,mesuré ici,0.8326334208223972,0.31620208754651713,0.5962213065538954
75e6bdca12b3c5d7,363684,Marketing_Campaign,835,ep230_25,25,102,128,230,1e-05,0.0,standard,128,128,128,1,299,3.0,mesuré ici,0.7978565179352581,0.34575713705095723,0.479929412903025
75e6bdca12b3c5d7,363684,Marketing_Campaign,835,ep230_25,25,102,128,230,1e-05,0.0,standard,128,128,128,2,299,3.3,mesuré ici,0.7926946631671041,0.36018691613878445,0.5361823277630323
75e6bdca12b3c5d7,363684,Marketing_Campaign,835,ep230_25,25,102,128,230,1e-05,0.0,standard,256,256,256,0,299,3.0,mesuré ici,0.8454068241469815,0.32196869823149765,0.6183901627348224
75e6bdca12b3c5d7,363684,Marketing_Campaign,835,ep230_25,25,102,128,230,1e-05,0.0,standard,256,256,256,1,299,2.9,mesuré ici,0.8465879265091864,0.3203433941377242,0.5725218605275002
75e6bdca12b3c5d7,363684,Marketing_Campaign,835,ep230_25,25,102,128,230,1e-05,0.0,standard,256,256,256,2,299,3.0,mesuré ici,0.8538495188101488,0.30565737249398545,0.6326488535867288
75e6bdca12b3c5d7,363684,Marketing_Campaign,835,ep230_25,25,102,128,230,1e-05,0.0,standard,512,512,512,0,299,3.0,mesuré ici,0.8888013998250218,0.28456443217726496,0.6324954657316887
75e6bdca12b3c5d7,363684,Marketing_Campaign,835,ep230_25,25,102,128,230,1e-05,0.0,standard,full,835,835,0,299,2.9,mesuré ici,0.905511811023622,0.26595440215694166,0.6909923490085832
75e6bdca12b3c5d7,363684,Marketing_Campaign,835,ep230_50,50,102,128,230,1e-05,0.0,standard,32,32,32,0,299,3.4,mesuré ici,0.8235345581802275,0.3650214234209687,0.6010018151108619
75e6bdca12b3c5d7,363684,Marketing_Campaign,835,ep230_50,50,102,128,230,1e-05,0.0,standard,32,32,32,1,299,3.0,mesuré ici,0.7913385826771653,0.36671292154116614,0.40698898837285874
75e6bdca12b3c5d7,363684,Marketing_Campaign,835,ep230_50,50,102,128,230,1e-05,0.0,standard,32,32,32,2,299,2.9,mesuré ici,0.7506561679790026,0.37758037344880885,0.4587788953163318
75e6bdca12b3c5d7,363684,Marketing_Campaign,835,ep230_50,50,102,128,230,1e-05,0.0,standard,64,64,64,0,299,2.9,mesuré ici,0.8711286089238846,0.31258193730120715,0.5211585886961732
75e6bdca12b3c5d7,363684,Marketing_Campaign,835,ep230_50,50,102,128,230,1e-05,0.0,standard,64,64,64,1,299,2.9,mesuré ici,0.7122922134733158,0.3929794375500323,0.3252835335729697
75e6bdca12b3c5d7,363684,Marketing_Campaign,835,ep230_50,50,102,128,230,1e-05,0.0,standard,64,64,64,2,299,3.0,mesuré ici,0.7926946631671041,0.35751693681451574,0.5173955421321528
75e6bdca12b3c5d7,363684,Marketing_Campaign,835,ep230_50,50,102,128,230,1e-05,0.0,standard,128,128,128,0,299,3.0,mesuré ici,0.8337270341207349,0.32017446692091206,0.6162592190743492
75e6bdca12b3c5d7,363684,Marketing_Campaign,835,ep230_50,50,102,128,230,1e-05,0.0,standard,128,128,128,1,299,3.0,mesuré ici,0.8153980752405949,0.3341037620192173,0.5500391640843759
75e6bdca12b3c5d7,363684,Marketing_Campaign,835,ep230_50,50,102,128,230,1e-05,0.0,standard,128,128,128,2,299,3.1,mesuré ici,0.8017935258092738,0.34953188390906254,0.5668626783514454
75e6bdca12b3c5d7,363684,Marketing_Campaign,835,ep230_50,50,102,128,230,1e-05,0.0,standard,256,256,256,0,299,3.0,mesuré ici,0.8432633420822397,0.3167852729119243,0.6039419111654508
75e6bdca12b3c5d7,363684,Marketing_Campaign,835,ep230_50,50,102,128,230,1e-05,0.0,standard,256,256,256,1,299,3.1,mesuré ici,0.8504374453193351,0.31899842322982225,0.5776118112414609
75e6bdca12b3c5d7,363684,Marketing_Campaign,835,ep230_50,50,102,128,230,1e-05,0.0,standard,256,256,256,2,299,3.1,mesuré ici,0.8585301837270342,0.30208375932018094,0.6705140640039561
75e6bdca12b3c5d7,363684,Marketing_Campaign,835,ep230_50,50,102,128,230,1e-05,0.0,standard,512,512,512,0,299,3.0,mesuré ici,0.8879265091863517,0.2843665790467851,0.6297401134122708
75e6bdca12b3c5d7,363684,Marketing_Campaign,835,ep230_50,50,102,128,230,1e-05,0.0,standard,full,835,835,0,299,3.1,mesuré ici,0.90498687664042,0.2649358520433945,0.6972195099789157
75e6bdca12b3c5d7,363684,Marketing_Campaign,835,ep230_200,200,102,128,230,1e-05,0.0,standard,32,32,32,0,299,3.4,mesuré ici,0.8248031496062992,0.34119052002559974,0.6152548232648145
75e6bdca12b3c5d7,363684,Marketing_Campaign,835,ep230_200,200,102,128,230,1e-05,0.0,standard,32,32,32,1,299,2.9,mesuré ici,0.844488188976378,0.3513861609311172,0.564374629381262
75e6bdca12b3c5d7,363684,Marketing_Campaign,835,ep230_200,200,102,128,230,1e-05,0.0,standard,32,32,32,2,299,2.9,mesuré ici,0.7975940507436571,0.3425715769437621,0.5597678080134761
75e6bdca12b3c5d7,363684,Marketing_Campaign,835,ep230_200,200,102,128,230,1e-05,0.0,standard,64,64,64,0,299,2.9,mesuré ici,0.8840332458442695,0.295359676125846,0.6153158567621148
75e6bdca12b3c5d7,363684,Marketing_Campaign,835,ep230_200,200,102,128,230,1e-05,0.0,standard,64,64,64,1,299,3.0,mesuré ici,0.7288713910761155,0.39293841248561434,0.36158630976034817
75e6bdca12b3c5d7,363684,Marketing_Campaign,835,ep230_200,200,102,128,230,1e-05,0.0,standard,64,64,64,2,299,3.0,mesuré ici,0.8479440069991251,0.32150438963219796,0.5628360720298201
75e6bdca12b3c5d7,363684,Marketing_Campaign,835,ep230_200,200,102,128,230,1e-05,0.0,standard,128,128,128,0,299,3.0,mesuré ici,0.8623797025371829,0.28724864802509653,0.681852445576925
75e6bdca12b3c5d7,363684,Marketing_Campaign,835,ep230_200,200,102,128,230,1e-05,0.0,standard,128,128,128,1,299,3.0,mesuré ici,0.8509623797025371,0.3005725610293864,0.6704983596391176
75e6bdca12b3c5d7,363684,Marketing_Campaign,835,ep230_200,200,102,128,230,1e-05,0.0,standard,128,128,128,2,299,3.0,mesuré ici,0.8460629921259843,0.3172877068178176,0.6568850618128087
75e6bdca12b3c5d7,363684,Marketing_Campaign,835,ep230_200,200,102,128,230,1e-05,0.0,standard,256,256,256,0,299,3.0,mesuré ici,0.8513560804899387,0.3130591416926528,0.6519172799573664
75e6bdca12b3c5d7,363684,Marketing_Campaign,835,ep230_200,200,102,128,230,1e-05,0.0,standard,256,256,256,1,299,3.0,mesuré ici,0.8401137357830271,0.31425123222466417,0.6076486819783647
75e6bdca12b3c5d7,363684,Marketing_Campaign,835,ep230_200,200,102,128,230,1e-05,0.0,standard,256,256,256,2,299,3.0,mesuré ici,0.8736657917760279,0.28038605839817177,0.695876741298705
75e6bdca12b3c5d7,363684,Marketing_Campaign,835,ep230_200,200,102,128,230,1e-05,0.0,standard,512,512,512,0,299,3.0,mesuré ici,0.8698600174978127,0.30078809784763544,0.6208060503192819
75e6bdca12b3c5d7,363684,Marketing_Campaign,835,ep230_200,200,102,128,230,1e-05,0.0,standard,full,835,835,0,299,3.1,mesuré ici,0.8723534558180227,0.2927159179059726,0.6640641097451336
75e6bdca12b3c5d7,363613,Amazon_employee_access,12233,ep230_25,25,102,128,230,1e-05,0.0,standard,32,32,32,0,1024,4.9,mesuré ici,0.656775270044788,0.2162906209874167,0.9628900180789223
75e6bdca12b3c5d7,363613,Amazon_employee_access,12233,ep230_25,25,102,128,230,1e-05,0.0,standard,32,32,32,1,1024,4.6,mesuré ici,0.5330376745411434,0.22468774870170916,0.9505143609480228
75e6bdca12b3c5d7,363613,Amazon_employee_access,12233,ep230_25,25,102,128,230,1e-05,0.0,standard,32,32,32,2,1024,4.5,mesuré ici,0.3778080266971108,0.22763658513801965,0.9182582410006275
75e6bdca12b3c5d7,363613,Amazon_employee_access,12233,ep230_25,25,102,128,230,1e-05,0.0,standard,64,64,64,0,1024,4.5,mesuré ici,0.6304821287433038,0.21809826880658445,0.9578365945227071
75e6bdca12b3c5d7,363613,Amazon_employee_access,12233,ep230_25,25,102,128,230,1e-05,0.0,standard,64,64,64,1,1024,4.5,mesuré ici,0.46793712127865106,0.22310555138896337,0.9383174194777663
75e6bdca12b3c5d7,363613,Amazon_employee_access,12233,ep230_25,25,102,128,230,1e-05,0.0,standard,64,64,64,2,1024,4.4,mesuré ici,0.6449108632651269,0.21846752807187492,0.9663637160383032
75e6bdca12b3c5d7,363613,Amazon_employee_access,12233,ep230_25,25,102,128,230,1e-05,0.0,standard,128,128,128,0,1024,4.5,mesuré ici,0.5657943268639677,0.21905159852451467,0.9580959815504262
75e6bdca12b3c5d7,363613,Amazon_employee_access,12233,ep230_25,25,102,128,230,1e-05,0.0,standard,128,128,128,1,1024,4.5,mesuré ici,0.5218494774743128,0.22065030436830585,0.9505505203088025
75e6bdca12b3c5d7,363613,Amazon_employee_access,12233,ep230_25,25,102,128,230,1e-05,0.0,standard,128,128,128,2,1024,4.8,mesuré ici,0.5132695178712567,0.2197809796014603,0.9411233998892707
75e6bdca12b3c5d7,363613,Amazon_employee_access,12233,ep230_25,25,102,128,230,1e-05,0.0,standard,256,256,256,0,1024,4.5,mesuré ici,0.6873627821199614,0.21694383467955536,0.9703670492415843
75e6bdca12b3c5d7,363613,Amazon_employee_access,12233,ep230_25,25,102,128,230,1e-05,0.0,standard,256,256,256,1,1024,4.6,mesuré ici,0.44837973127250375,0.222391425494522,0.9319101223728874
75e6bdca12b3c5d7,363613,Amazon_employee_access,12233,ep230_25,25,102,128,230,1e-05,0.0,standard,256,256,256,2,1024,4.5,mesuré ici,0.6344603495213841,0.21596879742352387,0.9647323910712079
75e6bdca12b3c5d7,363613,Amazon_employee_access,12233,ep230_25,25,102,128,230,1e-05,0.0,standard,512,512,512,0,1024,4.5,mesuré ici,0.6005620444366383,0.21799776403649984,0.9617909829596716
75e6bdca12b3c5d7,363613,Amazon_employee_access,12233,ep230_25,25,102,128,230,1e-05,0.0,standard,1024,1024,1024,0,1024,4.5,mesuré ici,0.5907877404057258,0.21971817200018365,0.9566424563218185
75e6bdca12b3c5d7,363613,Amazon_employee_access,12233,ep230_25,25,102,128,230,1e-05,0.0,standard,2048,2048,2048,0,1024,5.6,mesuré ici,0.7109862123474138,0.2057388566511389,0.9721945216965885
75e6bdca12b3c5d7,363613,Amazon_employee_access,12233,ep230_25,25,102,128,230,1e-05,0.0,standard,full,12233,12233,0,1024,34.5,mesuré ici,0.8382892772459823,0.16734639322851064,0.9849113128681497
75e6bdca12b3c5d7,363613,Amazon_employee_access,12233,ep230_50,50,102,128,230,1e-05,0.0,standard,32,32,32,0,1024,4.8,mesuré ici,0.6536752436989548,0.21705548463404056,0.962325661308815
75e6bdca12b3c5d7,363613,Amazon_employee_access,12233,ep230_50,50,102,128,230,1e-05,0.0,standard,32,32,32,1,1024,4.4,mesuré ici,0.5037498902256959,0.22332658491128132,0.9422705664202533
75e6bdca12b3c5d7,363613,Amazon_employee_access,12233,ep230_50,50,102,128,230,1e-05,0.0,standard,32,32,32,2,1024,4.4,mesuré ici,0.3909633792921753,0.2284693557178212,0.9224398366936772
75e6bdca12b3c5d7,363613,Amazon_employee_access,12233,ep230_50,50,102,128,230,1e-05,0.0,standard,64,64,64,0,1024,4.4,mesuré ici,0.6270396065688945,0.21517527539450607,0.9583028421937659
75e6bdca12b3c5d7,363613,Amazon_employee_access,12233,ep230_50,50,102,128,230,1e-05,0.0,standard,64,64,64,1,1024,4.5,mesuré ici,0.47778168086414335,0.22217698061536806,0.940531150908409
75e6bdca12b3c5d7,363613,Amazon_employee_access,12233,ep230_50,50,102,128,230,1e-05,0.0,standard,64,64,64,2,1024,4.5,mesuré ici,0.6446474049354527,0.2158304166193666,0.9655228659201784
75e6bdca12b3c5d7,363613,Amazon_employee_access,12233,ep230_50,50,102,128,230,1e-05,0.0,standard,128,128,128,0,1024,4.4,mesuré ici,0.5503732326337051,0.220375462809133,0.9527718479365436
75e6bdca12b3c5d7,363613,Amazon_employee_access,12233,ep230_50,50,102,128,230,1e-05,0.0,standard,128,128,128,1,1024,4.4,mesuré ici,0.5175814525335909,0.2230217000733881,0.9504076056515784
75e6bdca12b3c5d7,363613,Amazon_employee_access,12233,ep230_50,50,102,128,230,1e-05,0.0,standard,128,128,128,2,1024,4.3,mesuré ici,0.5200140511109159,0.2183926625609954,0.943830248095033
75e6bdca12b3c5d7,363613,Amazon_employee_access,12233,ep230_50,50,102,128,230,1e-05,0.0,standard,256,256,256,0,1024,4.4,mesuré ici,0.6929041889874419,0.21294267401915762,0.970109654178802
75e6bdca12b3c5d7,363613,Amazon_employee_access,12233,ep230_50,50,102,128,230,1e-05,0.0,standard,256,256,256,1,1024,4.4,mesuré ici,0.4763590058839027,0.22450203405722102,0.9362606936498873
75e6bdca12b3c5d7,363613,Amazon_employee_access,12233,ep230_50,50,102,128,230,1e-05,0.0,standard,256,256,256,2,1024,4.3,mesuré ici,0.617880038640555,0.21706544472274597,0.9581147656823354
75e6bdca12b3c5d7,363613,Amazon_employee_access,12233,ep230_50,50,102,128,230,1e-05,0.0,standard,512,512,512,0,1024,4.4,mesuré ici,0.5858961974181084,0.22030859301932837,0.9585772901282126
75e6bdca12b3c5d7,363613,Amazon_employee_access,12233,ep230_50,50,102,128,230,1e-05,0.0,standard,1024,1024,1024,0,1024,4.4,mesuré ici,0.5669096337929218,0.219371012078676,0.9535057284805082
75e6bdca12b3c5d7,363613,Amazon_employee_access,12233,ep230_50,50,102,128,230,1e-05,0.0,standard,2048,2048,2048,0,1024,5.6,mesuré ici,0.6970141389303592,0.20624393475036706,0.9703812399843206
75e6bdca12b3c5d7,363613,Amazon_employee_access,12233,ep230_50,50,102,128,230,1e-05,0.0,standard,full,12233,12233,0,1024,34.4,mesuré ici,0.8465706507420743,0.16794492233496633,0.9859097630973578
75e6bdca12b3c5d7,363613,Amazon_employee_access,12233,ep230_200,200,102,128,230,1e-05,0.0,standard,32,32,32,0,1024,4.8,mesuré ici,0.6527092298234829,0.21633091582621958,0.9613294871150915
75e6bdca12b3c5d7,363613,Amazon_employee_access,12233,ep230_200,200,102,128,230,1e-05,0.0,standard,32,32,32,1,1024,4.4,mesuré ici,0.5396153508386756,0.2225932406006888,0.951778300939948
75e6bdca12b3c5d7,363613,Amazon_employee_access,12233,ep230_200,200,102,128,230,1e-05,0.0,standard,32,32,32,2,1024,4.5,mesuré ici,0.44102046193027133,0.22478692637168377,0.930086920645949
75e6bdca12b3c5d7,363613,Amazon_employee_access,12233,ep230_200,200,102,128,230,1e-05,0.0,standard,64,64,64,0,1024,4.4,mesuré ici,0.6200052691665935,0.21750686439025085,0.9562887405043785
75e6bdca12b3c5d7,363613,Amazon_employee_access,12233,ep230_200,200,102,128,230,1e-05,0.0,standard,64,64,64,1,1024,4.4,mesuré ici,0.5290418898744181,0.22028740150487874,0.9518828258341858
75e6bdca12b3c5d7,363613,Amazon_employee_access,12233,ep230_200,200,102,128,230,1e-05,0.0,standard,64,64,64,2,1024,4.5,mesuré ici,0.6470536576798104,0.2173565665302331,0.9644436057026733
75e6bdca12b3c5d7,363613,Amazon_employee_access,12233,ep230_200,200,102,128,230,1e-05,0.0,standard,128,128,128,0,1024,4.5,mesuré ici,0.5650917713181699,0.22000290098625147,0.9517190040411623
75e6bdca12b3c5d7,363613,Amazon_employee_access,12233,ep230_200,200,102,128,230,1e-05,0.0,standard,128,128,128,1,1024,4.4,mesuré ici,0.5742513392465092,0.22113783984885113,0.9573115088194983
75e6bdca12b3c5d7,363613,Amazon_employee_access,12233,ep230_200,200,102,128,230,1e-05,0.0,standard,128,128,128,2,1024,4.4,mesuré ici,0.529112145428998,0.2199877631128298,0.9447466634274011
75e6bdca12b3c5d7,363613,Amazon_employee_access,12233,ep230_200,200,102,128,230,1e-05,0.0,standard,256,256,256,0,1024,4.5,mesuré ici,0.6495389479230702,0.21728289298937398,0.9614024535804229
75e6bdca12b3c5d7,363613,Amazon_employee_access,12233,ep230_200,200,102,128,230,1e-05,0.0,standard,256,256,256,1,1024,4.4,mesuré ici,0.5260472468604549,0.21693066706348624,0.9477198259102293
75e6bdca12b3c5d7,363613,Amazon_employee_access,12233,ep230_200,200,102,128,230,1e-05,0.0,standard,256,256,256,2,1024,4.5,mesuré ici,0.6099060331957497,0.21841561917242217,0.9591651695506014
75e6bdca12b3c5d7,363613,Amazon_employee_access,12233,ep230_200,200,102,128,230,1e-05,0.0,standard,512,512,512,0,1024,4.4,mesuré ici,0.5909985070694652,0.22002933446553616,0.9624526150713553
75e6bdca12b3c5d7,363613,Amazon_employee_access,12233,ep230_200,200,102,128,230,1e-05,0.0,standard,1024,1024,1024,0,1024,4.4,mesuré ici,0.5978747694739616,0.21977423636786253,0.9608049564941944
75e6bdca12b3c5d7,363613,Amazon_employee_access,12233,ep230_200,200,102,128,230,1e-05,0.0,standard,2048,2048,2048,0,1024,5.6,mesuré ici,0.7122595942741723,0.21583901952173354,0.9724378285451347
75e6bdca12b3c5d7,363613,Amazon_employee_access,12233,ep230_200,200,102,128,230,1e-05,0.0,standard,full,12233,12233,0,1024,34.4,mesuré ici,0.8298586106964082,0.17456139498986212,0.9831015041817819
75e6bdca12b3c5d7,363618,bank-marketing,16878,ep230_25,25,102,128,230,1e-05,0.0,standard,32,32,32,0,1024,5.1,mesuré ici,0.6675470132743363,0.33592472059403644,0.3057421541932786
75e6bdca12b3c5d7,363618,bank-marketing,16878,ep230_25,25,102,128,230,1e-05,0.0,standard,32,32,32,1,1024,4.6,mesuré ici,0.4890717182890856,0.36716950849132873,0.11544573471241748
75e6bdca12b3c5d7,363618,bank-marketing,16878,ep230_25,25,102,128,230,1e-05,0.0,standard,32,32,32,2,1024,4.6,mesuré ici,0.65413901179941,0.34952255595429826,0.1924247172350931
75e6bdca12b3c5d7,363618,bank-marketing,16878,ep230_25,25,102,128,230,1e-05,0.0,standard,64,64,64,0,1024,4.6,mesuré ici,0.6854212758112094,0.3439311055156658,0.2086183052857182
75e6bdca12b3c5d7,363618,bank-marketing,16878,ep230_25,25,102,128,230,1e-05,0.0,standard,64,64,64,1,1024,4.6,mesuré ici,0.6334070796460177,0.3504503614332135,0.1831675970378848
75e6bdca12b3c5d7,363618,bank-marketing,16878,ep230_25,25,102,128,230,1e-05,0.0,standard,64,64,64,2,1024,4.6,mesuré ici,0.6556415929203541,0.3469217617088396,0.2498451704561858
75e6bdca12b3c5d7,363618,bank-marketing,16878,ep230_25,25,102,128,230,1e-05,0.0,standard,128,128,128,0,1024,4.7,mesuré ici,0.7230595501474926,0.3322741455033058,0.2737489846420003
75e6bdca12b3c5d7,363618,bank-marketing,16878,ep230_25,25,102,128,230,1e-05,0.0,standard,128,128,128,1,1024,4.9,mesuré ici,0.6638873525073746,0.3477081119804087,0.2052198958457164
75e6bdca12b3c5d7,363618,bank-marketing,16878,ep230_25,25,102,128,230,1e-05,0.0,standard,128,128,128,2,1024,4.8,mesuré ici,0.7337665929203541,0.3174316897924823,0.3484903234968203
75e6bdca12b3c5d7,363618,bank-marketing,16878,ep230_25,25,102,128,230,1e-05,0.0,standard,256,256,256,0,1024,4.7,mesuré ici,0.7110849926253687,0.337202546993866,0.22790254378049574
75e6bdca12b3c5d7,363618,bank-marketing,16878,ep230_25,25,102,128,230,1e-05,0.0,standard,256,256,256,1,1024,4.7,mesuré ici,0.7527747050147492,0.3171174008101326,0.3578102337200264
75e6bdca12b3c5d7,363618,bank-marketing,16878,ep230_25,25,102,128,230,1e-05,0.0,standard,256,256,256,2,1024,4.7,mesuré ici,0.6941325589970502,0.326669307484868,0.34352585637733773
75e6bdca12b3c5d7,363618,bank-marketing,16878,ep230_25,25,102,128,230,1e-05,0.0,standard,512,512,512,0,1024,4.7,mesuré ici,0.7356886061946903,0.32127284865471895,0.3237049051490553
75e6bdca12b3c5d7,363618,bank-marketing,16878,ep230_25,25,102,128,230,1e-05,0.0,standard,1024,1024,1024,0,1024,4.8,mesuré ici,0.7626521017699115,0.30859567546086075,0.3967470645325166
75e6bdca12b3c5d7,363618,bank-marketing,16878,ep230_25,25,102,128,230,1e-05,0.0,standard,2048,2048,2048,0,1024,5.8,mesuré ici,0.7706950589970502,0.301594113314798,0.40705677743723057
75e6bdca12b3c5d7,363618,bank-marketing,16878,ep230_25,25,102,128,230,1e-05,0.0,standard,full,16878,16878,0,1024,59.0,mesuré ici,0.7903530604719765,0.2924787915759287,0.44050155028809623
75e6bdca12b3c5d7,363618,bank-marketing,16878,ep230_50,50,102,128,230,1e-05,0.0,standard,32,32,32,0,1024,5.0,mesuré ici,0.6717505530973451,0.3346239104515407,0.3077682057008011
75e6bdca12b3c5d7,363618,bank-marketing,16878,ep230_50,50,102,128,230,1e-05,0.0,standard,32,32,32,1,1024,4.6,mesuré ici,0.48307522123893804,0.3663193728072678,0.11482955728953423
75e6bdca12b3c5d7,363618,bank-marketing,16878,ep230_50,50,102,128,230,1e-05,0.0,standard,32,32,32,2,1024,4.7,mesuré ici,0.6610573377581122,0.34918637235677813,0.20086159215740337
75e6bdca12b3c5d7,363618,bank-marketing,16878,ep230_50,50,102,128,230,1e-05,0.0,standard,64,64,64,0,1024,4.6,mesuré ici,0.6944321533923304,0.34440465659667785,0.21511647017927132
75e6bdca12b3c5d7,363618,bank-marketing,16878,ep230_50,50,102,128,230,1e-05,0.0,standard,64,64,64,1,1024,4.7,mesuré ici,0.6446994837758112,0.3498189336876693,0.1892255302511302
75e6bdca12b3c5d7,363618,bank-marketing,16878,ep230_50,50,102,128,230,1e-05,0.0,standard,64,64,64,2,1024,4.7,mesuré ici,0.6586790191740414,0.34222900081679286,0.25641803591825624
75e6bdca12b3c5d7,363618,bank-marketing,16878,ep230_50,50,102,128,230,1e-05,0.0,standard,128,128,128,0,1024,4.8,mesuré ici,0.7307383849557522,0.3336473938261985,0.2866269331782917
75e6bdca12b3c5d7,363618,bank-marketing,16878,ep230_50,50,102,128,230,1e-05,0.0,standard,128,128,128,1,1024,4.7,mesuré ici,0.6726216814159292,0.3485355255529447,0.20768237078321738
75e6bdca12b3c5d7,363618,bank-marketing,16878,ep230_50,50,102,128,230,1e-05,0.0,standard,128,128,128,2,1024,4.8,mesuré ici,0.7370990044247787,0.3207949520048584,0.35533176508562264
75e6bdca12b3c5d7,363618,bank-marketing,16878,ep230_50,50,102,128,230,1e-05,0.0,standard,256,256,256,0,1024,4.8,mesuré ici,0.715463679941003,0.33936088867264014,0.23154505383057908
75e6bdca12b3c5d7,363618,bank-marketing,16878,ep230_50,50,102,128,230,1e-05,0.0,standard,256,256,256,1,1024,4.8,mesuré ici,0.7538670722713865,0.31973892901048473,0.3608568287184291
75e6bdca12b3c5d7,363618,bank-marketing,16878,ep230_50,50,102,128,230,1e-05,0.0,standard,256,256,256,2,1024,4.7,mesuré ici,0.7054756637168141,0.32785377300737706,0.355901819510189
75e6bdca12b3c5d7,363618,bank-marketing,16878,ep230_50,50,102,128,230,1e-05,0.0,standard,512,512,512,0,1024,4.7,mesuré ici,0.7319920722713864,0.3233937024826744,0.31823160026715025
75e6bdca12b3c5d7,363618,bank-marketing,16878,ep230_50,50,102,128,230,1e-05,0.0,standard,1024,1024,1024,0,1024,4.8,mesuré ici,0.7672428097345133,0.31027813779363406,0.40176896201551027
75e6bdca12b3c5d7,363618,bank-marketing,16878,ep230_50,50,102,128,230,1e-05,0.0,standard,2048,2048,2048,0,1024,5.9,mesuré ici,0.7707688053097346,0.30244125826066903,0.4045030076133322
75e6bdca12b3c5d7,363618,bank-marketing,16878,ep230_50,50,102,128,230,1e-05,0.0,standard,full,16878,16878,0,1024,59.2,mesuré ici,0.7903945427728614,0.2929864010605798,0.44259134341755857
75e6bdca12b3c5d7,363618,bank-marketing,16878,ep230_200,200,102,128,230,1e-05,0.0,standard,32,32,32,0,1024,5.0,mesuré ici,0.6799456120943953,0.3308966272756877,0.32654090280772663
75e6bdca12b3c5d7,363618,bank-marketing,16878,ep230_200,200,102,128,230,1e-05,0.0,standard,32,32,32,1,1024,4.6,mesuré ici,0.5263366519174042,0.36545735222754794,0.12568594206007871
75e6bdca12b3c5d7,363618,bank-marketing,16878,ep230_200,200,102,128,230,1e-05,0.0,standard,32,32,32,2,1024,4.6,mesuré ici,0.6692708333333334,0.34231014766667966,0.23538696372567067
75e6bdca12b3c5d7,363618,bank-marketing,16878,ep230_200,200,102,128,230,1e-05,0.0,standard,64,64,64,0,1024,4.6,mesuré ici,0.706775442477876,0.3378537005304893,0.21943228328579165
75e6bdca12b3c5d7,363618,bank-marketing,16878,ep230_200,200,102,128,230,1e-05,0.0,standard,64,64,64,1,1024,4.6,mesuré ici,0.6712343289085546,0.3435925958857554,0.21830947161343675
75e6bdca12b3c5d7,363618,bank-marketing,16878,ep230_200,200,102,128,230,1e-05,0.0,standard,64,64,64,2,1024,4.6,mesuré ici,0.6680494100294985,0.34630795885357246,0.2610934929914871
75e6bdca12b3c5d7,363618,bank-marketing,16878,ep230_200,200,102,128,230,1e-05,0.0,standard,128,128,128,0,1024,4.7,mesuré ici,0.7367809734513273,0.3223798081890747,0.31656290721902325
75e6bdca12b3c5d7,363618,bank-marketing,16878,ep230_200,200,102,128,230,1e-05,0.0,standard,128,128,128,1,1024,4.7,mesuré ici,0.6986080383480826,0.33816459347243766,0.24045760746896944
75e6bdca12b3c5d7,363618,bank-marketing,16878,ep230_200,200,102,128,230,1e-05,0.0,standard,128,128,128,2,1024,4.7,mesuré ici,0.7445796460176991,0.3123266234099087,0.3690246935246193
75e6bdca12b3c5d7,363618,bank-marketing,16878,ep230_200,200,102,128,230,1e-05,0.0,standard,256,256,256,0,1024,4.6,mesuré ici,0.7143759218289086,0.3341852674146611,0.2381696587497485
75e6bdca12b3c5d7,363618,bank-marketing,16878,ep230_200,200,102,128,230,1e-05,0.0,standard,256,256,256,1,1024,4.7,mesuré ici,0.7506037979351032,0.31447215577663296,0.3656674307885724
75e6bdca12b3c5d7,363618,bank-marketing,16878,ep230_200,200,102,128,230,1e-05,0.0,standard,256,256,256,2,1024,4.6,mesuré ici,0.7136937684365782,0.3217502220536135,0.3692053228519968
75e6bdca12b3c5d7,363618,bank-marketing,16878,ep230_200,200,102,128,230,1e-05,0.0,standard,512,512,512,0,1024,4.7,mesuré ici,0.7349188790560472,0.31978728169158266,0.32457396531395216
75e6bdca12b3c5d7,363618,bank-marketing,16878,ep230_200,200,102,128,230,1e-05,0.0,standard,1024,1024,1024,0,1024,4.8,mesuré ici,0.7700728244837758,0.3067947523544794,0.4069983379147716
75e6bdca12b3c5d7,363618,bank-marketing,16878,ep230_200,200,102,128,230,1e-05,0.0,standard,2048,2048,2048,0,1024,5.9,mesuré ici,0.7693906710914453,0.3019341129509423,0.4102078072283005
75e6bdca12b3c5d7,363618,bank-marketing,16878,ep230_200,200,102,128,230,1e-05,0.0,standard,full,16878,16878,0,1024,59.2,mesuré ici,0.7901686946902655,0.2939071930208009,0.4446599086152355
75e6bdca12b3c5d7,363624,coil2000_insurance_policies,3666,ep230_25,25,102,128,230,1e-05,0.0,standard,32,32,32,0,1024,5.1,mesuré ici,0.501395911002162,0.22968731936704614,0.07451856687690128
75e6bdca12b3c5d7,363624,coil2000_insurance_policies,3666,ep230_25,25,102,128,230,1e-05,0.0,standard,32,32,32,1,1024,4.8,mesuré ici,0.6910780858995965,0.22181772897773977,0.12898004598179771
75e6bdca12b3c5d7,363624,coil2000_insurance_policies,3666,ep230_25,25,102,128,230,1e-05,0.0,standard,32,32,32,2,1024,4.9,mesuré ici,0.6422807823910934,0.22821963666065137,0.1106983864328784
75e6bdca12b3c5d7,363624,coil2000_insurance_policies,3666,ep230_25,25,102,128,230,1e-05,0.0,standard,64,64,64,0,1024,4.7,mesuré ici,0.6537289549393119,0.21863669673968839,0.12474865285318831
75e6bdca12b3c5d7,363624,coil2000_insurance_policies,3666,ep230_25,25,102,128,230,1e-05,0.0,standard,64,64,64,1,1024,4.8,mesuré ici,0.6122942308019679,0.22266861001144928,0.09013695643423969
75e6bdca12b3c5d7,363624,coil2000_insurance_policies,3666,ep230_25,25,102,128,230,1e-05,0.0,standard,64,64,64,2,1024,5.0,mesuré ici,0.6790170743748192,0.21932882197069425,0.11924705949336822
75e6bdca12b3c5d7,363624,coil2000_insurance_policies,3666,ep230_25,25,102,128,230,1e-05,0.0,standard,128,128,128,0,1024,5.2,mesuré ici,0.6949338644604464,0.21980567637955767,0.12888793661313544
75e6bdca12b3c5d7,363624,coil2000_insurance_policies,3666,ep230_25,25,102,128,230,1e-05,0.0,standard,128,128,128,1,1024,5.3,mesuré ici,0.7520215174573991,0.2192707182995399,0.15508911883713428
75e6bdca12b3c5d7,363624,coil2000_insurance_policies,3666,ep230_25,25,102,128,230,1e-05,0.0,standard,128,128,128,2,1024,5.3,mesuré ici,0.6944401886182183,0.21927078806580586,0.16141454412333445
75e6bdca12b3c5d7,363624,coil2000_insurance_policies,3666,ep230_25,25,102,128,230,1e-05,0.0,standard,256,256,256,0,1024,5.3,mesuré ici,0.6812045690550363,0.21894650378477037,0.14434452947324
75e6bdca12b3c5d7,363624,coil2000_insurance_policies,3666,ep230_25,25,102,128,230,1e-05,0.0,standard,256,256,256,1,1024,5.4,mesuré ici,0.704577566688797,0.21780068250102325,0.12560091747907212
75e6bdca12b3c5d7,363624,coil2000_insurance_policies,3666,ep230_25,25,102,128,230,1e-05,0.0,standard,256,256,256,2,1024,5.3,mesuré ici,0.7167322063905486,0.21572439475462418,0.12918711279643258
75e6bdca12b3c5d7,363624,coil2000_insurance_policies,3666,ep230_25,25,102,128,230,1e-05,0.0,standard,512,512,512,0,1024,5.3,mesuré ici,0.7348705377662018,0.21955202106258448,0.14566859180369662
75e6bdca12b3c5d7,363624,coil2000_insurance_policies,3666,ep230_25,25,102,128,230,1e-05,0.0,standard,1024,1024,1024,0,1024,6.4,mesuré ici,0.7937967076928314,0.20819391111653618,0.1909333787680866
75e6bdca12b3c5d7,363624,coil2000_insurance_policies,3666,ep230_25,25,102,128,230,1e-05,0.0,standard,2048,2048,2048,0,1024,10.8,mesuré ici,0.7775224282042116,0.20731501416146142,0.15992671468462824
75e6bdca12b3c5d7,363624,coil2000_insurance_policies,3666,ep230_25,25,102,128,230,1e-05,0.0,standard,full,3666,3666,0,1024,16.7,mesuré ici,0.7948521525969051,0.19891892011521178,0.19524229236839144
75e6bdca12b3c5d7,363624,coil2000_insurance_policies,3666,ep230_50,50,102,128,230,1e-05,0.0,standard,32,32,32,0,1024,5.2,mesuré ici,0.4963485010980032,0.2281940575225483,0.07446812862195523
75e6bdca12b3c5d7,363624,coil2000_insurance_policies,3666,ep230_50,50,102,128,230,1e-05,0.0,standard,32,32,32,1,1024,4.7,mesuré ici,0.6961765657184685,0.2216082038336861,0.1277500511112769
75e6bdca12b3c5d7,363624,coil2000_insurance_policies,3666,ep230_50,50,102,128,230,1e-05,0.0,standard,32,32,32,2,1024,4.8,mesuré ici,0.6461450726043954,0.22664170793246186,0.11265179645733409
75e6bdca12b3c5d7,363624,coil2000_insurance_policies,3666,ep230_50,50,102,128,230,1e-05,0.0,standard,64,64,64,0,1024,4.7,mesuré ici,0.6597381815705702,0.219753588272121,0.1270070856357127
75e6bdca12b3c5d7,363624,coil2000_insurance_policies,3666,ep230_50,50,102,128,230,1e-05,0.0,standard,64,64,64,1,1024,4.7,mesuré ici,0.6180566195121121,0.221456511062869,0.09306381051034499
75e6bdca12b3c5d7,363624,coil2000_insurance_policies,3666,ep230_50,50,102,128,230,1e-05,0.0,standard,64,64,64,2,1024,4.7,mesuré ici,0.6923718570723321,0.2200047493515542,0.12712531484904982
75e6bdca12b3c5d7,363624,coil2000_insurance_policies,3666,ep230_50,50,102,128,230,1e-05,0.0,standard,128,128,128,0,1024,5.2,mesuré ici,0.7103144204415845,0.2195374685292735,0.14280844876511464
75e6bdca12b3c5d7,363624,coil2000_insurance_policies,3666,ep230_50,50,102,128,230,1e-05,0.0,standard,128,128,128,1,1024,5.3,mesuré ici,0.7627376878947277,0.21911942099931947,0.16943410117637983
75e6bdca12b3c5d7,363624,coil2000_insurance_policies,3666,ep230_50,50,102,128,230,1e-05,0.0,standard,128,128,128,2,1024,5.3,mesuré ici,0.719047375857549,0.21848282271873556,0.17295208706874474
75e6bdca12b3c5d7,363624,coil2000_insurance_policies,3666,ep230_50,50,102,128,230,1e-05,0.0,standard,256,256,256,0,1024,5.3,mesuré ici,0.6891118941831367,0.21899919568609796,0.14514795101112202
75e6bdca12b3c5d7,363624,coil2000_insurance_policies,3666,ep230_50,50,102,128,230,1e-05,0.0,standard,256,256,256,1,1024,5.4,mesuré ici,0.7253545103246344,0.21826878712092657,0.13759932440046563
75e6bdca12b3c5d7,363624,coil2000_insurance_policies,3666,ep230_50,50,102,128,230,1e-05,0.0,standard,256,256,256,2,1024,5.2,mesuré ici,0.7285123333844034,0.21581299172715113,0.14282307045415138
75e6bdca12b3c5d7,363624,coil2000_insurance_policies,3666,ep230_50,50,102,128,230,1e-05,0.0,standard,512,512,512,0,1024,5.2,mesuré ici,0.731219038864205,0.21941308370237902,0.14481155480533175
75e6bdca12b3c5d7,363624,coil2000_insurance_policies,3666,ep230_50,50,102,128,230,1e-05,0.0,standard,1024,1024,1024,0,1024,6.3,mesuré ici,0.7957033178421259,0.20989459023929052,0.19692265438541934
75e6bdca12b3c5d7,363624,coil2000_insurance_policies,3666,ep230_50,50,102,128,230,1e-05,0.0,standard,2048,2048,2048,0,1024,10.8,mesuré ici,0.7740071157414501,0.20978969939383918,0.1577268931525487
75e6bdca12b3c5d7,363624,coil2000_insurance_policies,3666,ep230_50,50,102,128,230,1e-05,0.0,standard,full,3666,3666,0,1024,16.7,mesuré ici,0.7921624704220076,0.20051628196993493,0.1921019341564067
75e6bdca12b3c5d7,363624,coil2000_insurance_policies,3666,ep230_200,200,102,128,230,1e-05,0.0,standard,32,32,32,0,1024,5.1,mesuré ici,0.46459152579881857,0.23402902635849623,0.058414369645862114
75e6bdca12b3c5d7,363624,coil2000_insurance_policies,3666,ep230_200,200,102,128,230,1e-05,0.0,standard,32,32,32,1,1024,4.7,mesuré ici,0.728708101390804,0.20866927050859435,0.14719633395371592
75e6bdca12b3c5d7,363624,coil2000_insurance_policies,3666,ep230_200,200,102,128,230,1e-05,0.0,standard,32,32,32,2,1024,4.7,mesuré ici,0.6862690022640996,0.21675593895433554,0.11901144271031164
75e6bdca12b3c5d7,363624,coil2000_insurance_policies,3666,ep230_200,200,102,128,230,1e-05,0.0,standard,64,64,64,0,1024,4.7,mesuré ici,0.7203922169449977,0.20866124793748475,0.17397926641421035
75e6bdca12b3c5d7,363624,coil2000_insurance_policies,3666,ep230_200,200,102,128,230,1e-05,0.0,standard,64,64,64,1,1024,4.8,mesuré ici,0.6535502102378156,0.22232875024173412,0.1100420895146963
75e6bdca12b3c5d7,363624,coil2000_insurance_policies,3666,ep230_200,200,102,128,230,1e-05,0.0,standard,64,64,64,2,1024,4.7,mesuré ici,0.7127232180855592,0.20752954913294053,0.20538954645075203
75e6bdca12b3c5d7,363624,coil2000_insurance_policies,3666,ep230_200,200,102,128,230,1e-05,0.0,standard,128,128,128,0,1024,5.2,mesuré ici,0.7127827996527245,0.21049068015858086,0.14572378147060594
75e6bdca12b3c5d7,363624,coil2000_insurance_policies,3666,ep230_200,200,102,128,230,1e-05,0.0,standard,128,128,128,1,1024,5.3,mesuré ici,0.7795737364451933,0.19731429516734594,0.19584110458163329
75e6bdca12b3c5d7,363624,coil2000_insurance_policies,3666,ep230_200,200,102,128,230,1e-05,0.0,standard,128,128,128,2,1024,5.2,mesuré ici,0.7502170471375311,0.2050104993353259,0.13506665764699155
75e6bdca12b3c5d7,363624,coil2000_insurance_policies,3666,ep230_200,200,102,128,230,1e-05,0.0,standard,256,256,256,0,1024,5.3,mesuré ici,0.7092930221473197,0.2110866268571086,0.15245621275815813
75e6bdca12b3c5d7,363624,coil2000_insurance_policies,3666,ep230_200,200,102,128,230,1e-05,0.0,standard,256,256,256,1,1024,5.4,mesuré ici,0.7487870895255604,0.20267076215063537,0.15964866860107088
75e6bdca12b3c5d7,363624,coil2000_insurance_policies,3666,ep230_200,200,102,128,230,1e-05,0.0,standard,256,256,256,2,1024,5.2,mesuré ici,0.7483529952504979,0.20364322187004472,0.17173690747206108
75e6bdca12b3c5d7,363624,coil2000_insurance_policies,3666,ep230_200,200,102,128,230,1e-05,0.0,standard,512,512,512,0,1024,5.3,mesuré ici,0.7303253153567233,0.20803484610046097,0.14236246848330103
75e6bdca12b3c5d7,363624,coil2000_insurance_policies,3666,ep230_200,200,102,128,230,1e-05,0.0,standard,1024,1024,1024,0,1024,6.3,mesuré ici,0.7743560934919906,0.20104005810542153,0.18916378422917265
75e6bdca12b3c5d7,363624,coil2000_insurance_policies,3666,ep230_200,200,102,128,230,1e-05,0.0,standard,2048,2048,2048,0,1024,10.7,mesuré ici,0.764840066050423,0.20326949064738878,0.16104478823882362
75e6bdca12b3c5d7,363624,coil2000_insurance_policies,3666,ep230_200,200,102,128,230,1e-05,0.0,standard,full,3666,3666,0,1024,16.8,mesuré ici,0.7928859608804454,0.1963890737675561,0.1981518407081707
75e6bdca12b3c5d7,363627,credit_card_clients_default,11200,ep230_25,25,102,128,230,1e-05,0.0,standard,32,32,32,0,1024,5.2,mesuré ici,0.6921384708073779,0.501620053778304,0.4417406861179035
75e6bdca12b3c5d7,363627,credit_card_clients_default,11200,ep230_25,25,102,128,230,1e-05,0.0,standard,32,32,32,1,1024,4.8,mesuré ici,0.6946423537605226,0.4862350372346576,0.4460731804205652
75e6bdca12b3c5d7,363627,credit_card_clients_default,11200,ep230_25,25,102,128,230,1e-05,0.0,standard,32,32,32,2,1024,4.7,mesuré ici,0.5110297978653431,0.5330673830485011,0.22512325808988712
75e6bdca12b3c5d7,363627,credit_card_clients_default,11200,ep230_25,25,102,128,230,1e-05,0.0,standard,64,64,64,0,1024,4.7,mesuré ici,0.6962259353633393,0.47798234371519155,0.46634537495487977
75e6bdca12b3c5d7,363627,credit_card_clients_default,11200,ep230_25,25,102,128,230,1e-05,0.0,standard,64,64,64,1,1024,4.7,mesuré ici,0.6643719012375704,0.5048987904386839,0.38621712637974837
75e6bdca12b3c5d7,363627,credit_card_clients_default,11200,ep230_25,25,102,128,230,1e-05,0.0,standard,64,64,64,2,1024,4.8,mesuré ici,0.6790801408365069,0.5001135365890746,0.4081572702081599
75e6bdca12b3c5d7,363627,credit_card_clients_default,11200,ep230_25,25,102,128,230,1e-05,0.0,standard,128,128,128,0,1024,4.7,mesuré ici,0.6917957760102588,0.46557551357682647,0.4778473752781005
75e6bdca12b3c5d7,363627,credit_card_clients_default,11200,ep230_25,25,102,128,230,1e-05,0.0,standard,128,128,128,1,1024,5.3,mesuré ici,0.7164449283933695,0.45874376967373837,0.5007266370111332
75e6bdca12b3c5d7,363627,credit_card_clients_default,11200,ep230_25,25,102,128,230,1e-05,0.0,standard,128,128,128,2,1024,4.8,mesuré ici,0.7168235508708318,0.47224334579491956,0.5248353535565577
75e6bdca12b3c5d7,363627,credit_card_clients_default,11200,ep230_25,25,102,128,230,1e-05,0.0,standard,256,256,256,0,1024,4.8,mesuré ici,0.7362742442750624,0.45263642432565465,0.5151638781561974
75e6bdca12b3c5d7,363627,credit_card_clients_default,11200,ep230_25,25,102,128,230,1e-05,0.0,standard,256,256,256,1,1024,4.8,mesuré ici,0.7285415019981318,0.4536860227991237,0.5162913034109826
75e6bdca12b3c5d7,363627,credit_card_clients_default,11200,ep230_25,25,102,128,230,1e-05,0.0,standard,256,256,256,2,1024,4.8,mesuré ici,0.7244568011098889,0.4570794849691958,0.5028805623217326
75e6bdca12b3c5d7,363627,credit_card_clients_default,11200,ep230_25,25,102,128,230,1e-05,0.0,standard,512,512,512,0,1024,4.8,mesuré ici,0.7229119108551341,0.4540632271154943,0.5236211404821641
75e6bdca12b3c5d7,363627,credit_card_clients_default,11200,ep230_25,25,102,128,230,1e-05,0.0,standard,1024,1024,1024,0,1024,4.9,mesuré ici,0.7478457210132712,0.4397137468785166,0.5551494975913291
75e6bdca12b3c5d7,363627,credit_card_clients_default,11200,ep230_25,25,102,128,230,1e-05,0.0,standard,2048,2048,2048,0,1024,6.3,mesuré ici,0.7521929703347907,0.44131453577016144,0.5377558911204188
75e6bdca12b3c5d7,363627,credit_card_clients_default,11200,ep230_25,25,102,128,230,1e-05,0.0,standard,full,11200,11200,0,1024,34.3,mesuré ici,0.7529308696156843,0.43882585847339417,0.5526472664047335
75e6bdca12b3c5d7,363627,credit_card_clients_default,11200,ep230_50,50,102,128,230,1e-05,0.0,standard,32,32,32,0,1024,5.1,mesuré ici,0.7053405114996214,0.49394561076041554,0.4605703310425521
75e6bdca12b3c5d7,363627,credit_card_clients_default,11200,ep230_50,50,102,128,230,1e-05,0.0,standard,32,32,32,1,1024,4.8,mesuré ici,0.6938381264543801,0.4848009230982437,0.4506617696340873
75e6bdca12b3c5d7,363627,credit_card_clients_default,11200,ep230_50,50,102,128,230,1e-05,0.0,standard,32,32,32,2,1024,4.8,mesuré ici,0.5104743006538839,0.5348732721859562,0.2233982498733732
75e6bdca12b3c5d7,363627,credit_card_clients_default,11200,ep230_50,50,102,128,230,1e-05,0.0,standard,64,64,64,0,1024,4.7,mesuré ici,0.7059208817205491,0.47245175943571516,0.48073085482711464
75e6bdca12b3c5d7,363627,credit_card_clients_default,11200,ep230_50,50,102,128,230,1e-05,0.0,standard,64,64,64,1,1024,4.7,mesuré ici,0.6746416904802701,0.4965606044270951,0.4001493199095879
75e6bdca12b3c5d7,363627,credit_card_clients_default,11200,ep230_50,50,102,128,230,1e-05,0.0,standard,64,64,64,2,1024,4.7,mesuré ici,0.687840967504795,0.4918330067535046,0.42646475169923725
75e6bdca12b3c5d7,363627,credit_card_clients_default,11200,ep230_50,50,102,128,230,1e-05,0.0,standard,128,128,128,0,1024,4.7,mesuré ici,0.697010816995451,0.46600530065147405,0.4821180870163758
75e6bdca12b3c5d7,363627,credit_card_clients_default,11200,ep230_50,50,102,128,230,1e-05,0.0,standard,128,128,128,1,1024,4.8,mesuré ici,0.7164255827193384,0.4604055388311796,0.4988253425476678
75e6bdca12b3c5d7,363627,credit_card_clients_default,11200,ep230_50,50,102,128,230,1e-05,0.0,standard,128,128,128,2,1024,4.8,mesuré ici,0.7210602534836033,0.47188199493186433,0.5264593943834837
75e6bdca12b3c5d7,363627,credit_card_clients_default,11200,ep230_50,50,102,128,230,1e-05,0.0,standard,256,256,256,0,1024,4.8,mesuré ici,0.7337399609770118,0.4551946984416628,0.5070472966629913
75e6bdca12b3c5d7,363627,credit_card_clients_default,11200,ep230_50,50,102,128,230,1e-05,0.0,standard,256,256,256,1,1024,4.7,mesuré ici,0.7278174210558316,0.4590775802234182,0.5098418293053437
75e6bdca12b3c5d7,363627,credit_card_clients_default,11200,ep230_50,50,102,128,230,1e-05,0.0,standard,256,256,256,2,1024,4.8,mesuré ici,0.7305866161099719,0.45590045991956973,0.5108467481823359
75e6bdca12b3c5d7,363627,credit_card_clients_default,11200,ep230_50,50,102,128,230,1e-05,0.0,standard,512,512,512,0,1024,4.7,mesuré ici,0.7260569647190179,0.45619066608185216,0.5232566881158293
75e6bdca12b3c5d7,363627,credit_card_clients_default,11200,ep230_50,50,102,128,230,1e-05,0.0,standard,1024,1024,1024,0,1024,4.8,mesuré ici,0.7490285707968759,0.43976401041010965,0.5566976033149988
75e6bdca12b3c5d7,363627,credit_card_clients_default,11200,ep230_50,50,102,128,230,1e-05,0.0,standard,2048,2048,2048,0,1024,6.4,mesuré ici,0.7530801076724943,0.4429530787382103,0.5316018207260671
75e6bdca12b3c5d7,363627,credit_card_clients_default,11200,ep230_50,50,102,128,230,1e-05,0.0,standard,full,11200,11200,0,1024,34.2,mesuré ici,0.7533592381120833,0.43867146422315817,0.5519370430406934
75e6bdca12b3c5d7,363627,credit_card_clients_default,11200,ep230_200,200,102,128,230,1e-05,0.0,standard,32,32,32,0,1024,5.1,mesuré ici,0.7292959832853376,0.4664463556054742,0.5180286218148917
75e6bdca12b3c5d7,363627,credit_card_clients_default,11200,ep230_200,200,102,128,230,1e-05,0.0,standard,32,32,32,1,1024,4.8,mesuré ici,0.70095457083004,0.4822030848214093,0.4780237336965873
75e6bdca12b3c5d7,363627,credit_card_clients_default,11200,ep230_200,200,102,128,230,1e-05,0.0,standard,32,32,32,2,1024,4.7,mesuré ici,0.5370911844527109,0.5291642370965419,0.2458082388032638
75e6bdca12b3c5d7,363627,credit_card_clients_default,11200,ep230_200,200,102,128,230,1e-05,0.0,standard,64,64,64,0,1024,4.7,mesuré ici,0.7191422680868234,0.4742374197058592,0.5058342841612626
75e6bdca12b3c5d7,363627,credit_card_clients_default,11200,ep230_200,200,102,128,230,1e-05,0.0,standard,64,64,64,1,1024,4.7,mesuré ici,0.7118102576291048,0.46817602345557147,0.4364015038020048
75e6bdca12b3c5d7,363627,credit_card_clients_default,11200,ep230_200,200,102,128,230,1e-05,0.0,standard,64,64,64,2,1024,4.8,mesuré ici,0.7246309121761673,0.4692817154702731,0.46977754573785313
75e6bdca12b3c5d7,363627,credit_card_clients_default,11200,ep230_200,200,102,128,230,1e-05,0.0,standard,128,128,128,0,1024,4.8,mesuré ici,0.7281352428434824,0.46205658737523625,0.5086392572997379
75e6bdca12b3c5d7,363627,credit_card_clients_default,11200,ep230_200,200,102,128,230,1e-05,0.0,standard,128,128,128,1,1024,4.7,mesuré ici,0.7225940890674833,0.4815168170308157,0.5007405870588761
75e6bdca12b3c5d7,363627,credit_card_clients_default,11200,ep230_200,200,102,128,230,1e-05,0.0,standard,128,128,128,2,1024,4.7,mesuré ici,0.731645100846235,0.47713028157796644,0.5318423497881448
75e6bdca12b3c5d7,363627,credit_card_clients_default,11200,ep230_200,200,102,128,230,1e-05,0.0,standard,256,256,256,0,1024,4.7,mesuré ici,0.7290334348520608,0.4693546352535005,0.5070963850010454
75e6bdca12b3c5d7,363627,credit_card_clients_default,11200,ep230_200,200,102,128,230,1e-05,0.0,standard,256,256,256,1,1024,4.8,mesuré ici,0.7306446531320646,0.4819391085638324,0.5145078057114819
75e6bdca12b3c5d7,363627,credit_card_clients_default,11200,ep230_200,200,102,128,230,1e-05,0.0,standard,256,256,256,2,1024,4.7,mesuré ici,0.7392479507403866,0.46338600445821254,0.5082315829452816
75e6bdca12b3c5d7,363627,credit_card_clients_default,11200,ep230_200,200,102,128,230,1e-05,0.0,standard,512,512,512,0,1024,4.8,mesuré ici,0.7382585576970909,0.46983515041792767,0.517927684279097
75e6bdca12b3c5d7,363627,credit_card_clients_default,11200,ep230_200,200,102,128,230,1e-05,0.0,standard,1024,1024,1024,0,1024,4.9,mesuré ici,0.7417352516872191,0.4523982669807409,0.5447990134487561
75e6bdca12b3c5d7,363627,credit_card_clients_default,11200,ep230_200,200,102,128,230,1e-05,0.0,standard,2048,2048,2048,0,1024,6.4,mesuré ici,0.7408895693652962,0.45863626723043477,0.521801661848239
75e6bdca12b3c5d7,363627,credit_card_clients_default,11200,ep230_200,200,102,128,230,1e-05,0.0,standard,full,11200,11200,0,1024,34.2,mesuré ici,0.7526627938469702,0.44407237120618964,0.5476178533994218
75e6bdca12b3c5d7,363632,E-CommereShippingData,4105,ep230_25,25,102,128,230,1e-05,0.0,standard,32,32,32,0,1024,4.9,mesuré ici,0.7155577923699094,0.6230589438089811,0.8055785483381549
75e6bdca12b3c5d7,363632,E-CommereShippingData,4105,ep230_25,25,102,128,230,1e-05,0.0,standard,32,32,32,1,1024,4.5,mesuré ici,0.7436921174750241,0.5230024945429192,0.8538669684820221
75e6bdca12b3c5d7,363632,E-CommereShippingData,4105,ep230_25,25,102,128,230,1e-05,0.0,standard,32,32,32,2,1024,4.5,mesuré ici,0.7252331152439339,0.6454980611206862,0.8353479655347095
75e6bdca12b3c5d7,363632,E-CommereShippingData,4105,ep230_25,25,102,128,230,1e-05,0.0,standard,64,64,64,0,1024,4.5,mesuré ici,0.7495432803763131,0.5023881171034222,0.8567318720653254
75e6bdca12b3c5d7,363632,E-CommereShippingData,4105,ep230_25,25,102,128,230,1e-05,0.0,standard,64,64,64,1,1024,4.5,mesuré ici,0.7179493784253973,0.5981983132315014,0.8271910660713371
75e6bdca12b3c5d7,363632,E-CommereShippingData,4105,ep230_25,25,102,128,230,1e-05,0.0,standard,64,64,64,2,1024,4.5,mesuré ici,0.7394023214434322,0.511442807081703,0.8529133757910327
75e6bdca12b3c5d7,363632,E-CommereShippingData,4105,ep230_25,25,102,128,230,1e-05,0.0,standard,128,128,128,0,1024,4.6,mesuré ici,0.743533603072009,0.5187316202084005,0.8517516598709982
75e6bdca12b3c5d7,363632,E-CommereShippingData,4105,ep230_25,25,102,128,230,1e-05,0.0,standard,128,128,128,1,1024,4.7,mesuré ici,0.7403613335816726,0.4974171472272904,0.8542290869638236
75e6bdca12b3c5d7,363632,E-CommereShippingData,4105,ep230_25,25,102,128,230,1e-05,0.0,standard,128,128,128,2,1024,4.7,mesuré ici,0.7525927012043133,0.5079480058403878,0.8576290634264115
75e6bdca12b3c5d7,363632,E-CommereShippingData,4105,ep230_25,25,102,128,230,1e-05,0.0,standard,256,256,256,0,1024,4.5,mesuré ici,0.7557431749642354,0.4952650519474084,0.8572527140491766
75e6bdca12b3c5d7,363632,E-CommereShippingData,4105,ep230_25,25,102,128,230,1e-05,0.0,standard,256,256,256,1,1024,4.5,mesuré ici,0.7532089259460337,0.5047646379405648,0.8600100852870506
75e6bdca12b3c5d7,363632,E-CommereShippingData,4105,ep230_25,25,102,128,230,1e-05,0.0,standard,256,256,256,2,1024,4.6,mesuré ici,0.751106628676048,0.49867196216757326,0.8562583804859405
75e6bdca12b3c5d7,363632,E-CommereShippingData,4105,ep230_25,25,102,128,230,1e-05,0.0,standard,512,512,512,0,1024,4.6,mesuré ici,0.7500762850564509,0.49298815179505784,0.8563702347743891
75e6bdca12b3c5d7,363632,E-CommereShippingData,4105,ep230_25,25,102,128,230,1e-05,0.0,standard,1024,1024,1024,0,1024,4.7,mesuré ici,0.7585211398770721,0.4921885686902683,0.8592423149955779
75e6bdca12b3c5d7,363632,E-CommereShippingData,4105,ep230_25,25,102,128,230,1e-05,0.0,standard,2048,2048,2048,0,1024,5.7,mesuré ici,0.7474330573861766,0.49352561323441396,0.8551894516371127
75e6bdca12b3c5d7,363632,E-CommereShippingData,4105,ep230_25,25,102,128,230,1e-05,0.0,standard,full,4105,4105,0,1024,9.3,mesuré ici,0.7490082942661378,0.48873376695008763,0.8589967777972768
75e6bdca12b3c5d7,363632,E-CommereShippingData,4105,ep230_50,50,102,128,230,1e-05,0.0,standard,32,32,32,0,1024,4.9,mesuré ici,0.7147255917540808,0.6391202793901352,0.8031747182931627
75e6bdca12b3c5d7,363632,E-CommereShippingData,4105,ep230_50,50,102,128,230,1e-05,0.0,standard,32,32,32,1,1024,4.5,mesuré ici,0.7349341967084485,0.5413568636008653,0.848152031598457
75e6bdca12b3c5d7,363632,E-CommereShippingData,4105,ep230_50,50,102,128,230,1e-05,0.0,standard,32,32,32,2,1024,4.6,mesuré ici,0.7251320623120119,0.6590478433224556,0.8340826066690439
75e6bdca12b3c5d7,363632,E-CommereShippingData,4105,ep230_50,50,102,128,230,1e-05,0.0,standard,64,64,64,0,1024,4.5,mesuré ici,0.7494144874238636,0.5065965138042166,0.856096985422798
75e6bdca12b3c5d7,363632,E-CommereShippingData,4105,ep230_50,50,102,128,230,1e-05,0.0,standard,64,64,64,1,1024,4.5,mesuré ici,0.7145115973100107,0.6512198306725111,0.8293341452548855
75e6bdca12b3c5d7,363632,E-CommereShippingData,4105,ep230_50,50,102,128,230,1e-05,0.0,standard,64,64,64,2,1024,4.5,mesuré ici,0.7442469178855764,0.5091716751360272,0.8559033807443406
75e6bdca12b3c5d7,363632,E-CommereShippingData,4105,ep230_50,50,102,128,230,1e-05,0.0,standard,128,128,128,0,1024,4.6,mesuré ici,0.7494521345945797,0.5157720337932536,0.8559428818924804
75e6bdca12b3c5d7,363632,E-CommereShippingData,4105,ep230_50,50,102,128,230,1e-05,0.0,standard,128,128,128,1,1024,4.5,mesuré ici,0.7471675457611267,0.4955277179863449,0.8560582400838801
75e6bdca12b3c5d7,363632,E-CommereShippingData,4105,ep230_50,50,102,128,230,1e-05,0.0,standard,128,128,128,2,1024,4.5,mesuré ici,0.7513463817106081,0.49788510573619627,0.8568034969207503
75e6bdca12b3c5d7,363632,E-CommereShippingData,4105,ep230_50,50,102,128,230,1e-05,0.0,standard,256,256,256,0,1024,4.5,mesuré ici,0.7483722552240403,0.49303722661522126,0.8550705501229625
75e6bdca12b3c5d7,363632,E-CommereShippingData,4105,ep230_50,50,102,128,230,1e-05,0.0,standard,256,256,256,1,1024,4.6,mesuré ici,0.7442667321859533,0.49874963520797494,0.8576896881925491
75e6bdca12b3c5d7,363632,E-CommereShippingData,4105,ep230_50,50,102,128,230,1e-05,0.0,standard,256,256,256,2,1024,4.5,mesuré ici,0.7434345315701247,0.4963565911291915,0.8534463899440177
75e6bdca12b3c5d7,363632,E-CommereShippingData,4105,ep230_50,50,102,128,230,1e-05,0.0,standard,512,512,512,0,1024,4.5,mesuré ici,0.7491628458090772,0.49152301175368973,0.8567535388798756
75e6bdca12b3c5d7,363632,E-CommereShippingData,4105,ep230_50,50,102,128,230,1e-05,0.0,standard,1024,1024,1024,0,1024,4.6,mesuré ici,0.7525927012043132,0.4911580898786695,0.8585465973618766
75e6bdca12b3c5d7,363632,E-CommereShippingData,4105,ep230_50,50,102,128,230,1e-05,0.0,standard,2048,2048,2048,0,1024,5.6,mesuré ici,0.7470506413889031,0.493074953816821,0.8552075079255909
75e6bdca12b3c5d7,363632,E-CommereShippingData,4105,ep230_50,50,102,128,230,1e-05,0.0,standard,full,4105,4105,0,1024,9.3,mesuré ici,0.7465493395893684,0.49039155905312926,0.8550891571006953
75e6bdca12b3c5d7,363632,E-CommereShippingData,4105,ep230_200,200,102,128,230,1e-05,0.0,standard,32,32,32,0,1024,4.9,mesuré ici,0.7151615063623719,0.6438498524313554,0.8055706912112959
75e6bdca12b3c5d7,363632,E-CommereShippingData,4105,ep230_200,200,102,128,230,1e-05,0.0,standard,32,32,32,1,1024,4.5,mesuré ici,0.738833651022616,0.5598760935785458,0.8502766034636545
75e6bdca12b3c5d7,363632,E-CommereShippingData,4105,ep230_200,200,102,128,230,1e-05,0.0,standard,32,32,32,2,1024,4.5,mesuré ici,0.7327090507761261,0.6606376385494206,0.8403501448025306
75e6bdca12b3c5d7,363632,E-CommereShippingData,4105,ep230_200,200,102,128,230,1e-05,0.0,standard,64,64,64,0,1024,4.5,mesuré ici,0.7415323587339455,0.5008264802581845,0.8548668597532918
75e6bdca12b3c5d7,363632,E-CommereShippingData,4105,ep230_200,200,102,128,230,1e-05,0.0,standard,64,64,64,1,1024,4.6,mesuré ici,0.7205727917952944,0.6436322399881329,0.8357515256339267
75e6bdca12b3c5d7,363632,E-CommereShippingData,4105,ep230_200,200,102,128,230,1e-05,0.0,standard,64,64,64,2,1024,4.5,mesuré ici,0.7460500192198714,0.5033766540151483,0.8559895652435888
75e6bdca12b3c5d7,363632,E-CommereShippingData,4105,ep230_200,200,102,128,230,1e-05,0.0,standard,128,128,128,0,1024,4.5,mesuré ici,0.7498127548614385,0.5012462889190745,0.8575554002513159
75e6bdca12b3c5d7,363632,E-CommereShippingData,4105,ep230_200,200,102,128,230,1e-05,0.0,standard,128,128,128,1,1024,4.6,mesuré ici,0.7472468029626341,0.4932843636018013,0.8564999758894316
75e6bdca12b3c5d7,363632,E-CommereShippingData,4105,ep230_200,200,102,128,230,1e-05,0.0,standard,128,128,128,2,1024,4.6,mesuré ici,0.7454912559492437,0.49548640404854494,0.8553204860190782
75e6bdca12b3c5d7,363632,E-CommereShippingData,4105,ep230_200,200,102,128,230,1e-05,0.0,standard,256,256,256,0,1024,4.6,mesuré ici,0.7513126973999674,0.49238206467879964,0.8560873581905791
75e6bdca12b3c5d7,363632,E-CommereShippingData,4105,ep230_200,200,102,128,230,1e-05,0.0,standard,256,256,256,1,1024,4.5,mesuré ici,0.74235068933951,0.4951056726628892,0.8543549681857892
75e6bdca12b3c5d7,363632,E-CommereShippingData,4105,ep230_200,200,102,128,230,1e-05,0.0,standard,256,256,256,2,1024,4.6,mesuré ici,0.7399571218539845,0.4965277488019062,0.8530514964284939
75e6bdca12b3c5d7,363632,E-CommereShippingData,4105,ep230_200,200,102,128,230,1e-05,0.0,standard,512,512,512,0,1024,4.5,mesuré ici,0.7484158466848694,0.4915628074158473,0.8570425155161878
75e6bdca12b3c5d7,363632,E-CommereShippingData,4105,ep230_200,200,102,128,230,1e-05,0.0,standard,1024,1024,1024,0,1024,4.7,mesuré ici,0.7517505934382963,0.491990331901787,0.8580632436610767
75e6bdca12b3c5d7,363632,E-CommereShippingData,4105,ep230_200,200,102,128,230,1e-05,0.0,standard,2048,2048,2048,0,1024,5.6,mesuré ici,0.7485624725076583,0.49309058369638675,0.8580695941184233
75e6bdca12b3c5d7,363632,E-CommereShippingData,4105,ep230_200,200,102,128,230,1e-05,0.0,standard,full,4105,4105,0,1024,9.2,mesuré ici,0.7451108213820079,0.49227249030483833,0.8574737350924478
75e6bdca12b3c5d7,363671,Fitness_Club,560,ep230_25,25,102,128,230,1e-05,0.0,standard,32,32,32,0,200,3.2,mesuré ici,0.8313690476190476,0.43946631222701416,0.7503235154310139
75e6bdca12b3c5d7,363671,Fitness_Club,560,ep230_25,25,102,128,230,1e-05,0.0,standard,32,32,32,1,200,2.9,mesuré ici,0.8345238095238094,0.5550859883138712,0.7058751408307461
75e6bdca12b3c5d7,363671,Fitness_Club,560,ep230_25,25,102,128,230,1e-05,0.0,standard,32,32,32,2,200,2.8,mesuré ici,0.8492857142857143,0.4336972603892228,0.7379832191841712
75e6bdca12b3c5d7,363671,Fitness_Club,560,ep230_25,25,102,128,230,1e-05,0.0,standard,64,64,64,0,200,2.9,mesuré ici,0.8484523809523811,0.463864057121692,0.7305238569745108
75e6bdca12b3c5d7,363671,Fitness_Club,560,ep230_25,25,102,128,230,1e-05,0.0,standard,64,64,64,1,200,2.8,mesuré ici,0.8439880952380953,0.4806592518124751,0.7453401797647611
75e6bdca12b3c5d7,363671,Fitness_Club,560,ep230_25,25,102,128,230,1e-05,0.0,standard,64,64,64,2,200,2.8,mesuré ici,0.8578571428571429,0.4459943721089412,0.7517098471379586
75e6bdca12b3c5d7,363671,Fitness_Club,560,ep230_25,25,102,128,230,1e-05,0.0,standard,128,128,128,0,200,2.8,mesuré ici,0.865297619047619,0.4272567349386736,0.7678028407673255
75e6bdca12b3c5d7,363671,Fitness_Club,560,ep230_25,25,102,128,230,1e-05,0.0,standard,128,128,128,1,200,2.8,mesuré ici,0.8708333333333333,0.4169056585495091,0.7758878249106386
75e6bdca12b3c5d7,363671,Fitness_Club,560,ep230_25,25,102,128,230,1e-05,0.0,standard,128,128,128,2,200,3.0,mesuré ici,0.8673214285714286,0.420100738383629,0.7683762411845909
75e6bdca12b3c5d7,363671,Fitness_Club,560,ep230_25,25,102,128,230,1e-05,0.0,standard,256,256,256,0,200,3.1,mesuré ici,0.8658928571428571,0.4191238908456921,0.7643162732976959
75e6bdca12b3c5d7,363671,Fitness_Club,560,ep230_25,25,102,128,230,1e-05,0.0,standard,256,256,256,1,200,2.8,mesuré ici,0.8532142857142857,0.4285616526439358,0.7527450169699177
75e6bdca12b3c5d7,363671,Fitness_Club,560,ep230_25,25,102,128,230,1e-05,0.0,standard,256,256,256,2,200,2.8,mesuré ici,0.8666666666666667,0.4210727306098485,0.7701463445115636
75e6bdca12b3c5d7,363671,Fitness_Club,560,ep230_25,25,102,128,230,1e-05,0.0,standard,512,512,512,0,200,2.8,mesuré ici,0.8688095238095238,0.4143655176904437,0.7718156538782432
75e6bdca12b3c5d7,363671,Fitness_Club,560,ep230_25,25,102,128,230,1e-05,0.0,standard,full,560,560,0,200,2.8,mesuré ici,0.87,0.4147605433086163,0.7731728442193836
75e6bdca12b3c5d7,363671,Fitness_Club,560,ep230_50,50,102,128,230,1e-05,0.0,standard,32,32,32,0,200,3.1,mesuré ici,0.8386309523809524,0.43876969723207915,0.7548611740211342
75e6bdca12b3c5d7,363671,Fitness_Club,560,ep230_50,50,102,128,230,1e-05,0.0,standard,32,32,32,1,200,2.8,mesuré ici,0.8380952380952381,0.5597697025308599,0.7110769227691887
75e6bdca12b3c5d7,363671,Fitness_Club,560,ep230_50,50,102,128,230,1e-05,0.0,standard,32,32,32,2,200,2.8,mesuré ici,0.8501190476190476,0.42628568018246626,0.7383358929312273
75e6bdca12b3c5d7,363671,Fitness_Club,560,ep230_50,50,102,128,230,1e-05,0.0,standard,64,64,64,0,200,2.8,mesuré ici,0.8517857142857143,0.44732937974429066,0.7423427523829067
75e6bdca12b3c5d7,363671,Fitness_Club,560,ep230_50,50,102,128,230,1e-05,0.0,standard,64,64,64,1,200,2.8,mesuré ici,0.8495833333333334,0.47976309140946705,0.7534148805666563
75e6bdca12b3c5d7,363671,Fitness_Club,560,ep230_50,50,102,128,230,1e-05,0.0,standard,64,64,64,2,200,2.9,mesuré ici,0.8561309523809524,0.4403403774199331,0.7525418628124726
75e6bdca12b3c5d7,363671,Fitness_Club,560,ep230_50,50,102,128,230,1e-05,0.0,standard,128,128,128,0,200,2.8,mesuré ici,0.86625,0.42224094610719637,0.7694044239736321
75e6bdca12b3c5d7,363671,Fitness_Club,560,ep230_50,50,102,128,230,1e-05,0.0,standard,128,128,128,1,200,2.8,mesuré ici,0.8705952380952382,0.40947653475460855,0.7753008842078033
75e6bdca12b3c5d7,363671,Fitness_Club,560,ep230_50,50,102,128,230,1e-05,0.0,standard,128,128,128,2,200,2.8,mesuré ici,0.8673809523809524,0.4145814794417986,0.7689887763108612
75e6bdca12b3c5d7,363671,Fitness_Club,560,ep230_50,50,102,128,230,1e-05,0.0,standard,256,256,256,0,200,2.8,mesuré ici,0.867142857142857,0.4137998424977372,0.7665315512920654
75e6bdca12b3c5d7,363671,Fitness_Club,560,ep230_50,50,102,128,230,1e-05,0.0,standard,256,256,256,1,200,2.8,mesuré ici,0.858095238095238,0.41929332795311697,0.7589567710333209
75e6bdca12b3c5d7,363671,Fitness_Club,560,ep230_50,50,102,128,230,1e-05,0.0,standard,256,256,256,2,200,2.8,mesuré ici,0.8648809523809524,0.41855899087881254,0.7700205573149657
75e6bdca12b3c5d7,363671,Fitness_Club,560,ep230_50,50,102,128,230,1e-05,0.0,standard,512,512,512,0,200,2.8,mesuré ici,0.867797619047619,0.41023498394625946,0.7691155356261143
75e6bdca12b3c5d7,363671,Fitness_Club,560,ep230_50,50,102,128,230,1e-05,0.0,standard,full,560,560,0,200,2.8,mesuré ici,0.8691071428571429,0.41036128556730667,0.7709445890122362
75e6bdca12b3c5d7,363671,Fitness_Club,560,ep230_200,200,102,128,230,1e-05,0.0,standard,32,32,32,0,200,3.2,mesuré ici,0.8616666666666667,0.4196436032529286,0.7677712197191111
75e6bdca12b3c5d7,363671,Fitness_Club,560,ep230_200,200,102,128,230,1e-05,0.0,standard,32,32,32,1,200,2.8,mesuré ici,0.8519047619047618,0.5441671094576033,0.7293616714768003
75e6bdca12b3c5d7,363671,Fitness_Club,560,ep230_200,200,102,128,230,1e-05,0.0,standard,32,32,32,2,200,2.8,mesuré ici,0.8669642857142856,0.40809014985271114,0.7609114127803052
75e6bdca12b3c5d7,363671,Fitness_Club,560,ep230_200,200,102,128,230,1e-05,0.0,standard,64,64,64,0,200,2.8,mesuré ici,0.8604761904761905,0.4301173820231984,0.7568224605826179
75e6bdca12b3c5d7,363671,Fitness_Club,560,ep230_200,200,102,128,230,1e-05,0.0,standard,64,64,64,1,200,2.8,mesuré ici,0.8642857142857143,0.43959351781667705,0.7720455974870439
75e6bdca12b3c5d7,363671,Fitness_Club,560,ep230_200,200,102,128,230,1e-05,0.0,standard,64,64,64,2,200,2.8,mesuré ici,0.8641666666666667,0.4331861988525922,0.7613644768034364
75e6bdca12b3c5d7,363671,Fitness_Club,560,ep230_200,200,102,128,230,1e-05,0.0,standard,128,128,128,0,200,2.8,mesuré ici,0.8695238095238095,0.41770790520875034,0.7738129703011503
75e6bdca12b3c5d7,363671,Fitness_Club,560,ep230_200,200,102,128,230,1e-05,0.0,standard,128,128,128,1,200,2.8,mesuré ici,0.867857142857143,0.41378654645238144,0.7714277181679939
75e6bdca12b3c5d7,363671,Fitness_Club,560,ep230_200,200,102,128,230,1e-05,0.0,standard,128,128,128,2,200,2.8,mesuré ici,0.8674404761904763,0.41623954456842377,0.7688789262887752
75e6bdca12b3c5d7,363671,Fitness_Club,560,ep230_200,200,102,128,230,1e-05,0.0,standard,256,256,256,0,200,2.8,mesuré ici,0.8700595238095238,0.41649054707122873,0.7757548569407321
75e6bdca12b3c5d7,363671,Fitness_Club,560,ep230_200,200,102,128,230,1e-05,0.0,standard,256,256,256,1,200,2.8,mesuré ici,0.8542261904761904,0.42733964352421316,0.7552954141835004
75e6bdca12b3c5d7,363671,Fitness_Club,560,ep230_200,200,102,128,230,1e-05,0.0,standard,256,256,256,2,200,2.8,mesuré ici,0.8621428571428571,0.4264453095263589,0.7684715790053213
75e6bdca12b3c5d7,363671,Fitness_Club,560,ep230_200,200,102,128,230,1e-05,0.0,standard,512,512,512,0,200,2.8,mesuré ici,0.8671428571428572,0.4151049274594273,0.769735149517831
75e6bdca12b3c5d7,363671,Fitness_Club,560,ep230_200,200,102,128,230,1e-05,0.0,standard,full,560,560,0,200,2.8,mesuré ici,0.8642857142857143,0.4180016485001506,0.7656288841045404
75e6bdca12b3c5d7,363674,hazelnut-spread-contaminant-detection,896,ep230_25,25,102,128,230,1e-05,0.0,standard,32,32,32,0,320,3.4,mesuré ici,0.886953125,0.5014172177740502,0.8674510682886113
75e6bdca12b3c5d7,363674,hazelnut-spread-contaminant-detection,896,ep230_25,25,102,128,230,1e-05,0.0,standard,32,32,32,1,320,3.0,mesuré ici,0.8880859375,0.42001474874379535,0.8592465927767459
75e6bdca12b3c5d7,363674,hazelnut-spread-contaminant-detection,896,ep230_25,25,102,128,230,1e-05,0.0,standard,32,32,32,2,320,3.0,mesuré ici,0.888125,0.42298194618439144,0.8676780181767668
75e6bdca12b3c5d7,363674,hazelnut-spread-contaminant-detection,896,ep230_25,25,102,128,230,1e-05,0.0,standard,64,64,64,0,320,3.0,mesuré ici,0.94736328125,0.3307875586979564,0.9429385190501249
75e6bdca12b3c5d7,363674,hazelnut-spread-contaminant-detection,896,ep230_25,25,102,128,230,1e-05,0.0,standard,64,64,64,1,320,3.0,mesuré ici,0.9081054687500001,0.41356249978827025,0.8883264474873124
75e6bdca12b3c5d7,363674,hazelnut-spread-contaminant-detection,896,ep230_25,25,102,128,230,1e-05,0.0,standard,64,64,64,2,320,2.9,mesuré ici,0.9179296875,0.36879519467059785,0.9178402947174776
75e6bdca12b3c5d7,363674,hazelnut-spread-contaminant-detection,896,ep230_25,25,102,128,230,1e-05,0.0,standard,128,128,128,0,320,2.9,mesuré ici,0.9350390625,0.34159162505276086,0.925439107170371
75e6bdca12b3c5d7,363674,hazelnut-spread-contaminant-detection,896,ep230_25,25,102,128,230,1e-05,0.0,standard,128,128,128,1,320,3.1,mesuré ici,0.9466992187500001,0.3096117526675631,0.9453112883180259
75e6bdca12b3c5d7,363674,hazelnut-spread-contaminant-detection,896,ep230_25,25,102,128,230,1e-05,0.0,standard,128,128,128,2,320,3.3,mesuré ici,0.97361328125,0.22501344077684288,0.9715495730614883
75e6bdca12b3c5d7,363674,hazelnut-spread-contaminant-detection,896,ep230_25,25,102,128,230,1e-05,0.0,standard,256,256,256,0,320,3.0,mesuré ici,0.9644921875,0.2581334525130481,0.9623874956344007
75e6bdca12b3c5d7,363674,hazelnut-spread-contaminant-detection,896,ep230_25,25,102,128,230,1e-05,0.0,standard,256,256,256,1,320,3.0,mesuré ici,0.9811328125000001,0.1917205696088711,0.9794834611596787
75e6bdca12b3c5d7,363674,hazelnut-spread-contaminant-detection,896,ep230_25,25,102,128,230,1e-05,0.0,standard,256,256,256,2,320,3.0,mesuré ici,0.9757421875000001,0.21069006012495053,0.9766866717607154
75e6bdca12b3c5d7,363674,hazelnut-spread-contaminant-detection,896,ep230_25,25,102,128,230,1e-05,0.0,standard,512,512,512,0,320,3.0,mesuré ici,0.9851171875,0.16942526767242552,0.9855695339108512
75e6bdca12b3c5d7,363674,hazelnut-spread-contaminant-detection,896,ep230_25,25,102,128,230,1e-05,0.0,standard,full,896,896,0,320,3.0,mesuré ici,0.993125,0.10664180970812318,0.9929532616848438
75e6bdca12b3c5d7,363674,hazelnut-spread-contaminant-detection,896,ep230_50,50,102,128,230,1e-05,0.0,standard,32,32,32,0,320,3.4,mesuré ici,0.8841796875,0.5314696213010016,0.8567641062009019
75e6bdca12b3c5d7,363674,hazelnut-spread-contaminant-detection,896,ep230_50,50,102,128,230,1e-05,0.0,standard,32,32,32,1,320,3.0,mesuré ici,0.88724609375,0.4199804522254887,0.8548426362646926
75e6bdca12b3c5d7,363674,hazelnut-spread-contaminant-detection,896,ep230_50,50,102,128,230,1e-05,0.0,standard,32,32,32,2,320,3.0,mesuré ici,0.910703125,0.39736675881914235,0.8971592893007325
75e6bdca12b3c5d7,363674,hazelnut-spread-contaminant-detection,896,ep230_50,50,102,128,230,1e-05,0.0,standard,64,64,64,0,320,3.0,mesuré ici,0.945703125,0.3290482035980158,0.9411113825106765
75e6bdca12b3c5d7,363674,hazelnut-spread-contaminant-detection,896,ep230_50,50,102,128,230,1e-05,0.0,standard,64,64,64,1,320,3.0,mesuré ici,0.90537109375,0.42215707184721063,0.888226263582313
75e6bdca12b3c5d7,363674,hazelnut-spread-contaminant-detection,896,ep230_50,50,102,128,230,1e-05,0.0,standard,64,64,64,2,320,3.0,mesuré ici,0.9080078125,0.3889609129508959,0.9133789875422098
75e6bdca12b3c5d7,363674,hazelnut-spread-contaminant-detection,896,ep230_50,50,102,128,230,1e-05,0.0,standard,128,128,128,0,320,3.0,mesuré ici,0.937109375,0.3596788999106702,0.9264863675785142
75e6bdca12b3c5d7,363674,hazelnut-spread-contaminant-detection,896,ep230_50,50,102,128,230,1e-05,0.0,standard,128,128,128,1,320,3.0,mesuré ici,0.9479296875,0.31352329425053577,0.9486831463764595
75e6bdca12b3c5d7,363674,hazelnut-spread-contaminant-detection,896,ep230_50,50,102,128,230,1e-05,0.0,standard,128,128,128,2,320,3.0,mesuré ici,0.97515625,0.2582545682736309,0.9728875192994694
75e6bdca12b3c5d7,363674,hazelnut-spread-contaminant-detection,896,ep230_50,50,102,128,230,1e-05,0.0,standard,256,256,256,0,320,3.0,mesuré ici,0.9708984375,0.24987582745816167,0.9702081504524621
75e6bdca12b3c5d7,363674,hazelnut-spread-contaminant-detection,896,ep230_50,50,102,128,230,1e-05,0.0,standard,256,256,256,1,320,3.0,mesuré ici,0.9844921875,0.1947627202552633,0.9836249575303428
75e6bdca12b3c5d7,363674,hazelnut-spread-contaminant-detection,896,ep230_50,50,102,128,230,1e-05,0.0,standard,256,256,256,2,320,3.0,mesuré ici,0.9796484375,0.2167753733414588,0.9806409734203815
75e6bdca12b3c5d7,363674,hazelnut-spread-contaminant-detection,896,ep230_50,50,102,128,230,1e-05,0.0,standard,512,512,512,0,320,2.9,mesuré ici,0.9892578125,0.15629415918435346,0.9894166979843406
75e6bdca12b3c5d7,363674,hazelnut-spread-contaminant-detection,896,ep230_50,50,102,128,230,1e-05,0.0,standard,full,896,896,0,320,3.0,mesuré ici,0.9942968750000001,0.10962335775674151,0.9941126648266545
75e6bdca12b3c5d7,363674,hazelnut-spread-contaminant-detection,896,ep230_200,200,102,128,230,1e-05,0.0,standard,32,32,32,0,320,3.3,mesuré ici,0.88828125,0.48099461411037686,0.8660914070572965
75e6bdca12b3c5d7,363674,hazelnut-spread-contaminant-detection,896,ep230_200,200,102,128,230,1e-05,0.0,standard,32,32,32,1,320,3.0,mesuré ici,0.8858984375,0.41659080697439405,0.8570599403332028
75e6bdca12b3c5d7,363674,hazelnut-spread-contaminant-detection,896,ep230_200,200,102,128,230,1e-05,0.0,standard,32,32,32,2,320,3.0,mesuré ici,0.90494140625,0.3853701048871326,0.8964307602266366
75e6bdca12b3c5d7,363674,hazelnut-spread-contaminant-detection,896,ep230_200,200,102,128,230,1e-05,0.0,standard,64,64,64,0,320,3.0,mesuré ici,0.9465039062499999,0.318235762834616,0.9471830153974712
75e6bdca12b3c5d7,363674,hazelnut-spread-contaminant-detection,896,ep230_200,200,102,128,230,1e-05,0.0,standard,64,64,64,1,320,2.9,mesuré ici,0.9123828125,0.40368985180010164,0.9048753265790501
75e6bdca12b3c5d7,363674,hazelnut-spread-contaminant-detection,896,ep230_200,200,102,128,230,1e-05,0.0,standard,64,64,64,2,320,3.0,mesuré ici,0.917890625,0.3833126867115917,0.9225312300387725
75e6bdca12b3c5d7,363674,hazelnut-spread-contaminant-detection,896,ep230_200,200,102,128,230,1e-05,0.0,standard,128,128,128,0,320,3.0,mesuré ici,0.9480859375,0.297711102351861,0.9409606272962809
75e6bdca12b3c5d7,363674,hazelnut-spread-contaminant-detection,896,ep230_200,200,102,128,230,1e-05,0.0,standard,128,128,128,1,320,3.0,mesuré ici,0.951015625,0.2806277912795425,0.9499157282236388
75e6bdca12b3c5d7,363674,hazelnut-spread-contaminant-detection,896,ep230_200,200,102,128,230,1e-05,0.0,standard,128,128,128,2,320,3.0,mesuré ici,0.9753515625,0.19943866040524028,0.9745928929971066
75e6bdca12b3c5d7,363674,hazelnut-spread-contaminant-detection,896,ep230_200,200,102,128,230,1e-05,0.0,standard,256,256,256,0,320,3.0,mesuré ici,0.9707421875000001,0.21283068915580944,0.969078587067399
75e6bdca12b3c5d7,363674,hazelnut-spread-contaminant-detection,896,ep230_200,200,102,128,230,1e-05,0.0,standard,256,256,256,1,320,3.0,mesuré ici,0.9823046875,0.1757437827776542,0.9820262781161628
75e6bdca12b3c5d7,363674,hazelnut-spread-contaminant-detection,896,ep230_200,200,102,128,230,1e-05,0.0,standard,256,256,256,2,320,2.9,mesuré ici,0.97908203125,0.19066827179894796,0.9793739149781149
75e6bdca12b3c5d7,363674,hazelnut-spread-contaminant-detection,896,ep230_200,200,102,128,230,1e-05,0.0,standard,512,512,512,0,320,3.0,mesuré ici,0.9812109375,0.17411445714484255,0.9805892497181927
75e6bdca12b3c5d7,363674,hazelnut-spread-contaminant-detection,896,ep230_200,200,102,128,230,1e-05,0.0,standard,full,896,896,0,320,3.0,mesuré ici,0.9891796875,0.12500050687770478,0.9883548823414977
75e6bdca12b3c5d7,363676,heloc,3903,ep230_25,25,102,128,230,1e-05,0.0,standard,32,32,32,0,1024,5.0,mesuré ici,0.7430386761446152,0.6142709199929393,0.73031828027575
75e6bdca12b3c5d7,363676,heloc,3903,ep230_25,25,102,128,230,1e-05,0.0,standard,32,32,32,1,1024,4.7,mesuré ici,0.7403863792708094,0.6164134409827048,0.7053037436194998
75e6bdca12b3c5d7,363676,heloc,3903,ep230_25,25,102,128,230,1e-05,0.0,standard,32,32,32,2,1024,4.7,mesuré ici,0.7694183291294046,0.6184540641766794,0.7602493267727036
75e6bdca12b3c5d7,363676,heloc,3903,ep230_25,25,102,128,230,1e-05,0.0,standard,64,64,64,0,1024,4.6,mesuré ici,0.7741764121378887,0.5693066181490862,0.7547584263546001
75e6bdca12b3c5d7,363676,heloc,3903,ep230_25,25,102,128,230,1e-05,0.0,standard,64,64,64,1,1024,4.6,mesuré ici,0.7583199571963617,0.6009915574467751,0.6576451482841895
75e6bdca12b3c5d7,363676,heloc,3903,ep230_25,25,102,128,230,1e-05,0.0,standard,64,64,64,2,1024,4.6,mesuré ici,0.7331823740732248,0.6294089838936482,0.7033997483149748
75e6bdca12b3c5d7,363676,heloc,3903,ep230_25,25,102,128,230,1e-05,0.0,standard,128,128,128,0,1024,4.6,mesuré ici,0.7798402507070245,0.5713817730779971,0.757486678740646
75e6bdca12b3c5d7,363676,heloc,3903,ep230_25,25,102,128,230,1e-05,0.0,standard,128,128,128,1,1024,4.6,mesuré ici,0.7984617442482612,0.5476177160764119,0.7738912860513345
75e6bdca12b3c5d7,363676,heloc,3903,ep230_25,25,102,128,230,1e-05,0.0,standard,128,128,128,2,1024,4.9,mesuré ici,0.8027535733394482,0.5550396891532015,0.7789343798025148
75e6bdca12b3c5d7,363676,heloc,3903,ep230_25,25,102,128,230,1e-05,0.0,standard,256,256,256,0,1024,4.9,mesuré ici,0.7910074142016357,0.5606036957457475,0.7626744395659442
75e6bdca12b3c5d7,363676,heloc,3903,ep230_25,25,102,128,230,1e-05,0.0,standard,256,256,256,1,1024,4.7,mesuré ici,0.7982209737827717,0.5483262063099466,0.7757677745245483
75e6bdca12b3c5d7,363676,heloc,3903,ep230_25,25,102,128,230,1e-05,0.0,standard,256,256,256,2,1024,4.7,mesuré ici,0.7994821524115264,0.5516442735439848,0.7760083400884702
75e6bdca12b3c5d7,363676,heloc,3903,ep230_25,25,102,128,230,1e-05,0.0,standard,512,512,512,0,1024,4.7,mesuré ici,0.7989700374531836,0.5466467870533304,0.777561908672582
75e6bdca12b3c5d7,363676,heloc,3903,ep230_25,25,102,128,230,1e-05,0.0,standard,1024,1024,1024,0,1024,4.7,mesuré ici,0.8044924711457617,0.5449324762792267,0.7798609311634574
75e6bdca12b3c5d7,363676,heloc,3903,ep230_25,25,102,128,230,1e-05,0.0,standard,2048,2048,2048,0,1024,6.2,mesuré ici,0.8125372620958495,0.533384245858894,0.7874612354313826
75e6bdca12b3c5d7,363676,heloc,3903,ep230_25,25,102,128,230,1e-05,0.0,standard,full,3903,3903,0,1024,10.4,mesuré ici,0.8152430635175418,0.5307197062055486,0.7839347328007398
75e6bdca12b3c5d7,363676,heloc,3903,ep230_50,50,102,128,230,1e-05,0.0,standard,32,32,32,0,1024,4.9,mesuré ici,0.7415940533516778,0.601815190160182,0.7294590454147463
75e6bdca12b3c5d7,363676,heloc,3903,ep230_50,50,102,128,230,1e-05,0.0,standard,32,32,32,1,1024,4.6,mesuré ici,0.7411010471604372,0.6048774459575055,0.7054385471112725
75e6bdca12b3c5d7,363676,heloc,3903,ep230_50,50,102,128,230,1e-05,0.0,standard,32,32,32,2,1024,4.6,mesuré ici,0.7694909424443934,0.5972238707356784,0.7611187543176816
75e6bdca12b3c5d7,363676,heloc,3903,ep230_50,50,102,128,230,1e-05,0.0,standard,64,64,64,0,1024,4.6,mesuré ici,0.7724795536192004,0.5752986146657604,0.7529012407015934
75e6bdca12b3c5d7,363676,heloc,3903,ep230_50,50,102,128,230,1e-05,0.0,standard,64,64,64,1,1024,4.6,mesuré ici,0.7732114193992203,0.5730059522916042,0.7339317594352321
75e6bdca12b3c5d7,363676,heloc,3903,ep230_50,50,102,128,230,1e-05,0.0,standard,64,64,64,2,1024,4.7,mesuré ici,0.7382767713827104,0.610304256052431,0.7052147784474558
75e6bdca12b3c5d7,363676,heloc,3903,ep230_50,50,102,128,230,1e-05,0.0,standard,128,128,128,0,1024,4.6,mesuré ici,0.7811186272261714,0.5684246572541987,0.7572714006793945
75e6bdca12b3c5d7,363676,heloc,3903,ep230_50,50,102,128,230,1e-05,0.0,standard,128,128,128,1,1024,4.7,mesuré ici,0.7989260872888482,0.5461874071300307,0.7743986990384766
75e6bdca12b3c5d7,363676,heloc,3903,ep230_50,50,102,128,230,1e-05,0.0,standard,128,128,128,2,1024,4.6,mesuré ici,0.8043873729266988,0.5453247325860107,0.7805345317373786
75e6bdca12b3c5d7,363676,heloc,3903,ep230_50,50,102,128,230,1e-05,0.0,standard,256,256,256,0,1024,4.7,mesuré ici,0.7861270350836964,0.5597803243923567,0.7564572174386117
75e6bdca12b3c5d7,363676,heloc,3903,ep230_50,50,102,128,230,1e-05,0.0,standard,256,256,256,1,1024,4.6,mesuré ici,0.7984712986318123,0.5472293970060582,0.7771915590086582
75e6bdca12b3c5d7,363676,heloc,3903,ep230_50,50,102,128,230,1e-05,0.0,standard,256,256,256,2,1024,4.6,mesuré ici,0.7993694106856226,0.5481476162096006,0.7757630871637515
75e6bdca12b3c5d7,363676,heloc,3903,ep230_50,50,102,128,230,1e-05,0.0,standard,512,512,512,0,1024,4.7,mesuré ici,0.7983184284949936,0.5449281840041854,0.7754861455841885
75e6bdca12b3c5d7,363676,heloc,3903,ep230_50,50,102,128,230,1e-05,0.0,standard,1024,1024,1024,0,1024,4.7,mesuré ici,0.8018134219980126,0.5439692857937632,0.7738625584433451
75e6bdca12b3c5d7,363676,heloc,3903,ep230_50,50,102,128,230,1e-05,0.0,standard,2048,2048,2048,0,1024,6.4,mesuré ici,0.8117327830008408,0.532519873516214,0.7860005497586942
75e6bdca12b3c5d7,363676,heloc,3903,ep230_50,50,102,128,230,1e-05,0.0,standard,full,3903,3903,0,1024,10.4,mesuré ici,0.8137200947794848,0.5308625158264009,0.7837092064749762
75e6bdca12b3c5d7,363676,heloc,3903,ep230_200,200,102,128,230,1e-05,0.0,standard,32,32,32,0,1024,5.1,mesuré ici,0.7617499808912328,0.5906144575880179,0.7353559030989893
75e6bdca12b3c5d7,363676,heloc,3903,ep230_200,200,102,128,230,1e-05,0.0,standard,32,32,32,1,1024,4.7,mesuré ici,0.7506554307116104,0.6001627385018058,0.708815173063267
75e6bdca12b3c5d7,363676,heloc,3903,ep230_200,200,102,128,230,1e-05,0.0,standard,32,32,32,2,1024,4.7,mesuré ici,0.7733604677826187,0.5844729008268673,0.751444227016564
75e6bdca12b3c5d7,363676,heloc,3903,ep230_200,200,102,128,230,1e-05,0.0,standard,64,64,64,0,1024,4.6,mesuré ici,0.7761751891767944,0.56864456878906,0.752473182177605
75e6bdca12b3c5d7,363676,heloc,3903,ep230_200,200,102,128,230,1e-05,0.0,standard,64,64,64,1,1024,4.5,mesuré ici,0.7939826492394711,0.5558806139861712,0.7609844139838908
75e6bdca12b3c5d7,363676,heloc,3903,ep230_200,200,102,128,230,1e-05,0.0,standard,64,64,64,2,1024,4.6,mesuré ici,0.7687972941985783,0.5964525905967433,0.7276763690937416
75e6bdca12b3c5d7,363676,heloc,3903,ep230_200,200,102,128,230,1e-05,0.0,standard,128,128,128,0,1024,4.6,mesuré ici,0.7812351907054956,0.5653178365530245,0.7587288373200305
75e6bdca12b3c5d7,363676,heloc,3903,ep230_200,200,102,128,230,1e-05,0.0,standard,128,128,128,1,1024,4.6,mesuré ici,0.796189711839792,0.5488792851916017,0.7709715322799207
75e6bdca12b3c5d7,363676,heloc,3903,ep230_200,200,102,128,230,1e-05,0.0,standard,128,128,128,2,1024,4.6,mesuré ici,0.8043300466253918,0.5451743938034044,0.7780815716650651
75e6bdca12b3c5d7,363676,heloc,3903,ep230_200,200,102,128,230,1e-05,0.0,standard,256,256,256,0,1024,4.7,mesuré ici,0.7937648092945042,0.556188608593529,0.7689794594666843
75e6bdca12b3c5d7,363676,heloc,3903,ep230_200,200,102,128,230,1e-05,0.0,standard,256,256,256,1,1024,4.6,mesuré ici,0.7991076205763206,0.5445139747671701,0.7742700403897266
75e6bdca12b3c5d7,363676,heloc,3903,ep230_200,200,102,128,230,1e-05,0.0,standard,256,256,256,2,1024,4.7,mesuré ici,0.8021994190934801,0.545147108529347,0.7777422066433792
75e6bdca12b3c5d7,363676,heloc,3903,ep230_200,200,102,128,230,1e-05,0.0,standard,512,512,512,0,1024,4.7,mesuré ici,0.7981712909883055,0.546939350383943,0.7752087930730857
75e6bdca12b3c5d7,363676,heloc,3903,ep230_200,200,102,128,230,1e-05,0.0,standard,1024,1024,1024,0,1024,4.7,mesuré ici,0.8045459756936483,0.5414359168132423,0.7769791493634775
75e6bdca12b3c5d7,363676,heloc,3903,ep230_200,200,102,128,230,1e-05,0.0,standard,2048,2048,2048,0,1024,6.4,mesuré ici,0.8097187189482535,0.5346733475670556,0.7812927237575875
75e6bdca12b3c5d7,363676,heloc,3903,ep230_200,200,102,128,230,1e-05,0.0,standard,full,3903,3903,0,1024,10.5,mesuré ici,0.8095218986470992,0.5349789810336132,0.7787519202327058
75e6bdca12b3c5d7,363679,HR_Analytics_Job_Change_of_Data_Scientists,7151,ep230_25,25,102,128,230,1e-05,0.0,standard,32,32,32,0,1024,5.0,mesuré ici,0.733216043244346,0.4899246857269408,0.5016855949153569
75e6bdca12b3c5d7,363679,HR_Analytics_Job_Change_of_Data_Scientists,7151,ep230_25,25,102,128,230,1e-05,0.0,standard,32,32,32,1,1024,4.6,mesuré ici,0.7020245289273056,0.5209483603362787,0.4234857200522812
75e6bdca12b3c5d7,363679,HR_Analytics_Job_Change_of_Data_Scientists,7151,ep230_25,25,102,128,230,1e-05,0.0,standard,32,32,32,2,1024,4.6,mesuré ici,0.7557102424845099,0.48656494244876064,0.5272075283835357
75e6bdca12b3c5d7,363679,HR_Analytics_Job_Change_of_Data_Scientists,7151,ep230_25,25,102,128,230,1e-05,0.0,standard,64,64,64,0,1024,4.5,mesuré ici,0.8064407557561386,0.47201530665000657,0.5401517073933364
75e6bdca12b3c5d7,363679,HR_Analytics_Job_Change_of_Data_Scientists,7151,ep230_25,25,102,128,230,1e-05,0.0,standard,64,64,64,1,1024,4.5,mesuré ici,0.7524006221474285,0.5029036301770351,0.46336484883346185
75e6bdca12b3c5d7,363679,HR_Analytics_Job_Change_of_Data_Scientists,7151,ep230_25,25,102,128,230,1e-05,0.0,standard,64,64,64,2,1024,4.5,mesuré ici,0.751689232259874,0.4899738396464651,0.47514464720500266
75e6bdca12b3c5d7,363679,HR_Analytics_Job_Change_of_Data_Scientists,7151,ep230_25,25,102,128,230,1e-05,0.0,standard,128,128,128,0,1024,4.6,mesuré ici,0.796759223845585,0.48352267911749497,0.5579519231366398
75e6bdca12b3c5d7,363679,HR_Analytics_Job_Change_of_Data_Scientists,7151,ep230_25,25,102,128,230,1e-05,0.0,standard,128,128,128,1,1024,4.8,mesuré ici,0.7818608327596318,0.4659371628785482,0.49646018899738054
75e6bdca12b3c5d7,363679,HR_Analytics_Job_Change_of_Data_Scientists,7151,ep230_25,25,102,128,230,1e-05,0.0,standard,128,128,128,2,1024,4.7,mesuré ici,0.7830515821413091,0.46951513354309876,0.5369875205162318
75e6bdca12b3c5d7,363679,HR_Analytics_Job_Change_of_Data_Scientists,7151,ep230_25,25,102,128,230,1e-05,0.0,standard,256,256,256,0,1024,4.6,mesuré ici,0.8187332670389352,0.4367866516682506,0.5679171918315326
75e6bdca12b3c5d7,363679,HR_Analytics_Job_Change_of_Data_Scientists,7151,ep230_25,25,102,128,230,1e-05,0.0,standard,256,256,256,1,1024,4.6,mesuré ici,0.8241694076850505,0.4290470050421692,0.5814515202340487
75e6bdca12b3c5d7,363679,HR_Analytics_Job_Change_of_Data_Scientists,7151,ep230_25,25,102,128,230,1e-05,0.0,standard,256,256,256,2,1024,4.6,mesuré ici,0.8027384685994033,0.457911906103537,0.5568630474627028
75e6bdca12b3c5d7,363679,HR_Analytics_Job_Change_of_Data_Scientists,7151,ep230_25,25,102,128,230,1e-05,0.0,standard,512,512,512,0,1024,4.6,mesuré ici,0.8159081057650629,0.4339778196323311,0.5607387139313129
75e6bdca12b3c5d7,363679,HR_Analytics_Job_Change_of_Data_Scientists,7151,ep230_25,25,102,128,230,1e-05,0.0,standard,1024,1024,1024,0,1024,4.8,mesuré ici,0.8170861062240241,0.4375868019347957,0.5562703051239629
75e6bdca12b3c5d7,363679,HR_Analytics_Job_Change_of_Data_Scientists,7151,ep230_25,25,102,128,230,1e-05,0.0,standard,2048,2048,2048,0,1024,6.0,mesuré ici,0.8335704632958516,0.42610697718489193,0.5604995026356878
75e6bdca12b3c5d7,363679,HR_Analytics_Job_Change_of_Data_Scientists,7151,ep230_25,25,102,128,230,1e-05,0.0,standard,full,7151,7151,0,1024,18.9,mesuré ici,0.8390983961855223,0.41324752313870616,0.5800962314570015
75e6bdca12b3c5d7,363679,HR_Analytics_Job_Change_of_Data_Scientists,7151,ep230_50,50,102,128,230,1e-05,0.0,standard,32,32,32,0,1024,4.9,mesuré ici,0.7452229786583033,0.48632740780132244,0.506792774394819
75e6bdca12b3c5d7,363679,HR_Analytics_Job_Change_of_Data_Scientists,7151,ep230_50,50,102,128,230,1e-05,0.0,standard,32,32,32,1,1024,4.6,mesuré ici,0.7133583212218567,0.5077744262950121,0.44705318895296053
75e6bdca12b3c5d7,363679,HR_Analytics_Job_Change_of_Data_Scientists,7151,ep230_50,50,102,128,230,1e-05,0.0,standard,32,32,32,2,1024,4.5,mesuré ici,0.7526607001708356,0.48576954691668606,0.5262653501672185
75e6bdca12b3c5d7,363679,HR_Analytics_Job_Change_of_Data_Scientists,7151,ep230_50,50,102,128,230,1e-05,0.0,standard,64,64,64,0,1024,4.6,mesuré ici,0.8089599428848263,0.4597442178177684,0.5483857739545774
75e6bdca12b3c5d7,363679,HR_Analytics_Job_Change_of_Data_Scientists,7151,ep230_50,50,102,128,230,1e-05,0.0,standard,64,64,64,1,1024,4.5,mesuré ici,0.7520895484331573,0.4981916039067552,0.46299551204327627
75e6bdca12b3c5d7,363679,HR_Analytics_Job_Change_of_Data_Scientists,7151,ep230_50,50,102,128,230,1e-05,0.0,standard,64,64,64,2,1024,4.5,mesuré ici,0.755424666615671,0.4867981512208281,0.48002251621299674
75e6bdca12b3c5d7,363679,HR_Analytics_Job_Change_of_Data_Scientists,7151,ep230_50,50,102,128,230,1e-05,0.0,standard,128,128,128,0,1024,4.5,mesuré ici,0.8054259415079426,0.47020116130325046,0.5659708277030635
75e6bdca12b3c5d7,363679,HR_Analytics_Job_Change_of_Data_Scientists,7151,ep230_50,50,102,128,230,1e-05,0.0,standard,128,128,128,1,1024,4.6,mesuré ici,0.7809046635559294,0.4674783539859429,0.4986431689990706
75e6bdca12b3c5d7,363679,HR_Analytics_Job_Change_of_Data_Scientists,7151,ep230_50,50,102,128,230,1e-05,0.0,standard,128,128,128,2,1024,4.6,mesuré ici,0.7825365256635815,0.4665922152316273,0.5372997304037448
75e6bdca12b3c5d7,363679,HR_Analytics_Job_Change_of_Data_Scientists,7151,ep230_50,50,102,128,230,1e-05,0.0,standard,256,256,256,0,1024,4.6,mesuré ici,0.8180983706876769,0.43593032530437237,0.5643680424899434
75e6bdca12b3c5d7,363679,HR_Analytics_Job_Change_of_Data_Scientists,7151,ep230_50,50,102,128,230,1e-05,0.0,standard,256,256,256,1,1024,4.6,mesuré ici,0.8224738009638186,0.4299535614695627,0.582081981295921
75e6bdca12b3c5d7,363679,HR_Analytics_Job_Change_of_Data_Scientists,7151,ep230_50,50,102,128,230,1e-05,0.0,standard,256,256,256,2,1024,4.6,mesuré ici,0.8084984318825059,0.44986366527492183,0.5614924094299036
75e6bdca12b3c5d7,363679,HR_Analytics_Job_Change_of_Data_Scientists,7151,ep230_50,50,102,128,230,1e-05,0.0,standard,512,512,512,0,1024,4.6,mesuré ici,0.8125245416762283,0.43584943276779536,0.5537306442684361
75e6bdca12b3c5d7,363679,HR_Analytics_Job_Change_of_Data_Scientists,7151,ep230_50,50,102,128,230,1e-05,0.0,standard,1024,1024,1024,0,1024,4.7,mesuré ici,0.8162115301257044,0.4368955819326339,0.5568889217076126
75e6bdca12b3c5d7,363679,HR_Analytics_Job_Change_of_Data_Scientists,7151,ep230_50,50,102,128,230,1e-05,0.0,standard,2048,2048,2048,0,1024,6.0,mesuré ici,0.8314133455722991,0.4278740864509568,0.559474049856979
75e6bdca12b3c5d7,363679,HR_Analytics_Job_Change_of_Data_Scientists,7151,ep230_50,50,102,128,230,1e-05,0.0,standard,full,7151,7151,0,1024,18.8,mesuré ici,0.8352915678625156,0.41593253910705774,0.5753492242445937
75e6bdca12b3c5d7,363679,HR_Analytics_Job_Change_of_Data_Scientists,7151,ep230_200,200,102,128,230,1e-05,0.0,standard,32,32,32,0,1024,4.9,mesuré ici,0.7349575460873556,0.4948989712977825,0.500731339201981
75e6bdca12b3c5d7,363679,HR_Analytics_Job_Change_of_Data_Scientists,7151,ep230_200,200,102,128,230,1e-05,0.0,standard,32,32,32,1,1024,4.6,mesuré ici,0.7308013972819296,0.4959610460125847,0.46607742894131293
75e6bdca12b3c5d7,363679,HR_Analytics_Job_Change_of_Data_Scientists,7151,ep230_200,200,102,128,230,1e-05,0.0,standard,32,32,32,2,1024,4.6,mesuré ici,0.7841785869094061,0.47722801970856815,0.537973376902656
75e6bdca12b3c5d7,363679,HR_Analytics_Job_Change_of_Data_Scientists,7151,ep230_200,200,102,128,230,1e-05,0.0,standard,64,64,64,0,1024,4.7,mesuré ici,0.8111298095310946,0.44957814531748863,0.5604183024847535
75e6bdca12b3c5d7,363679,HR_Analytics_Job_Change_of_Data_Scientists,7151,ep230_200,200,102,128,230,1e-05,0.0,standard,64,64,64,1,1024,4.6,mesuré ici,0.7589484688543817,0.48866517402747855,0.4675041192513586
75e6bdca12b3c5d7,363679,HR_Analytics_Job_Change_of_Data_Scientists,7151,ep230_200,200,102,128,230,1e-05,0.0,standard,64,64,64,2,1024,4.6,mesuré ici,0.7357428797266632,0.5043361201130272,0.4536895907191798
75e6bdca12b3c5d7,363679,HR_Analytics_Job_Change_of_Data_Scientists,7151,ep230_200,200,102,128,230,1e-05,0.0,standard,128,128,128,0,1024,4.6,mesuré ici,0.802710420969428,0.4585333255167594,0.5504193334640838
75e6bdca12b3c5d7,363679,HR_Analytics_Job_Change_of_Data_Scientists,7151,ep230_200,200,102,128,230,1e-05,0.0,standard,128,128,128,1,1024,4.6,mesuré ici,0.7745251026288278,0.46899654405095215,0.49250460513016714
75e6bdca12b3c5d7,363679,HR_Analytics_Job_Change_of_Data_Scientists,7151,ep230_200,200,102,128,230,1e-05,0.0,standard,128,128,128,2,1024,4.6,mesuré ici,0.807335730130804,0.4513173251802104,0.5492398459447995
75e6bdca12b3c5d7,363679,HR_Analytics_Job_Change_of_Data_Scientists,7151,ep230_200,200,102,128,230,1e-05,0.0,standard,256,256,256,0,1024,4.6,mesuré ici,0.8148473953950892,0.4374472647951344,0.5589524239429636
75e6bdca12b3c5d7,363679,HR_Analytics_Job_Change_of_Data_Scientists,7151,ep230_200,200,102,128,230,1e-05,0.0,standard,256,256,256,1,1024,4.5,mesuré ici,0.8127667712078328,0.43766031803295596,0.5543547717898786
75e6bdca12b3c5d7,363679,HR_Analytics_Job_Change_of_Data_Scientists,7151,ep230_200,200,102,128,230,1e-05,0.0,standard,256,256,256,2,1024,4.6,mesuré ici,0.8127897192687217,0.44431675239937896,0.5616471530792528
75e6bdca12b3c5d7,363679,HR_Analytics_Job_Change_of_Data_Scientists,7151,ep230_200,200,102,128,230,1e-05,0.0,standard,512,512,512,0,1024,4.5,mesuré ici,0.8051225171473009,0.4417417706436717,0.5389995144851982
75e6bdca12b3c5d7,363679,HR_Analytics_Job_Change_of_Data_Scientists,7151,ep230_200,200,102,128,230,1e-05,0.0,standard,1024,1024,1024,0,1024,4.6,mesuré ici,0.8129248578495116,0.43696964179564646,0.5525555097562957
75e6bdca12b3c5d7,363679,HR_Analytics_Job_Change_of_Data_Scientists,7151,ep230_200,200,102,128,230,1e-05,0.0,standard,2048,2048,2048,0,1024,5.9,mesuré ici,0.8215507789591779,0.43237772489615645,0.5493101517710155
75e6bdca12b3c5d7,363679,HR_Analytics_Job_Change_of_Data_Scientists,7151,ep230_200,200,102,128,230,1e-05,0.0,standard,full,7151,7151,0,1024,18.7,mesuré ici,0.8309773324154109,0.41902411821515584,0.565849968846645
75e6bdca12b3c5d7,363681,in_vehicle_coupon_recommendation,4734,ep230_25,25,102,128,230,1e-05,0.0,standard,32,32,32,0,1024,5.1,mesuré ici,0.5318996750167156,0.6932950805158653,0.6013546788777342
75e6bdca12b3c5d7,363681,in_vehicle_coupon_recommendation,4734,ep230_25,25,102,128,230,1e-05,0.0,standard,32,32,32,1,1024,4.8,mesuré ici,0.5408231095768997,0.6957804641595127,0.5946413467281035
75e6bdca12b3c5d7,363681,in_vehicle_coupon_recommendation,4734,ep230_25,25,102,128,230,1e-05,0.0,standard,32,32,32,2,1024,4.7,mesuré ici,0.6255967097386139,0.6681606133105165,0.6806081938760711
75e6bdca12b3c5d7,363681,in_vehicle_coupon_recommendation,4734,ep230_25,25,102,128,230,1e-05,0.0,standard,64,64,64,0,1024,4.7,mesuré ici,0.6190853819719798,0.6647862499338866,0.6630903482195597
75e6bdca12b3c5d7,363681,in_vehicle_coupon_recommendation,4734,ep230_25,25,102,128,230,1e-05,0.0,standard,64,64,64,1,1024,4.7,mesuré ici,0.6006592962323708,0.6728427896135551,0.6534258693065395
75e6bdca12b3c5d7,363681,in_vehicle_coupon_recommendation,4734,ep230_25,25,102,128,230,1e-05,0.0,standard,64,64,64,2,1024,4.6,mesuré ici,0.6418789165150596,0.6655407294745681,0.679341313342779
75e6bdca12b3c5d7,363681,in_vehicle_coupon_recommendation,4734,ep230_25,25,102,128,230,1e-05,0.0,standard,128,128,128,0,1024,4.9,mesuré ici,0.6769526208580181,0.6362559519622759,0.712562454713687
75e6bdca12b3c5d7,363681,in_vehicle_coupon_recommendation,4734,ep230_25,25,102,128,230,1e-05,0.0,standard,128,128,128,1,1024,5.0,mesuré ici,0.5823887048871889,0.6762687782934208,0.6531584969716784
75e6bdca12b3c5d7,363681,in_vehicle_coupon_recommendation,4734,ep230_25,25,102,128,230,1e-05,0.0,standard,128,128,128,2,1024,4.9,mesuré ici,0.6362344699973566,0.6567977773383769,0.6915985117087858
75e6bdca12b3c5d7,363681,in_vehicle_coupon_recommendation,4734,ep230_25,25,102,128,230,1e-05,0.0,standard,256,256,256,0,1024,4.8,mesuré ici,0.6934078151482639,0.6274847697538468,0.7268786765574501
75e6bdca12b3c5d7,363681,in_vehicle_coupon_recommendation,4734,ep230_25,25,102,128,230,1e-05,0.0,standard,256,256,256,1,1024,4.8,mesuré ici,0.6559394971311283,0.6455979417211298,0.7091000640179823
75e6bdca12b3c5d7,363681,in_vehicle_coupon_recommendation,4734,ep230_25,25,102,128,230,1e-05,0.0,standard,256,256,256,2,1024,4.7,mesuré ici,0.7066714869928938,0.6207202585583964,0.7520419542363592
75e6bdca12b3c5d7,363681,in_vehicle_coupon_recommendation,4734,ep230_25,25,102,128,230,1e-05,0.0,standard,512,512,512,0,1024,4.8,mesuré ici,0.7299626035981404,0.6008527059992953,0.7543696221401625
75e6bdca12b3c5d7,363681,in_vehicle_coupon_recommendation,4734,ep230_25,25,102,128,230,1e-05,0.0,standard,1024,1024,1024,0,1024,4.8,mesuré ici,0.7492963878652175,0.583180223062738,0.7902992701109444
75e6bdca12b3c5d7,363681,in_vehicle_coupon_recommendation,4734,ep230_25,25,102,128,230,1e-05,0.0,standard,2048,2048,2048,0,1024,6.7,mesuré ici,0.7895422245028068,0.5449991114239053,0.8116002540024352
75e6bdca12b3c5d7,363681,in_vehicle_coupon_recommendation,4734,ep230_25,25,102,128,230,1e-05,0.0,standard,full,4734,4734,0,1024,12.6,mesuré ici,0.8288550947738336,0.49626429418612666,0.846673126009077
75e6bdca12b3c5d7,363681,in_vehicle_coupon_recommendation,4734,ep230_50,50,102,128,230,1e-05,0.0,standard,32,32,32,0,1024,5.1,mesuré ici,0.5321348602882866,0.6914135738827764,0.6026314532144316
75e6bdca12b3c5d7,363681,in_vehicle_coupon_recommendation,4734,ep230_50,50,102,128,230,1e-05,0.0,standard,32,32,32,1,1024,4.7,mesuré ici,0.542444138638802,0.6908924168111161,0.5973922354660703
75e6bdca12b3c5d7,363681,in_vehicle_coupon_recommendation,4734,ep230_50,50,102,128,230,1e-05,0.0,standard,32,32,32,2,1024,4.7,mesuré ici,0.6224732160905599,0.6688170837656878,0.6767560210827819
75e6bdca12b3c5d7,363681,in_vehicle_coupon_recommendation,4734,ep230_50,50,102,128,230,1e-05,0.0,standard,64,64,64,0,1024,4.7,mesuré ici,0.6183195720794266,0.6652569584264324,0.6636253753907765
75e6bdca12b3c5d7,363681,in_vehicle_coupon_recommendation,4734,ep230_50,50,102,128,230,1e-05,0.0,standard,64,64,64,1,1024,4.7,mesuré ici,0.6021831412977562,0.6708044332836742,0.6543126598388718
75e6bdca12b3c5d7,363681,in_vehicle_coupon_recommendation,4734,ep230_50,50,102,128,230,1e-05,0.0,standard,64,64,64,2,1024,4.6,mesuré ici,0.6425747539301208,0.6654210174227858,0.6801493141328668
75e6bdca12b3c5d7,363681,in_vehicle_coupon_recommendation,4734,ep230_50,50,102,128,230,1e-05,0.0,standard,128,128,128,0,1024,4.9,mesuré ici,0.6812345477445538,0.6341055761989766,0.7161394606728787
75e6bdca12b3c5d7,363681,in_vehicle_coupon_recommendation,4734,ep230_50,50,102,128,230,1e-05,0.0,standard,128,128,128,1,1024,4.8,mesuré ici,0.5858892724417285,0.6758444071661823,0.6488450647190335
75e6bdca12b3c5d7,363681,in_vehicle_coupon_recommendation,4734,ep230_50,50,102,128,230,1e-05,0.0,standard,128,128,128,2,1024,4.9,mesuré ici,0.6401296045777549,0.657437535864301,0.6952341665663304
75e6bdca12b3c5d7,363681,in_vehicle_coupon_recommendation,4734,ep230_50,50,102,128,230,1e-05,0.0,standard,256,256,256,0,1024,4.7,mesuré ici,0.7033380759123633,0.6239499651553402,0.7304642517562613
75e6bdca12b3c5d7,363681,in_vehicle_coupon_recommendation,4734,ep230_50,50,102,128,230,1e-05,0.0,standard,256,256,256,1,1024,4.8,mesuré ici,0.6578326413832781,0.6448948740480014,0.7104961052640474
75e6bdca12b3c5d7,363681,in_vehicle_coupon_recommendation,4734,ep230_50,50,102,128,230,1e-05,0.0,standard,256,256,256,2,1024,4.7,mesuré ici,0.7090971995459564,0.6197490662815072,0.75449360913483
75e6bdca12b3c5d7,363681,in_vehicle_coupon_recommendation,4734,ep230_50,50,102,128,230,1e-05,0.0,standard,512,512,512,0,1024,4.8,mesuré ici,0.7320753836824182,0.6113574248646446,0.7538666842495315
75e6bdca12b3c5d7,363681,in_vehicle_coupon_recommendation,4734,ep230_50,50,102,128,230,1e-05,0.0,standard,1024,1024,1024,0,1024,4.8,mesuré ici,0.7480388269502884,0.5887290114774815,0.787883223314978
75e6bdca12b3c5d7,363681,in_vehicle_coupon_recommendation,4734,ep230_50,50,102,128,230,1e-05,0.0,standard,2048,2048,2048,0,1024,6.6,mesuré ici,0.7845858406804436,0.5547381515975905,0.8067200473023853
75e6bdca12b3c5d7,363681,in_vehicle_coupon_recommendation,4734,ep230_50,50,102,128,230,1e-05,0.0,standard,full,4734,4734,0,1024,12.5,mesuré ici,0.822880222667973,0.5113974131043115,0.8419113994283498
75e6bdca12b3c5d7,363681,in_vehicle_coupon_recommendation,4734,ep230_200,200,102,128,230,1e-05,0.0,standard,32,32,32,0,1024,5.1,mesuré ici,0.5319424359751831,0.6928170954685621,0.6050660017173772
75e6bdca12b3c5d7,363681,in_vehicle_coupon_recommendation,4734,ep230_200,200,102,128,230,1e-05,0.0,standard,32,32,32,1,1024,4.7,mesuré ici,0.5352078182581518,0.6947611139156332,0.5932148837618352
75e6bdca12b3c5d7,363681,in_vehicle_coupon_recommendation,4734,ep230_200,200,102,128,230,1e-05,0.0,standard,32,32,32,2,1024,4.6,mesuré ici,0.6280943384490989,0.6636805548832704,0.6781768079580919
75e6bdca12b3c5d7,363681,in_vehicle_coupon_recommendation,4734,ep230_200,200,102,128,230,1e-05,0.0,standard,64,64,64,0,1024,4.7,mesuré ici,0.6240942451524623,0.6638781342358455,0.667576515084567
75e6bdca12b3c5d7,363681,in_vehicle_coupon_recommendation,4734,ep230_200,200,102,128,230,1e-05,0.0,standard,64,64,64,1,1024,4.6,mesuré ici,0.6020645768220055,0.6700979724044562,0.6531998019205778
75e6bdca12b3c5d7,363681,in_vehicle_coupon_recommendation,4734,ep230_200,200,102,128,230,1e-05,0.0,standard,64,64,64,2,1024,4.6,mesuré ici,0.6423648364976442,0.6615951313833266,0.6846370266835183
75e6bdca12b3c5d7,363681,in_vehicle_coupon_recommendation,4734,ep230_200,200,102,128,230,1e-05,0.0,standard,128,128,128,0,1024,4.8,mesuré ici,0.6788535398298892,0.6347435872146772,0.7172040728550964
75e6bdca12b3c5d7,363681,in_vehicle_coupon_recommendation,4734,ep230_200,200,102,128,230,1e-05,0.0,standard,128,128,128,1,1024,4.7,mesuré ici,0.6418031129977764,0.6612005209776337,0.6931277013119799
75e6bdca12b3c5d7,363681,in_vehicle_coupon_recommendation,4734,ep230_200,200,102,128,230,1e-05,0.0,standard,128,128,128,2,1024,4.9,mesuré ici,0.6451131999191428,0.6543408620141473,0.7025047637840234
75e6bdca12b3c5d7,363681,in_vehicle_coupon_recommendation,4734,ep230_200,200,102,128,230,1e-05,0.0,standard,256,256,256,0,1024,4.8,mesuré ici,0.7113188257063332,0.6219218283435157,0.7440876439900508
75e6bdca12b3c5d7,363681,in_vehicle_coupon_recommendation,4734,ep230_200,200,102,128,230,1e-05,0.0,standard,256,256,256,1,1024,4.8,mesuré ici,0.6835125406229106,0.6347698638398083,0.7292824382973628
75e6bdca12b3c5d7,363681,in_vehicle_coupon_recommendation,4734,ep230_200,200,102,128,230,1e-05,0.0,standard,256,256,256,2,1024,4.8,mesuré ici,0.7111749933914883,0.6168516081600088,0.7573011776457192
75e6bdca12b3c5d7,363681,in_vehicle_coupon_recommendation,4734,ep230_200,200,102,128,230,1e-05,0.0,standard,512,512,512,0,1024,4.8,mesuré ici,0.712821290292485,0.6190029453498695,0.7423193344720258
75e6bdca12b3c5d7,363681,in_vehicle_coupon_recommendation,4734,ep230_200,200,102,128,230,1e-05,0.0,standard,1024,1024,1024,0,1024,4.9,mesuré ici,0.7525384459890221,0.5896701044068448,0.7892234089826297
75e6bdca12b3c5d7,363681,in_vehicle_coupon_recommendation,4734,ep230_200,200,102,128,230,1e-05,0.0,standard,2048,2048,2048,0,1024,6.6,mesuré ici,0.779077451757864,0.5641661280614276,0.8003218947269786
75e6bdca12b3c5d7,363681,in_vehicle_coupon_recommendation,4734,ep230_200,200,102,128,230,1e-05,0.0,standard,full,4734,4734,0,1024,12.5,mesuré ici,0.8150160936698232,0.519392726948817,0.8360076267874281
75e6bdca12b3c5d7,363689,NATICUSdroid,2796,ep230_25,25,102,128,230,1e-05,0.0,standard,32,32,32,0,999,5.2,mesuré ici,0.9678780541492406,0.22774511033850103,0.9508402827082588
75e6bdca12b3c5d7,363689,NATICUSdroid,2796,ep230_25,25,102,128,230,1e-05,0.0,standard,32,32,32,1,999,4.7,mesuré ici,0.912903367818622,0.3506200300982625,0.8818767626182119
75e6bdca12b3c5d7,363689,NATICUSdroid,2796,ep230_25,25,102,128,230,1e-05,0.0,standard,32,32,32,2,999,4.7,mesuré ici,0.9575412722870351,0.2743646935383199,0.9293646153903867
75e6bdca12b3c5d7,363689,NATICUSdroid,2796,ep230_25,25,102,128,230,1e-05,0.0,standard,64,64,64,0,999,4.6,mesuré ici,0.9559652212194586,0.27249426477117655,0.9481856969547939
75e6bdca12b3c5d7,363689,NATICUSdroid,2796,ep230_25,25,102,128,230,1e-05,0.0,standard,64,64,64,1,999,4.8,mesuré ici,0.9695971824785383,0.21007352132979107,0.960398102828184
75e6bdca12b3c5d7,363689,NATICUSdroid,2796,ep230_25,25,102,128,230,1e-05,0.0,standard,64,64,64,2,999,4.6,mesuré ici,0.9488333700198106,0.2874798650301012,0.9255968188776433
75e6bdca12b3c5d7,363689,NATICUSdroid,2796,ep230_25,25,102,128,230,1e-05,0.0,standard,128,128,128,0,999,6.2,mesuré ici,0.9510191503411843,0.28462720301177435,0.9305885459594734
75e6bdca12b3c5d7,363689,NATICUSdroid,2796,ep230_25,25,102,128,230,1e-05,0.0,standard,128,128,128,1,999,6.3,mesuré ici,0.969586176535329,0.22396771249288674,0.9565961955294653
75e6bdca12b3c5d7,363689,NATICUSdroid,2796,ep230_25,25,102,128,230,1e-05,0.0,standard,128,128,128,2,999,6.1,mesuré ici,0.9593352410301563,0.23507822556441524,0.9520456297257894
75e6bdca12b3c5d7,363689,NATICUSdroid,2796,ep230_25,25,102,128,230,1e-05,0.0,standard,256,256,256,0,999,6.1,mesuré ici,0.9789082104336342,0.18237824162708874,0.9702465520744923
75e6bdca12b3c5d7,363689,NATICUSdroid,2796,ep230_25,25,102,128,230,1e-05,0.0,standard,256,256,256,1,999,6.1,mesuré ici,0.976385648250055,0.18195953188411587,0.9673537917802727
75e6bdca12b3c5d7,363689,NATICUSdroid,2796,ep230_25,25,102,128,230,1e-05,0.0,standard,256,256,256,2,999,6.2,mesuré ici,0.9756460488663878,0.18210044634653522,0.9658550989542067
75e6bdca12b3c5d7,363689,NATICUSdroid,2796,ep230_25,25,102,128,230,1e-05,0.0,standard,512,512,512,0,999,6.4,mesuré ici,0.9774444199867929,0.18173071098137353,0.9685885552391732
75e6bdca12b3c5d7,363689,NATICUSdroid,2796,ep230_25,25,102,128,230,1e-05,0.0,standard,1024,1024,1024,0,999,7.3,mesuré ici,0.9823706801672903,0.161231969114267,0.9737016695997032
75e6bdca12b3c5d7,363689,NATICUSdroid,2796,ep230_25,25,102,128,230,1e-05,0.0,standard,2048,2048,2048,0,999,11.8,mesuré ici,0.9857847237508254,0.1445867222114142,0.9774664584535493
75e6bdca12b3c5d7,363689,NATICUSdroid,2796,ep230_25,25,102,128,230,1e-05,0.0,standard,full,2796,2796,0,999,14.5,mesuré ici,0.9868523002421308,0.13783515537204505,0.9792157347349116
75e6bdca12b3c5d7,363689,NATICUSdroid,2796,ep230_50,50,102,128,230,1e-05,0.0,standard,32,32,32,0,999,5.1,mesuré ici,0.9690050627338763,0.22886570476478688,0.9526137375682029
75e6bdca12b3c5d7,363689,NATICUSdroid,2796,ep230_50,50,102,128,230,1e-05,0.0,standard,32,32,32,1,999,4.7,mesuré ici,0.9143891701518819,0.3533246333832691,0.8841643796808014
75e6bdca12b3c5d7,363689,NATICUSdroid,2796,ep230_50,50,102,128,230,1e-05,0.0,standard,32,32,32,2,999,4.7,mesuré ici,0.95821923838873,0.26830017829112873,0.9289788945149697
75e6bdca12b3c5d7,363689,NATICUSdroid,2796,ep230_50,50,102,128,230,1e-05,0.0,standard,64,64,64,0,999,4.8,mesuré ici,0.9566343825665862,0.2773723780697889,0.9486792944619729
75e6bdca12b3c5d7,363689,NATICUSdroid,2796,ep230_50,50,102,128,230,1e-05,0.0,standard,64,64,64,1,999,4.7,mesuré ici,0.9720537090028615,0.2038829974328952,0.962537308235722
75e6bdca12b3c5d7,363689,NATICUSdroid,2796,ep230_50,50,102,128,230,1e-05,0.0,standard,64,64,64,2,999,4.7,mesuré ici,0.9504754567466431,0.28513293293474185,0.9276236262031751
75e6bdca12b3c5d7,363689,NATICUSdroid,2796,ep230_50,50,102,128,230,1e-05,0.0,standard,128,128,128,0,999,6.1,mesuré ici,0.9521219458507594,0.2788449631676915,0.9330742118502707
75e6bdca12b3c5d7,363689,NATICUSdroid,2796,ep230_50,50,102,128,230,1e-05,0.0,standard,128,128,128,1,999,6.2,mesuré ici,0.9701188641866609,0.2240298089407019,0.9573995253980516
75e6bdca12b3c5d7,363689,NATICUSdroid,2796,ep230_50,50,102,128,230,1e-05,0.0,standard,128,128,128,2,999,6.1,mesuré ici,0.959222980409421,0.2357306516118186,0.9522236376410093
75e6bdca12b3c5d7,363689,NATICUSdroid,2796,ep230_50,50,102,128,230,1e-05,0.0,standard,256,256,256,0,999,6.3,mesuré ici,0.9794981289896545,0.1878748895279054,0.9709142911765015
75e6bdca12b3c5d7,363689,NATICUSdroid,2796,ep230_50,50,102,128,230,1e-05,0.0,standard,256,256,256,1,999,6.3,mesuré ici,0.9764957076821483,0.18602688185451358,0.9673708736291606
75e6bdca12b3c5d7,363689,NATICUSdroid,2796,ep230_50,50,102,128,230,1e-05,0.0,standard,256,256,256,2,999,6.2,mesuré ici,0.9763350209112921,0.1827154093368507,0.9669185677595601
75e6bdca12b3c5d7,363689,NATICUSdroid,2796,ep230_50,50,102,128,230,1e-05,0.0,standard,512,512,512,0,999,6.4,mesuré ici,0.9770702179176756,0.18567033358619814,0.968713831969529
75e6bdca12b3c5d7,363689,NATICUSdroid,2796,ep230_50,50,102,128,230,1e-05,0.0,standard,1024,1024,1024,0,999,7.4,mesuré ici,0.9823882896764253,0.16372838736927198,0.9739931961379892
75e6bdca12b3c5d7,363689,NATICUSdroid,2796,ep230_50,50,102,128,230,1e-05,0.0,standard,2048,2048,2048,0,999,12.0,mesuré ici,0.9859344045784724,0.14895935704321794,0.9779496878129388
75e6bdca12b3c5d7,363689,NATICUSdroid,2796,ep230_50,50,102,128,230,1e-05,0.0,standard,full,2796,2796,0,999,14.4,mesuré ici,0.98686330618534,0.1419111717919975,0.9796633468182611
75e6bdca12b3c5d7,363689,NATICUSdroid,2796,ep230_200,200,102,128,230,1e-05,0.0,standard,32,32,32,0,999,5.1,mesuré ici,0.9691591459388068,0.22089931987243847,0.9526628645922188
75e6bdca12b3c5d7,363689,NATICUSdroid,2796,ep230_200,200,102,128,230,1e-05,0.0,standard,32,32,32,1,999,4.7,mesuré ici,0.9203808056350429,0.36861330747636123,0.892410967511006
75e6bdca12b3c5d7,363689,NATICUSdroid,2796,ep230_200,200,102,128,230,1e-05,0.0,standard,32,32,32,2,999,4.7,mesuré ici,0.9616134712744882,0.23830590123215983,0.9299210311340101
75e6bdca12b3c5d7,363689,NATICUSdroid,2796,ep230_200,200,102,128,230,1e-05,0.0,standard,64,64,64,0,999,4.7,mesuré ici,0.960147479639005,0.26766592385340454,0.950420898769075
75e6bdca12b3c5d7,363689,NATICUSdroid,2796,ep230_200,200,102,128,230,1e-05,0.0,standard,64,64,64,1,999,4.8,mesuré ici,0.9759630200308166,0.20090087798261946,0.9645985558844263
75e6bdca12b3c5d7,363689,NATICUSdroid,2796,ep230_200,200,102,128,230,1e-05,0.0,standard,64,64,64,2,999,4.7,mesuré ici,0.9598084965881576,0.28106237470863393,0.9396209395962668
75e6bdca12b3c5d7,363689,NATICUSdroid,2796,ep230_200,200,102,128,230,1e-05,0.0,standard,128,128,128,0,999,6.2,mesuré ici,0.9601452784503632,0.26391847458148626,0.9458435661119875
75e6bdca12b3c5d7,363689,NATICUSdroid,2796,ep230_200,200,102,128,230,1e-05,0.0,standard,128,128,128,1,999,6.1,mesuré ici,0.9739467312348669,0.21501405589500247,0.9625951128533514
75e6bdca12b3c5d7,363689,NATICUSdroid,2796,ep230_200,200,102,128,230,1e-05,0.0,standard,128,128,128,2,999,6.2,mesuré ici,0.9634690732995819,0.2404148564064275,0.9553757881417669
75e6bdca12b3c5d7,363689,NATICUSdroid,2796,ep230_200,200,102,128,230,1e-05,0.0,standard,256,256,256,0,999,6.2,mesuré ici,0.9796037860444641,0.21406087366000828,0.9696549227486597
75e6bdca12b3c5d7,363689,NATICUSdroid,2796,ep230_200,200,102,128,230,1e-05,0.0,standard,256,256,256,1,999,6.2,mesuré ici,0.9807858243451464,0.18202681255575634,0.9726322443009335
75e6bdca12b3c5d7,363689,NATICUSdroid,2796,ep230_200,200,102,128,230,1e-05,0.0,standard,256,256,256,2,999,6.2,mesuré ici,0.9792670041822585,0.1887620531772979,0.9699650740376973
75e6bdca12b3c5d7,363689,NATICUSdroid,2796,ep230_200,200,102,128,230,1e-05,0.0,standard,512,512,512,0,999,6.3,mesuré ici,0.9803235747303544,0.19678050807161218,0.9713968438419788
75e6bdca12b3c5d7,363689,NATICUSdroid,2796,ep230_200,200,102,128,230,1e-05,0.0,standard,1024,1024,1024,0,999,7.3,mesuré ici,0.9824411182038301,0.17710844691488353,0.9742738921806294
75e6bdca12b3c5d7,363689,NATICUSdroid,2796,ep230_200,200,102,128,230,1e-05,0.0,standard,2048,2048,2048,0,999,11.8,mesuré ici,0.9855646048866387,0.16567110882852293,0.9780500358482008
75e6bdca12b3c5d7,363689,NATICUSdroid,2796,ep230_200,200,102,128,230,1e-05,0.0,standard,full,2796,2796,0,999,14.6,mesuré ici,0.9865661457186881,0.15693049029592274,0.9797490968301459
75e6bdca12b3c5d7,363691,online_shoppers_intention,4603,ep230_25,25,102,128,230,1e-05,0.0,standard,32,32,32,0,1024,4.9,mesuré ici,0.8997208173765603,0.3069538917091231,0.6301735223149149
75e6bdca12b3c5d7,363691,online_shoppers_intention,4603,ep230_25,25,102,128,230,1e-05,0.0,standard,32,32,32,1,1024,4.7,mesuré ici,0.8694382728681262,0.30511810764051106,0.5586771340531744
75e6bdca12b3c5d7,363691,online_shoppers_intention,4603,ep230_25,25,102,128,230,1e-05,0.0,standard,32,32,32,2,1024,4.9,mesuré ici,0.7861256467974391,0.38467397621089117,0.37402427795869236
75e6bdca12b3c5d7,363691,online_shoppers_intention,4603,ep230_25,25,102,128,230,1e-05,0.0,standard,64,64,64,0,1024,4.6,mesuré ici,0.8530892799719356,0.356727222328145,0.5248537824827116
75e6bdca12b3c5d7,363691,online_shoppers_intention,4603,ep230_25,25,102,128,230,1e-05,0.0,standard,64,64,64,1,1024,4.6,mesuré ici,0.8827140643727891,0.27976281220045934,0.5464220888066262
75e6bdca12b3c5d7,363691,online_shoppers_intention,4603,ep230_25,25,102,128,230,1e-05,0.0,standard,64,64,64,2,1024,4.8,mesuré ici,0.8538530125412928,0.3578523643776151,0.5763447627859546
75e6bdca12b3c5d7,363691,online_shoppers_intention,4603,ep230_25,25,102,128,230,1e-05,0.0,standard,128,128,128,0,1024,4.5,mesuré ici,0.8909945332826614,0.2838688912237456,0.5952577876045237
75e6bdca12b3c5d7,363691,online_shoppers_intention,4603,ep230_25,25,102,128,230,1e-05,0.0,standard,128,128,128,1,1024,4.6,mesuré ici,0.8994028999912299,0.2762249363909183,0.6263555020262312
75e6bdca12b3c5d7,363691,online_shoppers_intention,4603,ep230_25,25,102,128,230,1e-05,0.0,standard,128,128,128,2,1024,4.6,mesuré ici,0.8985733914111147,0.2746405500533642,0.6375380208674544
75e6bdca12b3c5d7,363691,online_shoppers_intention,4603,ep230_25,25,102,128,230,1e-05,0.0,standard,256,256,256,0,1024,4.6,mesuré ici,0.9100622679568509,0.25621443226681584,0.6908676033803784
75e6bdca12b3c5d7,363691,online_shoppers_intention,4603,ep230_25,25,102,128,230,1e-05,0.0,standard,256,256,256,1,1024,4.6,mesuré ici,0.915945566696875,0.2655859687574535,0.6766977076626032
75e6bdca12b3c5d7,363691,online_shoppers_intention,4603,ep230_25,25,102,128,230,1e-05,0.0,standard,256,256,256,2,1024,4.6,mesuré ici,0.8974369281141287,0.2714438436457097,0.6498964152178879
75e6bdca12b3c5d7,363691,online_shoppers_intention,4603,ep230_25,25,102,128,230,1e-05,0.0,standard,512,512,512,0,1024,4.6,mesuré ici,0.9155728359692461,0.2542685345709778,0.6665276949501681
75e6bdca12b3c5d7,363691,online_shoppers_intention,4603,ep230_25,25,102,128,230,1e-05,0.0,standard,1024,1024,1024,0,1024,4.6,mesuré ici,0.92680591691759,0.2400180530341148,0.7016410296478536
75e6bdca12b3c5d7,363691,online_shoppers_intention,4603,ep230_25,25,102,128,230,1e-05,0.0,standard,2048,2048,2048,0,1024,6.1,mesuré ici,0.9294698453532904,0.23557461518956005,0.7294410254863296
75e6bdca12b3c5d7,363691,online_shoppers_intention,4603,ep230_25,25,102,128,230,1e-05,0.0,standard,full,4603,4603,0,1024,11.1,mesuré ici,0.9294625369076506,0.23367504381524798,0.7329136498429496
75e6bdca12b3c5d7,363691,online_shoppers_intention,4603,ep230_50,50,102,128,230,1e-05,0.0,standard,32,32,32,0,1024,4.9,mesuré ici,0.8995454146812056,0.28891132226159383,0.6316048078440939
75e6bdca12b3c5d7,363691,online_shoppers_intention,4603,ep230_50,50,102,128,230,1e-05,0.0,standard,32,32,32,1,1024,4.6,mesuré ici,0.8713055807290906,0.30217849646335315,0.5619362665154624
75e6bdca12b3c5d7,363691,online_shoppers_intention,4603,ep230_50,50,102,128,230,1e-05,0.0,standard,32,32,32,2,1024,4.5,mesuré ici,0.7896556260414535,0.38736508489678695,0.37085878068723577
75e6bdca12b3c5d7,363691,online_shoppers_intention,4603,ep230_50,50,102,128,230,1e-05,0.0,standard,64,64,64,0,1024,4.6,mesuré ici,0.859257608091911,0.3601312588040978,0.5324131428835465
75e6bdca12b3c5d7,363691,online_shoppers_intention,4603,ep230_50,50,102,128,230,1e-05,0.0,standard,64,64,64,1,1024,4.5,mesuré ici,0.8860101733563306,0.27696484155422607,0.5529319485824533
75e6bdca12b3c5d7,363691,online_shoppers_intention,4603,ep230_50,50,102,128,230,1e-05,0.0,standard,64,64,64,2,1024,4.6,mesuré ici,0.8595718712544216,0.3608129889329521,0.5772384935685396
75e6bdca12b3c5d7,363691,online_shoppers_intention,4603,ep230_50,50,102,128,230,1e-05,0.0,standard,128,128,128,0,1024,4.5,mesuré ici,0.894652410325372,0.2777837184948207,0.6032336674379698
75e6bdca12b3c5d7,363691,online_shoppers_intention,4603,ep230_50,50,102,128,230,1e-05,0.0,standard,128,128,128,1,1024,4.6,mesuré ici,0.9006745695325519,0.276366442018655,0.6281096177402382
75e6bdca12b3c5d7,363691,online_shoppers_intention,4603,ep230_50,50,102,128,230,1e-05,0.0,standard,128,128,128,2,1024,4.5,mesuré ici,0.8988803461279855,0.2723691191594588,0.6429263929917168
75e6bdca12b3c5d7,363691,online_shoppers_intention,4603,ep230_50,50,102,128,230,1e-05,0.0,standard,256,256,256,0,1024,4.6,mesuré ici,0.9087759815242494,0.2575422613143437,0.6835000589670462
75e6bdca12b3c5d7,363691,online_shoppers_intention,4603,ep230_50,50,102,128,230,1e-05,0.0,standard,256,256,256,1,1024,4.5,mesuré ici,0.9151635630134183,0.2592533715446685,0.6784917750187553
75e6bdca12b3c5d7,363691,online_shoppers_intention,4603,ep230_50,50,102,128,230,1e-05,0.0,standard,256,256,256,2,1024,4.6,mesuré ici,0.9010326833689011,0.267417161666945,0.6594238769006755
75e6bdca12b3c5d7,363691,online_shoppers_intention,4603,ep230_50,50,102,128,230,1e-05,0.0,standard,512,512,512,0,1024,4.6,mesuré ici,0.9145240740199374,0.2519310564447672,0.661660570267463
75e6bdca12b3c5d7,363691,online_shoppers_intention,4603,ep230_50,50,102,128,230,1e-05,0.0,standard,1024,1024,1024,0,1024,4.7,mesuré ici,0.9252199842137575,0.24157421681337446,0.6911749285046948
75e6bdca12b3c5d7,363691,online_shoppers_intention,4603,ep230_50,50,102,128,230,1e-05,0.0,standard,2048,2048,2048,0,1024,6.0,mesuré ici,0.9276281170520654,0.23610031834272643,0.72529792840329
75e6bdca12b3c5d7,363691,online_shoppers_intention,4603,ep230_50,50,102,128,230,1e-05,0.0,standard,full,4603,4603,0,1024,11.2,mesuré ici,0.9294040693425323,0.2328777780721154,0.7341274137966953
75e6bdca12b3c5d7,363691,online_shoppers_intention,4603,ep230_200,200,102,128,230,1e-05,0.0,standard,32,32,32,0,1024,4.9,mesuré ici,0.9038172011576578,0.2731847950305325,0.6517586921830477
75e6bdca12b3c5d7,363691,online_shoppers_intention,4603,ep230_200,200,102,128,230,1e-05,0.0,standard,32,32,32,1,1024,4.6,mesuré ici,0.8810404303212793,0.28944446608253804,0.6054021598257158
75e6bdca12b3c5d7,363691,online_shoppers_intention,4603,ep230_200,200,102,128,230,1e-05,0.0,standard,32,32,32,2,1024,4.6,mesuré ici,0.7611380711550269,0.37991049383312464,0.358839311419196
75e6bdca12b3c5d7,363691,online_shoppers_intention,4603,ep230_200,200,102,128,230,1e-05,0.0,standard,64,64,64,0,1024,4.5,mesuré ici,0.901438302101909,0.2951987452318039,0.6540085043191444
75e6bdca12b3c5d7,363691,online_shoppers_intention,4603,ep230_200,200,102,128,230,1e-05,0.0,standard,64,64,64,1,1024,4.6,mesuré ici,0.9072338994942556,0.2579128675771092,0.6325381518116702
75e6bdca12b3c5d7,363691,online_shoppers_intention,4603,ep230_200,200,102,128,230,1e-05,0.0,standard,64,64,64,2,1024,4.5,mesuré ici,0.9043726430262811,0.2994989675774452,0.6854923345899477
75e6bdca12b3c5d7,363691,online_shoppers_intention,4603,ep230_200,200,102,128,230,1e-05,0.0,standard,128,128,128,0,1024,4.5,mesuré ici,0.9054433303125091,0.2637601047782996,0.6659151360367802
75e6bdca12b3c5d7,363691,online_shoppers_intention,4603,ep230_200,200,102,128,230,1e-05,0.0,standard,128,128,128,1,1024,4.6,mesuré ici,0.9044091852544801,0.2576716991749651,0.6772480782314965
75e6bdca12b3c5d7,363691,online_shoppers_intention,4603,ep230_200,200,102,128,230,1e-05,0.0,standard,128,128,128,2,1024,4.5,mesuré ici,0.905216768497676,0.2717659882170961,0.6731677922836676
75e6bdca12b3c5d7,363691,online_shoppers_intention,4603,ep230_200,200,102,128,230,1e-05,0.0,standard,256,256,256,0,1024,4.6,mesuré ici,0.9157774724471599,0.2527085784615298,0.7019302651259512
75e6bdca12b3c5d7,363691,online_shoppers_intention,4603,ep230_200,200,102,128,230,1e-05,0.0,standard,256,256,256,1,1024,4.6,mesuré ici,0.9202283158417868,0.25266658132073144,0.7029252642662898
75e6bdca12b3c5d7,363691,online_shoppers_intention,4603,ep230_200,200,102,128,230,1e-05,0.0,standard,256,256,256,2,1024,4.6,mesuré ici,0.905783173034759,0.2539376229504142,0.7026488301197311
75e6bdca12b3c5d7,363691,online_shoppers_intention,4603,ep230_200,200,102,128,230,1e-05,0.0,standard,512,512,512,0,1024,4.6,mesuré ici,0.9189785716373842,0.24932589504347769,0.6958096718633526
75e6bdca12b3c5d7,363691,online_shoppers_intention,4603,ep230_200,200,102,128,230,1e-05,0.0,standard,1024,1024,1024,0,1024,4.7,mesuré ici,0.9267949542491303,0.2397364141765453,0.7109271162434525
75e6bdca12b3c5d7,363691,online_shoppers_intention,4603,ep230_200,200,102,128,230,1e-05,0.0,standard,2048,2048,2048,0,1024,6.0,mesuré ici,0.9255488642675476,0.24355957377689422,0.7000244818706636
75e6bdca12b3c5d7,363691,online_shoppers_intention,4603,ep230_200,200,102,128,230,1e-05,0.0,standard,full,4603,4603,0,1024,11.1,mesuré ici,0.9271165258572807,0.24121661749156093,0.7249100818076902
75e6bdca12b3c5d7,363694,polish_companies_bankruptcy,2206,ep230_25,25,102,128,230,1e-05,0.0,standard,32,32,32,0,788,4.7,mesuré ici,0.7447352102195213,0.23000508933600183,0.22592186890159927
75e6bdca12b3c5d7,363694,polish_companies_bankruptcy,2206,ep230_25,25,102,128,230,1e-05,0.0,standard,32,32,32,1,788,4.3,mesuré ici,0.7590350985985366,0.2543587934342262,0.2787926416443461
75e6bdca12b3c5d7,363694,polish_companies_bankruptcy,2206,ep230_25,25,102,128,230,1e-05,0.0,standard,32,32,32,2,788,4.3,mesuré ici,0.7741535408656828,0.2210105323860726,0.263514484837828
75e6bdca12b3c5d7,363694,polish_companies_bankruptcy,2206,ep230_25,25,102,128,230,1e-05,0.0,standard,64,64,64,0,788,4.3,mesuré ici,0.7986977551779735,0.2122933336831082,0.3205041522759004
75e6bdca12b3c5d7,363694,polish_companies_bankruptcy,2206,ep230_25,25,102,128,230,1e-05,0.0,standard,64,64,64,1,788,4.2,mesuré ici,0.7653354830708173,0.22075719211692346,0.31728693613300496
75e6bdca12b3c5d7,363694,polish_companies_bankruptcy,2206,ep230_25,25,102,128,230,1e-05,0.0,standard,64,64,64,2,788,4.4,mesuré ici,0.7848815577328538,0.2128337457648545,0.2821026002805599
75e6bdca12b3c5d7,363694,polish_companies_bankruptcy,2206,ep230_25,25,102,128,230,1e-05,0.0,standard,128,128,128,0,788,4.4,mesuré ici,0.8485923353590474,0.19269925015918654,0.40043442458452794
75e6bdca12b3c5d7,363694,polish_companies_bankruptcy,2206,ep230_25,25,102,128,230,1e-05,0.0,standard,128,128,128,1,788,4.3,mesuré ici,0.8031873992310555,0.20873445763212697,0.2819595715774047
75e6bdca12b3c5d7,363694,polish_companies_bankruptcy,2206,ep230_25,25,102,128,230,1e-05,0.0,standard,128,128,128,2,788,4.3,mesuré ici,0.7966017611310926,0.21451449579354845,0.23270277258137823
75e6bdca12b3c5d7,363694,polish_companies_bankruptcy,2206,ep230_25,25,102,128,230,1e-05,0.0,standard,256,256,256,0,788,4.2,mesuré ici,0.8609946669973954,0.1941976896136166,0.3289969963581507
75e6bdca12b3c5d7,363694,polish_companies_bankruptcy,2206,ep230_25,25,102,128,230,1e-05,0.0,standard,256,256,256,1,788,4.3,mesuré ici,0.823986109388565,0.19962507270471405,0.3573929548763739
75e6bdca12b3c5d7,363694,polish_companies_bankruptcy,2206,ep230_25,25,102,128,230,1e-05,0.0,standard,256,256,256,2,788,4.3,mesuré ici,0.7921989333994792,0.22113616568944205,0.2926168802246059
75e6bdca12b3c5d7,363694,polish_companies_bankruptcy,2206,ep230_25,25,102,128,230,1e-05,0.0,standard,512,512,512,0,788,4.3,mesuré ici,0.953888130968622,0.11650044322679823,0.7427319374403857
75e6bdca12b3c5d7,363694,polish_companies_bankruptcy,2206,ep230_25,25,102,128,230,1e-05,0.0,standard,1024,1024,1024,0,788,4.7,mesuré ici,0.9729257100334863,0.09078950630454796,0.8251778529281218
75e6bdca12b3c5d7,363694,polish_companies_bankruptcy,2206,ep230_25,25,102,128,230,1e-05,0.0,standard,2048,2048,2048,0,788,7.7,mesuré ici,0.9835048989209971,0.06981955933052097,0.8930759846399274
75e6bdca12b3c5d7,363694,polish_companies_bankruptcy,2206,ep230_25,25,102,128,230,1e-05,0.0,standard,full,2206,2206,0,788,8.1,mesuré ici,0.9858613419322833,0.06665030539002563,0.903180447808416
75e6bdca12b3c5d7,363694,polish_companies_bankruptcy,2206,ep230_50,50,102,128,230,1e-05,0.0,standard,32,32,32,0,788,4.5,mesuré ici,0.7427260324941088,0.23234663972555544,0.22410971074814645
75e6bdca12b3c5d7,363694,polish_companies_bankruptcy,2206,ep230_50,50,102,128,230,1e-05,0.0,standard,32,32,32,1,788,4.3,mesuré ici,0.7610442763239489,0.2573911790204148,0.28591311135439523
75e6bdca12b3c5d7,363694,polish_companies_bankruptcy,2206,ep230_50,50,102,128,230,1e-05,0.0,standard,32,32,32,2,788,4.1,mesuré ici,0.7726032494108892,0.2219378297983742,0.26313137093297506
75e6bdca12b3c5d7,363694,polish_companies_bankruptcy,2206,ep230_50,50,102,128,230,1e-05,0.0,standard,64,64,64,0,788,4.1,mesuré ici,0.8006573235768325,0.21435065664984346,0.3222761439859375
75e6bdca12b3c5d7,363694,polish_companies_bankruptcy,2206,ep230_50,50,102,128,230,1e-05,0.0,standard,64,64,64,1,788,4.2,mesuré ici,0.7649386084583902,0.22186901684213875,0.3402158785687901
75e6bdca12b3c5d7,363694,polish_companies_bankruptcy,2206,ep230_50,50,102,128,230,1e-05,0.0,standard,64,64,64,2,788,4.2,mesuré ici,0.7839017735334243,0.21417571237021835,0.2834552817981297
75e6bdca12b3c5d7,363694,polish_companies_bankruptcy,2206,ep230_50,50,102,128,230,1e-05,0.0,standard,128,128,128,0,788,4.2,mesuré ici,0.8541981892595807,0.18934449375003984,0.42269397659349733
75e6bdca12b3c5d7,363694,polish_companies_bankruptcy,2206,ep230_50,50,102,128,230,1e-05,0.0,standard,128,128,128,1,788,4.2,mesuré ici,0.8027657199553516,0.2091574196686294,0.2855068027437129
75e6bdca12b3c5d7,363694,polish_companies_bankruptcy,2206,ep230_50,50,102,128,230,1e-05,0.0,standard,128,128,128,2,788,4.2,mesuré ici,0.7994666997395509,0.21274257191816667,0.23984950700140237
75e6bdca12b3c5d7,363694,polish_companies_bankruptcy,2206,ep230_50,50,102,128,230,1e-05,0.0,standard,256,256,256,0,788,4.2,mesuré ici,0.8733845963041051,0.1873010738877231,0.36141825965485413
75e6bdca12b3c5d7,363694,polish_companies_bankruptcy,2206,ep230_50,50,102,128,230,1e-05,0.0,standard,256,256,256,1,788,4.2,mesuré ici,0.8427384348257472,0.19109584210657563,0.41990447205338255
75e6bdca12b3c5d7,363694,polish_companies_bankruptcy,2206,ep230_50,50,102,128,230,1e-05,0.0,standard,256,256,256,2,788,4.2,mesuré ici,0.7980900409276944,0.2219859647353981,0.29596090522482077
75e6bdca12b3c5d7,363694,polish_companies_bankruptcy,2206,ep230_50,50,102,128,230,1e-05,0.0,standard,512,512,512,0,788,4.4,mesuré ici,0.9520277812228698,0.11788486258016061,0.7429527241070808
75e6bdca12b3c5d7,363694,polish_companies_bankruptcy,2206,ep230_50,50,102,128,230,1e-05,0.0,standard,1024,1024,1024,0,788,4.7,mesuré ici,0.9723676051097607,0.09223149364117379,0.8297596276176799
75e6bdca12b3c5d7,363694,polish_companies_bankruptcy,2206,ep230_50,50,102,128,230,1e-05,0.0,standard,2048,2048,2048,0,788,7.7,mesuré ici,0.9821158377775022,0.07189883117384017,0.893555709235009
75e6bdca12b3c5d7,363694,polish_companies_bankruptcy,2206,ep230_50,50,102,128,230,1e-05,0.0,standard,full,2206,2206,0,788,8.2,mesuré ici,0.9839141758650626,0.06965641515558323,0.895708510885848
75e6bdca12b3c5d7,363694,polish_companies_bankruptcy,2206,ep230_200,200,102,128,230,1e-05,0.0,standard,32,32,32,0,788,4.6,mesuré ici,0.7494480962420934,0.22690012464814854,0.22355261894270495
75e6bdca12b3c5d7,363694,polish_companies_bankruptcy,2206,ep230_200,200,102,128,230,1e-05,0.0,standard,32,32,32,1,788,4.2,mesuré ici,0.7770432841374179,0.22898573939712985,0.3041333475529703
75e6bdca12b3c5d7,363694,polish_companies_bankruptcy,2206,ep230_200,200,102,128,230,1e-05,0.0,standard,32,32,32,2,788,4.3,mesuré ici,0.8024804663276697,0.21033022079153466,0.33340924966687385
75e6bdca12b3c5d7,363694,polish_companies_bankruptcy,2206,ep230_200,200,102,128,230,1e-05,0.0,standard,64,64,64,0,788,4.2,mesuré ici,0.8139154160982264,0.20362598689795972,0.3616246929167783
75e6bdca12b3c5d7,363694,polish_companies_bankruptcy,2206,ep230_200,200,102,128,230,1e-05,0.0,standard,64,64,64,1,788,4.2,mesuré ici,0.8114225474389185,0.2023316792278834,0.40362981015194416
75e6bdca12b3c5d7,363694,polish_companies_bankruptcy,2206,ep230_200,200,102,128,230,1e-05,0.0,standard,64,64,64,2,788,4.3,mesuré ici,0.7825127123899294,0.212882574278668,0.2902380626027694
75e6bdca12b3c5d7,363694,polish_companies_bankruptcy,2206,ep230_200,200,102,128,230,1e-05,0.0,standard,128,128,128,0,788,4.2,mesuré ici,0.8799702344040679,0.17857374821157068,0.4503398113698355
75e6bdca12b3c5d7,363694,polish_companies_bankruptcy,2206,ep230_200,200,102,128,230,1e-05,0.0,standard,128,128,128,1,788,4.2,mesuré ici,0.828475753441647,0.19951523655075315,0.34060886097742354
75e6bdca12b3c5d7,363694,polish_companies_bankruptcy,2206,ep230_200,200,102,128,230,1e-05,0.0,standard,128,128,128,2,788,4.2,mesuré ici,0.8096862210095498,0.20817817485456658,0.2865241128238252
75e6bdca12b3c5d7,363694,polish_companies_bankruptcy,2206,ep230_200,200,102,128,230,1e-05,0.0,standard,256,256,256,0,788,4.3,mesuré ici,0.8898548927198313,0.1740666936109798,0.42035303972884397
75e6bdca12b3c5d7,363694,polish_companies_bankruptcy,2206,ep230_200,200,102,128,230,1e-05,0.0,standard,256,256,256,1,788,4.3,mesuré ici,0.872131960808632,0.1758405049550845,0.4989342994255511
75e6bdca12b3c5d7,363694,polish_companies_bankruptcy,2206,ep230_200,200,102,128,230,1e-05,0.0,standard,256,256,256,2,788,4.3,mesuré ici,0.855128364132457,0.1951010319431416,0.4024558468353904
75e6bdca12b3c5d7,363694,polish_companies_bankruptcy,2206,ep230_200,200,102,128,230,1e-05,0.0,standard,512,512,512,0,788,4.4,mesuré ici,0.9522262185290834,0.12053212025843861,0.7114767956155172
75e6bdca12b3c5d7,363694,polish_companies_bankruptcy,2206,ep230_200,200,102,128,230,1e-05,0.0,standard,1024,1024,1024,0,788,4.7,mesuré ici,0.9587250403075778,0.11160649648215554,0.7809453428320559
75e6bdca12b3c5d7,363694,polish_companies_bankruptcy,2206,ep230_200,200,102,128,230,1e-05,0.0,standard,2048,2048,2048,0,788,7.7,mesuré ici,0.9713010045888627,0.08893159314402445,0.848650403966608
75e6bdca12b3c5d7,363694,polish_companies_bankruptcy,2206,ep230_200,200,102,128,230,1e-05,0.0,standard,full,2206,2206,0,788,8.2,mesuré ici,0.9744511968250031,0.08493448181385381,0.8605265318318793
75e6bdca12b3c5d7,363696,qsar-biodeg,392,ep230_25,25,102,128,230,1e-05,0.0,standard,32,32,32,0,141,3.1,mesuré ici,0.8940697148030783,0.45789311251558296,0.8473457720314657
75e6bdca12b3c5d7,363696,qsar-biodeg,392,ep230_25,25,102,128,230,1e-05,0.0,standard,32,32,32,1,141,3.0,mesuré ici,0.8950882752376642,0.40039076311181604,0.8448839279191858
75e6bdca12b3c5d7,363696,qsar-biodeg,392,ep230_25,25,102,128,230,1e-05,0.0,standard,32,32,32,2,141,2.9,mesuré ici,0.8245812584880037,0.47029787161751624,0.7598769086978203
75e6bdca12b3c5d7,363696,qsar-biodeg,392,ep230_25,25,102,128,230,1e-05,0.0,standard,64,64,64,0,141,2.7,mesuré ici,0.9148936170212766,0.3511221300104217,0.9014376360205314
75e6bdca12b3c5d7,363696,qsar-biodeg,392,ep230_25,25,102,128,230,1e-05,0.0,standard,64,64,64,1,141,2.7,mesuré ici,0.8942960615663196,0.38466286332268973,0.8209167177797827
75e6bdca12b3c5d7,363696,qsar-biodeg,392,ep230_25,25,102,128,230,1e-05,0.0,standard,64,64,64,2,141,2.7,mesuré ici,0.93662290629244,0.3093764590617245,0.9017997860538605
75e6bdca12b3c5d7,363696,qsar-biodeg,392,ep230_25,25,102,128,230,1e-05,0.0,standard,128,128,128,0,141,2.7,mesuré ici,0.9196468990493436,0.32957983509510486,0.8977274670102067
75e6bdca12b3c5d7,363696,qsar-biodeg,392,ep230_25,25,102,128,230,1e-05,0.0,standard,128,128,128,1,141,2.8,mesuré ici,0.9262109551833411,0.3080729303885697,0.894232236486936
75e6bdca12b3c5d7,363696,qsar-biodeg,392,ep230_25,25,102,128,230,1e-05,0.0,standard,128,128,128,2,141,2.7,mesuré ici,0.919194205522861,0.3253149890069565,0.8941828212703481
75e6bdca12b3c5d7,363696,qsar-biodeg,392,ep230_25,25,102,128,230,1e-05,0.0,standard,256,256,256,0,141,2.7,mesuré ici,0.9083295608872793,0.3441792120964883,0.8845904593274585
75e6bdca12b3c5d7,363696,qsar-biodeg,392,ep230_25,25,102,128,230,1e-05,0.0,standard,256,256,256,1,141,2.7,mesuré ici,0.9253055681303757,0.3100472994156988,0.9030859842757191
75e6bdca12b3c5d7,363696,qsar-biodeg,392,ep230_25,25,102,128,230,1e-05,0.0,standard,256,256,256,2,141,2.7,mesuré ici,0.9359438660027161,0.2867306466764319,0.9244195939556445
75e6bdca12b3c5d7,363696,qsar-biodeg,392,ep230_25,25,102,128,230,1e-05,0.0,standard,full,392,392,0,141,2.7,mesuré ici,0.9327750113173381,0.289312538422943,0.915249661608749
75e6bdca12b3c5d7,363696,qsar-biodeg,392,ep230_50,50,102,128,230,1e-05,0.0,standard,32,32,32,0,141,3.1,mesuré ici,0.8875056586690809,0.4486658562994637,0.8305142792778782
75e6bdca12b3c5d7,363696,qsar-biodeg,392,ep230_50,50,102,128,230,1e-05,0.0,standard,32,32,32,1,141,2.7,mesuré ici,0.8940697148030783,0.3952174654028329,0.8408878523684918
75e6bdca12b3c5d7,363696,qsar-biodeg,392,ep230_50,50,102,128,230,1e-05,0.0,standard,32,32,32,2,141,2.7,mesuré ici,0.8272974196468991,0.46863115600712085,0.7620585058513539
75e6bdca12b3c5d7,363696,qsar-biodeg,392,ep230_50,50,102,128,230,1e-05,0.0,standard,64,64,64,0,141,2.7,mesuré ici,0.9152331371661385,0.34592284149420643,0.9001346654110969
75e6bdca12b3c5d7,363696,qsar-biodeg,392,ep230_50,50,102,128,230,1e-05,0.0,standard,64,64,64,1,141,2.6,mesuré ici,0.901765504753282,0.3691674253147259,0.8398035058584863
75e6bdca12b3c5d7,363696,qsar-biodeg,392,ep230_50,50,102,128,230,1e-05,0.0,standard,64,64,64,2,141,2.7,mesuré ici,0.9393390674513356,0.298867728449584,0.9048598065187816
75e6bdca12b3c5d7,363696,qsar-biodeg,392,ep230_50,50,102,128,230,1e-05,0.0,standard,128,128,128,0,141,2.7,mesuré ici,0.9189678587596198,0.3217475137822292,0.8953968808535329
75e6bdca12b3c5d7,363696,qsar-biodeg,392,ep230_50,50,102,128,230,1e-05,0.0,standard,128,128,128,1,141,2.7,mesuré ici,0.9246265278406518,0.30845114870768486,0.8939236725161639
75e6bdca12b3c5d7,363696,qsar-biodeg,392,ep230_50,50,102,128,230,1e-05,0.0,standard,128,128,128,2,141,2.7,mesuré ici,0.9198732458125849,0.32106552204976174,0.8977413532795065
75e6bdca12b3c5d7,363696,qsar-biodeg,392,ep230_50,50,102,128,230,1e-05,0.0,standard,256,256,256,0,141,2.7,mesuré ici,0.910593028519692,0.33890594604836854,0.8880973133641945
75e6bdca12b3c5d7,363696,qsar-biodeg,392,ep230_50,50,102,128,230,1e-05,0.0,standard,256,256,256,1,141,2.7,mesuré ici,0.9250792213671345,0.3077870154715934,0.9022063129390447
75e6bdca12b3c5d7,363696,qsar-biodeg,392,ep230_50,50,102,128,230,1e-05,0.0,standard,256,256,256,2,141,2.7,mesuré ici,0.9336803983703034,0.28447895703145,0.9216454999943666
75e6bdca12b3c5d7,363696,qsar-biodeg,392,ep230_50,50,102,128,230,1e-05,0.0,standard,full,392,392,0,141,2.7,mesuré ici,0.9330013580805794,0.2920700466724161,0.9149368683039597
75e6bdca12b3c5d7,363696,qsar-biodeg,392,ep230_200,200,102,128,230,1e-05,0.0,standard,32,32,32,0,141,3.0,mesuré ici,0.8825260298777727,0.4175213439627167,0.8244619238916809
75e6bdca12b3c5d7,363696,qsar-biodeg,392,ep230_200,200,102,128,230,1e-05,0.0,standard,32,32,32,1,141,2.7,mesuré ici,0.8961068356722499,0.3811127880700514,0.8426381675149138
75e6bdca12b3c5d7,363696,qsar-biodeg,392,ep230_200,200,102,128,230,1e-05,0.0,standard,32,32,32,2,141,2.7,mesuré ici,0.8607967406066094,0.4296835694635626,0.7917003361613794
75e6bdca12b3c5d7,363696,qsar-biodeg,392,ep230_200,200,102,128,230,1e-05,0.0,standard,64,64,64,0,141,2.7,mesuré ici,0.9164780443639656,0.3228868698108451,0.8956212408708337
75e6bdca12b3c5d7,363696,qsar-biodeg,392,ep230_200,200,102,128,230,1e-05,0.0,standard,64,64,64,1,141,2.7,mesuré ici,0.8747170665459484,0.4282516745320249,0.8029008977096944
75e6bdca12b3c5d7,363696,qsar-biodeg,392,ep230_200,200,102,128,230,1e-05,0.0,standard,64,64,64,2,141,2.7,mesuré ici,0.9130828429153462,0.3430926368644911,0.864428581282379
75e6bdca12b3c5d7,363696,qsar-biodeg,392,ep230_200,200,102,128,230,1e-05,0.0,standard,128,128,128,0,141,2.7,mesuré ici,0.908103214124038,0.37667053846724025,0.8555576054398203
75e6bdca12b3c5d7,363696,qsar-biodeg,392,ep230_200,200,102,128,230,1e-05,0.0,standard,128,128,128,1,141,2.7,mesuré ici,0.9241738343141693,0.31297381793247536,0.893392247942937
75e6bdca12b3c5d7,363696,qsar-biodeg,392,ep230_200,200,102,128,230,1e-05,0.0,standard,128,128,128,2,141,2.7,mesuré ici,0.9047080126754188,0.36796896963177567,0.8773728267181549
75e6bdca12b3c5d7,363696,qsar-biodeg,392,ep230_200,200,102,128,230,1e-05,0.0,standard,256,256,256,0,141,2.8,mesuré ici,0.9040289723856948,0.38854978687589337,0.8697788394776806
75e6bdca12b3c5d7,363696,qsar-biodeg,392,ep230_200,200,102,128,230,1e-05,0.0,standard,256,256,256,1,141,2.7,mesuré ici,0.905613399728384,0.38642323393845973,0.864959411135641
75e6bdca12b3c5d7,363696,qsar-biodeg,392,ep230_200,200,102,128,230,1e-05,0.0,standard,256,256,256,2,141,2.7,mesuré ici,0.9143277501131734,0.37495998411656195,0.8859085179698036
75e6bdca12b3c5d7,363696,qsar-biodeg,392,ep230_200,200,102,128,230,1e-05,0.0,standard,full,392,392,0,141,2.7,mesuré ici,0.92077863286555,0.3540399369727527,0.8896008746321574
75e6bdca12b3c5d7,363700,seismic-bumps,963,ep230_25,25,102,128,230,1e-05,0.0,standard,32,32,32,0,345,3.6,mesuré ici,0.6789765055360519,0.22909651666287265,0.19574366750206826
75e6bdca12b3c5d7,363700,seismic-bumps,963,ep230_25,25,102,128,230,1e-05,0.0,standard,32,32,32,1,345,3.2,mesuré ici,0.6767485822306237,0.2360918366987372,0.12037280211782142
75e6bdca12b3c5d7,363700,seismic-bumps,963,ep230_25,25,102,128,230,1e-05,0.0,standard,32,32,32,2,345,3.2,mesuré ici,0.717391304347826,0.23326889502078677,0.12456161151374165
75e6bdca12b3c5d7,363700,seismic-bumps,963,ep230_25,25,102,128,230,1e-05,0.0,standard,64,64,64,0,345,3.2,mesuré ici,0.6710099918984608,0.238214950952114,0.13597287559832782
75e6bdca12b3c5d7,363700,seismic-bumps,963,ep230_25,25,102,128,230,1e-05,0.0,standard,64,64,64,1,345,3.2,mesuré ici,0.7084120982986768,0.2300692915215776,0.26852155162855434
75e6bdca12b3c5d7,363700,seismic-bumps,963,ep230_25,25,102,128,230,1e-05,0.0,standard,64,64,64,2,345,3.1,mesuré ici,0.7431812044288414,0.23964065674386098,0.16194860678190465
75e6bdca12b3c5d7,363700,seismic-bumps,963,ep230_25,25,102,128,230,1e-05,0.0,standard,128,128,128,0,345,3.2,mesuré ici,0.7272481771536592,0.2255768228467388,0.15883167556992375
75e6bdca12b3c5d7,363700,seismic-bumps,963,ep230_25,25,102,128,230,1e-05,0.0,standard,128,128,128,1,345,3.4,mesuré ici,0.7441263840129624,0.22648371201768927,0.26292604950277654
75e6bdca12b3c5d7,363700,seismic-bumps,963,ep230_25,25,102,128,230,1e-05,0.0,standard,128,128,128,2,345,3.4,mesuré ici,0.6859303267620848,0.23219419977198927,0.1719419408969247
75e6bdca12b3c5d7,363700,seismic-bumps,963,ep230_25,25,102,128,230,1e-05,0.0,standard,256,256,256,0,345,3.3,mesuré ici,0.7359573318930596,0.22169192972951285,0.23528786620480863
75e6bdca12b3c5d7,363700,seismic-bumps,963,ep230_25,25,102,128,230,1e-05,0.0,standard,256,256,256,1,345,3.1,mesuré ici,0.7424385633270321,0.22293988116252925,0.19129694655521085
75e6bdca12b3c5d7,363700,seismic-bumps,963,ep230_25,25,102,128,230,1e-05,0.0,standard,256,256,256,2,345,3.2,mesuré ici,0.6994328922495274,0.2271015211957346,0.19439945722348256
75e6bdca12b3c5d7,363700,seismic-bumps,963,ep230_25,25,102,128,230,1e-05,0.0,standard,512,512,512,0,345,3.2,mesuré ici,0.7733594382932757,0.2160642498585277,0.1966600563645886
75e6bdca12b3c5d7,363700,seismic-bumps,963,ep230_25,25,102,128,230,1e-05,0.0,standard,full,963,963,0,345,3.2,mesuré ici,0.7637726167971914,0.21676514621092724,0.2711963714726199
75e6bdca12b3c5d7,363700,seismic-bumps,963,ep230_50,50,102,128,230,1e-05,0.0,standard,32,32,32,0,345,3.5,mesuré ici,0.6900486092357547,0.2282923214186532,0.1962516053740721
75e6bdca12b3c5d7,363700,seismic-bumps,963,ep230_50,50,102,128,230,1e-05,0.0,standard,32,32,32,1,345,3.2,mesuré ici,0.6963948150148529,0.23352354178025714,0.13013104337952733
75e6bdca12b3c5d7,363700,seismic-bumps,963,ep230_50,50,102,128,230,1e-05,0.0,standard,32,32,32,2,345,3.1,mesuré ici,0.7214420739940589,0.2310895283078051,0.13313071563686893
75e6bdca12b3c5d7,363700,seismic-bumps,963,ep230_50,50,102,128,230,1e-05,0.0,standard,64,64,64,0,345,3.1,mesuré ici,0.6909262759924386,0.23512889061778425,0.14861986694952412
75e6bdca12b3c5d7,363700,seismic-bumps,963,ep230_50,50,102,128,230,1e-05,0.0,standard,64,64,64,1,345,3.2,mesuré ici,0.7171887658655143,0.22900721521779965,0.2675328677311226
75e6bdca12b3c5d7,363700,seismic-bumps,963,ep230_50,50,102,128,230,1e-05,0.0,standard,64,64,64,2,345,3.1,mesuré ici,0.7419659735349716,0.23398711054964574,0.16713739641004785
75e6bdca12b3c5d7,363700,seismic-bumps,963,ep230_50,50,102,128,230,1e-05,0.0,standard,128,128,128,0,345,3.2,mesuré ici,0.7306238185255197,0.22614435483646542,0.15803444115298923
75e6bdca12b3c5d7,363700,seismic-bumps,963,ep230_50,50,102,128,230,1e-05,0.0,standard,128,128,128,1,345,3.2,mesuré ici,0.7374426140966783,0.22622223790672366,0.25266876725274695
75e6bdca12b3c5d7,363700,seismic-bumps,963,ep230_50,50,102,128,230,1e-05,0.0,standard,128,128,128,2,345,3.2,mesuré ici,0.7192816635160681,0.226814140959129,0.18701671524767385
75e6bdca12b3c5d7,363700,seismic-bumps,963,ep230_50,50,102,128,230,1e-05,0.0,standard,256,256,256,0,345,3.2,mesuré ici,0.7360248447204968,0.22271626936179387,0.24186428020574938
75e6bdca12b3c5d7,363700,seismic-bumps,963,ep230_50,50,102,128,230,1e-05,0.0,standard,256,256,256,1,345,3.2,mesuré ici,0.74588171752633,0.22265932789123635,0.2040099411832376
75e6bdca12b3c5d7,363700,seismic-bumps,963,ep230_50,50,102,128,230,1e-05,0.0,standard,256,256,256,2,345,3.1,mesuré ici,0.7180664326221982,0.22448136831179713,0.23725474009960357
75e6bdca12b3c5d7,363700,seismic-bumps,963,ep230_50,50,102,128,230,1e-05,0.0,standard,512,512,512,0,345,3.2,mesuré ici,0.7670132325141776,0.21826156636263916,0.19271111933103827
75e6bdca12b3c5d7,363700,seismic-bumps,963,ep230_50,50,102,128,230,1e-05,0.0,standard,full,963,963,0,345,3.2,mesuré ici,0.7599918984607076,0.217695966311486,0.2359479453388092
75e6bdca12b3c5d7,363700,seismic-bumps,963,ep230_200,200,102,128,230,1e-05,0.0,standard,32,32,32,0,345,3.4,mesuré ici,0.7113826627059141,0.22776238085428377,0.22083650417198847
75e6bdca12b3c5d7,363700,seismic-bumps,963,ep230_200,200,102,128,230,1e-05,0.0,standard,32,32,32,1,345,3.1,mesuré ici,0.7289359978395895,0.2263071209438758,0.1941792397682729
75e6bdca12b3c5d7,363700,seismic-bumps,963,ep230_200,200,102,128,230,1e-05,0.0,standard,32,32,32,2,345,3.2,mesuré ici,0.709154739400486,0.2280183295249467,0.14602698528320862
75e6bdca12b3c5d7,363700,seismic-bumps,963,ep230_200,200,102,128,230,1e-05,0.0,standard,64,64,64,0,345,3.2,mesuré ici,0.7179989197947609,0.23263440088982912,0.189661598961171
75e6bdca12b3c5d7,363700,seismic-bumps,963,ep230_200,200,102,128,230,1e-05,0.0,standard,64,64,64,1,345,3.1,mesuré ici,0.7354847421009992,0.23563189942434412,0.23543120141191384
75e6bdca12b3c5d7,363700,seismic-bumps,963,ep230_200,200,102,128,230,1e-05,0.0,standard,64,64,64,2,345,3.1,mesuré ici,0.7348771266540642,0.23846257265719853,0.18954465060681985
75e6bdca12b3c5d7,363700,seismic-bumps,963,ep230_200,200,102,128,230,1e-05,0.0,standard,128,128,128,0,345,3.2,mesuré ici,0.7433162300837158,0.22025715944479823,0.18747086215299874
75e6bdca12b3c5d7,363700,seismic-bumps,963,ep230_200,200,102,128,230,1e-05,0.0,standard,128,128,128,1,345,3.2,mesuré ici,0.7366999729948691,0.22506423701700723,0.23367437066799218
75e6bdca12b3c5d7,363700,seismic-bumps,963,ep230_200,200,102,128,230,1e-05,0.0,standard,128,128,128,2,345,3.2,mesuré ici,0.7364974345125573,0.22393316601342558,0.23489064604189228
75e6bdca12b3c5d7,363700,seismic-bumps,963,ep230_200,200,102,128,230,1e-05,0.0,standard,256,256,256,0,345,3.2,mesuré ici,0.7485147177963813,0.21992020750597935,0.2617460772188981
75e6bdca12b3c5d7,363700,seismic-bumps,963,ep230_200,200,102,128,230,1e-05,0.0,standard,256,256,256,1,345,3.2,mesuré ici,0.7342019983796921,0.22963478736446233,0.2169018614972219
75e6bdca12b3c5d7,363700,seismic-bumps,963,ep230_200,200,102,128,230,1e-05,0.0,standard,256,256,256,2,345,3.2,mesuré ici,0.7379152038887389,0.22250615380931474,0.27424451861456345
75e6bdca12b3c5d7,363700,seismic-bumps,963,ep230_200,200,102,128,230,1e-05,0.0,standard,512,512,512,0,345,3.2,mesuré ici,0.7520928976505535,0.21987772870873312,0.22344136746106585
75e6bdca12b3c5d7,363700,seismic-bumps,963,ep230_200,200,102,128,230,1e-05,0.0,standard,full,963,963,0,345,3.2,mesuré ici,0.7524304617877396,0.22112256459907986,0.2303578697540074
75e6bdca12b3c5d7,363706,taiwanese_bankruptcy_prediction,2545,ep230_25,25,102,128,230,1e-05,0.0,standard,32,32,32,0,910,4.9,mesuré ici,0.9240870484167677,0.10471140506455612,0.20321397570720612
75e6bdca12b3c5d7,363706,taiwanese_bankruptcy_prediction,2545,ep230_25,25,102,128,230,1e-05,0.0,standard,32,32,32,1,910,4.6,mesuré ici,0.9475909037535716,0.11558443898776596,0.31156051889090436
75e6bdca12b3c5d7,363706,taiwanese_bankruptcy_prediction,2545,ep230_25,25,102,128,230,1e-05,0.0,standard,32,32,32,2,910,4.6,mesuré ici,0.8699362010254804,0.12479680740241025,0.2465141777627604
75e6bdca12b3c5d7,363706,taiwanese_bankruptcy_prediction,2545,ep230_25,25,102,128,230,1e-05,0.0,standard,64,64,64,0,910,4.6,mesuré ici,0.8435555207640221,0.13851411092600746,0.24646697861035138
75e6bdca12b3c5d7,363706,taiwanese_bankruptcy_prediction,2545,ep230_25,25,102,128,230,1e-05,0.0,standard,64,64,64,1,910,4.5,mesuré ici,0.8315002544130886,0.12239175353433142,0.12120219504675123
75e6bdca12b3c5d7,363706,taiwanese_bankruptcy_prediction,2545,ep230_25,25,102,128,230,1e-05,0.0,standard,64,64,64,2,910,4.6,mesuré ici,0.8988023014599397,0.10212764083321105,0.27157441784956793
75e6bdca12b3c5d7,363706,taiwanese_bankruptcy_prediction,2545,ep230_25,25,102,128,230,1e-05,0.0,standard,128,128,128,0,910,4.6,mesuré ici,0.8865904732083448,0.12272183270015079,0.2068176356612367
75e6bdca12b3c5d7,363706,taiwanese_bankruptcy_prediction,2545,ep230_25,25,102,128,230,1e-05,0.0,standard,128,128,128,1,910,4.9,mesuré ici,0.8818740459509179,0.11104612034054431,0.3061935676171922
75e6bdca12b3c5d7,363706,taiwanese_bankruptcy_prediction,2545,ep230_25,25,102,128,230,1e-05,0.0,standard,128,128,128,2,910,4.6,mesuré ici,0.9129320129946377,0.10089434594744401,0.3049774583088457
75e6bdca12b3c5d7,363706,taiwanese_bankruptcy_prediction,2545,ep230_25,25,102,128,230,1e-05,0.0,standard,256,256,256,0,910,4.6,mesuré ici,0.8966300050882618,0.10158110668124641,0.3078559159064766
75e6bdca12b3c5d7,363706,taiwanese_bankruptcy_prediction,2545,ep230_25,25,102,128,230,1e-05,0.0,standard,256,256,256,1,910,4.7,mesuré ici,0.9290970292379349,0.088207736056958,0.42991345331719555
75e6bdca12b3c5d7,363706,taiwanese_bankruptcy_prediction,2545,ep230_25,25,102,128,230,1e-05,0.0,standard,256,256,256,2,910,4.6,mesuré ici,0.9256918078985479,0.09246027228333682,0.337135292967438
75e6bdca12b3c5d7,363706,taiwanese_bankruptcy_prediction,2545,ep230_25,25,102,128,230,1e-05,0.0,standard,512,512,512,0,910,4.7,mesuré ici,0.9431093193471369,0.08323664474037933,0.47722568446915725
75e6bdca12b3c5d7,363706,taiwanese_bankruptcy_prediction,2545,ep230_25,25,102,128,230,1e-05,0.0,standard,1024,1024,1024,0,910,6.0,mesuré ici,0.9425026419820737,0.0838752618679215,0.4249346953601709
75e6bdca12b3c5d7,363706,taiwanese_bankruptcy_prediction,2545,ep230_25,25,102,128,230,1e-05,0.0,standard,2048,2048,2048,0,910,10.5,mesuré ici,0.9431288895847195,0.08221596767156099,0.47684527553352724
75e6bdca12b3c5d7,363706,taiwanese_bankruptcy_prediction,2545,ep230_25,25,102,128,230,1e-05,0.0,standard,full,2545,2545,0,910,12.2,mesuré ici,0.9448902109671612,0.07994393709956506,0.5284288142443618
75e6bdca12b3c5d7,363706,taiwanese_bankruptcy_prediction,2545,ep230_50,50,102,128,230,1e-05,0.0,standard,32,32,32,0,910,5.0,mesuré ici,0.930271243492896,0.10276856741866582,0.2399237413934791
75e6bdca12b3c5d7,363706,taiwanese_bankruptcy_prediction,2545,ep230_50,50,102,128,230,1e-05,0.0,standard,32,32,32,1,910,4.6,mesuré ici,0.9517593643586832,0.11487905049161141,0.34241191422717043
75e6bdca12b3c5d7,363706,taiwanese_bankruptcy_prediction,2545,ep230_50,50,102,128,230,1e-05,0.0,standard,32,32,32,2,910,4.6,mesuré ici,0.8955340717836314,0.11528857400320565,0.2688333349350982
75e6bdca12b3c5d7,363706,taiwanese_bankruptcy_prediction,2545,ep230_50,50,102,128,230,1e-05,0.0,standard,64,64,64,0,910,4.7,mesuré ici,0.9005636228423812,0.11663236988707082,0.300607073138505
75e6bdca12b3c5d7,363706,taiwanese_bankruptcy_prediction,2545,ep230_50,50,102,128,230,1e-05,0.0,standard,64,64,64,1,910,4.5,mesuré ici,0.8416572077185017,0.11783120604954796,0.14931845294400353
75e6bdca12b3c5d7,363706,taiwanese_bankruptcy_prediction,2545,ep230_50,50,102,128,230,1e-05,0.0,standard,64,64,64,2,910,4.6,mesuré ici,0.9074132059963207,0.09920865327613643,0.29077145754003897
75e6bdca12b3c5d7,363706,taiwanese_bankruptcy_prediction,2545,ep230_50,50,102,128,230,1e-05,0.0,standard,128,128,128,0,910,4.5,mesuré ici,0.9031273239657129,0.10818137263687766,0.24980628760808998
75e6bdca12b3c5d7,363706,taiwanese_bankruptcy_prediction,2545,ep230_50,50,102,128,230,1e-05,0.0,standard,128,128,128,1,910,4.6,mesuré ici,0.8938118908763553,0.10480808158239395,0.3309926053691191
75e6bdca12b3c5d7,363706,taiwanese_bankruptcy_prediction,2545,ep230_50,50,102,128,230,1e-05,0.0,standard,128,128,128,2,910,4.5,mesuré ici,0.9299776899291557,0.0938606065538798,0.328962595693379
75e6bdca12b3c5d7,363706,taiwanese_bankruptcy_prediction,2545,ep230_50,50,102,128,230,1e-05,0.0,standard,256,256,256,0,910,4.6,mesuré ici,0.906963090531919,0.09777348189176718,0.3252645158128187
75e6bdca12b3c5d7,363706,taiwanese_bankruptcy_prediction,2545,ep230_50,50,102,128,230,1e-05,0.0,standard,256,256,256,1,910,4.7,mesuré ici,0.9353595052643938,0.08583262474352983,0.4341843377124776
75e6bdca12b3c5d7,363706,taiwanese_bankruptcy_prediction,2545,ep230_50,50,102,128,230,1e-05,0.0,standard,256,256,256,2,910,4.6,mesuré ici,0.9252025519589807,0.09175681382075665,0.3247272078013494
75e6bdca12b3c5d7,363706,taiwanese_bankruptcy_prediction,2545,ep230_50,50,102,128,230,1e-05,0.0,standard,512,512,512,0,910,4.8,mesuré ici,0.9484911346823751,0.08162466607397988,0.4927748959920606
75e6bdca12b3c5d7,363706,taiwanese_bankruptcy_prediction,2545,ep230_50,50,102,128,230,1e-05,0.0,standard,1024,1024,1024,0,910,6.0,mesuré ici,0.9494696465615093,0.08193920758674965,0.4512585969913945
75e6bdca12b3c5d7,363706,taiwanese_bankruptcy_prediction,2545,ep230_50,50,102,128,230,1e-05,0.0,standard,2048,2048,2048,0,910,10.5,mesuré ici,0.9446162276410035,0.08127528888977217,0.5005060581972306
75e6bdca12b3c5d7,363706,taiwanese_bankruptcy_prediction,2545,ep230_50,50,102,128,230,1e-05,0.0,standard,full,2545,2545,0,910,12.2,mesuré ici,0.9459861442717914,0.08004268464826557,0.5038787478586032
75e6bdca12b3c5d7,363706,taiwanese_bankruptcy_prediction,2545,ep230_200,200,102,128,230,1e-05,0.0,standard,32,32,32,0,910,5.0,mesuré ici,0.9339308779208579,0.10136277529182236,0.3112055620581392
75e6bdca12b3c5d7,363706,taiwanese_bankruptcy_prediction,2545,ep230_200,200,102,128,230,1e-05,0.0,standard,32,32,32,1,910,4.6,mesuré ici,0.955497279736976,0.13173739751830368,0.3993652807982122
75e6bdca12b3c5d7,363706,taiwanese_bankruptcy_prediction,2545,ep230_200,200,102,128,230,1e-05,0.0,standard,32,32,32,2,910,4.6,mesuré ici,0.9221495948960821,0.10890281017223506,0.32794577682875775
75e6bdca12b3c5d7,363706,taiwanese_bankruptcy_prediction,2545,ep230_200,200,102,128,230,1e-05,0.0,standard,64,64,64,0,910,4.6,mesuré ici,0.9360444635797879,0.094002866903324,0.34301228333547623
75e6bdca12b3c5d7,363706,taiwanese_bankruptcy_prediction,2545,ep230_200,200,102,128,230,1e-05,0.0,standard,64,64,64,1,910,4.5,mesuré ici,0.8880973815022115,0.10551758479865224,0.24724767661396085
75e6bdca12b3c5d7,363706,taiwanese_bankruptcy_prediction,2545,ep230_200,200,102,128,230,1e-05,0.0,standard,64,64,64,2,910,4.6,mesuré ici,0.9071979333829112,0.09722946171719846,0.347171411048832
75e6bdca12b3c5d7,363706,taiwanese_bankruptcy_prediction,2545,ep230_200,200,102,128,230,1e-05,0.0,standard,128,128,128,0,910,4.5,mesuré ici,0.9142432189126776,0.09717531995718806,0.32827268030637785
75e6bdca12b3c5d7,363706,taiwanese_bankruptcy_prediction,2545,ep230_200,200,102,128,230,1e-05,0.0,standard,128,128,128,1,910,4.6,mesuré ici,0.9308192101452112,0.09191581431975264,0.40550568663787473
75e6bdca12b3c5d7,363706,taiwanese_bankruptcy_prediction,2545,ep230_200,200,102,128,230,1e-05,0.0,standard,128,128,128,2,910,4.6,mesuré ici,0.9412892872519473,0.08540926686530048,0.37671826463637503
75e6bdca12b3c5d7,363706,taiwanese_bankruptcy_prediction,2545,ep230_200,200,102,128,230,1e-05,0.0,standard,256,256,256,0,910,4.6,mesuré ici,0.9198990175740733,0.09244317377867554,0.3833731247220404
75e6bdca12b3c5d7,363706,taiwanese_bankruptcy_prediction,2545,ep230_200,200,102,128,230,1e-05,0.0,standard,256,256,256,1,910,4.7,mesuré ici,0.9453011859563976,0.08313350141757908,0.450154935842379
75e6bdca12b3c5d7,363706,taiwanese_bankruptcy_prediction,2545,ep230_200,200,102,128,230,1e-05,0.0,standard,256,256,256,2,910,4.6,mesuré ici,0.9374926611609066,0.08612515461456612,0.4140110565804119
75e6bdca12b3c5d7,363706,taiwanese_bankruptcy_prediction,2545,ep230_200,200,102,128,230,1e-05,0.0,standard,512,512,512,0,910,4.8,mesuré ici,0.9470233668636738,0.08278725719858854,0.45164232825263617
75e6bdca12b3c5d7,363706,taiwanese_bankruptcy_prediction,2545,ep230_200,200,102,128,230,1e-05,0.0,standard,1024,1024,1024,0,910,6.0,mesuré ici,0.9504872989158087,0.0833845737475069,0.4798765268912596
75e6bdca12b3c5d7,363706,taiwanese_bankruptcy_prediction,2545,ep230_200,200,102,128,230,1e-05,0.0,standard,2048,2048,2048,0,910,10.5,mesuré ici,0.9419742455673412,0.084913585554941,0.47154308872338707
75e6bdca12b3c5d7,363706,taiwanese_bankruptcy_prediction,2545,ep230_200,200,102,128,230,1e-05,0.0,standard,full,2545,2545,0,910,12.2,mesuré ici,0.9468472347254296,0.08287697049546415,0.4778405399688843
75e6bdca12b3c5d7,363712,jm1,4062,ep230_25,25,102,128,230,1e-05,0.0,standard,32,32,32,0,1024,5.1,mesuré ici,0.6263268275980141,0.6836498653360575,0.2657974041858738
75e6bdca12b3c5d7,363712,jm1,4062,ep230_25,25,102,128,230,1e-05,0.0,standard,32,32,32,1,1024,4.8,mesuré ici,0.6405153227187126,0.5421109738893818,0.2750452069536722
75e6bdca12b3c5d7,363712,jm1,4062,ep230_25,25,102,128,230,1e-05,0.0,standard,32,32,32,2,1024,4.8,mesuré ici,0.44543192212683735,0.49973401764966896,0.23179709250806158
75e6bdca12b3c5d7,363712,jm1,4062,ep230_25,25,102,128,230,1e-05,0.0,standard,64,64,64,0,1024,4.9,mesuré ici,0.6476233277080734,0.4775850627577787,0.28986438610336335
75e6bdca12b3c5d7,363712,jm1,4062,ep230_25,25,102,128,230,1e-05,0.0,standard,64,64,64,1,1024,4.8,mesuré ici,0.6516527258052682,0.4706630328261082,0.31347379856773916
75e6bdca12b3c5d7,363712,jm1,4062,ep230_25,25,102,128,230,1e-05,0.0,standard,64,64,64,2,1024,5.3,mesuré ici,0.6364553525570475,0.4798689893398933,0.29365476662922213
75e6bdca12b3c5d7,363712,jm1,4062,ep230_25,25,102,128,230,1e-05,0.0,standard,128,128,128,0,1024,4.8,mesuré ici,0.6386106831022086,0.47897687842170766,0.30534091308237593
75e6bdca12b3c5d7,363712,jm1,4062,ep230_25,25,102,128,230,1e-05,0.0,standard,128,128,128,1,1024,4.8,mesuré ici,0.6564983980238217,0.46530556641415055,0.3309808283796709
75e6bdca12b3c5d7,363712,jm1,4062,ep230_25,25,102,128,230,1e-05,0.0,standard,128,128,128,2,1024,4.7,mesuré ici,0.6489226404480642,0.4687422049037346,0.3340802876985408
75e6bdca12b3c5d7,363712,jm1,4062,ep230_25,25,102,128,230,1e-05,0.0,standard,256,256,256,0,1024,4.8,mesuré ici,0.6634474282779368,0.4639474440790612,0.35479763738779235
75e6bdca12b3c5d7,363712,jm1,4062,ep230_25,25,102,128,230,1e-05,0.0,standard,256,256,256,1,1024,4.7,mesuré ici,0.6879845672218554,0.4610342062700725,0.3440749459899891
75e6bdca12b3c5d7,363712,jm1,4062,ep230_25,25,102,128,230,1e-05,0.0,standard,256,256,256,2,1024,4.7,mesuré ici,0.6520868491207474,0.4725314504687944,0.3054553918633067
75e6bdca12b3c5d7,363712,jm1,4062,ep230_25,25,102,128,230,1e-05,0.0,standard,512,512,512,0,1024,4.7,mesuré ici,0.66735453811725,0.46717289755755204,0.32151029976352985
75e6bdca12b3c5d7,363712,jm1,4062,ep230_25,25,102,128,230,1e-05,0.0,standard,1024,1024,1024,0,1024,4.9,mesuré ici,0.6798126543889256,0.46565810613814446,0.3368649206728432
75e6bdca12b3c5d7,363712,jm1,4062,ep230_25,25,102,128,230,1e-05,0.0,standard,2048,2048,2048,0,1024,6.1,mesuré ici,0.6878133636608214,0.4561926339435001,0.35449149272396113
75e6bdca12b3c5d7,363712,jm1,4062,ep230_25,25,102,128,230,1e-05,0.0,standard,full,4062,4062,0,1024,10.3,mesuré ici,0.727095409298799,0.4320902477642316,0.4150997891462872
75e6bdca12b3c5d7,363712,jm1,4062,ep230_50,50,102,128,230,1e-05,0.0,standard,32,32,32,0,1024,5.0,mesuré ici,0.6323739819502532,0.6495853718478606,0.2679151651599553
75e6bdca12b3c5d7,363712,jm1,4062,ep230_50,50,102,128,230,1e-05,0.0,standard,32,32,32,1,1024,4.7,mesuré ici,0.6415975738009636,0.5561260703573552,0.27382613464570915
75e6bdca12b3c5d7,363712,jm1,4062,ep230_50,50,102,128,230,1e-05,0.0,standard,32,32,32,2,1024,4.7,mesuré ici,0.4736805096974589,0.4983128643500568,0.23993060075335298
75e6bdca12b3c5d7,363712,jm1,4062,ep230_50,50,102,128,230,1e-05,0.0,standard,64,64,64,0,1024,4.6,mesuré ici,0.6477945312691075,0.48402483346815073,0.2881801866836041
75e6bdca12b3c5d7,363712,jm1,4062,ep230_50,50,102,128,230,1e-05,0.0,standard,64,64,64,1,1024,4.6,mesuré ici,0.6553978037028885,0.4671888055667748,0.31346490974807106
75e6bdca12b3c5d7,363712,jm1,4062,ep230_50,50,102,128,230,1e-05,0.0,standard,64,64,64,2,1024,4.6,mesuré ici,0.6428571428571429,0.48217262841051234,0.2972979996721432
75e6bdca12b3c5d7,363712,jm1,4062,ep230_50,50,102,128,230,1e-05,0.0,standard,128,128,128,0,1024,4.7,mesuré ici,0.6501394086139849,0.47382281644759766,0.3122768630942364
75e6bdca12b3c5d7,363712,jm1,4062,ep230_50,50,102,128,230,1e-05,0.0,standard,128,128,128,1,1024,4.7,mesuré ici,0.6599774989605498,0.4662514029850495,0.33327579518637235
75e6bdca12b3c5d7,363712,jm1,4062,ep230_50,50,102,128,230,1e-05,0.0,standard,128,128,128,2,1024,4.7,mesuré ici,0.6565228556753981,0.4662421467052126,0.34478368103329804
75e6bdca12b3c5d7,363712,jm1,4062,ep230_50,50,102,128,230,1e-05,0.0,standard,256,256,256,0,1024,4.7,mesuré ici,0.669415095262553,0.46388844629546505,0.3575925540364375
75e6bdca12b3c5d7,363712,jm1,4062,ep230_50,50,102,128,230,1e-05,0.0,standard,256,256,256,1,1024,4.7,mesuré ici,0.6924205737765061,0.4568432683630377,0.346682492426587
75e6bdca12b3c5d7,363712,jm1,4062,ep230_50,50,102,128,230,1e-05,0.0,standard,256,256,256,2,1024,4.7,mesuré ici,0.6567766038105022,0.4716687659271322,0.309295575294976
75e6bdca12b3c5d7,363712,jm1,4062,ep230_50,50,102,128,230,1e-05,0.0,standard,512,512,512,0,1024,4.8,mesuré ici,0.6703995157384989,0.4654521060364234,0.3236489608324197
75e6bdca12b3c5d7,363712,jm1,4062,ep230_50,50,102,128,230,1e-05,0.0,standard,1024,1024,1024,0,1024,4.8,mesuré ici,0.6837014209895566,0.4637412932808219,0.3426421048814833
75e6bdca12b3c5d7,363712,jm1,4062,ep230_50,50,102,128,230,1e-05,0.0,standard,2048,2048,2048,0,1024,6.2,mesuré ici,0.7059609411304326,0.44739539648856863,0.3746534569938314
75e6bdca12b3c5d7,363712,jm1,4062,ep230_50,50,102,128,230,1e-05,0.0,standard,full,4062,4062,0,1024,10.3,mesuré ici,0.7266979724606842,0.4328410113124122,0.4157048882478198
75e6bdca12b3c5d7,363712,jm1,4062,ep230_200,200,102,128,230,1e-05,0.0,standard,32,32,32,0,1024,5.0,mesuré ici,0.6468926553672317,0.5034151329523886,0.27613537011673517
75e6bdca12b3c5d7,363712,jm1,4062,ep230_200,200,102,128,230,1e-05,0.0,standard,32,32,32,1,1024,4.8,mesuré ici,0.657926113434588,0.4878389353409293,0.30599296730130016
75e6bdca12b3c5d7,363712,jm1,4062,ep230_200,200,102,128,230,1e-05,0.0,standard,32,32,32,2,1024,4.8,mesuré ici,0.6427807126959668,0.4744682243473712,0.34199439422610006
75e6bdca12b3c5d7,363712,jm1,4062,ep230_200,200,102,128,230,1e-05,0.0,standard,64,64,64,0,1024,4.7,mesuré ici,0.6700723946486657,0.4702543010792563,0.3251512549192621
75e6bdca12b3c5d7,363712,jm1,4062,ep230_200,200,102,128,230,1e-05,0.0,standard,64,64,64,1,1024,4.7,mesuré ici,0.6719372905813583,0.4659485828820038,0.3334241513246263
75e6bdca12b3c5d7,363712,jm1,4062,ep230_200,200,102,128,230,1e-05,0.0,standard,64,64,64,2,1024,4.8,mesuré ici,0.6745695453322571,0.46441380943365507,0.3401359832443695
75e6bdca12b3c5d7,363712,jm1,4062,ep230_200,200,102,128,230,1e-05,0.0,standard,128,128,128,0,1024,4.7,mesuré ici,0.6627840144789298,0.4677689150806984,0.33337751202455934
75e6bdca12b3c5d7,363712,jm1,4062,ep230_200,200,102,128,230,1e-05,0.0,standard,128,128,128,1,1024,4.7,mesuré ici,0.67082141022819,0.4648263347388836,0.3457016958021827
75e6bdca12b3c5d7,363712,jm1,4062,ep230_200,200,102,128,230,1e-05,0.0,standard,128,128,128,2,1024,4.8,mesuré ici,0.6675135128524959,0.4657778162729378,0.34569323901161875
75e6bdca12b3c5d7,363712,jm1,4062,ep230_200,200,102,128,230,1e-05,0.0,standard,256,256,256,0,1024,4.8,mesuré ici,0.657268814048475,0.47261567548017047,0.34076015297153545
75e6bdca12b3c5d7,363712,jm1,4062,ep230_200,200,102,128,230,1e-05,0.0,standard,256,256,256,1,1024,4.8,mesuré ici,0.6714848240271969,0.4628980813410114,0.34740709735376013
75e6bdca12b3c5d7,363712,jm1,4062,ep230_200,200,102,128,230,1e-05,0.0,standard,256,256,256,2,1024,4.8,mesuré ici,0.658513097072419,0.4688983751699957,0.332883125626838
75e6bdca12b3c5d7,363712,jm1,4062,ep230_200,200,102,128,230,1e-05,0.0,standard,512,512,512,0,1024,4.8,mesuré ici,0.6583204930662558,0.47183327324659446,0.33357212387627744
75e6bdca12b3c5d7,363712,jm1,4062,ep230_200,200,102,128,230,1e-05,0.0,standard,1024,1024,1024,0,1024,4.8,mesuré ici,0.6601456453151369,0.4709169825361831,0.3360169826277882
75e6bdca12b3c5d7,363712,jm1,4062,ep230_200,200,102,128,230,1e-05,0.0,standard,2048,2048,2048,0,1024,6.2,mesuré ici,0.6653000953848411,0.46510002335138356,0.3440527097095635
75e6bdca12b3c5d7,363712,jm1,4062,ep230_200,200,102,128,230,1e-05,0.0,standard,full,4062,4062,0,1024,10.2,mesuré ici,0.6944505588573386,0.45099711811513543,0.3801882670689104
75e6bdca12b3c5d7,363619,Bank_Customer_Churn,3732,ep640_25,25,512,128,640,1e-05,0.0,standard,32,32,32,0,1024,4.8,mesuré ici,0.7040332286376845,0.48587190309897443,0.3377123211985328
75e6bdca12b3c5d7,363619,Bank_Customer_Churn,3732,ep640_25,25,512,128,640,1e-05,0.0,standard,32,32,32,1,1024,4.4,mesuré ici,0.8251034725687616,0.42151547511977205,0.5686379676326709
75e6bdca12b3c5d7,363619,Bank_Customer_Churn,3732,ep640_25,25,512,128,640,1e-05,0.0,standard,32,32,32,2,1024,4.5,mesuré ici,0.7140575923914638,0.46758110868354663,0.3983723572079614
75e6bdca12b3c5d7,363619,Bank_Customer_Churn,3732,ep640_25,25,512,128,640,1e-05,0.0,standard,64,64,64,0,1024,4.5,mesuré ici,0.777817242492735,0.4389089506273923,0.5226038003300566
75e6bdca12b3c5d7,363619,Bank_Customer_Churn,3732,ep640_25,25,512,128,640,1e-05,0.0,standard,64,64,64,1,1024,4.4,mesuré ici,0.7309977397481433,0.47566621733082504,0.44517307851484816
75e6bdca12b3c5d7,363619,Bank_Customer_Churn,3732,ep640_25,25,512,128,640,1e-05,0.0,standard,64,64,64,2,1024,4.5,mesuré ici,0.7890480523673937,0.4104504139624138,0.5743172632902411
75e6bdca12b3c5d7,363619,Bank_Customer_Churn,3732,ep640_25,25,512,128,640,1e-05,0.0,standard,128,128,128,0,1024,4.6,mesuré ici,0.8390495200634044,0.38084511315788905,0.6357504074235639
75e6bdca12b3c5d7,363619,Bank_Customer_Churn,3732,ep640_25,25,512,128,640,1e-05,0.0,standard,128,128,128,1,1024,4.7,mesuré ici,0.817826635747204,0.3942095165078682,0.586506640793529
75e6bdca12b3c5d7,363619,Bank_Customer_Churn,3732,ep640_25,25,512,128,640,1e-05,0.0,standard,128,128,128,2,1024,4.6,mesuré ici,0.7889188951184432,0.4286289359501908,0.519588362841182
75e6bdca12b3c5d7,363619,Bank_Customer_Churn,3732,ep640_25,25,512,128,640,1e-05,0.0,standard,256,256,256,0,1024,4.6,mesuré ici,0.8430211054686353,0.3770120937812772,0.6429550138244869
75e6bdca12b3c5d7,363619,Bank_Customer_Churn,3732,ep640_25,25,512,128,640,1e-05,0.0,standard,256,256,256,1,1024,4.5,mesuré ici,0.8449584642028942,0.36058210694365983,0.6793549236161798
75e6bdca12b3c5d7,363619,Bank_Customer_Churn,3732,ep640_25,25,512,128,640,1e-05,0.0,standard,256,256,256,2,1024,4.5,mesuré ici,0.8286758446590543,0.36564828001001454,0.6774191739819091
75e6bdca12b3c5d7,363619,Bank_Customer_Churn,3732,ep640_25,25,512,128,640,1e-05,0.0,standard,512,512,512,0,1024,4.6,mesuré ici,0.8517597675169518,0.3456910762976463,0.6921315945675677
75e6bdca12b3c5d7,363619,Bank_Customer_Churn,3732,ep640_25,25,512,128,640,1e-05,0.0,standard,1024,1024,1024,0,1024,4.6,mesuré ici,0.8581941468283089,0.33722300126668314,0.7205100235173608
75e6bdca12b3c5d7,363619,Bank_Customer_Churn,3732,ep640_25,25,512,128,640,1e-05,0.0,standard,2048,2048,2048,0,1024,5.8,mesuré ici,0.858986702674142,0.3359838846112304,0.7138719991723615
75e6bdca12b3c5d7,363619,Bank_Customer_Churn,3732,ep640_25,25,512,128,640,1e-05,0.0,standard,full,3732,3732,0,1024,8.8,mesuré ici,0.8597176152875217,0.33349044525032945,0.7189877585751944
75e6bdca12b3c5d7,363619,Bank_Customer_Churn,3732,ep640_50,50,512,128,640,1e-05,0.0,standard,32,32,32,0,1024,4.8,mesuré ici,0.7033522176886723,0.4883194569502547,0.3387102437057768
75e6bdca12b3c5d7,363619,Bank_Customer_Churn,3732,ep640_50,50,512,128,640,1e-05,0.0,standard,32,32,32,1,1024,4.5,mesuré ici,0.8243314644670796,0.41900688795660335,0.5676248815338916
75e6bdca12b3c5d7,363619,Bank_Customer_Churn,3732,ep640_50,50,512,128,640,1e-05,0.0,standard,32,32,32,2,1024,4.5,mesuré ici,0.7183256523908769,0.46601912446687366,0.40978414566868465
75e6bdca12b3c5d7,363619,Bank_Customer_Churn,3732,ep640_50,50,512,128,640,1e-05,0.0,standard,64,64,64,0,1024,4.5,mesuré ici,0.7754601226993865,0.43690788137402126,0.5232633899742086
75e6bdca12b3c5d7,363619,Bank_Customer_Churn,3732,ep640_50,50,512,128,640,1e-05,0.0,standard,64,64,64,1,1024,4.4,mesuré ici,0.7397099832682654,0.4751785680912297,0.46694569074867154
75e6bdca12b3c5d7,363619,Bank_Customer_Churn,3732,ep640_50,50,512,128,640,1e-05,0.0,standard,64,64,64,2,1024,4.4,mesuré ici,0.7914286552969149,0.4042235390187767,0.5770524495853585
75e6bdca12b3c5d7,363619,Bank_Customer_Churn,3732,ep640_50,50,512,128,640,1e-05,0.0,standard,128,128,128,0,1024,4.5,mesuré ici,0.8415446032817682,0.3766666041033915,0.651497963758121
75e6bdca12b3c5d7,363619,Bank_Customer_Churn,3732,ep640_50,50,512,128,640,1e-05,0.0,standard,128,128,128,1,1024,4.6,mesuré ici,0.8185780961047349,0.3902011149571809,0.598242952732751
75e6bdca12b3c5d7,363619,Bank_Customer_Churn,3732,ep640_50,50,512,128,640,1e-05,0.0,standard,128,128,128,2,1024,4.5,mesuré ici,0.7883993307306191,0.4257484763933637,0.5380478776857849
75e6bdca12b3c5d7,363619,Bank_Customer_Churn,3732,ep640_50,50,512,128,640,1e-05,0.0,standard,256,256,256,0,1024,4.5,mesuré ici,0.8459212727859805,0.3752441726507646,0.6484423312807694
75e6bdca12b3c5d7,363619,Bank_Customer_Churn,3732,ep640_50,50,512,128,640,1e-05,0.0,standard,256,256,256,1,1024,4.6,mesuré ici,0.845442803886459,0.3589885881223092,0.6844788810953274
75e6bdca12b3c5d7,363619,Bank_Customer_Churn,3732,ep640_50,50,512,128,640,1e-05,0.0,standard,256,256,256,2,1024,4.5,mesuré ici,0.8271670531599495,0.36571939165508016,0.6786138648499765
75e6bdca12b3c5d7,363619,Bank_Customer_Churn,3732,ep640_50,50,512,128,640,1e-05,0.0,standard,512,512,512,0,1024,4.6,mesuré ici,0.8503302316024306,0.3460210570705896,0.6897183492073319
75e6bdca12b3c5d7,363619,Bank_Customer_Churn,3732,ep640_50,50,512,128,640,1e-05,0.0,standard,1024,1024,1024,0,1024,4.6,mesuré ici,0.8556726450817507,0.33681957939099716,0.7184772866104164
75e6bdca12b3c5d7,363619,Bank_Customer_Churn,3732,ep640_50,50,512,128,640,1e-05,0.0,standard,2048,2048,2048,0,1024,5.8,mesuré ici,0.8570963102122289,0.3355889087242519,0.7121534897717466
75e6bdca12b3c5d7,363619,Bank_Customer_Churn,3732,ep640_50,50,512,128,640,1e-05,0.0,standard,full,3732,3732,0,1024,8.8,mesuré ici,0.8582029530043737,0.33320870411328685,0.7172938703344087
75e6bdca12b3c5d7,363619,Bank_Customer_Churn,3732,ep640_200,200,512,128,640,1e-05,0.0,standard,32,32,32,0,1024,4.7,mesuré ici,0.7057005313059558,0.48657554739544806,0.3461733143641374
75e6bdca12b3c5d7,363619,Bank_Customer_Churn,3732,ep640_200,200,512,128,640,1e-05,0.0,standard,32,32,32,1,1024,4.4,mesuré ici,0.8224586843572959,0.42206800279656187,0.5571001309053288
75e6bdca12b3c5d7,363619,Bank_Customer_Churn,3732,ep640_200,200,512,128,640,1e-05,0.0,standard,32,32,32,2,1024,4.5,mesuré ici,0.7225467461179441,0.46841667585049945,0.40765481050152946
75e6bdca12b3c5d7,363619,Bank_Customer_Churn,3732,ep640_200,200,512,128,640,1e-05,0.0,standard,64,64,64,0,1024,4.4,mesuré ici,0.7762262600170253,0.43756316387766797,0.52391168719631
75e6bdca12b3c5d7,363619,Bank_Customer_Churn,3732,ep640_200,200,512,128,640,1e-05,0.0,standard,64,64,64,1,1024,4.4,mesuré ici,0.7576951301846362,0.4749463089868562,0.49720517635973216
75e6bdca12b3c5d7,363619,Bank_Customer_Churn,3732,ep640_200,200,512,128,640,1e-05,0.0,standard,64,64,64,2,1024,4.4,mesuré ici,0.8017083981565738,0.39802285637098633,0.5889708015057836
75e6bdca12b3c5d7,363619,Bank_Customer_Churn,3732,ep640_200,200,512,128,640,1e-05,0.0,standard,128,128,128,0,1024,4.6,mesuré ici,0.8388176240936978,0.3792214660466682,0.6464688009548208
75e6bdca12b3c5d7,363619,Bank_Customer_Churn,3732,ep640_200,200,512,128,640,1e-05,0.0,standard,128,128,128,1,1024,4.5,mesuré ici,0.8284615610414772,0.3772284461889881,0.6348932278341118
75e6bdca12b3c5d7,363619,Bank_Customer_Churn,3732,ep640_200,200,512,128,640,1e-05,0.0,standard,128,128,128,2,1024,4.6,mesuré ici,0.7941937945812664,0.423762571080401,0.5432686098264046
75e6bdca12b3c5d7,363619,Bank_Customer_Churn,3732,ep640_200,200,512,128,640,1e-05,0.0,standard,256,256,256,0,1024,4.6,mesuré ici,0.8402530307922624,0.37869573654044375,0.6376136157498823
75e6bdca12b3c5d7,363619,Bank_Customer_Churn,3732,ep640_200,200,512,128,640,1e-05,0.0,standard,256,256,256,1,1024,4.5,mesuré ici,0.8504182933630786,0.3548985065154978,0.69363914568586
75e6bdca12b3c5d7,363619,Bank_Customer_Churn,3732,ep640_200,200,512,128,640,1e-05,0.0,standard,256,256,256,2,1024,4.5,mesuré ici,0.8364663750843926,0.35708874736799756,0.6878881889002566
75e6bdca12b3c5d7,363619,Bank_Customer_Churn,3732,ep640_200,200,512,128,640,1e-05,0.0,standard,512,512,512,0,1024,4.6,mesuré ici,0.8508556667742977,0.34440555465850486,0.6943411332358285
75e6bdca12b3c5d7,363619,Bank_Customer_Churn,3732,ep640_200,200,512,128,640,1e-05,0.0,standard,1024,1024,1024,0,1024,4.6,mesuré ici,0.8558252854668741,0.33723261826072853,0.7125641430192649
75e6bdca12b3c5d7,363619,Bank_Customer_Churn,3732,ep640_200,200,512,128,640,1e-05,0.0,standard,2048,2048,2048,0,1024,5.8,mesuré ici,0.8591129245310711,0.33496311289748715,0.7100617542988956
75e6bdca12b3c5d7,363619,Bank_Customer_Churn,3732,ep640_200,200,512,128,640,1e-05,0.0,standard,full,3732,3732,0,1024,8.9,mesuré ici,0.8592567587401297,0.333938272185647,0.7152270482449038
75e6bdca12b3c5d7,363623,churn,1866,ep640_25,25,512,128,640,1e-05,0.0,standard,32,32,32,0,667,4.2,mesuré ici,0.6987579369499832,0.3921239662712376,0.2933527702735853
75e6bdca12b3c5d7,363623,churn,1866,ep640_25,25,512,128,640,1e-05,0.0,standard,32,32,32,1,667,3.8,mesuré ici,0.7826482492295124,0.3475335289180869,0.44534627406249944
75e6bdca12b3c5d7,363623,churn,1866,ep640_25,25,512,128,640,1e-05,0.0,standard,32,32,32,2,667,3.9,mesuré ici,0.6927332813486317,0.3814151797040663,0.28631627014646105
75e6bdca12b3c5d7,363623,churn,1866,ep640_25,25,512,128,640,1e-05,0.0,standard,64,64,64,0,667,3.8,mesuré ici,0.8398964019160076,0.3438991834912173,0.5504180468270667
75e6bdca12b3c5d7,363623,churn,1866,ep640_25,25,512,128,640,1e-05,0.0,standard,64,64,64,1,667,3.9,mesuré ici,0.7500556978946196,0.36685153275873356,0.343733858788799
75e6bdca12b3c5d7,363623,churn,1866,ep640_25,25,512,128,640,1e-05,0.0,standard,64,64,64,2,667,3.9,mesuré ici,0.7803275036203631,0.3412313295976296,0.44156651245637146
75e6bdca12b3c5d7,363623,churn,1866,ep640_25,25,512,128,640,1e-05,0.0,standard,128,128,128,0,667,4.2,mesuré ici,0.7638780587427128,0.37892644133317,0.3500699984018417
75e6bdca12b3c5d7,363623,churn,1866,ep640_25,25,512,128,640,1e-05,0.0,standard,128,128,128,1,667,4.0,mesuré ici,0.8289703315881326,0.298244538256354,0.5917249860931114
75e6bdca12b3c5d7,363623,churn,1866,ep640_25,25,512,128,640,1e-05,0.0,standard,128,128,128,2,667,3.9,mesuré ici,0.8177100738925401,0.3130933096992007,0.5124877588130645
75e6bdca12b3c5d7,363623,churn,1866,ep640_25,25,512,128,640,1e-05,0.0,standard,256,256,256,0,667,3.9,mesuré ici,0.8609687720470832,0.27421522240795076,0.6914164693060288
75e6bdca12b3c5d7,363623,churn,1866,ep640_25,25,512,128,640,1e-05,0.0,standard,256,256,256,1,667,3.9,mesuré ici,0.8979150421447402,0.23301118280309494,0.7487126132298172
75e6bdca12b3c5d7,363623,churn,1866,ep640_25,25,512,128,640,1e-05,0.0,standard,256,256,256,2,667,3.9,mesuré ici,0.8981007017934722,0.24377561993701577,0.7325959564121876
75e6bdca12b3c5d7,363623,churn,1866,ep640_25,25,512,128,640,1e-05,0.0,standard,512,512,512,0,667,4.0,mesuré ici,0.9011176710853662,0.20387171589611228,0.8068690000740024
75e6bdca12b3c5d7,363623,churn,1866,ep640_25,25,512,128,640,1e-05,0.0,standard,1024,1024,1024,0,667,4.0,mesuré ici,0.9157476514054435,0.14078180384359149,0.880586828017844
75e6bdca12b3c5d7,363623,churn,1866,ep640_25,25,512,128,640,1e-05,0.0,standard,full,1866,1866,0,667,4.8,mesuré ici,0.9200271063087149,0.13570427780590533,0.8796561288584898
75e6bdca12b3c5d7,363623,churn,1866,ep640_50,50,512,128,640,1e-05,0.0,standard,32,32,32,0,667,4.2,mesuré ici,0.7034829750102112,0.39283535763924854,0.3007638005345421
75e6bdca12b3c5d7,363623,churn,1866,ep640_50,50,512,128,640,1e-05,0.0,standard,32,32,32,1,667,3.9,mesuré ici,0.781506442389811,0.3504376399836684,0.44219053047625734
75e6bdca12b3c5d7,363623,churn,1866,ep640_50,50,512,128,640,1e-05,0.0,standard,32,32,32,2,667,3.9,mesuré ici,0.6989621625635885,0.38314058239938265,0.2878273632061894
75e6bdca12b3c5d7,363623,churn,1866,ep640_50,50,512,128,640,1e-05,0.0,standard,64,64,64,0,667,3.9,mesuré ici,0.8473599197950317,0.34576851106599477,0.5697114335484436
75e6bdca12b3c5d7,363623,churn,1866,ep640_50,50,512,128,640,1e-05,0.0,standard,64,64,64,1,667,3.9,mesuré ici,0.7599235082247224,0.36798038251494325,0.363981255336303
75e6bdca12b3c5d7,363623,churn,1866,ep640_50,50,512,128,640,1e-05,0.0,standard,64,64,64,2,667,3.8,mesuré ici,0.7855166908024209,0.3348378387325273,0.45430497508565987
75e6bdca12b3c5d7,363623,churn,1866,ep640_50,50,512,128,640,1e-05,0.0,standard,128,128,128,0,667,3.9,mesuré ici,0.8008800267349894,0.34035370195703196,0.3934728432563341
75e6bdca12b3c5d7,363623,churn,1866,ep640_50,50,512,128,640,1e-05,0.0,standard,128,128,128,1,667,3.9,mesuré ici,0.8553896996026883,0.2804386869582315,0.6790632833850287
75e6bdca12b3c5d7,363623,churn,1866,ep640_50,50,512,128,640,1e-05,0.0,standard,128,128,128,2,667,3.9,mesuré ici,0.8372971668337604,0.29912546408149404,0.5511415006783119
75e6bdca12b3c5d7,363623,churn,1866,ep640_50,50,512,128,640,1e-05,0.0,standard,256,256,256,0,667,3.9,mesuré ici,0.8652018120381717,0.27300349131981966,0.6946179731755273
75e6bdca12b3c5d7,363623,churn,1866,ep640_50,50,512,128,640,1e-05,0.0,standard,256,256,256,1,667,3.9,mesuré ici,0.9038654338865991,0.22952414099816332,0.7500188726913035
75e6bdca12b3c5d7,363623,churn,1866,ep640_50,50,512,128,640,1e-05,0.0,standard,256,256,256,2,667,3.9,mesuré ici,0.9087204337009396,0.24060633775054507,0.7660553438589311
75e6bdca12b3c5d7,363623,churn,1866,ep640_50,50,512,128,640,1e-05,0.0,standard,512,512,512,0,667,4.0,mesuré ici,0.920556236307601,0.1876068542376446,0.8388357306011339
75e6bdca12b3c5d7,363623,churn,1866,ep640_50,50,512,128,640,1e-05,0.0,standard,1024,1024,1024,0,667,3.9,mesuré ici,0.9202034829750102,0.1349740235602594,0.8816704915602395
75e6bdca12b3c5d7,363623,churn,1866,ep640_50,50,512,128,640,1e-05,0.0,standard,full,1866,1866,0,667,4.8,mesuré ici,0.913454754743604,0.13059042099675228,0.8791503369980229
75e6bdca12b3c5d7,363623,churn,1866,ep640_200,200,512,128,640,1e-05,0.0,standard,32,32,32,0,667,4.2,mesuré ici,0.7072425828970331,0.3928753920449101,0.3157508393971284
75e6bdca12b3c5d7,363623,churn,1866,ep640_200,200,512,128,640,1e-05,0.0,standard,32,32,32,1,667,3.9,mesuré ici,0.7861386506256729,0.35043023557929714,0.4428948926020059
75e6bdca12b3c5d7,363623,churn,1866,ep640_200,200,512,128,640,1e-05,0.0,standard,32,32,32,2,667,3.9,mesuré ici,0.7104823437674057,0.3839398482261923,0.297576630473524
75e6bdca12b3c5d7,363623,churn,1866,ep640_200,200,512,128,640,1e-05,0.0,standard,64,64,64,0,667,3.9,mesuré ici,0.8579518027551892,0.34152340398344605,0.6015176228137112
75e6bdca12b3c5d7,363623,churn,1866,ep640_200,200,512,128,640,1e-05,0.0,standard,64,64,64,1,667,3.9,mesuré ici,0.7680554008391816,0.3672921813678465,0.37070206709468667
75e6bdca12b3c5d7,363623,churn,1866,ep640_200,200,512,128,640,1e-05,0.0,standard,64,64,64,2,667,3.8,mesuré ici,0.7969533251643088,0.32154448686598996,0.5238701161962412
75e6bdca12b3c5d7,363623,churn,1866,ep640_200,200,512,128,640,1e-05,0.0,standard,128,128,128,0,667,3.9,mesuré ici,0.8301678363224536,0.32079877388916583,0.44080808869402816
75e6bdca12b3c5d7,363623,churn,1866,ep640_200,200,512,128,640,1e-05,0.0,standard,128,128,128,1,667,3.9,mesuré ici,0.8732872897404479,0.2546297607095539,0.7128547922453737
75e6bdca12b3c5d7,363623,churn,1866,ep640_200,200,512,128,640,1e-05,0.0,standard,128,128,128,2,667,3.9,mesuré ici,0.8578682559132598,0.27677692710682894,0.6256245395662723
75e6bdca12b3c5d7,363623,churn,1866,ep640_200,200,512,128,640,1e-05,0.0,standard,256,256,256,0,667,3.9,mesuré ici,0.8711707697449036,0.27607053347077204,0.706975721248149
75e6bdca12b3c5d7,363623,churn,1866,ep640_200,200,512,128,640,1e-05,0.0,standard,256,256,256,1,667,3.9,mesuré ici,0.8967361033752923,0.22648591364938334,0.7662851890530159
75e6bdca12b3c5d7,363623,churn,1866,ep640_200,200,512,128,640,1e-05,0.0,standard,256,256,256,2,667,3.8,mesuré ici,0.9071237607218448,0.2220630055011289,0.7923624710090542
75e6bdca12b3c5d7,363623,churn,1866,ep640_200,200,512,128,640,1e-05,0.0,standard,512,512,512,0,667,4.0,mesuré ici,0.9144851657940664,0.1679749218876074,0.8507810347352385
75e6bdca12b3c5d7,363623,churn,1866,ep640_200,200,512,128,640,1e-05,0.0,standard,1024,1024,1024,0,667,4.0,mesuré ici,0.9263116854182912,0.1214885022412862,0.8879812203913419
75e6bdca12b3c5d7,363623,churn,1866,ep640_200,200,512,128,640,1e-05,0.0,standard,full,1866,1866,0,667,4.7,mesuré ici,0.9374883962719542,0.11337887456539018,0.902726318439668
75e6bdca12b3c5d7,363684,Marketing_Campaign,835,ep640_25,25,512,128,640,1e-05,0.0,standard,32,32,32,0,299,3.4,mesuré ici,0.7994313210848644,0.3742450942576149,0.5667039172213482
75e6bdca12b3c5d7,363684,Marketing_Campaign,835,ep640_25,25,512,128,640,1e-05,0.0,standard,32,32,32,1,299,3.0,mesuré ici,0.7723097112860892,0.3793782451610703,0.38205179467565553
75e6bdca12b3c5d7,363684,Marketing_Campaign,835,ep640_25,25,512,128,640,1e-05,0.0,standard,32,32,32,2,299,3.0,mesuré ici,0.7502187226596675,0.38396859116466603,0.4594675078947312
75e6bdca12b3c5d7,363684,Marketing_Campaign,835,ep640_25,25,512,128,640,1e-05,0.0,standard,64,64,64,0,299,2.9,mesuré ici,0.8612423447069116,0.31768147549691444,0.504195178167873
75e6bdca12b3c5d7,363684,Marketing_Campaign,835,ep640_25,25,512,128,640,1e-05,0.0,standard,64,64,64,1,299,3.0,mesuré ici,0.7233595800524935,0.3915669711949892,0.3276750813413318
75e6bdca12b3c5d7,363684,Marketing_Campaign,835,ep640_25,25,512,128,640,1e-05,0.0,standard,64,64,64,2,299,2.9,mesuré ici,0.776421697287839,0.3631951023952959,0.4838122652491181
75e6bdca12b3c5d7,363684,Marketing_Campaign,835,ep640_25,25,512,128,640,1e-05,0.0,standard,128,128,128,0,299,3.0,mesuré ici,0.8148293963254594,0.32980102294252694,0.546501119721999
75e6bdca12b3c5d7,363684,Marketing_Campaign,835,ep640_25,25,512,128,640,1e-05,0.0,standard,128,128,128,1,299,3.0,mesuré ici,0.7811023622047244,0.3563658653694903,0.42517835709150575
75e6bdca12b3c5d7,363684,Marketing_Campaign,835,ep640_25,25,512,128,640,1e-05,0.0,standard,128,128,128,2,299,3.0,mesuré ici,0.7783902012248469,0.3628747175554586,0.5222021175561582
75e6bdca12b3c5d7,363684,Marketing_Campaign,835,ep640_25,25,512,128,640,1e-05,0.0,standard,256,256,256,0,299,3.0,mesuré ici,0.8429133858267716,0.3219090843536302,0.5983490595230114
75e6bdca12b3c5d7,363684,Marketing_Campaign,835,ep640_25,25,512,128,640,1e-05,0.0,standard,256,256,256,1,299,3.0,mesuré ici,0.837357830271216,0.3248993232175347,0.5305100382190088
75e6bdca12b3c5d7,363684,Marketing_Campaign,835,ep640_25,25,512,128,640,1e-05,0.0,standard,256,256,256,2,299,3.3,mesuré ici,0.8277340332458442,0.3199614547108915,0.5972503949907741
75e6bdca12b3c5d7,363684,Marketing_Campaign,835,ep640_25,25,512,128,640,1e-05,0.0,standard,512,512,512,0,299,3.0,mesuré ici,0.889763779527559,0.27995266530378193,0.636297998740218
75e6bdca12b3c5d7,363684,Marketing_Campaign,835,ep640_25,25,512,128,640,1e-05,0.0,standard,full,835,835,0,299,3.0,mesuré ici,0.9026246719160106,0.26430506014634636,0.6772507008559311
75e6bdca12b3c5d7,363684,Marketing_Campaign,835,ep640_50,50,512,128,640,1e-05,0.0,standard,32,32,32,0,299,3.3,mesuré ici,0.7997812773403324,0.3780093455410104,0.5714987487015365
75e6bdca12b3c5d7,363684,Marketing_Campaign,835,ep640_50,50,512,128,640,1e-05,0.0,standard,32,32,32,1,299,2.9,mesuré ici,0.781408573928259,0.3724874767365789,0.40081142074806436
75e6bdca12b3c5d7,363684,Marketing_Campaign,835,ep640_50,50,512,128,640,1e-05,0.0,standard,32,32,32,2,299,2.9,mesuré ici,0.7545056867891514,0.3859052445736017,0.47017796397537603
75e6bdca12b3c5d7,363684,Marketing_Campaign,835,ep640_50,50,512,128,640,1e-05,0.0,standard,64,64,64,0,299,2.9,mesuré ici,0.8585301837270343,0.3222874325336266,0.5010560666543028
75e6bdca12b3c5d7,363684,Marketing_Campaign,835,ep640_50,50,512,128,640,1e-05,0.0,standard,64,64,64,1,299,2.9,mesuré ici,0.7364391951006124,0.3905655587957219,0.36118740787872905
75e6bdca12b3c5d7,363684,Marketing_Campaign,835,ep640_50,50,512,128,640,1e-05,0.0,standard,64,64,64,2,299,2.9,mesuré ici,0.7845581802274716,0.36147883741434295,0.49314176100920865
75e6bdca12b3c5d7,363684,Marketing_Campaign,835,ep640_50,50,512,128,640,1e-05,0.0,standard,128,128,128,0,299,3.0,mesuré ici,0.826334208223972,0.32932523642340117,0.5723186658572638
75e6bdca12b3c5d7,363684,Marketing_Campaign,835,ep640_50,50,512,128,640,1e-05,0.0,standard,128,128,128,1,299,3.0,mesuré ici,0.7926946631671041,0.34820844661001454,0.46654173175823244
75e6bdca12b3c5d7,363684,Marketing_Campaign,835,ep640_50,50,512,128,640,1e-05,0.0,standard,128,128,128,2,299,3.0,mesuré ici,0.7829833770778653,0.36337579303146766,0.5467621905779064
75e6bdca12b3c5d7,363684,Marketing_Campaign,835,ep640_50,50,512,128,640,1e-05,0.0,standard,256,256,256,0,299,3.0,mesuré ici,0.8453193350831145,0.3219458467687381,0.6063076993335269
75e6bdca12b3c5d7,363684,Marketing_Campaign,835,ep640_50,50,512,128,640,1e-05,0.0,standard,256,256,256,1,299,3.0,mesuré ici,0.8319335083114611,0.33372959320532997,0.5359097038742855
75e6bdca12b3c5d7,363684,Marketing_Campaign,835,ep640_50,50,512,128,640,1e-05,0.0,standard,256,256,256,2,299,3.0,mesuré ici,0.8340332458442695,0.32495125403466035,0.6106636475006713
75e6bdca12b3c5d7,363684,Marketing_Campaign,835,ep640_50,50,512,128,640,1e-05,0.0,standard,512,512,512,0,299,2.9,mesuré ici,0.8871391076115486,0.28447518829378615,0.6429935875626532
75e6bdca12b3c5d7,363684,Marketing_Campaign,835,ep640_50,50,512,128,640,1e-05,0.0,standard,full,835,835,0,299,3.0,mesuré ici,0.9,0.2689481547776788,0.695576102233991
75e6bdca12b3c5d7,363684,Marketing_Campaign,835,ep640_200,200,512,128,640,1e-05,0.0,standard,32,32,32,0,299,3.3,mesuré ici,0.8136045494313211,0.3720455354070869,0.5754784835039187
75e6bdca12b3c5d7,363684,Marketing_Campaign,835,ep640_200,200,512,128,640,1e-05,0.0,standard,32,32,32,1,299,2.9,mesuré ici,0.7995625546806648,0.3632836253153481,0.44674808744963057
75e6bdca12b3c5d7,363684,Marketing_Campaign,835,ep640_200,200,512,128,640,1e-05,0.0,standard,32,32,32,2,299,3.1,mesuré ici,0.7716097987751531,0.3809771480683325,0.5272140725131412
75e6bdca12b3c5d7,363684,Marketing_Campaign,835,ep640_200,200,512,128,640,1e-05,0.0,standard,64,64,64,0,299,2.9,mesuré ici,0.8671478565179352,0.3095205077560819,0.5209561279201254
75e6bdca12b3c5d7,363684,Marketing_Campaign,835,ep640_200,200,512,128,640,1e-05,0.0,standard,64,64,64,1,299,2.9,mesuré ici,0.7849081364829397,0.37246055222998486,0.4632572185104876
75e6bdca12b3c5d7,363684,Marketing_Campaign,835,ep640_200,200,512,128,640,1e-05,0.0,standard,64,64,64,2,299,2.9,mesuré ici,0.8241907261592302,0.3310834811411704,0.5545793392983484
75e6bdca12b3c5d7,363684,Marketing_Campaign,835,ep640_200,200,512,128,640,1e-05,0.0,standard,128,128,128,0,299,3.0,mesuré ici,0.8608048993875765,0.29997107268099826,0.6201927087524216
75e6bdca12b3c5d7,363684,Marketing_Campaign,835,ep640_200,200,512,128,640,1e-05,0.0,standard,128,128,128,1,299,3.0,mesuré ici,0.8020559930008748,0.34368724568598974,0.5176626928380418
75e6bdca12b3c5d7,363684,Marketing_Campaign,835,ep640_200,200,512,128,640,1e-05,0.0,standard,128,128,128,2,299,3.0,mesuré ici,0.8360892388451443,0.3127138858291764,0.62201492099747
75e6bdca12b3c5d7,363684,Marketing_Campaign,835,ep640_200,200,512,128,640,1e-05,0.0,standard,256,256,256,0,299,3.0,mesuré ici,0.8413823272090988,0.3084423907778369,0.6154373247828072
75e6bdca12b3c5d7,363684,Marketing_Campaign,835,ep640_200,200,512,128,640,1e-05,0.0,standard,256,256,256,1,299,3.0,mesuré ici,0.8647856517935258,0.2920055606586601,0.6203990638202493
75e6bdca12b3c5d7,363684,Marketing_Campaign,835,ep640_200,200,512,128,640,1e-05,0.0,standard,256,256,256,2,299,3.0,mesuré ici,0.8555555555555556,0.29932157467806064,0.610630976489432
75e6bdca12b3c5d7,363684,Marketing_Campaign,835,ep640_200,200,512,128,640,1e-05,0.0,standard,512,512,512,0,299,3.0,mesuré ici,0.8831583552055994,0.28146161849820145,0.6434518849323771
75e6bdca12b3c5d7,363684,Marketing_Campaign,835,ep640_200,200,512,128,640,1e-05,0.0,standard,full,835,835,0,299,3.0,mesuré ici,0.8732720909886263,0.2819208043504228,0.6436722712584333
75e6bdca12b3c5d7,363613,Amazon_employee_access,12233,ep640_25,25,512,128,640,1e-05,0.0,standard,32,32,32,0,1024,4.8,mesuré ici,0.656274699218407,0.21877075594249062,0.9625377670650868
75e6bdca12b3c5d7,363613,Amazon_employee_access,12233,ep640_25,25,512,128,640,1e-05,0.0,standard,32,32,32,1,1024,4.4,mesuré ici,0.5600684991657152,0.22865967708824564,0.9558895899352938
75e6bdca12b3c5d7,363613,Amazon_employee_access,12233,ep640_25,25,512,128,640,1e-05,0.0,standard,32,32,32,2,1024,4.4,mesuré ici,0.3684376921050321,0.2403311810629536,0.9225452150666902
75e6bdca12b3c5d7,363613,Amazon_employee_access,12233,ep640_25,25,512,128,640,1e-05,0.0,standard,64,64,64,0,1024,4.4,mesuré ici,0.6406164924914377,0.2157863177629884,0.9580656901416207
75e6bdca12b3c5d7,363613,Amazon_employee_access,12233,ep640_25,25,512,128,640,1e-05,0.0,standard,64,64,64,1,1024,4.3,mesuré ici,0.4880214279441468,0.2343887388084041,0.9413539586064685
75e6bdca12b3c5d7,363613,Amazon_employee_access,12233,ep640_25,25,512,128,640,1e-05,0.0,standard,64,64,64,2,1024,4.3,mesuré ici,0.6598665144462984,0.21607319364745714,0.9686547631815166
75e6bdca12b3c5d7,363613,Amazon_employee_access,12233,ep640_25,25,512,128,640,1e-05,0.0,standard,128,128,128,0,1024,4.4,mesuré ici,0.5637217880038641,0.22286732109805169,0.9576660533301976
75e6bdca12b3c5d7,363613,Amazon_employee_access,12233,ep640_25,25,512,128,640,1e-05,0.0,standard,128,128,128,1,1024,4.4,mesuré ici,0.5416703258101344,0.2242300849748553,0.9576057241300461
75e6bdca12b3c5d7,363613,Amazon_employee_access,12233,ep640_25,25,512,128,640,1e-05,0.0,standard,128,128,128,2,1024,4.5,mesuré ici,0.49014665847018535,0.22224190176643216,0.9379559272859355
75e6bdca12b3c5d7,363613,Amazon_employee_access,12233,ep640_25,25,512,128,640,1e-05,0.0,standard,256,256,256,0,1024,4.3,mesuré ici,0.6937209098094319,0.205530240426208,0.9711015459086312
75e6bdca12b3c5d7,363613,Amazon_employee_access,12233,ep640_25,25,512,128,640,1e-05,0.0,standard,256,256,256,1,1024,4.4,mesuré ici,0.49836655835601995,0.22610293395509967,0.9419040218043999
75e6bdca12b3c5d7,363613,Amazon_employee_access,12233,ep640_25,25,512,128,640,1e-05,0.0,standard,256,256,256,2,1024,4.3,mesuré ici,0.616615438658119,0.2253527329568585,0.9591261400418177
75e6bdca12b3c5d7,363613,Amazon_employee_access,12233,ep640_25,25,512,128,640,1e-05,0.0,standard,512,512,512,0,1024,4.4,mesuré ici,0.5837446210591025,0.2308146016027379,0.959240449945578
75e6bdca12b3c5d7,363613,Amazon_employee_access,12233,ep640_25,25,512,128,640,1e-05,0.0,standard,1024,1024,1024,0,1024,4.4,mesuré ici,0.6112847984543779,0.21929058030281803,0.9600929591263522
75e6bdca12b3c5d7,363613,Amazon_employee_access,12233,ep640_25,25,512,128,640,1e-05,0.0,standard,2048,2048,2048,0,1024,5.5,mesuré ici,0.7246070079915694,0.19566417683412085,0.9717911948682737
75e6bdca12b3c5d7,363613,Amazon_employee_access,12233,ep640_25,25,512,128,640,1e-05,0.0,standard,full,12233,12233,0,1024,34.5,mesuré ici,0.8441819618863617,0.16692841323748475,0.9860331924483444
75e6bdca12b3c5d7,363613,Amazon_employee_access,12233,ep640_50,50,512,128,640,1e-05,0.0,standard,32,32,32,0,1024,4.7,mesuré ici,0.6594449811188198,0.2183057159229272,0.9629727860406873
75e6bdca12b3c5d7,363613,Amazon_employee_access,12233,ep640_50,50,512,128,640,1e-05,0.0,standard,32,32,32,1,1024,4.4,mesuré ici,0.5529024325985773,0.2283424543484191,0.9546738197984963
75e6bdca12b3c5d7,363613,Amazon_employee_access,12233,ep640_50,50,512,128,640,1e-05,0.0,standard,32,32,32,2,1024,4.3,mesuré ici,0.36546061297971366,0.2392760158072424,0.9192933301055393
75e6bdca12b3c5d7,363613,Amazon_employee_access,12233,ep640_50,50,512,128,640,1e-05,0.0,standard,64,64,64,0,1024,4.3,mesuré ici,0.6438482480021076,0.2155852448273049,0.9579604120769535
75e6bdca12b3c5d7,363613,Amazon_employee_access,12233,ep640_50,50,512,128,640,1e-05,0.0,standard,64,64,64,1,1024,4.3,mesuré ici,0.4749978045139194,0.23357776831074012,0.9401966606460772
75e6bdca12b3c5d7,363613,Amazon_employee_access,12233,ep640_50,50,512,128,640,1e-05,0.0,standard,64,64,64,2,1024,4.3,mesuré ici,0.6595942741723018,0.21595374477903928,0.9682189347753847
75e6bdca12b3c5d7,363613,Amazon_employee_access,12233,ep640_50,50,512,128,640,1e-05,0.0,standard,128,128,128,0,1024,4.4,mesuré ici,0.566171950469834,0.22243478868766436,0.9572409740093523
75e6bdca12b3c5d7,363613,Amazon_employee_access,12233,ep640_50,50,512,128,640,1e-05,0.0,standard,128,128,128,1,1024,4.4,mesuré ici,0.5485114604373409,0.22478540723384588,0.9579738633660166
75e6bdca12b3c5d7,363613,Amazon_employee_access,12233,ep640_50,50,512,128,640,1e-05,0.0,standard,128,128,128,2,1024,4.3,mesuré ici,0.4955914639501185,0.22160613869878748,0.938659877691401
75e6bdca12b3c5d7,363613,Amazon_employee_access,12233,ep640_50,50,512,128,640,1e-05,0.0,standard,256,256,256,0,1024,4.4,mesuré ici,0.6519627645560728,0.21231909643986102,0.9652373731188909
75e6bdca12b3c5d7,363613,Amazon_employee_access,12233,ep640_50,50,512,128,640,1e-05,0.0,standard,256,256,256,1,1024,4.4,mesuré ici,0.5117414595591464,0.22155887411575403,0.9440155470264893
75e6bdca12b3c5d7,363613,Amazon_employee_access,12233,ep640_50,50,512,128,640,1e-05,0.0,standard,256,256,256,2,1024,4.3,mesuré ici,0.6289540704311934,0.22264612634156378,0.9602893005672756
75e6bdca12b3c5d7,363613,Amazon_employee_access,12233,ep640_50,50,512,128,640,1e-05,0.0,standard,512,512,512,0,1024,4.4,mesuré ici,0.6082462457188021,0.2283995813566555,0.9608073609656904
75e6bdca12b3c5d7,363613,Amazon_employee_access,12233,ep640_50,50,512,128,640,1e-05,0.0,standard,1024,1024,1024,0,1024,4.4,mesuré ici,0.6176604900324931,0.21882424424184135,0.9629711191377565
75e6bdca12b3c5d7,363613,Amazon_employee_access,12233,ep640_50,50,512,128,640,1e-05,0.0,standard,2048,2048,2048,0,1024,5.5,mesuré ici,0.7224027399666286,0.1951851310994171,0.9732904744946012
75e6bdca12b3c5d7,363613,Amazon_employee_access,12233,ep640_50,50,512,128,640,1e-05,0.0,standard,full,12233,12233,0,1024,34.5,mesuré ici,0.8394836216738385,0.16929606134630723,0.9858642465633031
75e6bdca12b3c5d7,363613,Amazon_employee_access,12233,ep640_200,200,512,128,640,1e-05,0.0,standard,32,32,32,0,1024,4.7,mesuré ici,0.6573900061473611,0.22132598824500035,0.9621785696870636
75e6bdca12b3c5d7,363613,Amazon_employee_access,12233,ep640_200,200,512,128,640,1e-05,0.0,standard,32,32,32,1,1024,4.3,mesuré ici,0.540194959163959,0.2288100948844879,0.9532507671110018
75e6bdca12b3c5d7,363613,Amazon_employee_access,12233,ep640_200,200,512,128,640,1e-05,0.0,standard,32,32,32,2,1024,4.4,mesuré ici,0.3952138403442522,0.24032956540568864,0.92387701723684
75e6bdca12b3c5d7,363613,Amazon_employee_access,12233,ep640_200,200,512,128,640,1e-05,0.0,standard,64,64,64,0,1024,4.4,mesuré ici,0.6248792482655661,0.21532062370740704,0.9580053206440637
75e6bdca12b3c5d7,363613,Amazon_employee_access,12233,ep640_200,200,512,128,640,1e-05,0.0,standard,64,64,64,1,1024,4.3,mesuré ici,0.47436550452270143,0.23356873236110515,0.938495040099666
75e6bdca12b3c5d7,363613,Amazon_employee_access,12233,ep640_200,200,512,128,640,1e-05,0.0,standard,64,64,64,2,1024,4.4,mesuré ici,0.6669271976815667,0.2155143142371263,0.9681961613148811
75e6bdca12b3c5d7,363613,Amazon_employee_access,12233,ep640_200,200,512,128,640,1e-05,0.0,standard,128,128,128,0,1024,4.4,mesuré ici,0.5664881004654431,0.22303609548325246,0.9561123548414344
75e6bdca12b3c5d7,363613,Amazon_employee_access,12233,ep640_200,200,512,128,640,1e-05,0.0,standard,128,128,128,1,1024,4.4,mesuré ici,0.5600421533327479,0.22757114232206527,0.9575374817542399
75e6bdca12b3c5d7,363613,Amazon_employee_access,12233,ep640_200,200,512,128,640,1e-05,0.0,standard,128,128,128,2,1024,4.4,mesuré ici,0.5240273996662861,0.2213560096306667,0.942525744062171
75e6bdca12b3c5d7,363613,Amazon_employee_access,12233,ep640_200,200,512,128,640,1e-05,0.0,standard,256,256,256,0,1024,4.5,mesuré ici,0.655607271449899,0.21080013074655096,0.9637479302083074
75e6bdca12b3c5d7,363613,Amazon_employee_access,12233,ep640_200,200,512,128,640,1e-05,0.0,standard,256,256,256,1,1024,4.3,mesuré ici,0.5459822604724687,0.2179263847455841,0.9541486859056174
75e6bdca12b3c5d7,363613,Amazon_employee_access,12233,ep640_200,200,512,128,640,1e-05,0.0,standard,256,256,256,2,1024,4.4,mesuré ici,0.6328181259330815,0.22286981807346248,0.9627226625212699
75e6bdca12b3c5d7,363613,Amazon_employee_access,12233,ep640_200,200,512,128,640,1e-05,0.0,standard,512,512,512,0,1024,4.4,mesuré ici,0.6172126108720472,0.22163525545043355,0.9649119905108974
75e6bdca12b3c5d7,363613,Amazon_employee_access,12233,ep640_200,200,512,128,640,1e-05,0.0,standard,1024,1024,1024,0,1024,4.4,mesuré ici,0.6121454289979802,0.21711033751832634,0.9633104342818806
75e6bdca12b3c5d7,363613,Amazon_employee_access,12233,ep640_200,200,512,128,640,1e-05,0.0,standard,2048,2048,2048,0,1024,5.5,mesuré ici,0.7482392201633442,0.190131427462794,0.9757011375250646
75e6bdca12b3c5d7,363613,Amazon_employee_access,12233,ep640_200,200,512,128,640,1e-05,0.0,standard,full,12233,12233,0,1024,34.4,mesuré ici,0.8457275840871169,0.1670248311973217,0.9860588368843917
75e6bdca12b3c5d7,363618,bank-marketing,16878,ep640_25,25,512,128,640,1e-05,0.0,standard,32,32,32,0,1024,5.0,mesuré ici,0.6649290191740413,0.33624420874220484,0.29656783365391276
75e6bdca12b3c5d7,363618,bank-marketing,16878,ep640_25,25,512,128,640,1e-05,0.0,standard,32,32,32,1,1024,4.6,mesuré ici,0.48382651179940994,0.3664745348389946,0.1151813277588998
75e6bdca12b3c5d7,363618,bank-marketing,16878,ep640_25,25,512,128,640,1e-05,0.0,standard,32,32,32,2,1024,4.7,mesuré ici,0.6619469026548672,0.3501026073976877,0.19785234899699075
75e6bdca12b3c5d7,363618,bank-marketing,16878,ep640_25,25,512,128,640,1e-05,0.0,standard,64,64,64,0,1024,4.7,mesuré ici,0.6807660398230088,0.34478533016063434,0.20972330612158568
75e6bdca12b3c5d7,363618,bank-marketing,16878,ep640_25,25,512,128,640,1e-05,0.0,standard,64,64,64,1,1024,4.7,mesuré ici,0.6371773598820059,0.3500143344143012,0.18792493754885364
75e6bdca12b3c5d7,363618,bank-marketing,16878,ep640_25,25,512,128,640,1e-05,0.0,standard,64,64,64,2,1024,4.6,mesuré ici,0.6518206120943953,0.3470587861492699,0.2535446935855036
75e6bdca12b3c5d7,363618,bank-marketing,16878,ep640_25,25,512,128,640,1e-05,0.0,standard,128,128,128,0,1024,4.7,mesuré ici,0.7245114306784661,0.3320567128943983,0.2831014700690095
75e6bdca12b3c5d7,363618,bank-marketing,16878,ep640_25,25,512,128,640,1e-05,0.0,standard,128,128,128,1,1024,5.0,mesuré ici,0.6600525442477876,0.3482692266020015,0.20815061546060307
75e6bdca12b3c5d7,363618,bank-marketing,16878,ep640_25,25,512,128,640,1e-05,0.0,standard,128,128,128,2,1024,4.7,mesuré ici,0.7280374262536874,0.31845972460530414,0.3445458781155288
75e6bdca12b3c5d7,363618,bank-marketing,16878,ep640_25,25,512,128,640,1e-05,0.0,standard,256,256,256,0,1024,4.7,mesuré ici,0.7106932153392331,0.33758464439999003,0.23291268009032423
75e6bdca12b3c5d7,363618,bank-marketing,16878,ep640_25,25,512,128,640,1e-05,0.0,standard,256,256,256,1,1024,4.7,mesuré ici,0.75093104719764,0.3166408381021979,0.35516461449398085
75e6bdca12b3c5d7,363618,bank-marketing,16878,ep640_25,25,512,128,640,1e-05,0.0,standard,256,256,256,2,1024,4.8,mesuré ici,0.6936439896755162,0.3263669894971921,0.3407058989836967
75e6bdca12b3c5d7,363618,bank-marketing,16878,ep640_25,25,512,128,640,1e-05,0.0,standard,512,512,512,0,1024,4.8,mesuré ici,0.7400027654867256,0.3187320374636343,0.32977644387979543
75e6bdca12b3c5d7,363618,bank-marketing,16878,ep640_25,25,512,128,640,1e-05,0.0,standard,1024,1024,1024,0,1024,4.8,mesuré ici,0.7652700958702064,0.30645517612673134,0.39964308093844936
75e6bdca12b3c5d7,363618,bank-marketing,16878,ep640_25,25,512,128,640,1e-05,0.0,standard,2048,2048,2048,0,1024,5.9,mesuré ici,0.7715846238938053,0.3004523268038386,0.4127851508820207
75e6bdca12b3c5d7,363618,bank-marketing,16878,ep640_25,25,512,128,640,1e-05,0.0,standard,full,16878,16878,0,1024,59.4,mesuré ici,0.7899244100294986,0.2925197824522605,0.44111509042873964
75e6bdca12b3c5d7,363618,bank-marketing,16878,ep640_50,50,512,128,640,1e-05,0.0,standard,32,32,32,0,1024,5.0,mesuré ici,0.6677866887905605,0.3358661108062104,0.30139740266855714
75e6bdca12b3c5d7,363618,bank-marketing,16878,ep640_50,50,512,128,640,1e-05,0.0,standard,32,32,32,1,1024,4.7,mesuré ici,0.4806139380530974,0.3670696365184942,0.11426584028873166
75e6bdca12b3c5d7,363618,bank-marketing,16878,ep640_50,50,512,128,640,1e-05,0.0,standard,32,32,32,2,1024,4.6,mesuré ici,0.6626567109144543,0.3501512364923012,0.19863922906425757
75e6bdca12b3c5d7,363618,bank-marketing,16878,ep640_50,50,512,128,640,1e-05,0.0,standard,64,64,64,0,1024,4.6,mesuré ici,0.6849142699115045,0.3446006604447553,0.21083455395108347
75e6bdca12b3c5d7,363618,bank-marketing,16878,ep640_50,50,512,128,640,1e-05,0.0,standard,64,64,64,1,1024,4.6,mesuré ici,0.6377166297935104,0.35022603469379926,0.18727067172437734
75e6bdca12b3c5d7,363618,bank-marketing,16878,ep640_50,50,512,128,640,1e-05,0.0,standard,64,64,64,2,1024,4.6,mesuré ici,0.6537656710914455,0.3446341785338272,0.2567888150516079
75e6bdca12b3c5d7,363618,bank-marketing,16878,ep640_50,50,512,128,640,1e-05,0.0,standard,128,128,128,0,1024,4.7,mesuré ici,0.7264887536873157,0.3318537685465238,0.28908613895030794
75e6bdca12b3c5d7,363618,bank-marketing,16878,ep640_50,50,512,128,640,1e-05,0.0,standard,128,128,128,1,1024,4.7,mesuré ici,0.6573193215339233,0.3487569870950767,0.20704405858535527
75e6bdca12b3c5d7,363618,bank-marketing,16878,ep640_50,50,512,128,640,1e-05,0.0,standard,128,128,128,2,1024,4.6,mesuré ici,0.7292450221238937,0.31893871252664163,0.3410433892958686
75e6bdca12b3c5d7,363618,bank-marketing,16878,ep640_50,50,512,128,640,1e-05,0.0,standard,256,256,256,0,1024,4.7,mesuré ici,0.7136015855457227,0.33766318344602597,0.23844217687646063
75e6bdca12b3c5d7,363618,bank-marketing,16878,ep640_50,50,512,128,640,1e-05,0.0,standard,256,256,256,1,1024,4.7,mesuré ici,0.7524105825958701,0.31637964211070524,0.35907680654210056
75e6bdca12b3c5d7,363618,bank-marketing,16878,ep640_50,50,512,128,640,1e-05,0.0,standard,256,256,256,2,1024,4.6,mesuré ici,0.6936255530973451,0.32607004930156525,0.34598550050636795
75e6bdca12b3c5d7,363618,bank-marketing,16878,ep640_50,50,512,128,640,1e-05,0.0,standard,512,512,512,0,1024,4.7,mesuré ici,0.7407724926253687,0.3183498041584579,0.3299759080749497
75e6bdca12b3c5d7,363618,bank-marketing,16878,ep640_50,50,512,128,640,1e-05,0.0,standard,1024,1024,1024,0,1024,4.7,mesuré ici,0.7645741150442478,0.30765638031213643,0.40014601841781217
75e6bdca12b3c5d7,363618,bank-marketing,16878,ep640_50,50,512,128,640,1e-05,0.0,standard,2048,2048,2048,0,1024,5.9,mesuré ici,0.7701235250737463,0.30112316912708614,0.40909710330782406
75e6bdca12b3c5d7,363618,bank-marketing,16878,ep640_50,50,512,128,640,1e-05,0.0,standard,full,16878,16878,0,1024,59.3,mesuré ici,0.7884587020648967,0.2931278073101981,0.4417199964711606
75e6bdca12b3c5d7,363618,bank-marketing,16878,ep640_200,200,512,128,640,1e-05,0.0,standard,32,32,32,0,1024,4.9,mesuré ici,0.6758619100294985,0.332574625982344,0.3123616506029536
75e6bdca12b3c5d7,363618,bank-marketing,16878,ep640_200,200,512,128,640,1e-05,0.0,standard,32,32,32,1,1024,4.6,mesuré ici,0.48983683628318586,0.36747857973989206,0.11635051836309018
75e6bdca12b3c5d7,363618,bank-marketing,16878,ep640_200,200,512,128,640,1e-05,0.0,standard,32,32,32,2,1024,4.6,mesuré ici,0.6640993731563423,0.346263146207061,0.2065154376256841
75e6bdca12b3c5d7,363618,bank-marketing,16878,ep640_200,200,512,128,640,1e-05,0.0,standard,64,64,64,0,1024,4.6,mesuré ici,0.6986310840707965,0.3401305942726889,0.21726945630298444
75e6bdca12b3c5d7,363618,bank-marketing,16878,ep640_200,200,512,128,640,1e-05,0.0,standard,64,64,64,1,1024,4.6,mesuré ici,0.647584808259587,0.34823422228592643,0.19664760948592802
75e6bdca12b3c5d7,363618,bank-marketing,16878,ep640_200,200,512,128,640,1e-05,0.0,standard,64,64,64,2,1024,4.6,mesuré ici,0.6612324852507375,0.3472097752337158,0.2607549621177561
75e6bdca12b3c5d7,363618,bank-marketing,16878,ep640_200,200,512,128,640,1e-05,0.0,standard,128,128,128,0,1024,4.7,mesuré ici,0.7291897123893806,0.3259642432257642,0.3026668843953444
75e6bdca12b3c5d7,363618,bank-marketing,16878,ep640_200,200,512,128,640,1e-05,0.0,standard,128,128,128,1,1024,4.6,mesuré ici,0.6802221607669616,0.3436422260581838,0.2197492945332959
75e6bdca12b3c5d7,363618,bank-marketing,16878,ep640_200,200,512,128,640,1e-05,0.0,standard,128,128,128,2,1024,4.7,mesuré ici,0.7351723820058997,0.31361360672697103,0.3622012876246649
75e6bdca12b3c5d7,363618,bank-marketing,16878,ep640_200,200,512,128,640,1e-05,0.0,standard,256,256,256,0,1024,4.7,mesuré ici,0.7166574483775812,0.33399042720677063,0.24494145756978153
75e6bdca12b3c5d7,363618,bank-marketing,16878,ep640_200,200,512,128,640,1e-05,0.0,standard,256,256,256,1,1024,4.7,mesuré ici,0.7549824852507375,0.3128493937037743,0.3719112233619652
75e6bdca12b3c5d7,363618,bank-marketing,16878,ep640_200,200,512,128,640,1e-05,0.0,standard,256,256,256,2,1024,4.6,mesuré ici,0.7054756637168141,0.3224133945301012,0.3712699230417623
75e6bdca12b3c5d7,363618,bank-marketing,16878,ep640_200,200,512,128,640,1e-05,0.0,standard,512,512,512,0,1024,4.7,mesuré ici,0.7401963495575221,0.3166904973361487,0.3378997640578688
75e6bdca12b3c5d7,363618,bank-marketing,16878,ep640_200,200,512,128,640,1e-05,0.0,standard,1024,1024,1024,0,1024,4.7,mesuré ici,0.7654775073746314,0.30596840403365444,0.40584110171917365
75e6bdca12b3c5d7,363618,bank-marketing,16878,ep640_200,200,512,128,640,1e-05,0.0,standard,2048,2048,2048,0,1024,5.8,mesuré ici,0.7658001474926255,0.3010846551225136,0.4134176759462682
75e6bdca12b3c5d7,363618,bank-marketing,16878,ep640_200,200,512,128,640,1e-05,0.0,standard,full,16878,16878,0,1024,59.2,mesuré ici,0.7912656710914454,0.2930129602668446,0.4473953593515621
75e6bdca12b3c5d7,363624,coil2000_insurance_policies,3666,ep640_25,25,512,128,640,1e-05,0.0,standard,32,32,32,0,1024,5.1,mesuré ici,0.5006468855863677,0.2339009268981609,0.07058028189331766
75e6bdca12b3c5d7,363624,coil2000_insurance_policies,3666,ep640_25,25,512,128,640,1e-05,0.0,standard,32,32,32,1,1024,4.7,mesuré ici,0.6762422756753996,0.21939953502534454,0.12028491888156576
75e6bdca12b3c5d7,363624,coil2000_insurance_policies,3666,ep640_25,25,512,128,640,1e-05,0.0,standard,32,32,32,2,1024,4.7,mesuré ici,0.6319561479665662,0.2306007991309718,0.1098445944966281
75e6bdca12b3c5d7,363624,coil2000_insurance_policies,3666,ep640_25,25,512,128,640,1e-05,0.0,standard,64,64,64,0,1024,4.6,mesuré ici,0.6437192516555164,0.21912540617066223,0.1226295400643039
75e6bdca12b3c5d7,363624,coil2000_insurance_policies,3666,ep640_25,25,512,128,640,1e-05,0.0,standard,64,64,64,1,1024,4.7,mesuré ici,0.6092385475716255,0.22605304771206947,0.08800377888634586
75e6bdca12b3c5d7,363624,coil2000_insurance_policies,3666,ep640_25,25,512,128,640,1e-05,0.0,standard,64,64,64,2,1024,4.7,mesuré ici,0.6710331443746489,0.21741171657386385,0.11586719617321882
75e6bdca12b3c5d7,363624,coil2000_insurance_policies,3666,ep640_25,25,512,128,640,1e-05,0.0,standard,128,128,128,0,1024,5.2,mesuré ici,0.6902013856970193,0.21612238046359145,0.12282314241511902
75e6bdca12b3c5d7,363624,coil2000_insurance_policies,3666,ep640_25,25,512,128,640,1e-05,0.0,standard,128,128,128,1,1024,5.8,mesuré ici,0.7255077200687742,0.21431785142683393,0.13651403178849755
75e6bdca12b3c5d7,363624,coil2000_insurance_policies,3666,ep640_25,25,512,128,640,1e-05,0.0,standard,128,128,128,2,1024,5.3,mesuré ici,0.6902439439592802,0.2157800944722122,0.14781438298872257
75e6bdca12b3c5d7,363624,coil2000_insurance_policies,3666,ep640_25,25,512,128,640,1e-05,0.0,standard,256,256,256,0,1024,5.2,mesuré ici,0.6852050457075736,0.21524494633527091,0.14047790093902496
75e6bdca12b3c5d7,363624,coil2000_insurance_policies,3666,ep640_25,25,512,128,640,1e-05,0.0,standard,256,256,256,1,1024,5.3,mesuré ici,0.7042371005907087,0.21279457955202954,0.13099985971078243
75e6bdca12b3c5d7,363624,coil2000_insurance_policies,3666,ep640_25,25,512,128,640,1e-05,0.0,standard,256,256,256,2,1024,5.2,mesuré ici,0.7120763324991914,0.21216389496756846,0.1270088628249999
75e6bdca12b3c5d7,363624,coil2000_insurance_policies,3666,ep640_25,25,512,128,640,1e-05,0.0,standard,512,512,512,0,1024,5.2,mesuré ici,0.7346577464548967,0.21313881234660892,0.145644573682112
75e6bdca12b3c5d7,363624,coil2000_insurance_policies,3666,ep640_25,25,512,128,640,1e-05,0.0,standard,1024,1024,1024,0,1024,6.4,mesuré ici,0.7951585720851846,0.20335484979111862,0.19375837332020932
75e6bdca12b3c5d7,363624,coil2000_insurance_policies,3666,ep640_25,25,512,128,640,1e-05,0.0,standard,2048,2048,2048,0,1024,10.8,mesuré ici,0.7780671739611529,0.20431769047278048,0.1606533524685168
75e6bdca12b3c5d7,363624,coil2000_insurance_policies,3666,ep640_25,25,512,128,640,1e-05,0.0,standard,full,3666,3666,0,1024,16.8,mesuré ici,0.7952947585244199,0.19739894071376823,0.1943081984421402
75e6bdca12b3c5d7,363624,coil2000_insurance_policies,3666,ep640_50,50,512,128,640,1e-05,0.0,standard,32,32,32,0,1024,5.1,mesuré ici,0.49651873414704734,0.23305928627794553,0.06902914895618409
75e6bdca12b3c5d7,363624,coil2000_insurance_policies,3666,ep640_50,50,512,128,640,1e-05,0.0,standard,32,32,32,1,1024,4.7,mesuré ici,0.679834193010231,0.21910611005186836,0.12150571607260782
75e6bdca12b3c5d7,363624,coil2000_insurance_policies,3666,ep640_50,50,512,128,640,1e-05,0.0,standard,32,32,32,2,1024,4.7,mesuré ici,0.6339138280305738,0.22967968493843222,0.10993948629700989
75e6bdca12b3c5d7,363624,coil2000_insurance_policies,3666,ep640_50,50,512,128,640,1e-05,0.0,standard,64,64,64,0,1024,4.7,mesuré ici,0.6461450726043954,0.21866288473411088,0.12133249959698975
75e6bdca12b3c5d7,363624,coil2000_insurance_policies,3666,ep640_50,50,512,128,640,1e-05,0.0,standard,64,64,64,1,1024,4.7,mesuré ici,0.6140561428595748,0.22487694730156912,0.09003316456024041
75e6bdca12b3c5d7,363624,coil2000_insurance_policies,3666,ep640_50,50,512,128,640,1e-05,0.0,standard,64,64,64,2,1024,4.7,mesuré ici,0.6833580171254447,0.21651764252954753,0.12264655147251825
75e6bdca12b3c5d7,363624,coil2000_insurance_policies,3666,ep640_50,50,512,128,640,1e-05,0.0,standard,128,128,128,0,1024,5.2,mesuré ici,0.7027390497591203,0.21492926536954476,0.12649553885573883
75e6bdca12b3c5d7,363624,coil2000_insurance_policies,3666,ep640_50,50,512,128,640,1e-05,0.0,standard,128,128,128,1,1024,5.3,mesuré ici,0.7501489539179136,0.21091661123664868,0.14975142992011006
75e6bdca12b3c5d7,363624,coil2000_insurance_policies,3666,ep640_50,50,512,128,640,1e-05,0.0,standard,128,128,128,2,1024,5.2,mesuré ici,0.7172088589278722,0.21376312645778583,0.15763718664826762
75e6bdca12b3c5d7,363624,coil2000_insurance_policies,3666,ep640_50,50,512,128,640,1e-05,0.0,standard,256,256,256,0,1024,5.2,mesuré ici,0.6899715710808096,0.21452867236090653,0.13814697434043477
75e6bdca12b3c5d7,363624,coil2000_insurance_policies,3666,ep640_50,50,512,128,640,1e-05,0.0,standard,256,256,256,1,1024,5.3,mesuré ici,0.7306232231925506,0.21018968170924138,0.13943030912639234
75e6bdca12b3c5d7,363624,coil2000_insurance_policies,3666,ep640_50,50,512,128,640,1e-05,0.0,standard,256,256,256,2,1024,5.1,mesuré ici,0.7233372486934614,0.21023219051044817,0.13729879774116624
75e6bdca12b3c5d7,363624,coil2000_insurance_policies,3666,ep640_50,50,512,128,640,1e-05,0.0,standard,512,512,512,0,1024,5.2,mesuré ici,0.7348279795039409,0.2116405772162797,0.14754041821758254
75e6bdca12b3c5d7,363624,coil2000_insurance_policies,3666,ep640_50,50,512,128,640,1e-05,0.0,standard,1024,1024,1024,0,1024,6.3,mesuré ici,0.7938903358698057,0.20385696783001336,0.20820040758335084
75e6bdca12b3c5d7,363624,coil2000_insurance_policies,3666,ep640_50,50,512,128,640,1e-05,0.0,standard,2048,2048,2048,0,1024,10.7,mesuré ici,0.7724324600377918,0.2062184297378948,0.15788269282755502
75e6bdca12b3c5d7,363624,coil2000_insurance_policies,3666,ep640_50,50,512,128,640,1e-05,0.0,standard,full,3666,3666,0,1024,16.7,mesuré ici,0.790247348620261,0.19938703034828958,0.18598954507116403
75e6bdca12b3c5d7,363624,coil2000_insurance_policies,3666,ep640_200,200,512,128,640,1e-05,0.0,standard,32,32,32,0,1024,5.1,mesuré ici,0.4771632364707284,0.234460190970049,0.0648446334389877
75e6bdca12b3c5d7,363624,coil2000_insurance_policies,3666,ep640_200,200,512,128,640,1e-05,0.0,standard,32,32,32,1,1024,4.7,mesuré ici,0.6968064279999319,0.2148664779313508,0.12741225926258487
75e6bdca12b3c5d7,363624,coil2000_insurance_policies,3666,ep640_200,200,512,128,640,1e-05,0.0,standard,32,32,32,2,1024,4.6,mesuré ici,0.6504349454403078,0.22636840343848733,0.1107518018982961
75e6bdca12b3c5d7,363624,coil2000_insurance_policies,3666,ep640_200,200,512,128,640,1e-05,0.0,standard,64,64,64,0,1024,4.7,mesuré ici,0.6924739969017586,0.21348910273119104,0.1366580576298123
75e6bdca12b3c5d7,363624,coil2000_insurance_policies,3666,ep640_200,200,512,128,640,1e-05,0.0,standard,64,64,64,1,1024,4.7,mesuré ici,0.6425191086597551,0.2226182954866724,0.1022216774541632
75e6bdca12b3c5d7,363624,coil2000_insurance_policies,3666,ep640_200,200,512,128,640,1e-05,0.0,standard,64,64,64,2,1024,4.7,mesuré ici,0.7154043886080044,0.20930347980065075,0.17853637556859292
75e6bdca12b3c5d7,363624,coil2000_insurance_policies,3666,ep640_200,200,512,128,640,1e-05,0.0,standard,128,128,128,0,1024,5.1,mesuré ici,0.7138893144715115,0.20978960752630169,0.14341398762684557
75e6bdca12b3c5d7,363624,coil2000_insurance_policies,3666,ep640_200,200,512,128,640,1e-05,0.0,standard,128,128,128,1,1024,5.4,mesuré ici,0.77153873653031,0.20298178213902138,0.16535536123444344
75e6bdca12b3c5d7,363624,coil2000_insurance_policies,3666,ep640_200,200,512,128,640,1e-05,0.0,standard,128,128,128,2,1024,5.2,mesuré ici,0.7521321689392778,0.20558672183963006,0.1536085212891682
75e6bdca12b3c5d7,363624,coil2000_insurance_policies,3666,ep640_200,200,512,128,640,1e-05,0.0,standard,256,256,256,0,1024,5.3,mesuré ici,0.7012495105799841,0.21140465692078203,0.1543377640442378
75e6bdca12b3c5d7,363624,coil2000_insurance_policies,3666,ep640_200,200,512,128,640,1e-05,0.0,standard,256,256,256,1,1024,5.4,mesuré ici,0.7619461042166726,0.20145647023383154,0.1704598498918968
75e6bdca12b3c5d7,363624,coil2000_insurance_policies,3666,ep640_200,200,512,128,640,1e-05,0.0,standard,256,256,256,2,1024,5.2,mesuré ici,0.7642868086410296,0.20130693675733882,0.1793442032144753
75e6bdca12b3c5d7,363624,coil2000_insurance_policies,3666,ep640_200,200,512,128,640,1e-05,0.0,standard,512,512,512,0,1024,5.3,mesuré ici,0.7481912738539059,0.20638429081030574,0.14946953434652083
75e6bdca12b3c5d7,363624,coil2000_insurance_policies,3666,ep640_200,200,512,128,640,1e-05,0.0,standard,1024,1024,1024,0,1024,6.3,mesuré ici,0.7939073591747101,0.19746070466780774,0.19216450162138018
75e6bdca12b3c5d7,363624,coil2000_insurance_policies,3666,ep640_200,200,512,128,640,1e-05,0.0,standard,2048,2048,2048,0,1024,10.7,mesuré ici,0.7751647004749502,0.20190834938693342,0.16218858966587382
75e6bdca12b3c5d7,363624,coil2000_insurance_policies,3666,ep640_200,200,512,128,640,1e-05,0.0,standard,full,3666,3666,0,1024,16.7,mesuré ici,0.7921369354646512,0.19615309733052233,0.19931829124812125
75e6bdca12b3c5d7,363627,credit_card_clients_default,11200,ep640_25,25,512,128,640,1e-05,0.0,standard,32,32,32,0,1024,5.2,mesuré ici,0.6881947169727889,0.5074326636381714,0.4248722013111245
75e6bdca12b3c5d7,363627,credit_card_clients_default,11200,ep640_25,25,512,128,640,1e-05,0.0,standard,32,32,32,1,1024,4.7,mesuré ici,0.694136602568,0.4881529843027861,0.44136354781604226
75e6bdca12b3c5d7,363627,credit_card_clients_default,11200,ep640_25,25,512,128,640,1e-05,0.0,standard,32,32,32,2,1024,4.7,mesuré ici,0.5118644255163913,0.5321030994930482,0.22880172826410317
75e6bdca12b3c5d7,363627,credit_card_clients_default,11200,ep640_25,25,512,128,640,1e-05,0.0,standard,64,64,64,0,1024,4.6,mesuré ici,0.6828912386205982,0.48747275643743976,0.44707381001490726
75e6bdca12b3c5d7,363627,credit_card_clients_default,11200,ep640_25,25,512,128,640,1e-05,0.0,standard,64,64,64,1,1024,4.7,mesuré ici,0.6592950436383134,0.5090085865722531,0.37017074230183333
75e6bdca12b3c5d7,363627,credit_card_clients_default,11200,ep640_25,25,512,128,640,1e-05,0.0,standard,64,64,64,2,1024,4.6,mesuré ici,0.6799672781742105,0.5055900777172408,0.4032853200699802
75e6bdca12b3c5d7,363627,credit_card_clients_default,11200,ep640_25,25,512,128,640,1e-05,0.0,standard,128,128,128,0,1024,4.8,mesuré ici,0.6904139421509072,0.46686314302112997,0.46695957108148556
75e6bdca12b3c5d7,363627,credit_card_clients_default,11200,ep640_25,25,512,128,640,1e-05,0.0,standard,128,128,128,1,1024,5.0,mesuré ici,0.7145490523383393,0.45981784562987593,0.4977246294491359
75e6bdca12b3c5d7,363627,credit_card_clients_default,11200,ep640_25,25,512,128,640,1e-05,0.0,standard,128,128,128,2,1024,4.8,mesuré ici,0.7235060994146552,0.46791997149975256,0.5401269091868732
75e6bdca12b3c5d7,363627,credit_card_clients_default,11200,ep640_25,25,512,128,640,1e-05,0.0,standard,256,256,256,0,1024,4.7,mesuré ici,0.7359039128007561,0.4546376064761204,0.5090342295899574
75e6bdca12b3c5d7,363627,credit_card_clients_default,11200,ep640_25,25,512,128,640,1e-05,0.0,standard,256,256,256,1,1024,4.7,mesuré ici,0.7321508520387576,0.4501608894686332,0.5219796323595165
75e6bdca12b3c5d7,363627,credit_card_clients_default,11200,ep640_25,25,512,128,640,1e-05,0.0,standard,256,256,256,2,1024,4.7,mesuré ici,0.7274001072303075,0.4571519345930512,0.5063142909552985
75e6bdca12b3c5d7,363627,credit_card_clients_default,11200,ep640_25,25,512,128,640,1e-05,0.0,standard,512,512,512,0,1024,4.7,mesuré ici,0.725144954371846,0.45068414954433283,0.5298330099396552
75e6bdca12b3c5d7,363627,credit_card_clients_default,11200,ep640_25,25,512,128,640,1e-05,0.0,standard,1024,1024,1024,0,1024,4.9,mesuré ici,0.7481635428009219,0.43934988337602265,0.5578954443320551
75e6bdca12b3c5d7,363627,credit_card_clients_default,11200,ep640_25,25,512,128,640,1e-05,0.0,standard,2048,2048,2048,0,1024,6.4,mesuré ici,0.752682139521001,0.43952171216143887,0.5391354483423142
75e6bdca12b3c5d7,363627,credit_card_clients_default,11200,ep640_25,25,512,128,640,1e-05,0.0,standard,full,11200,11200,0,1024,34.4,mesuré ici,0.7518972578888895,0.4382410035945534,0.5502423469337085
75e6bdca12b3c5d7,363627,credit_card_clients_default,11200,ep640_50,50,512,128,640,1e-05,0.0,standard,32,32,32,0,1024,5.0,mesuré ici,0.6898916089520725,0.5051021906796158,0.42939148867012156
75e6bdca12b3c5d7,363627,credit_card_clients_default,11200,ep640_50,50,512,128,640,1e-05,0.0,standard,32,32,32,1,1024,4.7,mesuré ici,0.6919118500544441,0.4884925794267313,0.44202589834393247
75e6bdca12b3c5d7,363627,credit_card_clients_default,11200,ep640_50,50,512,128,640,1e-05,0.0,standard,32,32,32,2,1024,4.7,mesuré ici,0.5200421182960331,0.5308962657476195,0.2335440330897136
75e6bdca12b3c5d7,363627,credit_card_clients_default,11200,ep640_50,50,512,128,640,1e-05,0.0,standard,64,64,64,0,1024,4.7,mesuré ici,0.6974834041753493,0.47725986990763847,0.4689327093437917
75e6bdca12b3c5d7,363627,credit_card_clients_default,11200,ep640_50,50,512,128,640,1e-05,0.0,standard,64,64,64,1,1024,4.7,mesuré ici,0.67127554319889,0.5057266857365229,0.3866312488278074
75e6bdca12b3c5d7,363627,credit_card_clients_default,11200,ep640_50,50,512,128,640,1e-05,0.0,standard,64,64,64,2,1024,4.7,mesuré ici,0.688780614529154,0.5035661026429279,0.4221096387569839
75e6bdca12b3c5d7,363627,credit_card_clients_default,11200,ep640_50,50,512,128,640,1e-05,0.0,standard,128,128,128,0,1024,4.8,mesuré ici,0.7003272182578943,0.46436292813938895,0.4712133168584736
75e6bdca12b3c5d7,363627,credit_card_clients_default,11200,ep640_50,50,512,128,640,1e-05,0.0,standard,128,128,128,1,1024,4.7,mesuré ici,0.7156600467612577,0.4605390676390124,0.49684211968006997
75e6bdca12b3c5d7,363627,credit_card_clients_default,11200,ep640_50,50,512,128,640,1e-05,0.0,standard,128,128,128,2,1024,4.7,mesuré ici,0.7289726341622496,0.4681597561461869,0.5426061284798015
75e6bdca12b3c5d7,363627,credit_card_clients_default,11200,ep640_50,50,512,128,640,1e-05,0.0,standard,256,256,256,0,1024,4.7,mesuré ici,0.7358790397912878,0.45400693360682626,0.5057491466353494
75e6bdca12b3c5d7,363627,credit_card_clients_default,11200,ep640_50,50,512,128,640,1e-05,0.0,standard,256,256,256,1,1024,4.7,mesuré ici,0.7336653419486068,0.4520233822699749,0.5244558527947678
75e6bdca12b3c5d7,363627,credit_card_clients_default,11200,ep640_50,50,512,128,640,1e-05,0.0,standard,256,256,256,2,1024,4.7,mesuré ici,0.7328694056456204,0.45476259214732634,0.5102399916689007
75e6bdca12b3c5d7,363627,credit_card_clients_default,11200,ep640_50,50,512,128,640,1e-05,0.0,standard,512,512,512,0,1024,4.7,mesuré ici,0.7333171198160503,0.4507167515559224,0.5307197148352597
75e6bdca12b3c5d7,363627,credit_card_clients_default,11200,ep640_50,50,512,128,640,1e-05,0.0,standard,1024,1024,1024,0,1024,4.9,mesuré ici,0.7474145888491535,0.44022087868496984,0.5560140887994077
75e6bdca12b3c5d7,363627,credit_card_clients_default,11200,ep640_50,50,512,128,640,1e-05,0.0,standard,2048,2048,2048,0,1024,6.3,mesuré ici,0.750051127852796,0.4437193971494007,0.5375110754800224
75e6bdca12b3c5d7,363627,credit_card_clients_default,11200,ep640_50,50,512,128,640,1e-05,0.0,standard,full,11200,11200,0,1024,34.3,mesuré ici,0.7516540551296437,0.43936313898998514,0.5483001073132567
75e6bdca12b3c5d7,363627,credit_card_clients_default,11200,ep640_200,200,512,128,640,1e-05,0.0,standard,32,32,32,0,1024,5.0,mesuré ici,0.713006925751303,0.4959695102381719,0.4673841339732169
75e6bdca12b3c5d7,363627,credit_card_clients_default,11200,ep640_200,200,512,128,640,1e-05,0.0,standard,32,32,32,1,1024,4.7,mesuré ici,0.6952254876491689,0.48587041678838055,0.4484820970636896
75e6bdca12b3c5d7,363627,credit_card_clients_default,11200,ep640_200,200,512,128,640,1e-05,0.0,standard,32,32,32,2,1024,4.7,mesuré ici,0.5424609908301505,0.5285130382127143,0.24757152793903803
75e6bdca12b3c5d7,363627,credit_card_clients_default,11200,ep640_200,200,512,128,640,1e-05,0.0,standard,64,64,64,0,1024,4.7,mesuré ici,0.7097375068400777,0.4761964863247188,0.48138744879033124
75e6bdca12b3c5d7,363627,credit_card_clients_default,11200,ep640_200,200,512,128,640,1e-05,0.0,standard,64,64,64,1,1024,4.6,mesuré ici,0.6782151128405529,0.4995372946330965,0.39038974379312363
75e6bdca12b3c5d7,363627,credit_card_clients_default,11200,ep640_200,200,512,128,640,1e-05,0.0,standard,64,64,64,2,1024,4.7,mesuré ici,0.7080433785285127,0.49423172239637325,0.43438713046815425
75e6bdca12b3c5d7,363627,credit_card_clients_default,11200,ep640_200,200,512,128,640,1e-05,0.0,standard,128,128,128,0,1024,4.7,mesuré ici,0.7121308430844742,0.4594780453070454,0.4851204723451661
75e6bdca12b3c5d7,363627,credit_card_clients_default,11200,ep640_200,200,512,128,640,1e-05,0.0,standard,128,128,128,1,1024,4.7,mesuré ici,0.719156086425417,0.4665985288750439,0.4953815239497431
75e6bdca12b3c5d7,363627,credit_card_clients_default,11200,ep640_200,200,512,128,640,1e-05,0.0,standard,128,128,128,2,1024,4.7,mesuré ici,0.7335879592524832,0.47596036632311994,0.5365755348917183
75e6bdca12b3c5d7,363627,credit_card_clients_default,11200,ep640_200,200,512,128,640,1e-05,0.0,standard,256,256,256,0,1024,4.7,mesuré ici,0.7402235254450886,0.449993705759437,0.510103532349026
75e6bdca12b3c5d7,363627,credit_card_clients_default,11200,ep640_200,200,512,128,640,1e-05,0.0,standard,256,256,256,1,1024,5.1,mesuré ici,0.7330518077150547,0.4636522255223403,0.5304763664753469
75e6bdca12b3c5d7,363627,credit_card_clients_default,11200,ep640_200,200,512,128,640,1e-05,0.0,standard,256,256,256,2,1024,5.2,mesuré ici,0.742768863414014,0.4501149534734362,0.5140809288859834
75e6bdca12b3c5d7,363627,credit_card_clients_default,11200,ep640_200,200,512,128,640,1e-05,0.0,standard,512,512,512,0,1024,5.3,mesuré ici,0.7444187730420797,0.45014368859717424,0.5383699318639806
75e6bdca12b3c5d7,363627,credit_card_clients_default,11200,ep640_200,200,512,128,640,1e-05,0.0,standard,1024,1024,1024,0,1024,5.3,mesuré ici,0.7451235083103488,0.44422072873661345,0.5450944446392426
75e6bdca12b3c5d7,363627,credit_card_clients_default,11200,ep640_200,200,512,128,640,1e-05,0.0,standard,2048,2048,2048,0,1024,6.5,mesuré ici,0.7505624063807561,0.445323116010367,0.5358081820275704
75e6bdca12b3c5d7,363627,credit_card_clients_default,11200,ep640_200,200,512,128,640,1e-05,0.0,standard,full,11200,11200,0,1024,34.2,mesuré ici,0.751435725379866,0.4403621883290002,0.546391414005707
75e6bdca12b3c5d7,363632,E-CommereShippingData,4105,ep640_25,25,512,128,640,1e-05,0.0,standard,32,32,32,0,1024,4.8,mesuré ici,0.7110658904744732,0.6176957033802642,0.7980439244681671
75e6bdca12b3c5d7,363632,E-CommereShippingData,4105,ep640_25,25,512,128,640,1e-05,0.0,standard,32,32,32,1,1024,4.5,mesuré ici,0.7420376233935556,0.5752528560395964,0.8493312574716091
75e6bdca12b3c5d7,363632,E-CommereShippingData,4105,ep640_25,25,512,128,640,1e-05,0.0,standard,32,32,32,2,1024,4.5,mesuré ici,0.7276247012994218,0.6249927292855102,0.8366554308079933
75e6bdca12b3c5d7,363632,E-CommereShippingData,4105,ep640_25,25,512,128,640,1e-05,0.0,standard,64,64,64,0,1024,4.4,mesuré ici,0.7389386668146135,0.531953582612958,0.8512465821887342
75e6bdca12b3c5d7,363632,E-CommereShippingData,4105,ep640_25,25,512,128,640,1e-05,0.0,standard,64,64,64,1,1024,4.5,mesuré ici,0.7069484788561601,0.6041116076575246,0.8238781665176469
75e6bdca12b3c5d7,363632,E-CommereShippingData,4105,ep640_25,25,512,128,640,1e-05,0.0,standard,64,64,64,2,1024,4.5,mesuré ici,0.7297527571598975,0.5811603267881278,0.8434073162973811
75e6bdca12b3c5d7,363632,E-CommereShippingData,4105,ep640_25,25,512,128,640,1e-05,0.0,standard,128,128,128,0,1024,4.6,mesuré ici,0.7332737583368669,0.5277970475188024,0.848232644519884
75e6bdca12b3c5d7,363632,E-CommereShippingData,4105,ep640_25,25,512,128,640,1e-05,0.0,standard,128,128,128,1,1024,4.7,mesuré ici,0.7400145833250774,0.5052177048779296,0.854927414603884
75e6bdca12b3c5d7,363632,E-CommereShippingData,4105,ep640_25,25,512,128,640,1e-05,0.0,standard,128,128,128,2,1024,4.7,mesuré ici,0.7339831102903587,0.5185924083244875,0.8509836336644792
75e6bdca12b3c5d7,363632,E-CommereShippingData,4105,ep640_25,25,512,128,640,1e-05,0.0,standard,256,256,256,0,1024,4.5,mesuré ici,0.7319204416211269,0.5009550783330913,0.8517593186823313
75e6bdca12b3c5d7,363632,E-CommereShippingData,4105,ep640_25,25,512,128,640,1e-05,0.0,standard,256,256,256,1,1024,4.5,mesuré ici,0.7516297262059974,0.5098877372490556,0.859451701471186
75e6bdca12b3c5d7,363632,E-CommereShippingData,4105,ep640_25,25,512,128,640,1e-05,0.0,standard,256,256,256,2,1024,4.5,mesuré ici,0.7490835886075697,0.49734684476176466,0.8560609085568781
75e6bdca12b3c5d7,363632,E-CommereShippingData,4105,ep640_25,25,512,128,640,1e-05,0.0,standard,512,512,512,0,1024,4.5,mesuré ici,0.7507321383989253,0.49414217323520004,0.8567736850039431
75e6bdca12b3c5d7,363632,E-CommereShippingData,4105,ep640_25,25,512,128,640,1e-05,0.0,standard,1024,1024,1024,0,1024,4.6,mesuré ici,0.7349084381179585,0.4942687180984233,0.8509227962192545
75e6bdca12b3c5d7,363632,E-CommereShippingData,4105,ep640_25,25,512,128,640,1e-05,0.0,standard,2048,2048,2048,0,1024,5.6,mesuré ici,0.7397728488604796,0.4932824104571212,0.8534750353352651
75e6bdca12b3c5d7,363632,E-CommereShippingData,4105,ep640_25,25,512,128,640,1e-05,0.0,standard,full,4105,4105,0,1024,9.4,mesuré ici,0.7453208529660027,0.49087391755326076,0.858957091643588
75e6bdca12b3c5d7,363632,E-CommereShippingData,4105,ep640_50,50,512,128,640,1e-05,0.0,standard,32,32,32,0,1024,4.8,mesuré ici,0.7111233519455662,0.6236358949018324,0.7968418144341984
75e6bdca12b3c5d7,363632,E-CommereShippingData,4105,ep640_50,50,512,128,640,1e-05,0.0,standard,32,32,32,1,1024,4.4,mesuré ici,0.7387306166606563,0.5900813216973864,0.8473762415184979
75e6bdca12b3c5d7,363632,E-CommereShippingData,4105,ep640_50,50,512,128,640,1e-05,0.0,standard,32,32,32,2,1024,4.5,mesuré ici,0.72688959075544,0.6387879472943061,0.835653221827008
75e6bdca12b3c5d7,363632,E-CommereShippingData,4105,ep640_50,50,512,128,640,1e-05,0.0,standard,64,64,64,0,1024,4.5,mesuré ici,0.732653570735071,0.5429783952892809,0.8467221468195834
75e6bdca12b3c5d7,363632,E-CommereShippingData,4105,ep640_50,50,512,128,640,1e-05,0.0,standard,64,64,64,1,1024,4.5,mesuré ici,0.7013707533000717,0.62499983373253,0.822748824954312
75e6bdca12b3c5d7,363632,E-CommereShippingData,4105,ep640_50,50,512,128,640,1e-05,0.0,standard,64,64,64,2,1024,4.5,mesuré ici,0.7322236004168929,0.5939538241137308,0.8445941628649275
75e6bdca12b3c5d7,363632,E-CommereShippingData,4105,ep640_50,50,512,128,640,1e-05,0.0,standard,128,128,128,0,1024,4.5,mesuré ici,0.7420693262741587,0.5218712227931557,0.8537321716513868
75e6bdca12b3c5d7,363632,E-CommereShippingData,4105,ep640_50,50,512,128,640,1e-05,0.0,standard,128,128,128,1,1024,4.5,mesuré ici,0.7409141525621872,0.5063749452365975,0.8550680871383903
75e6bdca12b3c5d7,363632,E-CommereShippingData,4105,ep640_50,50,512,128,640,1e-05,0.0,standard,128,128,128,2,1024,4.5,mesuré ici,0.7399135303931553,0.5167086845693649,0.8532838880171906
75e6bdca12b3c5d7,363632,E-CommereShippingData,4105,ep640_50,50,512,128,640,1e-05,0.0,standard,256,256,256,0,1024,4.5,mesuré ici,0.7402464106394866,0.5010880220170074,0.8549784269966121
75e6bdca12b3c5d7,363632,E-CommereShippingData,4105,ep640_50,50,512,128,640,1e-05,0.0,standard,256,256,256,1,1024,4.5,mesuré ici,0.748512936756716,0.503168301231893,0.8589919866574469
75e6bdca12b3c5d7,363632,E-CommereShippingData,4105,ep640_50,50,512,128,640,1e-05,0.0,standard,256,256,256,2,1024,4.5,mesuré ici,0.760881023051957,0.49610324551570706,0.8600870682861815
75e6bdca12b3c5d7,363632,E-CommereShippingData,4105,ep640_50,50,512,128,640,1e-05,0.0,standard,512,512,512,0,1024,4.5,mesuré ici,0.7514355460623041,0.4935218991359177,0.8572990239876055
75e6bdca12b3c5d7,363632,E-CommereShippingData,4105,ep640_50,50,512,128,640,1e-05,0.0,standard,1024,1024,1024,0,1024,4.6,mesuré ici,0.7554776633391852,0.4929005282133953,0.8562779891242169
75e6bdca12b3c5d7,363632,E-CommereShippingData,4105,ep640_50,50,512,128,640,1e-05,0.0,standard,2048,2048,2048,0,1024,5.6,mesuré ici,0.7544770411701534,0.4932903835372838,0.8586882457669881
75e6bdca12b3c5d7,363632,E-CommereShippingData,4105,ep640_50,50,512,128,640,1e-05,0.0,standard,full,4105,4105,0,1024,9.3,mesuré ici,0.7409636883131293,0.49113541118407367,0.8542950004639073
75e6bdca12b3c5d7,363632,E-CommereShippingData,4105,ep640_200,200,512,128,640,1e-05,0.0,standard,32,32,32,0,1024,4.8,mesuré ici,0.7106339387262576,0.6300370082240474,0.7933904509694664
75e6bdca12b3c5d7,363632,E-CommereShippingData,4105,ep640_200,200,512,128,640,1e-05,0.0,standard,32,32,32,1,1024,4.5,mesuré ici,0.7376229972695895,0.5947616939163354,0.8476183883393982
75e6bdca12b3c5d7,363632,E-CommereShippingData,4105,ep640_200,200,512,128,640,1e-05,0.0,standard,32,32,32,2,1024,4.6,mesuré ici,0.7283558489833283,0.6427141261625211,0.835820850854574
75e6bdca12b3c5d7,363632,E-CommereShippingData,4105,ep640_200,200,512,128,640,1e-05,0.0,standard,64,64,64,0,1024,4.5,mesuré ici,0.7316866328766798,0.5464209430159284,0.8457043990015678
75e6bdca12b3c5d7,363632,E-CommereShippingData,4105,ep640_200,200,512,128,640,1e-05,0.0,standard,64,64,64,1,1024,4.5,mesuré ici,0.704342898356602,0.6348653835470439,0.8238968280276474
75e6bdca12b3c5d7,363632,E-CommereShippingData,4105,ep640_200,200,512,128,640,1e-05,0.0,standard,64,64,64,2,1024,4.4,mesuré ici,0.7306860107076478,0.5991856085813123,0.843220304231327
75e6bdca12b3c5d7,363632,E-CommereShippingData,4105,ep640_200,200,512,128,640,1e-05,0.0,standard,128,128,128,0,1024,4.5,mesuré ici,0.7461451278616804,0.5152823505005453,0.8572814451930398
75e6bdca12b3c5d7,363632,E-CommereShippingData,4105,ep640_200,200,512,128,640,1e-05,0.0,standard,128,128,128,1,1024,4.5,mesuré ici,0.7408586725211319,0.5050882577823252,0.8549602900989497
75e6bdca12b3c5d7,363632,E-CommereShippingData,4105,ep640_200,200,512,128,640,1e-05,0.0,standard,128,128,128,2,1024,4.4,mesuré ici,0.7456735475127109,0.5084252016106532,0.85626320808713
75e6bdca12b3c5d7,363632,E-CommereShippingData,4105,ep640_200,200,512,128,640,1e-05,0.0,standard,256,256,256,0,1024,4.6,mesuré ici,0.7466741696817427,0.4991023931181899,0.8576461858243709
75e6bdca12b3c5d7,363632,E-CommereShippingData,4105,ep640_200,200,512,128,640,1e-05,0.0,standard,256,256,256,1,1024,4.5,mesuré ici,0.7466424668011398,0.5003344574564232,0.858659440891614
75e6bdca12b3c5d7,363632,E-CommereShippingData,4105,ep640_200,200,512,128,640,1e-05,0.0,standard,256,256,256,2,1024,4.6,mesuré ici,0.7512037187478947,0.4939000141531612,0.8582220408101866
75e6bdca12b3c5d7,363632,E-CommereShippingData,4105,ep640_200,200,512,128,640,1e-05,0.0,standard,512,512,512,0,1024,4.5,mesuré ici,0.7478788791446561,0.4940144324610366,0.8573665701785637
75e6bdca12b3c5d7,363632,E-CommereShippingData,4105,ep640_200,200,512,128,640,1e-05,0.0,standard,1024,1024,1024,0,1024,4.6,mesuré ici,0.7410013354838455,0.49306518318885173,0.8537187166142757
75e6bdca12b3c5d7,363632,E-CommereShippingData,4105,ep640_200,200,512,128,640,1e-05,0.0,standard,2048,2048,2048,0,1024,5.6,mesuré ici,0.7394360057540728,0.4917054996091433,0.8555439328954242
75e6bdca12b3c5d7,363632,E-CommereShippingData,4105,ep640_200,200,512,128,640,1e-05,0.0,standard,full,4105,4105,0,1024,9.2,mesuré ici,0.7423705036398871,0.4903076425061287,0.8571084364572525
75e6bdca12b3c5d7,363674,hazelnut-spread-contaminant-detection,896,ep640_25,25,512,128,640,1e-05,0.0,standard,32,32,32,0,320,3.3,mesuré ici,0.88419921875,0.5695348091998278,0.8608550240945173
75e6bdca12b3c5d7,363674,hazelnut-spread-contaminant-detection,896,ep640_25,25,512,128,640,1e-05,0.0,standard,32,32,32,1,320,3.1,mesuré ici,0.88677734375,0.42409175297375123,0.8603048945150277
75e6bdca12b3c5d7,363674,hazelnut-spread-contaminant-detection,896,ep640_25,25,512,128,640,1e-05,0.0,standard,32,32,32,2,320,3.0,mesuré ici,0.862421875,0.4574301898102983,0.8350954349832218
75e6bdca12b3c5d7,363674,hazelnut-spread-contaminant-detection,896,ep640_25,25,512,128,640,1e-05,0.0,standard,64,64,64,0,320,3.0,mesuré ici,0.94197265625,0.3410017533320921,0.9384717839957368
75e6bdca12b3c5d7,363674,hazelnut-spread-contaminant-detection,896,ep640_25,25,512,128,640,1e-05,0.0,standard,64,64,64,1,320,3.0,mesuré ici,0.91259765625,0.4190247850799976,0.8954049843432841
75e6bdca12b3c5d7,363674,hazelnut-spread-contaminant-detection,896,ep640_25,25,512,128,640,1e-05,0.0,standard,64,64,64,2,320,2.9,mesuré ici,0.89044921875,0.46630214713315377,0.8914874593353663
75e6bdca12b3c5d7,363674,hazelnut-spread-contaminant-detection,896,ep640_25,25,512,128,640,1e-05,0.0,standard,128,128,128,0,320,3.0,mesuré ici,0.9384375,0.33929649909958964,0.932965735290308
75e6bdca12b3c5d7,363674,hazelnut-spread-contaminant-detection,896,ep640_25,25,512,128,640,1e-05,0.0,standard,128,128,128,1,320,3.1,mesuré ici,0.9466210937499999,0.30765192603535324,0.9463734260666344
75e6bdca12b3c5d7,363674,hazelnut-spread-contaminant-detection,896,ep640_25,25,512,128,640,1e-05,0.0,standard,128,128,128,2,320,3.2,mesuré ici,0.97267578125,0.2446991919927406,0.9707464235563494
75e6bdca12b3c5d7,363674,hazelnut-spread-contaminant-detection,896,ep640_25,25,512,128,640,1e-05,0.0,standard,256,256,256,0,320,3.0,mesuré ici,0.9643359375,0.2895822957706523,0.9634444958540682
75e6bdca12b3c5d7,363674,hazelnut-spread-contaminant-detection,896,ep640_25,25,512,128,640,1e-05,0.0,standard,256,256,256,1,320,3.0,mesuré ici,0.9833593749999999,0.16917987138018262,0.9820890483311318
75e6bdca12b3c5d7,363674,hazelnut-spread-contaminant-detection,896,ep640_25,25,512,128,640,1e-05,0.0,standard,256,256,256,2,320,3.0,mesuré ici,0.97953125,0.21030602411180133,0.9806237988755883
75e6bdca12b3c5d7,363674,hazelnut-spread-contaminant-detection,896,ep640_25,25,512,128,640,1e-05,0.0,standard,512,512,512,0,320,3.1,mesuré ici,0.9895703125,0.14047134824843624,0.9893363887727509
75e6bdca12b3c5d7,363674,hazelnut-spread-contaminant-detection,896,ep640_25,25,512,128,640,1e-05,0.0,standard,full,896,896,0,320,3.0,mesuré ici,0.9929687500000001,0.09726765539289525,0.9922848052870403
75e6bdca12b3c5d7,363674,hazelnut-spread-contaminant-detection,896,ep640_50,50,512,128,640,1e-05,0.0,standard,32,32,32,0,320,3.3,mesuré ici,0.88244140625,0.5760361922290868,0.8609022691941307
75e6bdca12b3c5d7,363674,hazelnut-spread-contaminant-detection,896,ep640_50,50,512,128,640,1e-05,0.0,standard,32,32,32,1,320,2.9,mesuré ici,0.8855078125,0.4253519730927559,0.8578220156737582
75e6bdca12b3c5d7,363674,hazelnut-spread-contaminant-detection,896,ep640_50,50,512,128,640,1e-05,0.0,standard,32,32,32,2,320,2.9,mesuré ici,0.8661718749999999,0.45107894321169084,0.8394098709149626
75e6bdca12b3c5d7,363674,hazelnut-spread-contaminant-detection,896,ep640_50,50,512,128,640,1e-05,0.0,standard,64,64,64,0,320,2.9,mesuré ici,0.9422265624999999,0.3424951255878308,0.9383267695333336
75e6bdca12b3c5d7,363674,hazelnut-spread-contaminant-detection,896,ep640_50,50,512,128,640,1e-05,0.0,standard,64,64,64,1,320,3.0,mesuré ici,0.9156640624999999,0.4041808850349704,0.9008075834092965
75e6bdca12b3c5d7,363674,hazelnut-spread-contaminant-detection,896,ep640_50,50,512,128,640,1e-05,0.0,standard,64,64,64,2,320,3.0,mesuré ici,0.895859375,0.44430725293058204,0.894666955148632
75e6bdca12b3c5d7,363674,hazelnut-spread-contaminant-detection,896,ep640_50,50,512,128,640,1e-05,0.0,standard,128,128,128,0,320,3.0,mesuré ici,0.9361328124999999,0.3373133658184507,0.9254970306562983
75e6bdca12b3c5d7,363674,hazelnut-spread-contaminant-detection,896,ep640_50,50,512,128,640,1e-05,0.0,standard,128,128,128,1,320,3.0,mesuré ici,0.946875,0.3100254925425427,0.9447594900341592
75e6bdca12b3c5d7,363674,hazelnut-spread-contaminant-detection,896,ep640_50,50,512,128,640,1e-05,0.0,standard,128,128,128,2,320,3.0,mesuré ici,0.97439453125,0.22573746145126136,0.9735830295622441
75e6bdca12b3c5d7,363674,hazelnut-spread-contaminant-detection,896,ep640_50,50,512,128,640,1e-05,0.0,standard,256,256,256,0,320,3.0,mesuré ici,0.9645703125,0.26757849619351,0.9634614022352324
75e6bdca12b3c5d7,363674,hazelnut-spread-contaminant-detection,896,ep640_50,50,512,128,640,1e-05,0.0,standard,256,256,256,1,320,3.0,mesuré ici,0.9836328125,0.1742245918651461,0.9827225315016211
75e6bdca12b3c5d7,363674,hazelnut-spread-contaminant-detection,896,ep640_50,50,512,128,640,1e-05,0.0,standard,256,256,256,2,320,3.0,mesuré ici,0.979140625,0.19435540021209827,0.9800267438643075
75e6bdca12b3c5d7,363674,hazelnut-spread-contaminant-detection,896,ep640_50,50,512,128,640,1e-05,0.0,standard,512,512,512,0,320,3.0,mesuré ici,0.9891015624999999,0.14380314438905178,0.9892245526219902
75e6bdca12b3c5d7,363674,hazelnut-spread-contaminant-detection,896,ep640_50,50,512,128,640,1e-05,0.0,standard,full,896,896,0,320,3.0,mesuré ici,0.9944140625,0.09487931624549908,0.9941688669638814
75e6bdca12b3c5d7,363674,hazelnut-spread-contaminant-detection,896,ep640_200,200,512,128,640,1e-05,0.0,standard,32,32,32,0,320,3.3,mesuré ici,0.8785156249999999,0.6246341240792936,0.8490127188724583
75e6bdca12b3c5d7,363674,hazelnut-spread-contaminant-detection,896,ep640_200,200,512,128,640,1e-05,0.0,standard,32,32,32,1,320,3.0,mesuré ici,0.88763671875,0.4189276722640879,0.8586727093903512
75e6bdca12b3c5d7,363674,hazelnut-spread-contaminant-detection,896,ep640_200,200,512,128,640,1e-05,0.0,standard,32,32,32,2,320,3.0,mesuré ici,0.87345703125,0.44124300938959565,0.8510343939067258
75e6bdca12b3c5d7,363674,hazelnut-spread-contaminant-detection,896,ep640_200,200,512,128,640,1e-05,0.0,standard,64,64,64,0,320,3.0,mesuré ici,0.9446875,0.3275450951433411,0.9399808788447617
75e6bdca12b3c5d7,363674,hazelnut-spread-contaminant-detection,896,ep640_200,200,512,128,640,1e-05,0.0,standard,64,64,64,1,320,3.0,mesuré ici,0.9166796874999998,0.40695736464971616,0.9045867095732598
75e6bdca12b3c5d7,363674,hazelnut-spread-contaminant-detection,896,ep640_200,200,512,128,640,1e-05,0.0,standard,64,64,64,2,320,3.0,mesuré ici,0.90330078125,0.44288066977891727,0.9025265523974594
75e6bdca12b3c5d7,363674,hazelnut-spread-contaminant-detection,896,ep640_200,200,512,128,640,1e-05,0.0,standard,128,128,128,0,320,3.0,mesuré ici,0.9396875000000001,0.3481509036768912,0.9319713242930074
75e6bdca12b3c5d7,363674,hazelnut-spread-contaminant-detection,896,ep640_200,200,512,128,640,1e-05,0.0,standard,128,128,128,1,320,3.0,mesuré ici,0.94619140625,0.3067327931732762,0.9446502892975511
75e6bdca12b3c5d7,363674,hazelnut-spread-contaminant-detection,896,ep640_200,200,512,128,640,1e-05,0.0,standard,128,128,128,2,320,3.0,mesuré ici,0.9782031250000001,0.2100742368806851,0.9783785505454412
75e6bdca12b3c5d7,363674,hazelnut-spread-contaminant-detection,896,ep640_200,200,512,128,640,1e-05,0.0,standard,256,256,256,0,320,3.0,mesuré ici,0.9693359375,0.248544485996493,0.9678576845841824
75e6bdca12b3c5d7,363674,hazelnut-spread-contaminant-detection,896,ep640_200,200,512,128,640,1e-05,0.0,standard,256,256,256,1,320,2.9,mesuré ici,0.9853515625,0.16028006236722256,0.9855892105968611
75e6bdca12b3c5d7,363674,hazelnut-spread-contaminant-detection,896,ep640_200,200,512,128,640,1e-05,0.0,standard,256,256,256,2,320,3.0,mesuré ici,0.9783984374999999,0.18938653476611747,0.9782118508031042
75e6bdca12b3c5d7,363674,hazelnut-spread-contaminant-detection,896,ep640_200,200,512,128,640,1e-05,0.0,standard,512,512,512,0,320,3.0,mesuré ici,0.9872265625,0.14490233311624495,0.9874634807716183
75e6bdca12b3c5d7,363674,hazelnut-spread-contaminant-detection,896,ep640_200,200,512,128,640,1e-05,0.0,standard,full,896,896,0,320,3.1,mesuré ici,0.9923828125,0.10039753124097377,0.9918554720141481
75e6bdca12b3c5d7,363676,heloc,3903,ep640_25,25,512,128,640,1e-05,0.0,standard,32,32,32,0,1024,5.1,mesuré ici,0.7259745471222196,0.6448710535874291,0.714793337605771
75e6bdca12b3c5d7,363676,heloc,3903,ep640_25,25,512,128,640,1e-05,0.0,standard,32,32,32,1,1024,4.7,mesuré ici,0.7281720553389897,0.6197584591087837,0.6966672668226729
75e6bdca12b3c5d7,363676,heloc,3903,ep640_25,25,512,128,640,1e-05,0.0,standard,32,32,32,2,1024,4.7,mesuré ici,0.7626767560956966,0.6415186978191079,0.7546262810813089
75e6bdca12b3c5d7,363676,heloc,3903,ep640_25,25,512,128,640,1e-05,0.0,standard,64,64,64,0,1024,4.7,mesuré ici,0.7695253382251777,0.5745611535196063,0.7506573727818142
75e6bdca12b3c5d7,363676,heloc,3903,ep640_25,25,512,128,640,1e-05,0.0,standard,64,64,64,1,1024,4.7,mesuré ici,0.7579511579912863,0.6339479027918955,0.6570231007089433
75e6bdca12b3c5d7,363676,heloc,3903,ep640_25,25,512,128,640,1e-05,0.0,standard,64,64,64,2,1024,5.2,mesuré ici,0.7041867308721241,0.6417690972299755,0.6809406454680527
75e6bdca12b3c5d7,363676,heloc,3903,ep640_25,25,512,128,640,1e-05,0.0,standard,128,128,128,0,1024,4.7,mesuré ici,0.7722617136742337,0.5746045830917831,0.7545336843487764
75e6bdca12b3c5d7,363676,heloc,3903,ep640_25,25,512,128,640,1e-05,0.0,standard,128,128,128,1,1024,4.7,mesuré ici,0.7951941450737599,0.551673875455309,0.7704799494993244
75e6bdca12b3c5d7,363676,heloc,3903,ep640_25,25,512,128,640,1e-05,0.0,standard,128,128,128,2,1024,4.7,mesuré ici,0.7928055491859665,0.5574530055963921,0.7708054866358003
75e6bdca12b3c5d7,363676,heloc,3903,ep640_25,25,512,128,640,1e-05,0.0,standard,256,256,256,0,1024,4.8,mesuré ici,0.7882461973553467,0.5607438915396383,0.7595984303325194
75e6bdca12b3c5d7,363676,heloc,3903,ep640_25,25,512,128,640,1e-05,0.0,standard,256,256,256,1,1024,4.7,mesuré ici,0.7947450890468547,0.5516874320470992,0.7731240142708118
75e6bdca12b3c5d7,363676,heloc,3903,ep640_25,25,512,128,640,1e-05,0.0,standard,256,256,256,2,1024,4.7,mesuré ici,0.7957158144156539,0.5513458805419599,0.7698410609913429
75e6bdca12b3c5d7,363676,heloc,3903,ep640_25,25,512,128,640,1e-05,0.0,standard,512,512,512,0,1024,4.7,mesuré ici,0.7951826798134984,0.5476888585345695,0.7735001837228731
75e6bdca12b3c5d7,363676,heloc,3903,ep640_25,25,512,128,640,1e-05,0.0,standard,1024,1024,1024,0,1024,4.8,mesuré ici,0.8046109455017961,0.5415445329704032,0.7770292835746923
75e6bdca12b3c5d7,363676,heloc,3903,ep640_25,25,512,128,640,1e-05,0.0,standard,2048,2048,2048,0,1024,6.2,mesuré ici,0.8118225942062218,0.5327752383343427,0.7856547259050979
75e6bdca12b3c5d7,363676,heloc,3903,ep640_25,25,512,128,640,1e-05,0.0,standard,full,3903,3903,0,1024,10.1,mesuré ici,0.814453871436215,0.5295013783167009,0.7843566133969839
75e6bdca12b3c5d7,363676,heloc,3903,ep640_50,50,512,128,640,1e-05,0.0,standard,32,32,32,0,1024,5.1,mesuré ici,0.7195406252388595,0.6486205623804489,0.707517750540901
75e6bdca12b3c5d7,363676,heloc,3903,ep640_50,50,512,128,640,1e-05,0.0,standard,32,32,32,1,1024,4.7,mesuré ici,0.7297580830084843,0.6222513883967167,0.695693283830809
75e6bdca12b3c5d7,363676,heloc,3903,ep640_50,50,512,128,640,1e-05,0.0,standard,32,32,32,2,1024,4.7,mesuré ici,0.7634735916838645,0.6431387491704319,0.7510877855702475
75e6bdca12b3c5d7,363676,heloc,3903,ep640_50,50,512,128,640,1e-05,0.0,standard,64,64,64,0,1024,4.7,mesuré ici,0.7698349002522358,0.5737369151165737,0.7503131101482772
75e6bdca12b3c5d7,363676,heloc,3903,ep640_50,50,512,128,640,1e-05,0.0,standard,64,64,64,1,1024,4.8,mesuré ici,0.7591989604830697,0.6416777487390202,0.656660359700273
75e6bdca12b3c5d7,363676,heloc,3903,ep640_50,50,512,128,640,1e-05,0.0,standard,64,64,64,2,1024,4.7,mesuré ici,0.703575250324849,0.6481103362887759,0.6761668316979829
75e6bdca12b3c5d7,363676,heloc,3903,ep640_50,50,512,128,640,1e-05,0.0,standard,128,128,128,0,1024,4.7,mesuré ici,0.7700966903615379,0.578393123693136,0.752162553447991
75e6bdca12b3c5d7,363676,heloc,3903,ep640_50,50,512,128,640,1e-05,0.0,standard,128,128,128,1,1024,4.7,mesuré ici,0.7966311243598563,0.5502627411922214,0.7708133926126992
75e6bdca12b3c5d7,363676,heloc,3903,ep640_50,50,512,128,640,1e-05,0.0,standard,128,128,128,2,1024,4.6,mesuré ici,0.7930960024459222,0.5584083686931229,0.7724550429765314
75e6bdca12b3c5d7,363676,heloc,3903,ep640_50,50,512,128,640,1e-05,0.0,standard,256,256,256,0,1024,4.7,mesuré ici,0.7850034395780785,0.5643358682317874,0.7570116573503153
75e6bdca12b3c5d7,363676,heloc,3903,ep640_50,50,512,128,640,1e-05,0.0,standard,256,256,256,1,1024,4.7,mesuré ici,0.7967553313460215,0.5481235519548397,0.7740106298251921
75e6bdca12b3c5d7,363676,heloc,3903,ep640_50,50,512,128,640,1e-05,0.0,standard,256,256,256,2,1024,4.7,mesuré ici,0.7970304975922953,0.5531041439728875,0.7708001064482988
75e6bdca12b3c5d7,363676,heloc,3903,ep640_50,50,512,128,640,1e-05,0.0,standard,512,512,512,0,1024,4.8,mesuré ici,0.7984541007414202,0.5470758350295736,0.7752997707052285
75e6bdca12b3c5d7,363676,heloc,3903,ep640_50,50,512,128,640,1e-05,0.0,standard,1024,1024,1024,0,1024,4.7,mesuré ici,0.8067205533898953,0.5403513092175892,0.7780665090751525
75e6bdca12b3c5d7,363676,heloc,3903,ep640_50,50,512,128,640,1e-05,0.0,standard,2048,2048,2048,0,1024,6.2,mesuré ici,0.8126251624245202,0.5335839458609914,0.784058169837386
75e6bdca12b3c5d7,363676,heloc,3903,ep640_50,50,512,128,640,1e-05,0.0,standard,full,3903,3903,0,1024,10.1,mesuré ici,0.8147653443399832,0.5304689101215032,0.7838329451965065
75e6bdca12b3c5d7,363676,heloc,3903,ep640_200,200,512,128,640,1e-05,0.0,standard,32,32,32,0,1024,5.0,mesuré ici,0.7206030726897501,0.6383832731548411,0.7078984217193914
75e6bdca12b3c5d7,363676,heloc,3903,ep640_200,200,512,128,640,1e-05,0.0,standard,32,32,32,1,1024,4.7,mesuré ici,0.7412615608040969,0.6172978966153271,0.7034113237727211
75e6bdca12b3c5d7,363676,heloc,3903,ep640_200,200,512,128,640,1e-05,0.0,standard,32,32,32,2,1024,4.6,mesuré ici,0.7660379882289995,0.6250766318418777,0.7482875839366454
75e6bdca12b3c5d7,363676,heloc,3903,ep640_200,200,512,128,640,1e-05,0.0,standard,64,64,64,0,1024,4.6,mesuré ici,0.7734292593441872,0.5694132654146264,0.753878801005029
75e6bdca12b3c5d7,363676,heloc,3903,ep640_200,200,512,128,640,1e-05,0.0,standard,64,64,64,1,1024,4.5,mesuré ici,0.7629672093556523,0.6227724287594372,0.660919165189017
75e6bdca12b3c5d7,363676,heloc,3903,ep640_200,200,512,128,640,1e-05,0.0,standard,64,64,64,2,1024,4.6,mesuré ici,0.7041160284338455,0.6397805158901267,0.6715419089994529
75e6bdca12b3c5d7,363676,heloc,3903,ep640_200,200,512,128,640,1e-05,0.0,standard,128,128,128,0,1024,4.6,mesuré ici,0.7820969961018114,0.5681105884391557,0.7605155529963854
75e6bdca12b3c5d7,363676,heloc,3903,ep640_200,200,512,128,640,1e-05,0.0,standard,128,128,128,1,1024,4.6,mesuré ici,0.7960005350454789,0.5501873483466193,0.768073711857731
75e6bdca12b3c5d7,363676,heloc,3903,ep640_200,200,512,128,640,1e-05,0.0,standard,128,128,128,2,1024,4.6,mesuré ici,0.804503936406023,0.5511135244040108,0.7794858452950518
75e6bdca12b3c5d7,363676,heloc,3903,ep640_200,200,512,128,640,1e-05,0.0,standard,256,256,256,0,1024,4.6,mesuré ici,0.7902354200107009,0.5610432666070017,0.7631914461631764
75e6bdca12b3c5d7,363676,heloc,3903,ep640_200,200,512,128,640,1e-05,0.0,standard,256,256,256,1,1024,4.6,mesuré ici,0.7988171673163648,0.5450891180707131,0.7722147052564681
75e6bdca12b3c5d7,363676,heloc,3903,ep640_200,200,512,128,640,1e-05,0.0,standard,256,256,256,2,1024,4.6,mesuré ici,0.7996789727126805,0.5468323463459378,0.7709629053837215
75e6bdca12b3c5d7,363676,heloc,3903,ep640_200,200,512,128,640,1e-05,0.0,standard,512,512,512,0,1024,4.7,mesuré ici,0.7969253993732325,0.5488679147846904,0.7729730424276218
75e6bdca12b3c5d7,363676,heloc,3903,ep640_200,200,512,128,640,1e-05,0.0,standard,1024,1024,1024,0,1024,4.7,mesuré ici,0.8066785141022701,0.5388978471197672,0.7764080981991306
75e6bdca12b3c5d7,363676,heloc,3903,ep640_200,200,512,128,640,1e-05,0.0,standard,2048,2048,2048,0,1024,6.3,mesuré ici,0.812841091492777,0.5332152840410876,0.7834480937677888
75e6bdca12b3c5d7,363676,heloc,3903,ep640_200,200,512,128,640,1e-05,0.0,standard,full,3903,3903,0,1024,10.3,mesuré ici,0.8113792708094474,0.5352658289413514,0.7800058271445296
75e6bdca12b3c5d7,363679,HR_Analytics_Job_Change_of_Data_Scientists,7151,ep640_25,25,512,128,640,1e-05,0.0,standard,32,32,32,0,1024,5.1,mesuré ici,0.7141003085239297,0.4941419809040426,0.48252920331030236
75e6bdca12b3c5d7,363679,HR_Analytics_Job_Change_of_Data_Scientists,7151,ep640_25,25,512,128,640,1e-05,0.0,standard,32,32,32,1,1024,4.6,mesuré ici,0.6928657028481093,0.5296213063043964,0.40916760808364194
75e6bdca12b3c5d7,363679,HR_Analytics_Job_Change_of_Data_Scientists,7151,ep640_25,25,512,128,640,1e-05,0.0,standard,32,32,32,2,1024,4.5,mesuré ici,0.7586322955710243,0.4864351381245604,0.525327171375655
75e6bdca12b3c5d7,363679,HR_Analytics_Job_Change_of_Data_Scientists,7151,ep640_25,25,512,128,640,1e-05,0.0,standard,64,64,64,0,1024,4.5,mesuré ici,0.8065172492924347,0.47819384149606997,0.5468507209803005
75e6bdca12b3c5d7,363679,HR_Analytics_Job_Change_of_Data_Scientists,7151,ep640_25,25,512,128,640,1e-05,0.0,standard,64,64,64,1,1024,4.5,mesuré ici,0.7436854585787501,0.5101696809044609,0.4505518440769035
75e6bdca12b3c5d7,363679,HR_Analytics_Job_Change_of_Data_Scientists,7151,ep640_25,25,512,128,640,1e-05,0.0,standard,64,64,64,2,1024,4.6,mesuré ici,0.7278257987200082,0.5008753091468046,0.4550769597124231
75e6bdca12b3c5d7,363679,HR_Analytics_Job_Change_of_Data_Scientists,7151,ep640_25,25,512,128,640,1e-05,0.0,standard,128,128,128,0,1024,4.5,mesuré ici,0.7804966980290164,0.48992927009826126,0.5364639225484937
75e6bdca12b3c5d7,363679,HR_Analytics_Job_Change_of_Data_Scientists,7151,ep640_25,25,512,128,640,1e-05,0.0,standard,128,128,128,1,1024,4.8,mesuré ici,0.7874627094010556,0.46231364929142776,0.5061938687562131
75e6bdca12b3c5d7,363679,HR_Analytics_Job_Change_of_Data_Scientists,7151,ep640_25,25,512,128,640,1e-05,0.0,standard,128,128,128,2,1024,4.8,mesuré ici,0.786934904000612,0.46863252946271156,0.5468026355601503
75e6bdca12b3c5d7,363679,HR_Analytics_Job_Change_of_Data_Scientists,7151,ep640_25,25,512,128,640,1e-05,0.0,standard,256,256,256,0,1024,4.5,mesuré ici,0.8212167571840179,0.4337690281006321,0.5760674333015043
75e6bdca12b3c5d7,363679,HR_Analytics_Job_Change_of_Data_Scientists,7151,ep640_25,25,512,128,640,1e-05,0.0,standard,256,256,256,1,1024,4.6,mesuré ici,0.8234605675820393,0.430136016777252,0.5782875337989022
75e6bdca12b3c5d7,363679,HR_Analytics_Job_Change_of_Data_Scientists,7151,ep640_25,25,512,128,640,1e-05,0.0,standard,256,256,256,2,1024,4.5,mesuré ici,0.813485810449017,0.4544788345058137,0.5681538882637217
75e6bdca12b3c5d7,363679,HR_Analytics_Job_Change_of_Data_Scientists,7151,ep640_25,25,512,128,640,1e-05,0.0,standard,512,512,512,0,1024,4.6,mesuré ici,0.8154924908845202,0.43092665223294,0.563045254139054
75e6bdca12b3c5d7,363679,HR_Analytics_Job_Change_of_Data_Scientists,7151,ep640_25,25,512,128,640,1e-05,0.0,standard,1024,1024,1024,0,1024,4.6,mesuré ici,0.8193273668375022,0.4360442870474177,0.5629748089347647
75e6bdca12b3c5d7,363679,HR_Analytics_Job_Change_of_Data_Scientists,7151,ep640_25,25,512,128,640,1e-05,0.0,standard,2048,2048,2048,0,1024,6.0,mesuré ici,0.8323338177923965,0.425982548295535,0.5661687027020648
75e6bdca12b3c5d7,363679,HR_Analytics_Job_Change_of_Data_Scientists,7151,ep640_25,25,512,128,640,1e-05,0.0,standard,full,7151,7151,0,1024,18.8,mesuré ici,0.8350697366072567,0.41704483195035597,0.5747760020008507
75e6bdca12b3c5d7,363679,HR_Analytics_Job_Change_of_Data_Scientists,7151,ep640_50,50,512,128,640,1e-05,0.0,standard,32,32,32,0,1024,4.9,mesuré ici,0.7157831663224457,0.49387903354373036,0.48285803873558547
75e6bdca12b3c5d7,363679,HR_Analytics_Job_Change_of_Data_Scientists,7151,ep640_50,50,512,128,640,1e-05,0.0,standard,32,32,32,1,1024,4.6,mesuré ici,0.6941941405951197,0.5297053315416491,0.411574947092761
75e6bdca12b3c5d7,363679,HR_Analytics_Job_Change_of_Data_Scientists,7151,ep640_50,50,512,128,640,1e-05,0.0,standard,32,32,32,2,1024,4.5,mesuré ici,0.7583110227185803,0.4860672990126499,0.5258237570690752
75e6bdca12b3c5d7,363679,HR_Analytics_Job_Change_of_Data_Scientists,7151,ep640_50,50,512,128,640,1e-05,0.0,standard,64,64,64,0,1024,4.5,mesuré ici,0.806433106402509,0.47100043274169934,0.5481567604552267
75e6bdca12b3c5d7,363679,HR_Analytics_Job_Change_of_Data_Scientists,7151,ep640_50,50,512,128,640,1e-05,0.0,standard,64,64,64,1,1024,4.4,mesuré ici,0.7415614880542595,0.5110476910882231,0.4459706506216952
75e6bdca12b3c5d7,363679,HR_Analytics_Job_Change_of_Data_Scientists,7151,ep640_50,50,512,128,640,1e-05,0.0,standard,64,64,64,2,1024,4.5,mesuré ici,0.7205155664346362,0.5041364056039015,0.4500041436893768
75e6bdca12b3c5d7,363679,HR_Analytics_Job_Change_of_Data_Scientists,7151,ep640_50,50,512,128,640,1e-05,0.0,standard,128,128,128,0,1024,4.6,mesuré ici,0.7938167724827252,0.48513474869271794,0.5438786806269532
75e6bdca12b3c5d7,363679,HR_Analytics_Job_Change_of_Data_Scientists,7151,ep640_50,50,512,128,640,1e-05,0.0,standard,128,128,128,1,1024,4.5,mesuré ici,0.79078252887631,0.45916980217939724,0.5159621371726815
75e6bdca12b3c5d7,363679,HR_Analytics_Job_Change_of_Data_Scientists,7151,ep640_50,50,512,128,640,1e-05,0.0,standard,128,128,128,2,1024,4.6,mesuré ici,0.7928351054335907,0.4653518397357958,0.555182000153747
75e6bdca12b3c5d7,363679,HR_Analytics_Job_Change_of_Data_Scientists,7151,ep640_50,50,512,128,640,1e-05,0.0,standard,256,256,256,0,1024,4.5,mesuré ici,0.8162013309875316,0.43586109283705293,0.5741604806348355
75e6bdca12b3c5d7,363679,HR_Analytics_Job_Change_of_Data_Scientists,7151,ep640_50,50,512,128,640,1e-05,0.0,standard,256,256,256,1,1024,4.6,mesuré ici,0.8188250592824905,0.43220602607155306,0.5794583197607124
75e6bdca12b3c5d7,363679,HR_Analytics_Job_Change_of_Data_Scientists,7151,ep640_50,50,512,128,640,1e-05,0.0,standard,256,256,256,2,1024,4.5,mesuré ici,0.8162421275402229,0.44514640136149647,0.5753194517065316
75e6bdca12b3c5d7,363679,HR_Analytics_Job_Change_of_Data_Scientists,7151,ep640_50,50,512,128,640,1e-05,0.0,standard,512,512,512,0,1024,4.7,mesuré ici,0.8156199801116806,0.4262868238965822,0.5699258504228271
75e6bdca12b3c5d7,363679,HR_Analytics_Job_Change_of_Data_Scientists,7151,ep640_50,50,512,128,640,1e-05,0.0,standard,1024,1024,1024,0,1024,4.7,mesuré ici,0.8181340676712818,0.43124260849546425,0.5564826830504506
75e6bdca12b3c5d7,363679,HR_Analytics_Job_Change_of_Data_Scientists,7151,ep640_50,50,512,128,640,1e-05,0.0,standard,2048,2048,2048,0,1024,5.9,mesuré ici,0.8304571763685967,0.4223639065070108,0.5615874405826613
75e6bdca12b3c5d7,363679,HR_Analytics_Job_Change_of_Data_Scientists,7151,ep640_50,50,512,128,640,1e-05,0.0,standard,full,7151,7151,0,1024,18.7,mesuré ici,0.8295469032866722,0.4178834747926627,0.5691932224618231
75e6bdca12b3c5d7,363679,HR_Analytics_Job_Change_of_Data_Scientists,7151,ep640_200,200,512,128,640,1e-05,0.0,standard,32,32,32,0,1024,4.9,mesuré ici,0.7386190366913996,0.4928146030403651,0.49537530770988264
75e6bdca12b3c5d7,363679,HR_Analytics_Job_Change_of_Data_Scientists,7151,ep640_200,200,512,128,640,1e-05,0.0,standard,32,32,32,1,1024,4.5,mesuré ici,0.7113388918636375,0.5147933463962089,0.4310214330231668
75e6bdca12b3c5d7,363679,HR_Analytics_Job_Change_of_Data_Scientists,7151,ep640_200,200,512,128,640,1e-05,0.0,standard,32,32,32,2,1024,4.5,mesuré ici,0.7625615135521049,0.4852328419424299,0.5290950565645505
75e6bdca12b3c5d7,363679,HR_Analytics_Job_Change_of_Data_Scientists,7151,ep640_200,200,512,128,640,1e-05,0.0,standard,64,64,64,0,1024,4.5,mesuré ici,0.8068742191284836,0.46710765857967784,0.544241530129752
75e6bdca12b3c5d7,363679,HR_Analytics_Job_Change_of_Data_Scientists,7151,ep640_200,200,512,128,640,1e-05,0.0,standard,64,64,64,1,1024,4.5,mesuré ici,0.7440092812157373,0.5118796436448078,0.4471708408992617
75e6bdca12b3c5d7,363679,HR_Analytics_Job_Change_of_Data_Scientists,7151,ep640_200,200,512,128,640,1e-05,0.0,standard,64,64,64,2,1024,4.5,mesuré ici,0.7300594099798567,0.5008336267526363,0.4591855194628792
75e6bdca12b3c5d7,363679,HR_Analytics_Job_Change_of_Data_Scientists,7151,ep640_200,200,512,128,640,1e-05,0.0,standard,128,128,128,0,1024,4.6,mesuré ici,0.8020423774191081,0.48151748794420374,0.559800838233292
75e6bdca12b3c5d7,363679,HR_Analytics_Job_Change_of_Data_Scientists,7151,ep640_200,200,512,128,640,1e-05,0.0,standard,128,128,128,1,1024,4.6,mesuré ici,0.7938244218363547,0.45536280474169155,0.5253176848936908
75e6bdca12b3c5d7,363679,HR_Analytics_Job_Change_of_Data_Scientists,7151,ep640_200,200,512,128,640,1e-05,0.0,standard,128,128,128,2,1024,4.7,mesuré ici,0.7931538285014916,0.46444952741185425,0.5543866443944688
75e6bdca12b3c5d7,363679,HR_Analytics_Job_Change_of_Data_Scientists,7151,ep640_200,200,512,128,640,1e-05,0.0,standard,256,256,256,0,1024,4.5,mesuré ici,0.8196307911981437,0.42686477603222106,0.5766703013844552
75e6bdca12b3c5d7,363679,HR_Analytics_Job_Change_of_Data_Scientists,7151,ep640_200,200,512,128,640,1e-05,0.0,standard,256,256,256,1,1024,4.6,mesuré ici,0.8232820826640148,0.42603702014299855,0.5815051922300631
75e6bdca12b3c5d7,363679,HR_Analytics_Job_Change_of_Data_Scientists,7151,ep640_200,200,512,128,640,1e-05,0.0,standard,256,256,256,2,1024,4.6,mesuré ici,0.8177745480506896,0.44084892833044953,0.5775135516467719
75e6bdca12b3c5d7,363679,HR_Analytics_Job_Change_of_Data_Scientists,7151,ep640_200,200,512,128,640,1e-05,0.0,standard,512,512,512,0,1024,4.6,mesuré ici,0.8153981488564216,0.42532018301181507,0.5631239529231334
75e6bdca12b3c5d7,363679,HR_Analytics_Job_Change_of_Data_Scientists,7151,ep640_200,200,512,128,640,1e-05,0.0,standard,1024,1024,1024,0,1024,4.6,mesuré ici,0.8216731686172518,0.42642809528292236,0.5624364295864885
75e6bdca12b3c5d7,363679,HR_Analytics_Job_Change_of_Data_Scientists,7151,ep640_200,200,512,128,640,1e-05,0.0,standard,2048,2048,2048,0,1024,5.9,mesuré ici,0.8299931155817333,0.4230670844075954,0.5673300724939478
75e6bdca12b3c5d7,363679,HR_Analytics_Job_Change_of_Data_Scientists,7151,ep640_200,200,512,128,640,1e-05,0.0,standard,full,7151,7151,0,1024,18.6,mesuré ici,0.8339095846400979,0.41565378828214616,0.5743769611118091
75e6bdca12b3c5d7,363681,in_vehicle_coupon_recommendation,4734,ep640_25,25,512,128,640,1e-05,0.0,standard,32,32,32,0,1024,5.1,mesuré ici,0.5287023215313088,0.6904182178731334,0.5995495501096486
75e6bdca12b3c5d7,363681,in_vehicle_coupon_recommendation,4734,ep640_25,25,512,128,640,1e-05,0.0,standard,32,32,32,1,1024,4.8,mesuré ici,0.541157422524918,0.6917765635625126,0.5968987707748283
75e6bdca12b3c5d7,363681,in_vehicle_coupon_recommendation,4734,ep640_25,25,512,128,640,1e-05,0.0,standard,32,32,32,2,1024,4.7,mesuré ici,0.6247084480104492,0.6700838085776019,0.6833398440209966
75e6bdca12b3c5d7,363681,in_vehicle_coupon_recommendation,4734,ep640_25,25,512,128,640,1e-05,0.0,standard,64,64,64,0,1024,4.7,mesuré ici,0.6161640310366812,0.6643256592626694,0.669233489546644
75e6bdca12b3c5d7,363681,in_vehicle_coupon_recommendation,4734,ep640_25,25,512,128,640,1e-05,0.0,standard,64,64,64,1,1024,4.7,mesuré ici,0.6067993811323101,0.6681546201054606,0.6583154839349113
75e6bdca12b3c5d7,363681,in_vehicle_coupon_recommendation,4734,ep640_25,25,512,128,640,1e-05,0.0,standard,64,64,64,2,1024,5.1,mesuré ici,0.6277036587831007,0.6733139115933481,0.6684299600270973
75e6bdca12b3c5d7,363681,in_vehicle_coupon_recommendation,4734,ep640_25,25,512,128,640,1e-05,0.0,standard,128,128,128,0,1024,4.9,mesuré ici,0.6809235589556997,0.633419466844036,0.7126977045592917
75e6bdca12b3c5d7,363681,in_vehicle_coupon_recommendation,4734,ep640_25,25,512,128,640,1e-05,0.0,standard,128,128,128,1,1024,4.8,mesuré ici,0.5722893439691499,0.6800257606478808,0.6451181001787558
75e6bdca12b3c5d7,363681,in_vehicle_coupon_recommendation,4734,ep640_25,25,512,128,640,1e-05,0.0,standard,128,128,128,2,1024,4.9,mesuré ici,0.6427049804854534,0.6626176136335259,0.7024473135443614
75e6bdca12b3c5d7,363681,in_vehicle_coupon_recommendation,4734,ep640_25,25,512,128,640,1e-05,0.0,standard,256,256,256,0,1024,4.9,mesuré ici,0.6862531293246878,0.6301312232393671,0.7160420537587326
75e6bdca12b3c5d7,363681,in_vehicle_coupon_recommendation,4734,ep640_25,25,512,128,640,1e-05,0.0,standard,256,256,256,1,1024,4.8,mesuré ici,0.6631874795913606,0.6431194985670168,0.7146235910240082
75e6bdca12b3c5d7,363681,in_vehicle_coupon_recommendation,4734,ep640_25,25,512,128,640,1e-05,0.0,standard,256,256,256,2,1024,4.9,mesuré ici,0.7173636702896861,0.6122917027724701,0.758371366655244
75e6bdca12b3c5d7,363681,in_vehicle_coupon_recommendation,4734,ep640_25,25,512,128,640,1e-05,0.0,standard,512,512,512,0,1024,4.8,mesuré ici,0.7368043569529319,0.5985216449564726,0.7590909623727402
75e6bdca12b3c5d7,363681,in_vehicle_coupon_recommendation,4734,ep640_25,25,512,128,640,1e-05,0.0,standard,1024,1024,1024,0,1024,4.9,mesuré ici,0.7503634681469733,0.5827403481734348,0.7908849961645682
75e6bdca12b3c5d7,363681,in_vehicle_coupon_recommendation,4734,ep640_25,25,512,128,640,1e-05,0.0,standard,2048,2048,2048,0,1024,6.8,mesuré ici,0.7967960380028299,0.5383353484671874,0.8172249789944268
75e6bdca12b3c5d7,363681,in_vehicle_coupon_recommendation,4734,ep640_25,25,512,128,640,1e-05,0.0,standard,full,4734,4734,0,1024,13.0,mesuré ici,0.8234147346488159,0.5063562840487625,0.8467265437682135
75e6bdca12b3c5d7,363681,in_vehicle_coupon_recommendation,4734,ep640_50,50,512,128,640,1e-05,0.0,standard,32,32,32,0,1024,5.0,mesuré ici,0.5276099734104586,0.6910437984994438,0.5996293351403246
75e6bdca12b3c5d7,363681,in_vehicle_coupon_recommendation,4734,ep640_50,50,512,128,640,1e-05,0.0,standard,32,32,32,1,1024,4.7,mesuré ici,0.538533454618961,0.6959442396522157,0.593834774306295
75e6bdca12b3c5d7,363681,in_vehicle_coupon_recommendation,4734,ep640_50,50,512,128,640,1e-05,0.0,standard,32,32,32,2,1024,4.6,mesuré ici,0.6229805165523783,0.6700138259011428,0.6832117436248236
75e6bdca12b3c5d7,363681,in_vehicle_coupon_recommendation,4734,ep640_50,50,512,128,640,1e-05,0.0,standard,64,64,64,0,1024,4.7,mesuré ici,0.6096118859915101,0.666848018579471,0.6653209837572562
75e6bdca12b3c5d7,363681,in_vehicle_coupon_recommendation,4734,ep640_50,50,512,128,640,1e-05,0.0,standard,64,64,64,1,1024,4.7,mesuré ici,0.6047876724044099,0.6699093891806487,0.6570232681922852
75e6bdca12b3c5d7,363681,in_vehicle_coupon_recommendation,4734,ep640_50,50,512,128,640,1e-05,0.0,standard,64,64,64,2,1024,4.6,mesuré ici,0.6258979801278164,0.6728482734788988,0.6689135257052795
75e6bdca12b3c5d7,363681,in_vehicle_coupon_recommendation,4734,ep640_50,50,512,128,640,1e-05,0.0,standard,128,128,128,0,1024,4.8,mesuré ici,0.6815746917323631,0.6356989457992599,0.7086835681533628
75e6bdca12b3c5d7,363681,in_vehicle_coupon_recommendation,4734,ep640_50,50,512,128,640,1e-05,0.0,standard,128,128,128,1,1024,4.7,mesuré ici,0.5743204894963536,0.6796882331937124,0.6446826933604027
75e6bdca12b3c5d7,363681,in_vehicle_coupon_recommendation,4734,ep640_50,50,512,128,640,1e-05,0.0,standard,128,128,128,2,1024,4.8,mesuré ici,0.6425086688124892,0.6642178479697025,0.7013944193240416
75e6bdca12b3c5d7,363681,in_vehicle_coupon_recommendation,4734,ep640_50,50,512,128,640,1e-05,0.0,standard,256,256,256,0,1024,4.7,mesuré ici,0.6551309262801076,0.6573439543937711,0.703340043372479
75e6bdca12b3c5d7,363681,in_vehicle_coupon_recommendation,4734,ep640_50,50,512,128,640,1e-05,0.0,standard,256,256,256,1,1024,4.8,mesuré ici,0.6733704187464041,0.6381177689272939,0.717672486392475
75e6bdca12b3c5d7,363681,in_vehicle_coupon_recommendation,4734,ep640_50,50,512,128,640,1e-05,0.0,standard,256,256,256,2,1024,4.7,mesuré ici,0.7007316011257794,0.6252946418917994,0.7443572600306603
75e6bdca12b3c5d7,363681,in_vehicle_coupon_recommendation,4734,ep640_50,50,512,128,640,1e-05,0.0,standard,512,512,512,0,1024,4.8,mesuré ici,0.7169768779835487,0.614794754267725,0.7370189949939019
75e6bdca12b3c5d7,363681,in_vehicle_coupon_recommendation,4734,ep640_50,50,512,128,640,1e-05,0.0,standard,1024,1024,1024,0,1024,4.8,mesuré ici,0.7484197882166348,0.5854854943442986,0.7866571842881338
75e6bdca12b3c5d7,363681,in_vehicle_coupon_recommendation,4734,ep640_50,50,512,128,640,1e-05,0.0,standard,2048,2048,2048,0,1024,6.7,mesuré ici,0.7842340346130523,0.55190600511727,0.8049978227991523
75e6bdca12b3c5d7,363681,in_vehicle_coupon_recommendation,4734,ep640_50,50,512,128,640,1e-05,0.0,standard,full,4734,4734,0,1024,12.6,mesuré ici,0.8034822969631944,0.5334251749609432,0.8336555685469994
75e6bdca12b3c5d7,363681,in_vehicle_coupon_recommendation,4734,ep640_200,200,512,128,640,1e-05,0.0,standard,32,32,32,0,1024,5.1,mesuré ici,0.531907449736437,0.6906463666960472,0.6028963777478675
75e6bdca12b3c5d7,363681,in_vehicle_coupon_recommendation,4734,ep640_200,200,512,128,640,1e-05,0.0,standard,32,32,32,1,1024,4.8,mesuré ici,0.5423100247236087,0.6937943072459685,0.5982213709999297
75e6bdca12b3c5d7,363681,in_vehicle_coupon_recommendation,4734,ep640_200,200,512,128,640,1e-05,0.0,standard,32,32,32,2,1024,4.7,mesuré ici,0.6261720389979941,0.667867307565957,0.6820939760157081
75e6bdca12b3c5d7,363681,in_vehicle_coupon_recommendation,4734,ep640_200,200,512,128,640,1e-05,0.0,standard,64,64,64,0,1024,4.7,mesuré ici,0.6269106373715227,0.6609780244318745,0.6808118000524699
75e6bdca12b3c5d7,363681,in_vehicle_coupon_recommendation,4734,ep640_200,200,512,128,640,1e-05,0.0,standard,64,64,64,1,1024,4.7,mesuré ici,0.6066555488174652,0.6694391564933957,0.6576249173113513
75e6bdca12b3c5d7,363681,in_vehicle_coupon_recommendation,4734,ep640_200,200,512,128,640,1e-05,0.0,standard,64,64,64,2,1024,4.6,mesuré ici,0.6350546562796411,0.6710026248907799,0.6798711179030743
75e6bdca12b3c5d7,363681,in_vehicle_coupon_recommendation,4734,ep640_200,200,512,128,640,1e-05,0.0,standard,128,128,128,0,1024,4.9,mesuré ici,0.693087107959758,0.6269525407584736,0.7277367788056607
75e6bdca12b3c5d7,363681,in_vehicle_coupon_recommendation,4734,ep640_200,200,512,128,640,1e-05,0.0,standard,128,128,128,1,1024,4.8,mesuré ici,0.5770474724386185,0.6776806580671428,0.6499462176159307
75e6bdca12b3c5d7,363681,in_vehicle_coupon_recommendation,4734,ep640_200,200,512,128,640,1e-05,0.0,standard,128,128,128,2,1024,4.9,mesuré ici,0.6451753976769138,0.6586889046603275,0.7074936823472503
75e6bdca12b3c5d7,363681,in_vehicle_coupon_recommendation,4734,ep640_200,200,512,128,640,1e-05,0.0,standard,256,256,256,0,1024,4.8,mesuré ici,0.6991027973441557,0.6258353665396852,0.7261634330913366
75e6bdca12b3c5d7,363681,in_vehicle_coupon_recommendation,4734,ep640_200,200,512,128,640,1e-05,0.0,standard,256,256,256,1,1024,4.9,mesuré ici,0.6831374103963552,0.6336938096830226,0.7289801938236596
75e6bdca12b3c5d7,363681,in_vehicle_coupon_recommendation,4734,ep640_200,200,512,128,640,1e-05,0.0,standard,256,256,256,2,1024,4.8,mesuré ici,0.7188777969554198,0.6141503064323017,0.7582410619047257
75e6bdca12b3c5d7,363681,in_vehicle_coupon_recommendation,4734,ep640_200,200,512,128,640,1e-05,0.0,standard,512,512,512,0,1024,4.9,mesuré ici,0.7433817698371974,0.5946254096375352,0.7579370298680578
75e6bdca12b3c5d7,363681,in_vehicle_coupon_recommendation,4734,ep640_200,200,512,128,640,1e-05,0.0,standard,1024,1024,1024,0,1024,4.9,mesuré ici,0.7554209233257141,0.5785346295971563,0.7932601644983099
75e6bdca12b3c5d7,363681,in_vehicle_coupon_recommendation,4734,ep640_200,200,512,128,640,1e-05,0.0,standard,2048,2048,2048,0,1024,6.7,mesuré ici,0.7857326118393432,0.5538001188501585,0.811065800760644
75e6bdca12b3c5d7,363681,in_vehicle_coupon_recommendation,4734,ep640_200,200,512,128,640,1e-05,0.0,standard,full,4734,4734,0,1024,12.5,mesuré ici,0.8082501438323149,0.5273330365465553,0.8297811300029749
75e6bdca12b3c5d7,363689,NATICUSdroid,2796,ep640_25,25,512,128,640,1e-05,0.0,standard,32,32,32,0,999,5.2,mesuré ici,0.9636451683909313,0.23742276451127337,0.9427886713279363
75e6bdca12b3c5d7,363689,NATICUSdroid,2796,ep640_25,25,512,128,640,1e-05,0.0,standard,32,32,32,1,999,4.8,mesuré ici,0.9201915034118424,0.33186588703251924,0.8927210462826874
75e6bdca12b3c5d7,363689,NATICUSdroid,2796,ep640_25,25,512,128,640,1e-05,0.0,standard,32,32,32,2,999,4.8,mesuré ici,0.9541822584195465,0.2985755320481184,0.9280329008113338
75e6bdca12b3c5d7,363689,NATICUSdroid,2796,ep640_25,25,512,128,640,1e-05,0.0,standard,64,64,64,0,999,4.8,mesuré ici,0.9551595861765352,0.2866877107541432,0.9482556706031787
75e6bdca12b3c5d7,363689,NATICUSdroid,2796,ep640_25,25,512,128,640,1e-05,0.0,standard,64,64,64,1,999,4.8,mesuré ici,0.9691327316751046,0.22655096603870367,0.9599889478350708
75e6bdca12b3c5d7,363689,NATICUSdroid,2796,ep640_25,25,512,128,640,1e-05,0.0,standard,64,64,64,2,999,4.8,mesuré ici,0.9482786704820605,0.3012159374136397,0.9283740338057854
75e6bdca12b3c5d7,363689,NATICUSdroid,2796,ep640_25,25,512,128,640,1e-05,0.0,standard,128,128,128,0,999,6.5,mesuré ici,0.947312348668281,0.2899616102166615,0.9260811455058124
75e6bdca12b3c5d7,363689,NATICUSdroid,2796,ep640_25,25,512,128,640,1e-05,0.0,standard,128,128,128,1,999,6.5,mesuré ici,0.9677217697556681,0.23925143536595092,0.954025129559579
75e6bdca12b3c5d7,363689,NATICUSdroid,2796,ep640_25,25,512,128,640,1e-05,0.0,standard,128,128,128,2,999,6.4,mesuré ici,0.9557715166189742,0.24688955540340712,0.9483604512986297
75e6bdca12b3c5d7,363689,NATICUSdroid,2796,ep640_25,25,512,128,640,1e-05,0.0,standard,256,256,256,0,999,6.2,mesuré ici,0.9793110279550957,0.17522208645399892,0.9702052492423358
75e6bdca12b3c5d7,363689,NATICUSdroid,2796,ep640_25,25,512,128,640,1e-05,0.0,standard,256,256,256,1,999,6.3,mesuré ici,0.9763592339863527,0.1860196157181563,0.9672226046724867
75e6bdca12b3c5d7,363689,NATICUSdroid,2796,ep640_25,25,512,128,640,1e-05,0.0,standard,256,256,256,2,999,6.2,mesuré ici,0.9749196566145719,0.1823926392864429,0.964948712293717
75e6bdca12b3c5d7,363689,NATICUSdroid,2796,ep640_25,25,512,128,640,1e-05,0.0,standard,512,512,512,0,999,6.3,mesuré ici,0.9768214836011446,0.18057899562009833,0.9668314006146145
75e6bdca12b3c5d7,363689,NATICUSdroid,2796,ep640_25,25,512,128,640,1e-05,0.0,standard,1024,1024,1024,0,999,7.4,mesuré ici,0.9821395553598944,0.1600421019915406,0.9727792917967913
75e6bdca12b3c5d7,363689,NATICUSdroid,2796,ep640_25,25,512,128,640,1e-05,0.0,standard,2048,2048,2048,0,999,12.0,mesuré ici,0.9845564604886639,0.15262679471783683,0.9758511240757437
75e6bdca12b3c5d7,363689,NATICUSdroid,2796,ep640_25,25,512,128,640,1e-05,0.0,standard,full,2796,2796,0,999,14.6,mesuré ici,0.9862976007043803,0.14057699108040353,0.9788400847206701
75e6bdca12b3c5d7,363689,NATICUSdroid,2796,ep640_50,50,512,128,640,1e-05,0.0,standard,32,32,32,0,999,5.2,mesuré ici,0.9654061193044243,0.2417797726868546,0.9470503342838525
75e6bdca12b3c5d7,363689,NATICUSdroid,2796,ep640_50,50,512,128,640,1e-05,0.0,standard,32,32,32,1,999,4.9,mesuré ici,0.9145322474136033,0.3451379334874501,0.8875029746638567
75e6bdca12b3c5d7,363689,NATICUSdroid,2796,ep640_50,50,512,128,640,1e-05,0.0,standard,32,32,32,2,999,4.8,mesuré ici,0.9557517059211976,0.29604448368470954,0.9300302233987585
75e6bdca12b3c5d7,363689,NATICUSdroid,2796,ep640_50,50,512,128,640,1e-05,0.0,standard,64,64,64,0,999,4.8,mesuré ici,0.9552784503631961,0.2934764009721707,0.9488665364071125
75e6bdca12b3c5d7,363689,NATICUSdroid,2796,ep640_50,50,512,128,640,1e-05,0.0,standard,64,64,64,1,999,4.7,mesuré ici,0.9708034338542814,0.2247723455523141,0.9612347784798785
75e6bdca12b3c5d7,363689,NATICUSdroid,2796,ep640_50,50,512,128,640,1e-05,0.0,standard,64,64,64,2,999,4.8,mesuré ici,0.9508518600044025,0.29558418639413225,0.9303825241235067
75e6bdca12b3c5d7,363689,NATICUSdroid,2796,ep640_50,50,512,128,640,1e-05,0.0,standard,128,128,128,0,999,6.3,mesuré ici,0.948798151001541,0.27878451654247044,0.9293185799495822
75e6bdca12b3c5d7,363689,NATICUSdroid,2796,ep640_50,50,512,128,640,1e-05,0.0,standard,128,128,128,1,999,6.3,mesuré ici,0.9690732995817741,0.24363869440895738,0.9563707387102599
75e6bdca12b3c5d7,363689,NATICUSdroid,2796,ep640_50,50,512,128,640,1e-05,0.0,standard,128,128,128,2,999,6.3,mesuré ici,0.9552564384767774,0.24784440779703612,0.948369755480859
75e6bdca12b3c5d7,363689,NATICUSdroid,2796,ep640_50,50,512,128,640,1e-05,0.0,standard,256,256,256,0,999,6.3,mesuré ici,0.9797974906449483,0.1836585112566313,0.9706577878440641
75e6bdca12b3c5d7,363689,NATICUSdroid,2796,ep640_50,50,512,128,640,1e-05,0.0,standard,256,256,256,1,999,6.3,mesuré ici,0.9753378824565265,0.19376668667865543,0.9660465150529705
75e6bdca12b3c5d7,363689,NATICUSdroid,2796,ep640_50,50,512,128,640,1e-05,0.0,standard,256,256,256,2,999,6.4,mesuré ici,0.976090688972045,0.18169974672423067,0.9664916819053763
75e6bdca12b3c5d7,363689,NATICUSdroid,2796,ep640_50,50,512,128,640,1e-05,0.0,standard,512,512,512,0,999,6.5,mesuré ici,0.9785538190622937,0.17947848440102052,0.9687745649021965
75e6bdca12b3c5d7,363689,NATICUSdroid,2796,ep640_50,50,512,128,640,1e-05,0.0,standard,1024,1024,1024,0,999,7.4,mesuré ici,0.9829605987233105,0.1641019435124142,0.9742469678631407
75e6bdca12b3c5d7,363689,NATICUSdroid,2796,ep640_50,50,512,128,640,1e-05,0.0,standard,2048,2048,2048,0,999,12.0,mesuré ici,0.9850275148580233,0.15894063278970855,0.9766419036796355
75e6bdca12b3c5d7,363689,NATICUSdroid,2796,ep640_50,50,512,128,640,1e-05,0.0,standard,full,2796,2796,0,999,14.5,mesuré ici,0.9862601804974687,0.14751707080202395,0.9790442103855111
75e6bdca12b3c5d7,363689,NATICUSdroid,2796,ep640_200,200,512,128,640,1e-05,0.0,standard,32,32,32,0,999,5.3,mesuré ici,0.9650187101034557,0.2498802404663502,0.9474535066859013
75e6bdca12b3c5d7,363689,NATICUSdroid,2796,ep640_200,200,512,128,640,1e-05,0.0,standard,32,32,32,1,999,4.8,mesuré ici,0.9090666960158487,0.3566991811875935,0.8790844230004262
75e6bdca12b3c5d7,363689,NATICUSdroid,2796,ep640_200,200,512,128,640,1e-05,0.0,standard,32,32,32,2,999,4.8,mesuré ici,0.9555712084525645,0.293362796684884,0.9278953077937078
75e6bdca12b3c5d7,363689,NATICUSdroid,2796,ep640_200,200,512,128,640,1e-05,0.0,standard,64,64,64,0,999,4.8,mesuré ici,0.9539071098393133,0.2959124823687488,0.9473851796148877
75e6bdca12b3c5d7,363689,NATICUSdroid,2796,ep640_200,200,512,128,640,1e-05,0.0,standard,64,64,64,1,999,4.8,mesuré ici,0.9723288575830948,0.218533974708423,0.962536684274887
75e6bdca12b3c5d7,363689,NATICUSdroid,2796,ep640_200,200,512,128,640,1e-05,0.0,standard,64,64,64,2,999,4.8,mesuré ici,0.9512348668280871,0.300351297178015,0.9305037620906548
75e6bdca12b3c5d7,363689,NATICUSdroid,2796,ep640_200,200,512,128,640,1e-05,0.0,standard,128,128,128,0,999,6.3,mesuré ici,0.9514483821263482,0.2800041305518347,0.9324887751982117
75e6bdca12b3c5d7,363689,NATICUSdroid,2796,ep640_200,200,512,128,640,1e-05,0.0,standard,128,128,128,1,999,6.2,mesuré ici,0.9708210433634162,0.23761649935927853,0.9581204295464464
75e6bdca12b3c5d7,363689,NATICUSdroid,2796,ep640_200,200,512,128,640,1e-05,0.0,standard,128,128,128,2,999,6.3,mesuré ici,0.9559960378604447,0.2551013258549663,0.9486055855885067
75e6bdca12b3c5d7,363689,NATICUSdroid,2796,ep640_200,200,512,128,640,1e-05,0.0,standard,256,256,256,0,999,6.4,mesuré ici,0.9806889720449042,0.18641690587335322,0.9719473133802037
75e6bdca12b3c5d7,363689,NATICUSdroid,2796,ep640_200,200,512,128,640,1e-05,0.0,standard,256,256,256,1,999,6.3,mesuré ici,0.9772705260840854,0.19467693326950225,0.9685180406521608
75e6bdca12b3c5d7,363689,NATICUSdroid,2796,ep640_200,200,512,128,640,1e-05,0.0,standard,256,256,256,2,999,6.3,mesuré ici,0.9771736737838432,0.18318207448013718,0.9668744797585802
75e6bdca12b3c5d7,363689,NATICUSdroid,2796,ep640_200,200,512,128,640,1e-05,0.0,standard,512,512,512,0,999,6.4,mesuré ici,0.9814615892581995,0.17361217885162927,0.9728720781809573
75e6bdca12b3c5d7,363689,NATICUSdroid,2796,ep640_200,200,512,128,640,1e-05,0.0,standard,1024,1024,1024,0,999,7.3,mesuré ici,0.9846555139775478,0.15902937552426194,0.9764151522418761
75e6bdca12b3c5d7,363689,NATICUSdroid,2796,ep640_200,200,512,128,640,1e-05,0.0,standard,2048,2048,2048,0,999,11.9,mesuré ici,0.9850363196125907,0.16450721146324943,0.9768385595899828
75e6bdca12b3c5d7,363689,NATICUSdroid,2796,ep640_200,200,512,128,640,1e-05,0.0,standard,full,2796,2796,0,999,14.5,mesuré ici,0.9859145938806956,0.16039662201234026,0.9782563154512776
75e6bdca12b3c5d7,363691,online_shoppers_intention,4603,ep640_25,25,512,128,640,1e-05,0.0,standard,32,32,32,0,1024,4.9,mesuré ici,0.9012738620750139,0.3220822057381605,0.6231013683561534
75e6bdca12b3c5d7,363691,online_shoppers_intention,4603,ep640_25,25,512,128,640,1e-05,0.0,standard,32,32,32,1,1024,4.6,mesuré ici,0.8620384716578477,0.3095706985186359,0.5570107196558081
75e6bdca12b3c5d7,363691,online_shoppers_intention,4603,ep640_25,25,512,128,640,1e-05,0.0,standard,32,32,32,2,1024,4.6,mesuré ici,0.7607361066448388,0.3840698648708538,0.35728345110683063
75e6bdca12b3c5d7,363691,online_shoppers_intention,4603,ep640_25,25,512,128,640,1e-05,0.0,standard,64,64,64,0,1024,4.5,mesuré ici,0.8403616218902564,0.3620032051636826,0.49679374826648215
75e6bdca12b3c5d7,363691,online_shoppers_intention,4603,ep640_25,25,512,128,640,1e-05,0.0,standard,64,64,64,1,1024,4.6,mesuré ici,0.8880090332388106,0.28027282452686936,0.5773553023213567
75e6bdca12b3c5d7,363691,online_shoppers_intention,4603,ep640_25,25,512,128,640,1e-05,0.0,standard,64,64,64,2,1024,5.1,mesuré ici,0.853041775075277,0.35807668855632646,0.5856922696412976
75e6bdca12b3c5d7,363691,online_shoppers_intention,4603,ep640_25,25,512,128,640,1e-05,0.0,standard,128,128,128,0,1024,4.6,mesuré ici,0.8913891893472097,0.28430115221342145,0.6038362604052425
75e6bdca12b3c5d7,363691,online_shoppers_intention,4603,ep640_25,25,512,128,640,1e-05,0.0,standard,128,128,128,1,1024,4.5,mesuré ici,0.8916376764989622,0.28375199541183127,0.6086074431244987
75e6bdca12b3c5d7,363691,online_shoppers_intention,4603,ep640_25,25,512,128,640,1e-05,0.0,standard,128,128,128,2,1024,4.6,mesuré ici,0.899636770251703,0.2732751261837564,0.6498999313991086
75e6bdca12b3c5d7,363691,online_shoppers_intention,4603,ep640_25,25,512,128,640,1e-05,0.0,standard,256,256,256,0,1024,4.6,mesuré ici,0.9112608530417752,0.2574628890580697,0.7014751907942038
75e6bdca12b3c5d7,363691,online_shoppers_intention,4603,ep640_25,25,512,128,640,1e-05,0.0,standard,256,256,256,1,1024,4.6,mesuré ici,0.9084471014704593,0.2742263620070887,0.6767779538647314
75e6bdca12b3c5d7,363691,online_shoppers_intention,4603,ep640_25,25,512,128,640,1e-05,0.0,standard,256,256,256,2,1024,4.6,mesuré ici,0.9013177127488525,0.26595417462696275,0.6646625040429385
75e6bdca12b3c5d7,363691,online_shoppers_intention,4603,ep640_25,25,512,128,640,1e-05,0.0,standard,512,512,512,0,1024,4.6,mesuré ici,0.9112571988189553,0.2659364343696338,0.6567993864090091
75e6bdca12b3c5d7,363691,online_shoppers_intention,4603,ep640_25,25,512,128,640,1e-05,0.0,standard,1024,1024,1024,0,1024,4.7,mesuré ici,0.9289472914900458,0.2379659201182145,0.7052067229068042
75e6bdca12b3c5d7,363691,online_shoppers_intention,4603,ep640_25,25,512,128,640,1e-05,0.0,standard,2048,2048,2048,0,1024,6.0,mesuré ici,0.9282054842576081,0.2381041562409114,0.7132099768512108
75e6bdca12b3c5d7,363691,online_shoppers_intention,4603,ep640_25,25,512,128,640,1e-05,0.0,standard,full,4603,4603,0,1024,11.2,mesuré ici,0.9323968778320227,0.23056087209382062,0.7362644933483585
75e6bdca12b3c5d7,363691,online_shoppers_intention,4603,ep640_50,50,512,128,640,1e-05,0.0,standard,32,32,32,0,1024,4.8,mesuré ici,0.9008061215540679,0.313460551003914,0.624594995628414
75e6bdca12b3c5d7,363691,online_shoppers_intention,4603,ep640_50,50,512,128,640,1e-05,0.0,standard,32,32,32,1,1024,4.5,mesuré ici,0.8624550530593154,0.30630754280720196,0.5562043306485783
75e6bdca12b3c5d7,363691,online_shoppers_intention,4603,ep640_50,50,512,128,640,1e-05,0.0,standard,32,32,32,2,1024,4.6,mesuré ici,0.7684574794632677,0.38137607590927425,0.3579722687404436
75e6bdca12b3c5d7,363691,online_shoppers_intention,4603,ep640_50,50,512,128,640,1e-05,0.0,standard,64,64,64,0,1024,4.5,mesuré ici,0.8416881047738768,0.35917060779517174,0.5038040536684584
75e6bdca12b3c5d7,363691,online_shoppers_intention,4603,ep640_50,50,512,128,640,1e-05,0.0,standard,64,64,64,1,1024,4.5,mesuré ici,0.884957757184202,0.28091023834445866,0.5690959290451251
75e6bdca12b3c5d7,363691,online_shoppers_intention,4603,ep640_50,50,512,128,640,1e-05,0.0,standard,64,64,64,2,1024,4.5,mesuré ici,0.8394663372993831,0.359905759094079,0.5594653821769142
75e6bdca12b3c5d7,363691,online_shoppers_intention,4603,ep640_50,50,512,128,640,1e-05,0.0,standard,128,128,128,0,1024,4.5,mesuré ici,0.8903842780717397,0.28248758784444095,0.6050075176134238
75e6bdca12b3c5d7,363691,online_shoppers_intention,4603,ep640_50,50,512,128,640,1e-05,0.0,standard,128,128,128,1,1024,4.5,mesuré ici,0.8900334726810303,0.2837957748175336,0.6103639651732569
75e6bdca12b3c5d7,363691,online_shoppers_intention,4603,ep640_50,50,512,128,640,1e-05,0.0,standard,128,128,128,2,1024,4.6,mesuré ici,0.9003931943754204,0.26955214430810226,0.6637138400592014
75e6bdca12b3c5d7,363691,online_shoppers_intention,4603,ep640_50,50,512,128,640,1e-05,0.0,standard,256,256,256,0,1024,4.5,mesuré ici,0.907986669395153,0.25687643802781407,0.7083911412883548
75e6bdca12b3c5d7,363691,online_shoppers_intention,4603,ep640_50,50,512,128,640,1e-05,0.0,standard,256,256,256,1,1024,4.5,mesuré ici,0.9082972783348437,0.2643718616369609,0.6920525331160401
75e6bdca12b3c5d7,363691,online_shoppers_intention,4603,ep640_50,50,512,128,640,1e-05,0.0,standard,256,256,256,2,1024,4.5,mesuré ici,0.8979156313035345,0.26572592657600513,0.6804658519587418
75e6bdca12b3c5d7,363691,online_shoppers_intention,4603,ep640_50,50,512,128,640,1e-05,0.0,standard,512,512,512,0,1024,4.6,mesuré ici,0.9130514222235215,0.2601655184121115,0.6644473540726435
75e6bdca12b3c5d7,363691,online_shoppers_intention,4603,ep640_50,50,512,128,640,1e-05,0.0,standard,1024,1024,1024,0,1024,4.6,mesuré ici,0.9301787645803491,0.2324649659071575,0.7250322791383395
75e6bdca12b3c5d7,363691,online_shoppers_intention,4603,ep640_50,50,512,128,640,1e-05,0.0,standard,2048,2048,2048,0,1024,6.0,mesuré ici,0.9281250913555705,0.23606749108241898,0.7165410165099754
75e6bdca12b3c5d7,363691,online_shoppers_intention,4603,ep640_50,50,512,128,640,1e-05,0.0,standard,full,4603,4603,0,1024,11.1,mesuré ici,0.9312457976437573,0.23062291460583878,0.7363205745097738
75e6bdca12b3c5d7,363691,online_shoppers_intention,4603,ep640_200,200,512,128,640,1e-05,0.0,standard,32,32,32,0,1024,4.8,mesuré ici,0.9005247463969364,0.31275807482612705,0.6287620895667475
75e6bdca12b3c5d7,363691,online_shoppers_intention,4603,ep640_200,200,512,128,640,1e-05,0.0,standard,32,32,32,1,1024,4.5,mesuré ici,0.8672201596164527,0.3029625078144802,0.5591124398786476
75e6bdca12b3c5d7,363691,online_shoppers_intention,4603,ep640_200,200,512,128,640,1e-05,0.0,standard,32,32,32,2,1024,4.5,mesuré ici,0.7680116642792412,0.38178964867771953,0.3597296045993526
75e6bdca12b3c5d7,363691,online_shoppers_intention,4603,ep640_200,200,512,128,640,1e-05,0.0,standard,64,64,64,0,1024,4.5,mesuré ici,0.8370984009120941,0.35311393396473933,0.48895953194737124
75e6bdca12b3c5d7,363691,online_shoppers_intention,4603,ep640_200,200,512,128,640,1e-05,0.0,standard,64,64,64,1,1024,4.5,mesuré ici,0.8804667173385564,0.28468778663631417,0.5490721136081298
75e6bdca12b3c5d7,363691,online_shoppers_intention,4603,ep640_200,200,512,128,640,1e-05,0.0,standard,64,64,64,2,1024,4.5,mesuré ici,0.8298740023971702,0.35665235675261114,0.5464476355840907
75e6bdca12b3c5d7,363691,online_shoppers_intention,4603,ep640_200,200,512,128,640,1e-05,0.0,standard,128,128,128,0,1024,4.6,mesuré ici,0.9026843920834917,0.2719360479427662,0.6321122472198601
75e6bdca12b3c5d7,363691,online_shoppers_intention,4603,ep640_200,200,512,128,640,1e-05,0.0,standard,128,128,128,1,1024,4.5,mesuré ici,0.9006782237553717,0.2706111959737609,0.6324822511041328
75e6bdca12b3c5d7,363691,online_shoppers_intention,4603,ep640_200,200,512,128,640,1e-05,0.0,standard,128,128,128,2,1024,4.5,mesuré ici,0.9018621919490163,0.26804416235008166,0.6744572625515737
75e6bdca12b3c5d7,363691,online_shoppers_intention,4603,ep640_200,200,512,128,640,1e-05,0.0,standard,256,256,256,0,1024,4.5,mesuré ici,0.9138882392492764,0.2531619591937845,0.72399430658025
75e6bdca12b3c5d7,363691,online_shoppers_intention,4603,ep640_200,200,512,128,640,1e-05,0.0,standard,256,256,256,1,1024,4.6,mesuré ici,0.9108113836349285,0.2594591990690057,0.7034679702118113
75e6bdca12b3c5d7,363691,online_shoppers_intention,4603,ep640_200,200,512,128,640,1e-05,0.0,standard,256,256,256,2,1024,4.5,mesuré ici,0.9082388107697256,0.25541299010888163,0.6891442209975628
75e6bdca12b3c5d7,363691,online_shoppers_intention,4603,ep640_200,200,512,128,640,1e-05,0.0,standard,512,512,512,0,1024,4.6,mesuré ici,0.9196326775221446,0.25225009232557727,0.6882794524386621
75e6bdca12b3c5d7,363691,online_shoppers_intention,4603,ep640_200,200,512,128,640,1e-05,0.0,standard,1024,1024,1024,0,1024,4.6,mesuré ici,0.9312384891981172,0.23243863386257752,0.7293368373647957
75e6bdca12b3c5d7,363691,online_shoppers_intention,4603,ep640_200,200,512,128,640,1e-05,0.0,standard,2048,2048,2048,0,1024,6.0,mesuré ici,0.929415032010992,0.23569403882422182,0.7284446527890454
75e6bdca12b3c5d7,363691,online_shoppers_intention,4603,ep640_200,200,512,128,640,1e-05,0.0,standard,full,4603,4603,0,1024,11.1,mesuré ici,0.9306245797643757,0.2340088989568603,0.7330741352218106
75e6bdca12b3c5d7,363694,polish_companies_bankruptcy,2206,ep640_25,25,512,128,640,1e-05,0.0,standard,32,32,32,0,788,4.6,mesuré ici,0.7353838521642069,0.23682509074300043,0.21409328692447033
75e6bdca12b3c5d7,363694,polish_companies_bankruptcy,2206,ep640_25,25,512,128,640,1e-05,0.0,standard,32,32,32,1,788,4.2,mesuré ici,0.74939848691554,0.2695339575070242,0.2723319415038936
75e6bdca12b3c5d7,363694,polish_companies_bankruptcy,2206,ep640_25,25,512,128,640,1e-05,0.0,standard,32,32,32,2,788,4.3,mesuré ici,0.7674934887758897,0.22469471640028937,0.25845583852551735
75e6bdca12b3c5d7,363694,polish_companies_bankruptcy,2206,ep640_25,25,512,128,640,1e-05,0.0,standard,64,64,64,0,788,4.2,mesuré ici,0.8041051717722931,0.2098154900769613,0.3267604737783444
75e6bdca12b3c5d7,363694,polish_companies_bankruptcy,2206,ep640_25,25,512,128,640,1e-05,0.0,standard,64,64,64,1,788,4.2,mesuré ici,0.7460126503782711,0.22767770572483698,0.29182194889452134
75e6bdca12b3c5d7,363694,polish_companies_bankruptcy,2206,ep640_25,25,512,128,640,1e-05,0.0,standard,64,64,64,2,788,4.1,mesuré ici,0.7783579312910827,0.21430789588427018,0.2757861680785826
75e6bdca12b3c5d7,363694,polish_companies_bankruptcy,2206,ep640_25,25,512,128,640,1e-05,0.0,standard,128,128,128,0,788,4.2,mesuré ici,0.8636115589730868,0.1834447420612531,0.4320762517655229
75e6bdca12b3c5d7,363694,polish_companies_bankruptcy,2206,ep640_25,25,512,128,640,1e-05,0.0,standard,128,128,128,1,788,4.2,mesuré ici,0.8034726528587374,0.20865110125250885,0.28687188103752564
75e6bdca12b3c5d7,363694,polish_companies_bankruptcy,2206,ep640_25,25,512,128,640,1e-05,0.0,standard,128,128,128,2,788,4.8,mesuré ici,0.789842490388193,0.2176015598384998,0.2179949921363204
75e6bdca12b3c5d7,363694,polish_companies_bankruptcy,2206,ep640_25,25,512,128,640,1e-05,0.0,standard,256,256,256,0,788,4.3,mesuré ici,0.8951382859977676,0.17666638112213748,0.4130223650721018
75e6bdca12b3c5d7,363694,polish_companies_bankruptcy,2206,ep640_25,25,512,128,640,1e-05,0.0,standard,256,256,256,1,788,4.2,mesuré ici,0.8487039563437927,0.18527719692827568,0.4574081642413802
75e6bdca12b3c5d7,363694,polish_companies_bankruptcy,2206,ep640_25,25,512,128,640,1e-05,0.0,standard,256,256,256,2,788,4.3,mesuré ici,0.8268386456653851,0.20466129175131187,0.40029365192595256
75e6bdca12b3c5d7,363694,polish_companies_bankruptcy,2206,ep640_25,25,512,128,640,1e-05,0.0,standard,512,512,512,0,788,4.3,mesuré ici,0.9637231799578321,0.10604478539735289,0.7801163096746453
75e6bdca12b3c5d7,363694,polish_companies_bankruptcy,2206,ep640_25,25,512,128,640,1e-05,0.0,standard,1024,1024,1024,0,788,4.7,mesuré ici,0.9691057918888751,0.09153983464080803,0.8290406270288316
75e6bdca12b3c5d7,363694,polish_companies_bankruptcy,2206,ep640_25,25,512,128,640,1e-05,0.0,standard,2048,2048,2048,0,788,7.8,mesuré ici,0.9822646657571622,0.07445674500444861,0.8881063731673052
75e6bdca12b3c5d7,363694,polish_companies_bankruptcy,2206,ep640_25,25,512,128,640,1e-05,0.0,standard,full,2206,2206,0,788,8.2,mesuré ici,0.9873496217288851,0.06263421545043546,0.9125022792998857
75e6bdca12b3c5d7,363694,polish_companies_bankruptcy,2206,ep640_50,50,512,128,640,1e-05,0.0,standard,32,32,32,0,788,4.6,mesuré ici,0.7344288726280541,0.2335943704410522,0.20761269446321662
75e6bdca12b3c5d7,363694,polish_companies_bankruptcy,2206,ep640_50,50,512,128,640,1e-05,0.0,standard,32,32,32,1,788,4.2,mesuré ici,0.7510728016867172,0.2600329780019034,0.2739849293604763
75e6bdca12b3c5d7,363694,polish_companies_bankruptcy,2206,ep640_50,50,512,128,640,1e-05,0.0,standard,32,32,32,2,788,4.2,mesuré ici,0.7702592087312415,0.22427662737141085,0.2680276846004656
75e6bdca12b3c5d7,363694,polish_companies_bankruptcy,2206,ep640_50,50,512,128,640,1e-05,0.0,standard,64,64,64,0,788,4.3,mesuré ici,0.8045144487163587,0.2089376335906988,0.31434040730395585
75e6bdca12b3c5d7,363694,polish_companies_bankruptcy,2206,ep640_50,50,512,128,640,1e-05,0.0,standard,64,64,64,1,788,4.2,mesuré ici,0.749894580181074,0.2237959032203326,0.30191149463966005
75e6bdca12b3c5d7,363694,polish_companies_bankruptcy,2206,ep640_50,50,512,128,640,1e-05,0.0,standard,64,64,64,2,788,4.3,mesuré ici,0.7818429864814586,0.21303367174815832,0.2807321487319887
75e6bdca12b3c5d7,363694,polish_companies_bankruptcy,2206,ep640_50,50,512,128,640,1e-05,0.0,standard,128,128,128,0,788,4.2,mesuré ici,0.8694654595063871,0.18152692473924434,0.4305232075379467
75e6bdca12b3c5d7,363694,polish_companies_bankruptcy,2206,ep640_50,50,512,128,640,1e-05,0.0,standard,128,128,128,1,788,4.2,mesuré ici,0.8046260697011038,0.20834553178182189,0.2940172963795545
75e6bdca12b3c5d7,363694,polish_companies_bankruptcy,2206,ep640_50,50,512,128,640,1e-05,0.0,standard,128,128,128,2,788,4.2,mesuré ici,0.7946297904005952,0.21668885395377344,0.22513795604038642
75e6bdca12b3c5d7,363694,polish_companies_bankruptcy,2206,ep640_50,50,512,128,640,1e-05,0.0,standard,256,256,256,0,788,4.2,mesuré ici,0.913146471536649,0.17054629830405174,0.43420224301455473
75e6bdca12b3c5d7,363694,polish_companies_bankruptcy,2206,ep640_50,50,512,128,640,1e-05,0.0,standard,256,256,256,1,788,4.2,mesuré ici,0.8441895076274339,0.18369792751285946,0.4713925614867026
75e6bdca12b3c5d7,363694,polish_companies_bankruptcy,2206,ep640_50,50,512,128,640,1e-05,0.0,standard,256,256,256,2,788,4.2,mesuré ici,0.836921741287362,0.19685597264211507,0.46414070049031736
75e6bdca12b3c5d7,363694,polish_companies_bankruptcy,2206,ep640_50,50,512,128,640,1e-05,0.0,standard,512,512,512,0,788,4.3,mesuré ici,0.9664144859233536,0.10099855058381259,0.7994022655434396
75e6bdca12b3c5d7,363694,polish_companies_bankruptcy,2206,ep640_50,50,512,128,640,1e-05,0.0,standard,1024,1024,1024,0,788,4.7,mesuré ici,0.9710529579560958,0.0906359769668782,0.8355620929033634
75e6bdca12b3c5d7,363694,polish_companies_bankruptcy,2206,ep640_50,50,512,128,640,1e-05,0.0,standard,2048,2048,2048,0,788,7.7,mesuré ici,0.9831576336351234,0.0687925228945475,0.9014265357955251
75e6bdca12b3c5d7,363694,polish_companies_bankruptcy,2206,ep640_50,50,512,128,640,1e-05,0.0,standard,full,2206,2206,0,788,8.2,mesuré ici,0.9870767704328414,0.06253075317712804,0.9136426885126812
75e6bdca12b3c5d7,363694,polish_companies_bankruptcy,2206,ep640_200,200,512,128,640,1e-05,0.0,standard,32,32,32,0,788,4.6,mesuré ici,0.7338335607094134,0.2299648788741346,0.1968070285905837
75e6bdca12b3c5d7,363694,polish_companies_bankruptcy,2206,ep640_200,200,512,128,640,1e-05,0.0,standard,32,32,32,1,788,4.3,mesuré ici,0.7561081483318863,0.2449397368200961,0.27180576383861726
75e6bdca12b3c5d7,363694,polish_companies_bankruptcy,2206,ep640_200,200,512,128,640,1e-05,0.0,standard,32,32,32,2,788,4.2,mesuré ici,0.7989085948158253,0.21660842095485844,0.30155483493334306
75e6bdca12b3c5d7,363694,polish_companies_bankruptcy,2206,ep640_200,200,512,128,640,1e-05,0.0,standard,64,64,64,0,788,4.2,mesuré ici,0.8145975443383355,0.20375804429502972,0.3355587843857582
75e6bdca12b3c5d7,363694,polish_companies_bankruptcy,2206,ep640_200,200,512,128,640,1e-05,0.0,standard,64,64,64,1,788,4.2,mesuré ici,0.7759518789532431,0.21647433257862003,0.3192043185010671
75e6bdca12b3c5d7,363694,polish_companies_bankruptcy,2206,ep640_200,200,512,128,640,1e-05,0.0,standard,64,64,64,2,788,4.2,mesuré ici,0.7927942453181198,0.21088149797566758,0.28932062848853873
75e6bdca12b3c5d7,363694,polish_companies_bankruptcy,2206,ep640_200,200,512,128,640,1e-05,0.0,standard,128,128,128,0,788,4.2,mesuré ici,0.8798214064244076,0.17475878203721723,0.5086779768003092
75e6bdca12b3c5d7,363694,polish_companies_bankruptcy,2206,ep640_200,200,512,128,640,1e-05,0.0,standard,128,128,128,1,788,4.2,mesuré ici,0.8310802430857,0.2025450284955488,0.3022525500387651
75e6bdca12b3c5d7,363694,polish_companies_bankruptcy,2206,ep640_200,200,512,128,640,1e-05,0.0,standard,128,128,128,2,788,4.3,mesuré ici,0.812650378271115,0.21385091748117638,0.253651272099989
75e6bdca12b3c5d7,363694,polish_companies_bankruptcy,2206,ep640_200,200,512,128,640,1e-05,0.0,standard,256,256,256,0,788,4.2,mesuré ici,0.9324072925710033,0.1414142069982719,0.6724826749913122
75e6bdca12b3c5d7,363694,polish_companies_bankruptcy,2206,ep640_200,200,512,128,640,1e-05,0.0,standard,256,256,256,1,788,4.3,mesuré ici,0.8706312786803918,0.17257011206584608,0.518354830052748
75e6bdca12b3c5d7,363694,polish_companies_bankruptcy,2206,ep640_200,200,512,128,640,1e-05,0.0,standard,256,256,256,2,788,4.3,mesuré ici,0.9034602505270991,0.14633632707038885,0.6792396458508188
75e6bdca12b3c5d7,363694,polish_companies_bankruptcy,2206,ep640_200,200,512,128,640,1e-05,0.0,standard,512,512,512,0,788,4.3,mesuré ici,0.9761379139278183,0.07916687116647159,0.87129009487626
75e6bdca12b3c5d7,363694,polish_companies_bankruptcy,2206,ep640_200,200,512,128,640,1e-05,0.0,standard,1024,1024,1024,0,788,4.7,mesuré ici,0.9765099838769689,0.07919504202126958,0.8688195763470237
75e6bdca12b3c5d7,363694,polish_companies_bankruptcy,2206,ep640_200,200,512,128,640,1e-05,0.0,standard,2048,2048,2048,0,788,7.7,mesuré ici,0.981718963165075,0.06457189904434427,0.9029578613660458
75e6bdca12b3c5d7,363694,polish_companies_bankruptcy,2206,ep640_200,200,512,128,640,1e-05,0.0,standard,full,2206,2206,0,788,8.1,mesuré ici,0.9847203274215552,0.06202972617174984,0.907750157065651
75e6bdca12b3c5d7,363700,seismic-bumps,963,ep640_25,25,512,128,640,1e-05,0.0,standard,32,32,32,0,345,3.5,mesuré ici,0.6786389413988657,0.2300046151006876,0.1961055620545813
75e6bdca12b3c5d7,363700,seismic-bumps,963,ep640_25,25,512,128,640,1e-05,0.0,standard,32,32,32,1,345,3.1,mesuré ici,0.6697947610045909,0.2368641735883561,0.11719536257526744
75e6bdca12b3c5d7,363700,seismic-bumps,963,ep640_25,25,512,128,640,1e-05,0.0,standard,32,32,32,2,345,3.2,mesuré ici,0.7096948420199838,0.23350433573790788,0.11965975981487313
75e6bdca12b3c5d7,363700,seismic-bumps,963,ep640_25,25,512,128,640,1e-05,0.0,standard,64,64,64,0,345,3.2,mesuré ici,0.6516338104239805,0.2448997045385645,0.1359067209432741
75e6bdca12b3c5d7,363700,seismic-bumps,963,ep640_25,25,512,128,640,1e-05,0.0,standard,64,64,64,1,345,3.2,mesuré ici,0.7028760464488253,0.23042125037977812,0.24629590762987202
75e6bdca12b3c5d7,363700,seismic-bumps,963,ep640_25,25,512,128,640,1e-05,0.0,standard,64,64,64,2,345,3.1,mesuré ici,0.7416284093977856,0.25725820107025965,0.15661358557092772
75e6bdca12b3c5d7,363700,seismic-bumps,963,ep640_25,25,512,128,640,1e-05,0.0,standard,128,128,128,0,345,3.2,mesuré ici,0.7251552795031055,0.22729627304823874,0.14458961608615425
75e6bdca12b3c5d7,363700,seismic-bumps,963,ep640_25,25,512,128,640,1e-05,0.0,standard,128,128,128,1,345,3.4,mesuré ici,0.7421009991898461,0.22216217323003895,0.28996944118115087
75e6bdca12b3c5d7,363700,seismic-bumps,963,ep640_25,25,512,128,640,1e-05,0.0,standard,128,128,128,2,345,3.4,mesuré ici,0.6642587091547394,0.2372148063098184,0.15904861101825382
75e6bdca12b3c5d7,363700,seismic-bumps,963,ep640_25,25,512,128,640,1e-05,0.0,standard,256,256,256,0,345,3.3,mesuré ici,0.7293410748042127,0.21895363996565248,0.277875387967004
75e6bdca12b3c5d7,363700,seismic-bumps,963,ep640_25,25,512,128,640,1e-05,0.0,standard,256,256,256,1,345,3.2,mesuré ici,0.7449365379422089,0.22386348361503172,0.20474478820862252
75e6bdca12b3c5d7,363700,seismic-bumps,963,ep640_25,25,512,128,640,1e-05,0.0,standard,256,256,256,2,345,3.2,mesuré ici,0.7004455846610855,0.23011646903916164,0.1692659357426141
75e6bdca12b3c5d7,363700,seismic-bumps,963,ep640_25,25,512,128,640,1e-05,0.0,standard,512,512,512,0,345,3.2,mesuré ici,0.7679584120982987,0.2149118334751317,0.20817942919819102
75e6bdca12b3c5d7,363700,seismic-bumps,963,ep640_25,25,512,128,640,1e-05,0.0,standard,full,963,963,0,345,3.3,mesuré ici,0.7521604104779909,0.21743588943404837,0.2443139208535713
75e6bdca12b3c5d7,363700,seismic-bumps,963,ep640_50,50,512,128,640,1e-05,0.0,standard,32,32,32,0,345,3.5,mesuré ici,0.6808668647042938,0.2283842881410589,0.21268744595583713
75e6bdca12b3c5d7,363700,seismic-bumps,963,ep640_50,50,512,128,640,1e-05,0.0,standard,32,32,32,1,345,3.2,mesuré ici,0.6841749932487172,0.23534420470600456,0.12496631726896255
75e6bdca12b3c5d7,363700,seismic-bumps,963,ep640_50,50,512,128,640,1e-05,0.0,standard,32,32,32,2,345,3.2,mesuré ici,0.7080070213340535,0.23280248995506259,0.11986774057454447
75e6bdca12b3c5d7,363700,seismic-bumps,963,ep640_50,50,512,128,640,1e-05,0.0,standard,64,64,64,0,345,3.1,mesuré ici,0.6791790440183635,0.23857567012866493,0.1387846243937106
75e6bdca12b3c5d7,363700,seismic-bumps,963,ep640_50,50,512,128,640,1e-05,0.0,standard,64,64,64,1,345,3.1,mesuré ici,0.7090872265730488,0.22899308219511993,0.24324304572455693
75e6bdca12b3c5d7,363700,seismic-bumps,963,ep640_50,50,512,128,640,1e-05,0.0,standard,64,64,64,2,345,3.2,mesuré ici,0.7418309478800972,0.2484035667881383,0.15799796120482892
75e6bdca12b3c5d7,363700,seismic-bumps,963,ep640_50,50,512,128,640,1e-05,0.0,standard,128,128,128,0,345,3.2,mesuré ici,0.7200918174453147,0.22753922346614958,0.13641815763671195
75e6bdca12b3c5d7,363700,seismic-bumps,963,ep640_50,50,512,128,640,1e-05,0.0,standard,128,128,128,1,345,3.1,mesuré ici,0.7381852551984877,0.2218665836739083,0.3137421566973658
75e6bdca12b3c5d7,363700,seismic-bumps,963,ep640_50,50,512,128,640,1e-05,0.0,standard,128,128,128,2,345,3.2,mesuré ici,0.6963948150148529,0.23097212128158706,0.16944891712599594
75e6bdca12b3c5d7,363700,seismic-bumps,963,ep640_50,50,512,128,640,1e-05,0.0,standard,256,256,256,0,345,3.2,mesuré ici,0.7323116392114501,0.22010669506556152,0.2815268559301519
75e6bdca12b3c5d7,363700,seismic-bumps,963,ep640_50,50,512,128,640,1e-05,0.0,standard,256,256,256,1,345,3.2,mesuré ici,0.7477045638671347,0.21941877064193976,0.2109693785489579
75e6bdca12b3c5d7,363700,seismic-bumps,963,ep640_50,50,512,128,640,1e-05,0.0,standard,256,256,256,2,345,3.3,mesuré ici,0.7161085606265191,0.22480886299843506,0.1863112464814038
75e6bdca12b3c5d7,363700,seismic-bumps,963,ep640_50,50,512,128,640,1e-05,0.0,standard,512,512,512,0,345,3.2,mesuré ici,0.7705914123683499,0.21474066855654778,0.21969124881976454
75e6bdca12b3c5d7,363700,seismic-bumps,963,ep640_50,50,512,128,640,1e-05,0.0,standard,full,963,963,0,345,3.3,mesuré ici,0.7489197947610046,0.2160348833894827,0.22692696879147686
75e6bdca12b3c5d7,363700,seismic-bumps,963,ep640_200,200,512,128,640,1e-05,0.0,standard,32,32,32,0,345,3.6,mesuré ici,0.6827572238725358,0.22857181160372766,0.2218093218049112
75e6bdca12b3c5d7,363700,seismic-bumps,963,ep640_200,200,512,128,640,1e-05,0.0,standard,32,32,32,1,345,3.2,mesuré ici,0.6995679179044019,0.234678598433823,0.13284203112738938
75e6bdca12b3c5d7,363700,seismic-bumps,963,ep640_200,200,512,128,640,1e-05,0.0,standard,32,32,32,2,345,3.2,mesuré ici,0.7051714825816906,0.23430016540813817,0.1199371192057428
75e6bdca12b3c5d7,363700,seismic-bumps,963,ep640_200,200,512,128,640,1e-05,0.0,standard,64,64,64,0,345,3.2,mesuré ici,0.7080070213340535,0.23237342517762397,0.15283993489978248
75e6bdca12b3c5d7,363700,seismic-bumps,963,ep640_200,200,512,128,640,1e-05,0.0,standard,64,64,64,1,345,3.2,mesuré ici,0.714825816905212,0.22908668666108833,0.2558691114372533
75e6bdca12b3c5d7,363700,seismic-bumps,963,ep640_200,200,512,128,640,1e-05,0.0,standard,64,64,64,2,345,3.2,mesuré ici,0.7350796651363759,0.2389300587825833,0.16034823507033738
75e6bdca12b3c5d7,363700,seismic-bumps,963,ep640_200,200,512,128,640,1e-05,0.0,standard,128,128,128,0,345,3.2,mesuré ici,0.741155819605725,0.22357012181435676,0.14680387557825725
75e6bdca12b3c5d7,363700,seismic-bumps,963,ep640_200,200,512,128,640,1e-05,0.0,standard,128,128,128,1,345,3.2,mesuré ici,0.7448690251147717,0.22158156282716218,0.2721056394567324
75e6bdca12b3c5d7,363700,seismic-bumps,963,ep640_200,200,512,128,640,1e-05,0.0,standard,128,128,128,2,345,3.2,mesuré ici,0.7092897650553606,0.22956799972291309,0.15267847100790052
75e6bdca12b3c5d7,363700,seismic-bumps,963,ep640_200,200,512,128,640,1e-05,0.0,standard,256,256,256,0,345,3.3,mesuré ici,0.746219281663516,0.2189321642600871,0.2135698091874792
75e6bdca12b3c5d7,363700,seismic-bumps,963,ep640_200,200,512,128,640,1e-05,0.0,standard,256,256,256,1,345,3.2,mesuré ici,0.7581015392924656,0.21848213957575371,0.2549401968102717
75e6bdca12b3c5d7,363700,seismic-bumps,963,ep640_200,200,512,128,640,1e-05,0.0,standard,256,256,256,2,345,3.2,mesuré ici,0.7359573318930597,0.22198423696388223,0.1916291899858314
75e6bdca12b3c5d7,363700,seismic-bumps,963,ep640_200,200,512,128,640,1e-05,0.0,standard,512,512,512,0,345,3.3,mesuré ici,0.76647312989468,0.21560274488203035,0.23113261373302255
75e6bdca12b3c5d7,363700,seismic-bumps,963,ep640_200,200,512,128,640,1e-05,0.0,standard,full,963,963,0,345,3.3,mesuré ici,0.7599243856332702,0.21604455588302998,0.2400861377114812
75e6bdca12b3c5d7,363706,taiwanese_bankruptcy_prediction,2545,ep640_25,25,512,128,640,1e-05,0.0,standard,32,32,32,0,910,5.0,mesuré ici,0.9214450663431055,0.1077341573584539,0.19480034836135077
75e6bdca12b3c5d7,363706,taiwanese_bankruptcy_prediction,2545,ep640_25,25,512,128,640,1e-05,0.0,standard,32,32,32,1,910,4.5,mesuré ici,0.9427374848330659,0.11076001382911027,0.3065135390302028
75e6bdca12b3c5d7,363706,taiwanese_bankruptcy_prediction,2545,ep640_25,25,512,128,640,1e-05,0.0,standard,32,32,32,2,910,4.6,mesuré ici,0.8553368037887981,0.12630236154049643,0.19737178591846127
75e6bdca12b3c5d7,363706,taiwanese_bankruptcy_prediction,2545,ep640_25,25,512,128,640,1e-05,0.0,standard,64,64,64,0,910,4.5,mesuré ici,0.8014403694860855,0.14436498311343232,0.2119960295058296
75e6bdca12b3c5d7,363706,taiwanese_bankruptcy_prediction,2545,ep640_25,25,512,128,640,1e-05,0.0,standard,64,64,64,1,910,4.5,mesuré ici,0.8290344044776703,0.12146757929111092,0.12350256670383881
75e6bdca12b3c5d7,363706,taiwanese_bankruptcy_prediction,2545,ep640_25,25,512,128,640,1e-05,0.0,standard,64,64,64,2,910,4.6,mesuré ici,0.8978237895808054,0.10377176624686739,0.25386116408769477
75e6bdca12b3c5d7,363706,taiwanese_bankruptcy_prediction,2545,ep640_25,25,512,128,640,1e-05,0.0,standard,128,128,128,0,910,4.6,mesuré ici,0.871697522407922,0.12588138002722568,0.17733426816092537
75e6bdca12b3c5d7,363706,taiwanese_bankruptcy_prediction,2545,ep640_25,25,512,128,640,1e-05,0.0,standard,128,128,128,1,910,4.8,mesuré ici,0.8739480997299307,0.10932186685809102,0.27959518303332553
75e6bdca12b3c5d7,363706,taiwanese_bankruptcy_prediction,2545,ep640_25,25,512,128,640,1e-05,0.0,standard,128,128,128,2,910,4.7,mesuré ici,0.8933617754119535,0.10680915870716727,0.26627989992286377
75e6bdca12b3c5d7,363706,taiwanese_bankruptcy_prediction,2545,ep640_25,25,512,128,640,1e-05,0.0,standard,256,256,256,0,910,4.6,mesuré ici,0.8957689146346237,0.10231128647815851,0.3048604648509031
75e6bdca12b3c5d7,363706,taiwanese_bankruptcy_prediction,2545,ep640_25,25,512,128,640,1e-05,0.0,standard,256,256,256,1,910,4.7,mesuré ici,0.9254178245723904,0.09260783862389767,0.4082985334172556
75e6bdca12b3c5d7,363706,taiwanese_bankruptcy_prediction,2545,ep640_25,25,512,128,640,1e-05,0.0,standard,256,256,256,2,910,4.6,mesuré ici,0.9198403068613252,0.09516687705263183,0.3180989505269375
75e6bdca12b3c5d7,363706,taiwanese_bankruptcy_prediction,2545,ep640_25,25,512,128,640,1e-05,0.0,standard,512,512,512,0,910,4.8,mesuré ici,0.9429136169713102,0.08542482020962938,0.44940505247380397
75e6bdca12b3c5d7,363706,taiwanese_bankruptcy_prediction,2545,ep640_25,25,512,128,640,1e-05,0.0,standard,1024,1024,1024,0,910,6.0,mesuré ici,0.9489999608595248,0.08318452352088397,0.4592704489384511
75e6bdca12b3c5d7,363706,taiwanese_bankruptcy_prediction,2545,ep640_25,25,512,128,640,1e-05,0.0,standard,2048,2048,2048,0,910,10.6,mesuré ici,0.9438725586128616,0.08072789288692173,0.5108209186004212
75e6bdca12b3c5d7,363706,taiwanese_bankruptcy_prediction,2545,ep640_25,25,512,128,640,1e-05,0.0,standard,full,2545,2545,0,910,12.3,mesuré ici,0.9459665740342087,0.07939837269964825,0.547693590070456
75e6bdca12b3c5d7,363706,taiwanese_bankruptcy_prediction,2545,ep640_50,50,512,128,640,1e-05,0.0,standard,32,32,32,0,910,5.0,mesuré ici,0.9258287995616267,0.10560586052576124,0.20484472659173203
75e6bdca12b3c5d7,363706,taiwanese_bankruptcy_prediction,2545,ep640_50,50,512,128,640,1e-05,0.0,standard,32,32,32,1,910,4.5,mesuré ici,0.9456338799953031,0.1069389163439159,0.31809703115639015
75e6bdca12b3c5d7,363706,taiwanese_bankruptcy_prediction,2545,ep640_50,50,512,128,640,1e-05,0.0,standard,32,32,32,2,910,4.5,mesuré ici,0.8704841676777957,0.11852481591830112,0.2250554080339064
75e6bdca12b3c5d7,363706,taiwanese_bankruptcy_prediction,2545,ep640_50,50,512,128,640,1e-05,0.0,standard,64,64,64,0,910,4.5,mesuré ici,0.8305217425339544,0.14168388770257198,0.21916416301517885
75e6bdca12b3c5d7,363706,taiwanese_bankruptcy_prediction,2545,ep640_50,50,512,128,640,1e-05,0.0,standard,64,64,64,1,910,4.6,mesuré ici,0.8365102352342557,0.11977782337454175,0.12877053246432096
75e6bdca12b3c5d7,363706,taiwanese_bankruptcy_prediction,2545,ep640_50,50,512,128,640,1e-05,0.0,standard,64,64,64,2,910,4.6,mesuré ici,0.9047712239226584,0.10199613139642169,0.27104635024518775
75e6bdca12b3c5d7,363706,taiwanese_bankruptcy_prediction,2545,ep640_50,50,512,128,640,1e-05,0.0,standard,128,128,128,0,910,4.5,mesuré ici,0.8861794982191084,0.12178666252714052,0.1994464397010895
75e6bdca12b3c5d7,363706,taiwanese_bankruptcy_prediction,2545,ep640_50,50,512,128,640,1e-05,0.0,standard,128,128,128,1,910,4.6,mesuré ici,0.8745743473325766,0.10876423006738829,0.295709831412255
75e6bdca12b3c5d7,363706,taiwanese_bankruptcy_prediction,2545,ep640_50,50,512,128,640,1e-05,0.0,standard,128,128,128,2,910,4.6,mesuré ici,0.9111706916121961,0.10347030177666698,0.2915131576062192
75e6bdca12b3c5d7,363706,taiwanese_bankruptcy_prediction,2545,ep640_50,50,512,128,640,1e-05,0.0,standard,256,256,256,0,910,4.6,mesuré ici,0.8991154252612628,0.10157104097588882,0.3093428128807161
75e6bdca12b3c5d7,363706,taiwanese_bankruptcy_prediction,2545,ep640_50,50,512,128,640,1e-05,0.0,standard,256,256,256,1,910,4.7,mesuré ici,0.9310149125210381,0.09071956243528397,0.4264217192968086
75e6bdca12b3c5d7,363706,taiwanese_bankruptcy_prediction,2545,ep640_50,50,512,128,640,1e-05,0.0,standard,256,256,256,2,910,4.6,mesuré ici,0.9212885044424439,0.09328071700608774,0.3254793642240904
75e6bdca12b3c5d7,363706,taiwanese_bankruptcy_prediction,2545,ep640_50,50,512,128,640,1e-05,0.0,standard,512,512,512,0,910,4.8,mesuré ici,0.9405847586989706,0.08505219565261642,0.44579809139467824
75e6bdca12b3c5d7,363706,taiwanese_bankruptcy_prediction,2545,ep640_50,50,512,128,640,1e-05,0.0,standard,1024,1024,1024,0,910,6.0,mesuré ici,0.9508591334298798,0.0820199667179092,0.46857332876855834
75e6bdca12b3c5d7,363706,taiwanese_bankruptcy_prediction,2545,ep640_50,50,512,128,640,1e-05,0.0,standard,2048,2048,2048,0,910,10.4,mesuré ici,0.9442639633645152,0.08105027698858347,0.509456883411581
75e6bdca12b3c5d7,363706,taiwanese_bankruptcy_prediction,2545,ep640_50,50,512,128,640,1e-05,0.0,standard,full,2545,2545,0,910,12.2,mesuré ici,0.9468080942502642,0.0797899861378589,0.5236027500837793
75e6bdca12b3c5d7,363706,taiwanese_bankruptcy_prediction,2545,ep640_200,200,512,128,640,1e-05,0.0,standard,32,32,32,0,910,5.0,mesuré ici,0.9219734627578379,0.10885684380856897,0.21288740119481359
75e6bdca12b3c5d7,363706,taiwanese_bankruptcy_prediction,2545,ep640_200,200,512,128,640,1e-05,0.0,standard,32,32,32,1,910,4.7,mesuré ici,0.9524247524364946,0.11530478651151184,0.3549293380973627
75e6bdca12b3c5d7,363706,taiwanese_bankruptcy_prediction,2545,ep640_200,200,512,128,640,1e-05,0.0,standard,32,32,32,2,910,4.6,mesuré ici,0.87095385337978,0.1238174142210825,0.21431211009562748
75e6bdca12b3c5d7,363706,taiwanese_bankruptcy_prediction,2545,ep640_200,200,512,128,640,1e-05,0.0,standard,64,64,64,0,910,4.6,mesuré ici,0.8864339113076833,0.1212356278705212,0.2716841870620541
75e6bdca12b3c5d7,363706,taiwanese_bankruptcy_prediction,2545,ep640_200,200,512,128,640,1e-05,0.0,standard,64,64,64,1,910,4.5,mesuré ici,0.8422834553211476,0.11884254523656555,0.1255615280348009
75e6bdca12b3c5d7,363706,taiwanese_bankruptcy_prediction,2545,ep640_200,200,512,128,640,1e-05,0.0,standard,64,64,64,2,910,4.7,mesuré ici,0.9061411405534463,0.10168473386889833,0.2902348795107018
75e6bdca12b3c5d7,363706,taiwanese_bankruptcy_prediction,2545,ep640_200,200,512,128,640,1e-05,0.0,standard,128,128,128,0,910,4.6,mesuré ici,0.9011311597322792,0.10486772564616947,0.23449490987724783
75e6bdca12b3c5d7,363706,taiwanese_bankruptcy_prediction,2545,ep640_200,200,512,128,640,1e-05,0.0,standard,128,128,128,1,910,4.6,mesuré ici,0.8961407491486946,0.10214692739182307,0.31271549128750686
75e6bdca12b3c5d7,363706,taiwanese_bankruptcy_prediction,2545,ep640_200,200,512,128,640,1e-05,0.0,standard,128,128,128,2,910,4.5,mesuré ici,0.9341461505342676,0.0926204759883833,0.3430580433236041
75e6bdca12b3c5d7,363706,taiwanese_bankruptcy_prediction,2545,ep640_200,200,512,128,640,1e-05,0.0,standard,256,256,256,0,910,4.5,mesuré ici,0.9066891072057615,0.09633333221479291,0.3336458658649064
75e6bdca12b3c5d7,363706,taiwanese_bankruptcy_prediction,2545,ep640_200,200,512,128,640,1e-05,0.0,standard,256,256,256,1,910,4.7,mesuré ici,0.9377275040118986,0.08705319367174434,0.4639537733812057
75e6bdca12b3c5d7,363706,taiwanese_bankruptcy_prediction,2545,ep640_200,200,512,128,640,1e-05,0.0,standard,256,256,256,2,910,4.6,mesuré ici,0.9203099925633097,0.0931449566241415,0.36158892943014354
75e6bdca12b3c5d7,363706,taiwanese_bankruptcy_prediction,2545,ep640_200,200,512,128,640,1e-05,0.0,standard,512,512,512,0,910,4.8,mesuré ici,0.9417198324787662,0.0855989993550316,0.4649719349745111
75e6bdca12b3c5d7,363706,taiwanese_bankruptcy_prediction,2545,ep640_200,200,512,128,640,1e-05,0.0,standard,1024,1024,1024,0,910,6.0,mesuré ici,0.9483932834944617,0.08533606229889754,0.47772787467245037
75e6bdca12b3c5d7,363706,taiwanese_bankruptcy_prediction,2545,ep640_200,200,512,128,640,1e-05,0.0,standard,2048,2048,2048,0,910,10.5,mesuré ici,0.9394105444440096,0.0845114965713119,0.4809179539677916
75e6bdca12b3c5d7,363706,taiwanese_bankruptcy_prediction,2545,ep640_200,200,512,128,640,1e-05,0.0,standard,full,2545,2545,0,910,12.2,mesuré ici,0.9419938158049239,0.0830532817099181,0.48678016612320435
75e6bdca12b3c5d7,363712,jm1,4062,ep640_25,25,512,128,640,1e-05,0.0,standard,32,32,32,0,1024,5.1,mesuré ici,0.6296866974833076,0.6577722900438774,0.26903250726079614
75e6bdca12b3c5d7,363712,jm1,4062,ep640_25,25,512,128,640,1e-05,0.0,standard,32,32,32,1,1024,4.7,mesuré ici,0.6378127522195318,0.5717057795174774,0.2708439287679737
75e6bdca12b3c5d7,363712,jm1,4062,ep640_25,25,512,128,640,1e-05,0.0,standard,32,32,32,2,1024,4.7,mesuré ici,0.4748239049086507,0.5009907058716782,0.23798460244329023
75e6bdca12b3c5d7,363712,jm1,4062,ep640_25,25,512,128,640,1e-05,0.0,standard,64,64,64,0,1024,4.7,mesuré ici,0.6426951109154498,0.4801989879201487,0.2822561842938521
75e6bdca12b3c5d7,363712,jm1,4062,ep640_25,25,512,128,640,1e-05,0.0,standard,64,64,64,1,1024,4.8,mesuré ici,0.6353792158876904,0.4713040652879846,0.3000711650262516
75e6bdca12b3c5d7,363712,jm1,4062,ep640_25,25,512,128,640,1e-05,0.0,standard,64,64,64,2,1024,5.3,mesuré ici,0.6355626482745127,0.49302298311913867,0.28245763497984544
75e6bdca12b3c5d7,363712,jm1,4062,ep640_25,25,512,128,640,1e-05,0.0,standard,128,128,128,0,1024,4.8,mesuré ici,0.6208146843740063,0.47845920679822085,0.299072530411272
75e6bdca12b3c5d7,363712,jm1,4062,ep640_25,25,512,128,640,1e-05,0.0,standard,128,128,128,1,1024,4.7,mesuré ici,0.6531691002029986,0.4674219827205509,0.33505228550105026
75e6bdca12b3c5d7,363712,jm1,4062,ep640_25,25,512,128,640,1e-05,0.0,standard,128,128,128,2,1024,4.7,mesuré ici,0.6456422579303935,0.46784593080359244,0.3386472118365682
75e6bdca12b3c5d7,363712,jm1,4062,ep640_25,25,512,128,640,1e-05,0.0,standard,256,256,256,0,1024,4.8,mesuré ici,0.6672628219238389,0.46207521447918853,0.3598216427912754
75e6bdca12b3c5d7,363712,jm1,4062,ep640_25,25,512,128,640,1e-05,0.0,standard,256,256,256,1,1024,4.8,mesuré ici,0.696309340377137,0.45618751683604186,0.35350602909755435
75e6bdca12b3c5d7,363712,jm1,4062,ep640_25,25,512,128,640,1e-05,0.0,standard,256,256,256,2,1024,4.7,mesuré ici,0.655776897302321,0.4706699241578245,0.3061285508127931
75e6bdca12b3c5d7,363712,jm1,4062,ep640_25,25,512,128,640,1e-05,0.0,standard,512,512,512,0,1024,4.7,mesuré ici,0.6714389659304913,0.46368231832313145,0.3311606356313944
75e6bdca12b3c5d7,363712,jm1,4062,ep640_25,25,512,128,640,1e-05,0.0,standard,1024,1024,1024,0,1024,4.8,mesuré ici,0.6881435419571013,0.460131995064888,0.34774173654710694
75e6bdca12b3c5d7,363712,jm1,4062,ep640_25,25,512,128,640,1e-05,0.0,standard,2048,2048,2048,0,1024,6.2,mesuré ici,0.7123443881918458,0.4434951189609612,0.3771454393761267
75e6bdca12b3c5d7,363712,jm1,4062,ep640_25,25,512,128,640,1e-05,0.0,standard,full,4062,4062,0,1024,10.4,mesuré ici,0.7323110034974443,0.4280292656675132,0.42406711431117516
75e6bdca12b3c5d7,363712,jm1,4062,ep640_50,50,512,128,640,1e-05,0.0,standard,32,32,32,0,1024,5.2,mesuré ici,0.6304081982048084,0.6723629648620068,0.2696973776277322
75e6bdca12b3c5d7,363712,jm1,4062,ep640_50,50,512,128,640,1e-05,0.0,standard,32,32,32,1,1024,4.8,mesuré ici,0.6370973659109253,0.5841641225822365,0.27150657162471686
75e6bdca12b3c5d7,363712,jm1,4062,ep640_50,50,512,128,640,1e-05,0.0,standard,32,32,32,2,1024,4.7,mesuré ici,0.47798199916843986,0.5019373250165265,0.2404602166727617
75e6bdca12b3c5d7,363712,jm1,4062,ep640_50,50,512,128,640,1e-05,0.0,standard,64,64,64,0,1024,4.8,mesuré ici,0.6424413627803458,0.48324643164977665,0.28170271936689517
75e6bdca12b3c5d7,363712,jm1,4062,ep640_50,50,512,128,640,1e-05,0.0,standard,64,64,64,1,1024,4.8,mesuré ici,0.6322180644214543,0.47133584340732215,0.2976544905341831
75e6bdca12b3c5d7,363712,jm1,4062,ep640_50,50,512,128,640,1e-05,0.0,standard,64,64,64,2,1024,4.7,mesuré ici,0.6380909580062124,0.49621147858516235,0.285820814256135
75e6bdca12b3c5d7,363712,jm1,4062,ep640_50,50,512,128,640,1e-05,0.0,standard,128,128,128,0,1024,4.7,mesuré ici,0.6250703157482819,0.47602592583727105,0.3000600883442842
75e6bdca12b3c5d7,363712,jm1,4062,ep640_50,50,512,128,640,1e-05,0.0,standard,128,128,128,1,1024,4.7,mesuré ici,0.657513390564238,0.4681397646396902,0.34113666557763966
75e6bdca12b3c5d7,363712,jm1,4062,ep640_50,50,512,128,640,1e-05,0.0,standard,128,128,128,2,1024,4.7,mesuré ici,0.6509801403869201,0.4663343561796787,0.33911499942273043
75e6bdca12b3c5d7,363712,jm1,4062,ep640_50,50,512,128,640,1e-05,0.0,standard,256,256,256,0,1024,4.7,mesuré ici,0.6737655000366864,0.46107829589345284,0.36641905402016056
75e6bdca12b3c5d7,363712,jm1,4062,ep640_50,50,512,128,640,1e-05,0.0,standard,256,256,256,1,1024,4.7,mesuré ici,0.6985900163866265,0.4528659189310522,0.358549610115552
75e6bdca12b3c5d7,363712,jm1,4062,ep640_50,50,512,128,640,1e-05,0.0,standard,256,256,256,2,1024,4.7,mesuré ici,0.6579505710861643,0.4705926574442241,0.30634812522238103
75e6bdca12b3c5d7,363712,jm1,4062,ep640_50,50,512,128,640,1e-05,0.0,standard,512,512,512,0,1024,4.8,mesuré ici,0.6715887690463962,0.4616508958384692,0.3299356481497699
75e6bdca12b3c5d7,363712,jm1,4062,ep640_50,50,512,128,640,1e-05,0.0,standard,1024,1024,1024,0,1024,4.8,mesuré ici,0.6925856629246461,0.4599292725451488,0.34676297325689925
75e6bdca12b3c5d7,363712,jm1,4062,ep640_50,50,512,128,640,1e-05,0.0,standard,2048,2048,2048,0,1024,6.1,mesuré ici,0.7074498006701396,0.4456495063914737,0.3781133309782662
75e6bdca12b3c5d7,363712,jm1,4062,ep640_50,50,512,128,640,1e-05,0.0,standard,full,4062,4062,0,1024,10.3,mesuré ici,0.731720962653166,0.4296132379564316,0.4207826583852956
75e6bdca12b3c5d7,363712,jm1,4062,ep640_200,200,512,128,640,1e-05,0.0,standard,32,32,32,0,1024,5.1,mesuré ici,0.6307750629784528,0.5851023474785038,0.26794598160524874
75e6bdca12b3c5d7,363712,jm1,4062,ep640_200,200,512,128,640,1e-05,0.0,standard,32,32,32,1,1024,4.7,mesuré ici,0.6413957981754592,0.5563928988732837,0.2765472417426919
75e6bdca12b3c5d7,363712,jm1,4062,ep640_200,200,512,128,640,1e-05,0.0,standard,32,32,32,2,1024,4.6,mesuré ici,0.4936410105901632,0.496359539628908,0.2468788915480315
75e6bdca12b3c5d7,363712,jm1,4062,ep640_200,200,512,128,640,1e-05,0.0,standard,64,64,64,0,1024,4.6,mesuré ici,0.6475254971017683,0.47722772386578527,0.29826146699102385
75e6bdca12b3c5d7,363712,jm1,4062,ep640_200,200,512,128,640,1e-05,0.0,standard,64,64,64,1,1024,4.6,mesuré ici,0.6454465967177831,0.4693394221710965,0.30973177717443956
75e6bdca12b3c5d7,363712,jm1,4062,ep640_200,200,512,128,640,1e-05,0.0,standard,64,64,64,2,1024,4.7,mesuré ici,0.6487789517450535,0.4825892035941034,0.3135843233034963
75e6bdca12b3c5d7,363712,jm1,4062,ep640_200,200,512,128,640,1e-05,0.0,standard,128,128,128,0,1024,4.7,mesuré ici,0.6458807200332624,0.47192758021222103,0.31928155886523424
75e6bdca12b3c5d7,363712,jm1,4062,ep640_200,200,512,128,640,1e-05,0.0,standard,128,128,128,1,1024,4.7,mesuré ici,0.6647559126372685,0.4633172140454028,0.34744432187773855
75e6bdca12b3c5d7,363712,jm1,4062,ep640_200,200,512,128,640,1e-05,0.0,standard,128,128,128,2,1024,4.6,mesuré ici,0.6608579744172965,0.46288637389050313,0.35280118694179874
75e6bdca12b3c5d7,363712,jm1,4062,ep640_200,200,512,128,640,1e-05,0.0,standard,256,256,256,0,1024,4.7,mesuré ici,0.6700357081713013,0.4634192906069069,0.36167137706806235
75e6bdca12b3c5d7,363712,jm1,4062,ep640_200,200,512,128,640,1e-05,0.0,standard,256,256,256,1,1024,4.7,mesuré ici,0.702423753271211,0.45100112085513755,0.37436847307630455
75e6bdca12b3c5d7,363712,jm1,4062,ep640_200,200,512,128,640,1e-05,0.0,standard,256,256,256,2,1024,4.7,mesuré ici,0.6709375840731773,0.4669495271719859,0.3201644472905848
75e6bdca12b3c5d7,363712,jm1,4062,ep640_200,200,512,128,640,1e-05,0.0,standard,512,512,512,0,1024,4.8,mesuré ici,0.6798890845501016,0.46169865847728214,0.3392415400996973
75e6bdca12b3c5d7,363712,jm1,4062,ep640_200,200,512,128,640,1e-05,0.0,standard,1024,1024,1024,0,1024,4.8,mesuré ici,0.6894734267615624,0.45980865863840215,0.3587940731815123
75e6bdca12b3c5d7,363712,jm1,4062,ep640_200,200,512,128,640,1e-05,0.0,standard,2048,2048,2048,0,1024,6.1,mesuré ici,0.6949977988113581,0.45191405843305915,0.36829514321944623
75e6bdca12b3c5d7,363712,jm1,4062,ep640_200,200,512,128,640,1e-05,0.0,standard,full,4062,4062,0,1024,10.2,mesuré ici,0.7186728055372122,0.4403554114883862,0.3987270956892718
75e6bdca12b3c5d7,363618,bank-marketing,16878,ep1766_25,25,1638,128,1766,1e-05,0.0,standard,32,32,32,0,1024,5.1,mesuré ici,0.6618270648967551,0.3387215481254007,0.29263475250367915
75e6bdca12b3c5d7,363618,bank-marketing,16878,ep1766_25,25,1638,128,1766,1e-05,0.0,standard,32,32,32,1,1024,4.7,mesuré ici,0.4796414085545722,0.3672193236815409,0.11391863784244921
75e6bdca12b3c5d7,363618,bank-marketing,16878,ep1766_25,25,1638,128,1766,1e-05,0.0,standard,32,32,32,2,1024,4.6,mesuré ici,0.6615689528023598,0.3513611760898493,0.19346994626620695
75e6bdca12b3c5d7,363618,bank-marketing,16878,ep1766_25,25,1638,128,1766,1e-05,0.0,standard,64,64,64,0,1024,4.6,mesuré ici,0.6781849188790559,0.3458020529056218,0.20724674561452475
75e6bdca12b3c5d7,363618,bank-marketing,16878,ep1766_25,25,1638,128,1766,1e-05,0.0,standard,64,64,64,1,1024,4.6,mesuré ici,0.626825221238938,0.35125581411348716,0.18455683947139817
75e6bdca12b3c5d7,363618,bank-marketing,16878,ep1766_25,25,1638,128,1766,1e-05,0.0,standard,64,64,64,2,1024,4.5,mesuré ici,0.6519957595870207,0.34547741727521575,0.25302611127256897
75e6bdca12b3c5d7,363618,bank-marketing,16878,ep1766_25,25,1638,128,1766,1e-05,0.0,standard,128,128,128,0,1024,4.7,mesuré ici,0.7222391224188791,0.3343193433762759,0.2783185583011512
75e6bdca12b3c5d7,363618,bank-marketing,16878,ep1766_25,25,1638,128,1766,1e-05,0.0,standard,128,128,128,1,1024,5.0,mesuré ici,0.6534660766961652,0.35002118530377185,0.20294200473570945
75e6bdca12b3c5d7,363618,bank-marketing,16878,ep1766_25,25,1638,128,1766,1e-05,0.0,standard,128,128,128,2,1024,4.8,mesuré ici,0.7256637168141593,0.32032569268600797,0.33559223520525094
75e6bdca12b3c5d7,363618,bank-marketing,16878,ep1766_25,25,1638,128,1766,1e-05,0.0,standard,256,256,256,0,1024,4.6,mesuré ici,0.7078585914454278,0.339859901405551,0.2269389476812217
75e6bdca12b3c5d7,363618,bank-marketing,16878,ep1766_25,25,1638,128,1766,1e-05,0.0,standard,256,256,256,1,1024,4.7,mesuré ici,0.7499262536873157,0.31833130661821774,0.3510252047398033
75e6bdca12b3c5d7,363618,bank-marketing,16878,ep1766_25,25,1638,128,1766,1e-05,0.0,standard,256,256,256,2,1024,4.6,mesuré ici,0.6830798303834809,0.3295493660626938,0.32428273487634907
75e6bdca12b3c5d7,363618,bank-marketing,16878,ep1766_25,25,1638,128,1766,1e-05,0.0,standard,512,512,512,0,1024,4.7,mesuré ici,0.7393528761061947,0.31894462652781314,0.32686839131663037
75e6bdca12b3c5d7,363618,bank-marketing,16878,ep1766_25,25,1638,128,1766,1e-05,0.0,standard,1024,1024,1024,0,1024,4.7,mesuré ici,0.7694966814159292,0.3067676547982151,0.40009332108574214
75e6bdca12b3c5d7,363618,bank-marketing,16878,ep1766_25,25,1638,128,1766,1e-05,0.0,standard,2048,2048,2048,0,1024,5.9,mesuré ici,0.7783093657817108,0.2979861236833269,0.4248017644649528
75e6bdca12b3c5d7,363618,bank-marketing,16878,ep1766_25,25,1638,128,1766,1e-05,0.0,standard,full,16878,16878,0,1024,59.5,mesuré ici,0.7912334070796461,0.29288128621617954,0.4338854789234135
75e6bdca12b3c5d7,363618,bank-marketing,16878,ep1766_50,50,1638,128,1766,1e-05,0.0,standard,32,32,32,0,1024,4.9,mesuré ici,0.6637859513274337,0.3385382503002692,0.29320712643153596
75e6bdca12b3c5d7,363618,bank-marketing,16878,ep1766_50,50,1638,128,1766,1e-05,0.0,standard,32,32,32,1,1024,4.6,mesuré ici,0.481351401179941,0.3667386968002993,0.11457325104735536
75e6bdca12b3c5d7,363618,bank-marketing,16878,ep1766_50,50,1638,128,1766,1e-05,0.0,standard,32,32,32,2,1024,4.6,mesuré ici,0.6622649336283186,0.3522012718848921,0.1950928770278944
75e6bdca12b3c5d7,363618,bank-marketing,16878,ep1766_50,50,1638,128,1766,1e-05,0.0,standard,64,64,64,0,1024,4.6,mesuré ici,0.6816970870206489,0.34679400237230273,0.21049569239256516
75e6bdca12b3c5d7,363618,bank-marketing,16878,ep1766_50,50,1638,128,1766,1e-05,0.0,standard,64,64,64,1,1024,4.6,mesuré ici,0.633301069321534,0.35128374962999637,0.18692978235621827
75e6bdca12b3c5d7,363618,bank-marketing,16878,ep1766_50,50,1638,128,1766,1e-05,0.0,standard,64,64,64,2,1024,4.6,mesuré ici,0.6530558628318583,0.34303695139813395,0.25341209293974387
75e6bdca12b3c5d7,363618,bank-marketing,16878,ep1766_50,50,1638,128,1766,1e-05,0.0,standard,128,128,128,0,1024,4.7,mesuré ici,0.7261799410029499,0.3368561604076684,0.2836951978111636
75e6bdca12b3c5d7,363618,bank-marketing,16878,ep1766_50,50,1638,128,1766,1e-05,0.0,standard,128,128,128,1,1024,4.6,mesuré ici,0.6567800516224189,0.3513299018758711,0.20061633615626198
75e6bdca12b3c5d7,363618,bank-marketing,16878,ep1766_50,50,1638,128,1766,1e-05,0.0,standard,128,128,128,2,1024,4.6,mesuré ici,0.7286043510324484,0.32135783399838547,0.33900531953045876
75e6bdca12b3c5d7,363618,bank-marketing,16878,ep1766_50,50,1638,128,1766,1e-05,0.0,standard,256,256,256,0,1024,4.7,mesuré ici,0.7087988569321535,0.34258858123703806,0.22472391620470827
75e6bdca12b3c5d7,363618,bank-marketing,16878,ep1766_50,50,1638,128,1766,1e-05,0.0,standard,256,256,256,1,1024,4.7,mesuré ici,0.7519358407079645,0.32171630298631393,0.3557828001880003
75e6bdca12b3c5d7,363618,bank-marketing,16878,ep1766_50,50,1638,128,1766,1e-05,0.0,standard,256,256,256,2,1024,4.7,mesuré ici,0.6877903761061946,0.330866021932666,0.3260123572229612
75e6bdca12b3c5d7,363618,bank-marketing,16878,ep1766_50,50,1638,128,1766,1e-05,0.0,standard,512,512,512,0,1024,4.9,mesuré ici,0.733950958702065,0.3220268230512574,0.32647297554561017
75e6bdca12b3c5d7,363618,bank-marketing,16878,ep1766_50,50,1638,128,1766,1e-05,0.0,standard,1024,1024,1024,0,1024,4.7,mesuré ici,0.7717689896755162,0.3081438316960342,0.40290830768979213
75e6bdca12b3c5d7,363618,bank-marketing,16878,ep1766_50,50,1638,128,1766,1e-05,0.0,standard,2048,2048,2048,0,1024,5.9,mesuré ici,0.7764150073746313,0.2988614199591956,0.4259447141198113
75e6bdca12b3c5d7,363618,bank-marketing,16878,ep1766_50,50,1638,128,1766,1e-05,0.0,standard,full,16878,16878,0,1024,62.3,mesuré ici,0.7908785029498524,0.29310585166663705,0.44162418275672405
75e6bdca12b3c5d7,363618,bank-marketing,16878,ep1766_200,200,1638,128,1766,1e-05,0.0,standard,32,32,32,0,1024,5.0,mesuré ici,0.6673073377581121,0.33654566423615256,0.29680219560666227
75e6bdca12b3c5d7,363618,bank-marketing,16878,ep1766_200,200,1638,128,1766,1e-05,0.0,standard,32,32,32,1,1024,4.6,mesuré ici,0.48374354719764,0.36581793115566213,0.11577128758434238
75e6bdca12b3c5d7,363618,bank-marketing,16878,ep1766_200,200,1638,128,1766,1e-05,0.0,standard,32,32,32,2,1024,4.7,mesuré ici,0.6678834808259586,0.3488638064317802,0.20341767475645067
75e6bdca12b3c5d7,363618,bank-marketing,16878,ep1766_200,200,1638,128,1766,1e-05,0.0,standard,64,64,64,0,1024,4.7,mesuré ici,0.6836467551622419,0.344993413214844,0.21015040785284533
75e6bdca12b3c5d7,363618,bank-marketing,16878,ep1766_200,200,1638,128,1766,1e-05,0.0,standard,64,64,64,1,1024,4.6,mesuré ici,0.6399935471976401,0.35007561260074815,0.18873878335336988
75e6bdca12b3c5d7,363618,bank-marketing,16878,ep1766_200,200,1638,128,1766,1e-05,0.0,standard,64,64,64,2,1024,4.6,mesuré ici,0.6546552359882005,0.34537789795597684,0.2550914761280757
75e6bdca12b3c5d7,363618,bank-marketing,16878,ep1766_200,200,1638,128,1766,1e-05,0.0,standard,128,128,128,0,1024,4.7,mesuré ici,0.7314988938053097,0.3323926918316997,0.2920722658467288
75e6bdca12b3c5d7,363618,bank-marketing,16878,ep1766_200,200,1638,128,1766,1e-05,0.0,standard,128,128,128,1,1024,4.7,mesuré ici,0.6531065634218289,0.3504332252666602,0.19158558847205298
75e6bdca12b3c5d7,363618,bank-marketing,16878,ep1766_200,200,1638,128,1766,1e-05,0.0,standard,128,128,128,2,1024,4.7,mesuré ici,0.7329323377581121,0.31885147686656656,0.3558894567720133
75e6bdca12b3c5d7,363618,bank-marketing,16878,ep1766_200,200,1638,128,1766,1e-05,0.0,standard,256,256,256,0,1024,4.7,mesuré ici,0.7161273967551622,0.33907863776284497,0.23985443405353038
75e6bdca12b3c5d7,363618,bank-marketing,16878,ep1766_200,200,1638,128,1766,1e-05,0.0,standard,256,256,256,1,1024,4.6,mesuré ici,0.7523230088495576,0.31931704279311846,0.3561341354722952
75e6bdca12b3c5d7,363618,bank-marketing,16878,ep1766_200,200,1638,128,1766,1e-05,0.0,standard,256,256,256,2,1024,4.7,mesuré ici,0.6920400073746313,0.3276405138996322,0.339296296699698
75e6bdca12b3c5d7,363618,bank-marketing,16878,ep1766_200,200,1638,128,1766,1e-05,0.0,standard,512,512,512,0,1024,4.7,mesuré ici,0.7391915560471976,0.3196394303743941,0.3287718087525006
75e6bdca12b3c5d7,363618,bank-marketing,16878,ep1766_200,200,1638,128,1766,1e-05,0.0,standard,1024,1024,1024,0,1024,4.8,mesuré ici,0.7779682890855457,0.30695605517732194,0.4041798907278361
75e6bdca12b3c5d7,363618,bank-marketing,16878,ep1766_200,200,1638,128,1766,1e-05,0.0,standard,2048,2048,2048,0,1024,6.0,mesuré ici,0.7802313790560471,0.2969673758212339,0.4454130057074147
75e6bdca12b3c5d7,363618,bank-marketing,16878,ep1766_200,200,1638,128,1766,1e-05,0.0,standard,full,16878,16878,0,1024,65.4,mesuré ici,0.7917219764011799,0.29263625377645747,0.44903422981010305
75e6bdca12b3c5d7,363613,Amazon_employee_access,12233,ep1766_25,25,1638,128,1766,1e-05,0.0,standard,32,32,32,0,1024,4.7,mesuré ici,0.6582945464125757,0.21749493453787852,0.9637499072368991
75e6bdca12b3c5d7,363613,Amazon_employee_access,12233,ep1766_25,25,1638,128,1766,1e-05,0.0,standard,32,32,32,1,1024,4.5,mesuré ici,0.5604109949942917,0.22804581094174875,0.9557751730871389
75e6bdca12b3c5d7,363613,Amazon_employee_access,12233,ep1766_25,25,1638,128,1766,1e-05,0.0,standard,32,32,32,2,1024,4.4,mesuré ici,0.37369807675419336,0.23978491522802278,0.9224410561706125
75e6bdca12b3c5d7,363613,Amazon_employee_access,12233,ep1766_25,25,1638,128,1766,1e-05,0.0,standard,64,64,64,0,1024,4.4,mesuré ici,0.628111003776236,0.2164842545554953,0.9577679981091447
75e6bdca12b3c5d7,363613,Amazon_employee_access,12233,ep1766_25,25,1638,128,1766,1e-05,0.0,standard,64,64,64,1,1024,4.4,mesuré ici,0.48460525160270485,0.23304436196601408,0.9413373963929947
75e6bdca12b3c5d7,363613,Amazon_employee_access,12233,ep1766_25,25,1638,128,1766,1e-05,0.0,standard,64,64,64,2,1024,4.3,mesuré ici,0.6481338368314744,0.2168383942086854,0.9670576111984605
75e6bdca12b3c5d7,363613,Amazon_employee_access,12233,ep1766_25,25,1638,128,1766,1e-05,0.0,standard,128,128,128,0,1024,4.3,mesuré ici,0.5653288838148767,0.222038974628415,0.9578935766613637
75e6bdca12b3c5d7,363613,Amazon_employee_access,12233,ep1766_25,25,1638,128,1766,1e-05,0.0,standard,128,128,128,1,1024,4.3,mesuré ici,0.5435760077281109,0.22429815793383018,0.9554326020517254
75e6bdca12b3c5d7,363613,Amazon_employee_access,12233,ep1766_25,25,1638,128,1766,1e-05,0.0,standard,128,128,128,2,1024,4.5,mesuré ici,0.5047334679898129,0.2211579923240351,0.9388019997247044
75e6bdca12b3c5d7,363613,Amazon_employee_access,12233,ep1766_25,25,1638,128,1766,1e-05,0.0,standard,256,256,256,0,1024,4.8,mesuré ici,0.6782998155791693,0.20761887461539977,0.9688942634235692
75e6bdca12b3c5d7,363613,Amazon_employee_access,12233,ep1766_25,25,1638,128,1766,1e-05,0.0,standard,256,256,256,1,1024,4.4,mesuré ici,0.4813120224817774,0.22900892209802795,0.9368188423210273
75e6bdca12b3c5d7,363613,Amazon_employee_access,12233,ep1766_25,25,1638,128,1766,1e-05,0.0,standard,256,256,256,2,1024,4.3,mesuré ici,0.6086063054360235,0.2215551959589212,0.9602713175477737
75e6bdca12b3c5d7,363613,Amazon_employee_access,12233,ep1766_25,25,1638,128,1766,1e-05,0.0,standard,512,512,512,0,1024,4.5,mesuré ici,0.5795731975059278,0.23552330288517953,0.9597434012557915
75e6bdca12b3c5d7,363613,Amazon_employee_access,12233,ep1766_25,25,1638,128,1766,1e-05,0.0,standard,1024,1024,1024,0,1024,4.4,mesuré ici,0.6206375691578115,0.2171330907248411,0.9609035226205203
75e6bdca12b3c5d7,363613,Amazon_employee_access,12233,ep1766_25,25,1638,128,1766,1e-05,0.0,standard,2048,2048,2048,0,1024,5.8,mesuré ici,0.7187055414068674,0.1931608672095447,0.9729914595984841
75e6bdca12b3c5d7,363613,Amazon_employee_access,12233,ep1766_25,25,1638,128,1766,1e-05,0.0,standard,full,12233,12233,0,1024,39.6,mesuré ici,0.8525335909370335,0.16543516562798377,0.9862729316103146
75e6bdca12b3c5d7,363613,Amazon_employee_access,12233,ep1766_50,50,1638,128,1766,1e-05,0.0,standard,32,32,32,0,1024,4.7,mesuré ici,0.6594274172301748,0.21722716354124136,0.9639300017381889
75e6bdca12b3c5d7,363613,Amazon_employee_access,12233,ep1766_50,50,1638,128,1766,1e-05,0.0,standard,32,32,32,1,1024,4.3,mesuré ici,0.5558795117238957,0.22755795188865519,0.9548976838226794
75e6bdca12b3c5d7,363613,Amazon_employee_access,12233,ep1766_50,50,1638,128,1766,1e-05,0.0,standard,32,32,32,2,1024,4.4,mesuré ici,0.37488363923772716,0.2391308543621538,0.9217566851322263
75e6bdca12b3c5d7,363613,Amazon_employee_access,12233,ep1766_50,50,1638,128,1766,1e-05,0.0,standard,64,64,64,0,1024,4.4,mesuré ici,0.6322121717748308,0.21502002451127838,0.9584515327422453
75e6bdca12b3c5d7,363613,Amazon_employee_access,12233,ep1766_50,50,1638,128,1766,1e-05,0.0,standard,64,64,64,1,1024,4.4,mesuré ici,0.4799069113901817,0.23171925854456987,0.940237376596762
75e6bdca12b3c5d7,363613,Amazon_employee_access,12233,ep1766_50,50,1638,128,1766,1e-05,0.0,standard,64,64,64,2,1024,4.4,mesuré ici,0.6509967506806007,0.21612075116898982,0.9672591996156927
75e6bdca12b3c5d7,363613,Amazon_employee_access,12233,ep1766_50,50,1638,128,1766,1e-05,0.0,standard,128,128,128,0,1024,4.5,mesuré ici,0.5667603407394397,0.22100485774007742,0.9575036470018097
75e6bdca12b3c5d7,363613,Amazon_employee_access,12233,ep1766_50,50,1638,128,1766,1e-05,0.0,standard,128,128,128,1,1024,4.4,mesuré ici,0.5492491437604285,0.2240032033939458,0.9562192869683973
75e6bdca12b3c5d7,363613,Amazon_employee_access,12233,ep1766_50,50,1638,128,1766,1e-05,0.0,standard,128,128,128,2,1024,4.5,mesuré ici,0.5147097567401423,0.22052909871554469,0.9398707774254536
75e6bdca12b3c5d7,363613,Amazon_employee_access,12233,ep1766_50,50,1638,128,1766,1e-05,0.0,standard,256,256,256,0,1024,4.4,mesuré ici,0.6780275753051725,0.20754788317796574,0.9694363454806584
75e6bdca12b3c5d7,363613,Amazon_employee_access,12233,ep1766_50,50,1638,128,1766,1e-05,0.0,standard,256,256,256,1,1024,4.4,mesuré ici,0.4929041889874418,0.22844259890515012,0.9381484355980818
75e6bdca12b3c5d7,363613,Amazon_employee_access,12233,ep1766_50,50,1638,128,1766,1e-05,0.0,standard,256,256,256,2,1024,4.4,mesuré ici,0.6053745499253536,0.22238909134376472,0.9602670034092693
75e6bdca12b3c5d7,363613,Amazon_employee_access,12233,ep1766_50,50,1638,128,1766,1e-05,0.0,standard,512,512,512,0,1024,4.4,mesuré ici,0.5781417405813647,0.23652309577902997,0.9598093781525298
75e6bdca12b3c5d7,363613,Amazon_employee_access,12233,ep1766_50,50,1638,128,1766,1e-05,0.0,standard,1024,1024,1024,0,1024,4.5,mesuré ici,0.6181434969702292,0.21669223754805786,0.9615874714776509
75e6bdca12b3c5d7,363613,Amazon_employee_access,12233,ep1766_50,50,1638,128,1766,1e-05,0.0,standard,2048,2048,2048,0,1024,5.7,mesuré ici,0.7149117414595592,0.19072393430120094,0.9716863041508296
75e6bdca12b3c5d7,363613,Amazon_employee_access,12233,ep1766_50,50,1638,128,1766,1e-05,0.0,standard,full,12233,12233,0,1024,39.5,mesuré ici,0.8352858522876965,0.16731343008024918,0.9832335782398104
75e6bdca12b3c5d7,363613,Amazon_employee_access,12233,ep1766_200,200,1638,128,1766,1e-05,0.0,standard,32,32,32,0,1024,4.7,mesuré ici,0.6609642574866075,0.21735321580428651,0.9637600478347959
75e6bdca12b3c5d7,363613,Amazon_employee_access,12233,ep1766_200,200,1638,128,1766,1e-05,0.0,standard,32,32,32,1,1024,4.4,mesuré ici,0.5549661895143585,0.22741773784907732,0.9538097186290726
75e6bdca12b3c5d7,363613,Amazon_employee_access,12233,ep1766_200,200,1638,128,1766,1e-05,0.0,standard,32,32,32,2,1024,4.4,mesuré ici,0.3816545183103539,0.23725184891952023,0.9221353981609588
75e6bdca12b3c5d7,363613,Amazon_employee_access,12233,ep1766_200,200,1638,128,1766,1e-05,0.0,standard,64,64,64,0,1024,4.3,mesuré ici,0.6327917801001142,0.2154030816285039,0.9580044882129398
75e6bdca12b3c5d7,363613,Amazon_employee_access,12233,ep1766_200,200,1638,128,1766,1e-05,0.0,standard,64,64,64,1,1024,4.4,mesuré ici,0.4831123210678844,0.23053846327520952,0.9410173088638608
75e6bdca12b3c5d7,363613,Amazon_employee_access,12233,ep1766_200,200,1638,128,1766,1e-05,0.0,standard,64,64,64,2,1024,4.4,mesuré ici,0.6521471853868446,0.21671829750745597,0.9673135625704966
75e6bdca12b3c5d7,363613,Amazon_employee_access,12233,ep1766_200,200,1638,128,1766,1e-05,0.0,standard,128,128,128,0,1024,4.4,mesuré ici,0.5688767893211557,0.22027268732688637,0.9553997471484237
75e6bdca12b3c5d7,363613,Amazon_employee_access,12233,ep1766_200,200,1638,128,1766,1e-05,0.0,standard,128,128,128,1,1024,4.4,mesuré ici,0.547343461842452,0.22310155728482606,0.9587331576747979
75e6bdca12b3c5d7,363613,Amazon_employee_access,12233,ep1766_200,200,1638,128,1766,1e-05,0.0,standard,128,128,128,2,1024,4.4,mesuré ici,0.5407921313778871,0.21943051982697617,0.9456666108937626
75e6bdca12b3c5d7,363613,Amazon_employee_access,12233,ep1766_200,200,1638,128,1766,1e-05,0.0,standard,256,256,256,0,1024,4.4,mesuré ici,0.658672170018442,0.21115459798721967,0.9665902136575992
75e6bdca12b3c5d7,363613,Amazon_employee_access,12233,ep1766_200,200,1638,128,1766,1e-05,0.0,standard,256,256,256,1,1024,4.4,mesuré ici,0.545209449372091,0.2195098378176756,0.9539107061793981
75e6bdca12b3c5d7,363613,Amazon_employee_access,12233,ep1766_200,200,1638,128,1766,1e-05,0.0,standard,256,256,256,2,1024,4.5,mesuré ici,0.6187318872398349,0.2221701306344645,0.9626214193319433
75e6bdca12b3c5d7,363613,Amazon_employee_access,12233,ep1766_200,200,1638,128,1766,1e-05,0.0,standard,512,512,512,0,1024,4.4,mesuré ici,0.6267498024062529,0.22330182842091317,0.9693169901476416
75e6bdca12b3c5d7,363613,Amazon_employee_access,12233,ep1766_200,200,1638,128,1766,1e-05,0.0,standard,1024,1024,1024,0,1024,4.5,mesuré ici,0.606665495740757,0.21873009474621918,0.9600195708587117
75e6bdca12b3c5d7,363613,Amazon_employee_access,12233,ep1766_200,200,1638,128,1766,1e-05,0.0,standard,2048,2048,2048,0,1024,5.7,mesuré ici,0.7199525775006586,0.1927219038258164,0.9719018153898878
75e6bdca12b3c5d7,363613,Amazon_employee_access,12233,ep1766_200,200,1638,128,1766,1e-05,0.0,standard,full,12233,12233,0,1024,36.2,mesuré ici,0.8424958285764469,0.1627503155431958,0.9850958517845068
75e6bdca12b3c5d7,363627,credit_card_clients_default,11200,ep1766_25,25,1638,128,1766,1e-05,0.0,standard,32,32,32,0,1024,5.1,mesuré ici,0.666682327450406,0.5086680955127899,0.39334544427471907
75e6bdca12b3c5d7,363627,credit_card_clients_default,11200,ep1766_25,25,1638,128,1766,1e-05,0.0,standard,32,32,32,1,1024,4.7,mesuré ici,0.6920334514340672,0.4886427499892301,0.43239408899447934
75e6bdca12b3c5d7,363627,credit_card_clients_default,11200,ep1766_25,25,1638,128,1766,1e-05,0.0,standard,32,32,32,2,1024,4.6,mesuré ici,0.5049027465329788,0.5334965211656563,0.22621002287016873
75e6bdca12b3c5d7,363627,credit_card_clients_default,11200,ep1766_25,25,1638,128,1766,1e-05,0.0,standard,64,64,64,0,1024,4.6,mesuré ici,0.6720631884987205,0.4996415810268734,0.4314668402467318
75e6bdca12b3c5d7,363627,credit_card_clients_default,11200,ep1766_25,25,1638,128,1766,1e-05,0.0,standard,64,64,64,1,1024,4.6,mesuré ici,0.6315699290842863,0.5127645481647227,0.31533583661839615
75e6bdca12b3c5d7,363627,credit_card_clients_default,11200,ep1766_25,25,1638,128,1766,1e-05,0.0,standard,64,64,64,2,1024,4.7,mesuré ici,0.6702087674594708,0.505333912385556,0.37281642574094237
75e6bdca12b3c5d7,363627,credit_card_clients_default,11200,ep1766_25,25,1638,128,1766,1e-05,0.0,standard,128,128,128,0,1024,4.7,mesuré ici,0.6804785567021706,0.47385378492991687,0.4733676983738392
75e6bdca12b3c5d7,363627,credit_card_clients_default,11200,ep1766_25,25,1638,128,1766,1e-05,0.0,standard,128,128,128,1,1024,4.8,mesuré ici,0.7079549411615143,0.46526759244286087,0.4899242209450529
75e6bdca12b3c5d7,363627,credit_card_clients_default,11200,ep1766_25,25,1638,128,1766,1e-05,0.0,standard,128,128,128,2,1024,4.8,mesuré ici,0.7217180064006545,0.4717747217878636,0.5253777699571485
75e6bdca12b3c5d7,363627,credit_card_clients_default,11200,ep1766_25,25,1638,128,1766,1e-05,0.0,standard,256,256,256,0,1024,4.7,mesuré ici,0.7315511361437992,0.4572584571601194,0.5057406529348804
75e6bdca12b3c5d7,363627,credit_card_clients_default,11200,ep1766_25,25,1638,128,1766,1e-05,0.0,standard,256,256,256,1,1024,4.7,mesuré ici,0.7283729182672909,0.45437271951505354,0.5174767817915591
75e6bdca12b3c5d7,363627,credit_card_clients_default,11200,ep1766_25,25,1638,128,1766,1e-05,0.0,standard,256,256,256,2,1024,4.8,mesuré ici,0.7326980582470609,0.4593095994678684,0.4994655392477821
75e6bdca12b3c5d7,363627,credit_card_clients_default,11200,ep1766_25,25,1638,128,1766,1e-05,0.0,standard,512,512,512,0,1024,4.7,mesuré ici,0.7201123154560881,0.4558583509217868,0.5209854129600466
75e6bdca12b3c5d7,363627,credit_card_clients_default,11200,ep1766_25,25,1638,128,1766,1e-05,0.0,standard,1024,1024,1024,0,1024,4.8,mesuré ici,0.7464058501318269,0.4405564336182532,0.5554329627991798
75e6bdca12b3c5d7,363627,credit_card_clients_default,11200,ep1766_25,25,1638,128,1766,1e-05,0.0,standard,2048,2048,2048,0,1024,6.4,mesuré ici,0.7513472880128675,0.43907989370955675,0.5367287531884901
75e6bdca12b3c5d7,363627,credit_card_clients_default,11200,ep1766_25,25,1638,128,1766,1e-05,0.0,standard,full,11200,11200,0,1024,34.7,mesuré ici,0.7521459879835728,0.43774043947563657,0.5525205310515355
75e6bdca12b3c5d7,363627,credit_card_clients_default,11200,ep1766_50,50,1638,128,1766,1e-05,0.0,standard,32,32,32,0,1024,5.1,mesuré ici,0.6702529861429701,0.5081366940854704,0.391317814071555
75e6bdca12b3c5d7,363627,credit_card_clients_default,11200,ep1766_50,50,1638,128,1766,1e-05,0.0,standard,32,32,32,1,1024,4.8,mesuré ici,0.6928100420630227,0.48832289796251094,0.4323002606286046
75e6bdca12b3c5d7,363627,credit_card_clients_default,11200,ep1766_50,50,1638,128,1766,1e-05,0.0,standard,32,32,32,2,1024,4.8,mesuré ici,0.5121546106268551,0.5320357123718656,0.2295601213861695
75e6bdca12b3c5d7,363627,credit_card_clients_default,11200,ep1766_50,50,1638,128,1766,1e-05,0.0,standard,64,64,64,0,1024,4.7,mesuré ici,0.6794670543171253,0.49365353220380115,0.4383090963185299
75e6bdca12b3c5d7,363627,credit_card_clients_default,11200,ep1766_50,50,1638,128,1766,1e-05,0.0,standard,64,64,64,1,1024,4.7,mesuré ici,0.631592038426036,0.5128800943714088,0.3130830349200453
75e6bdca12b3c5d7,363627,credit_card_clients_default,11200,ep1766_50,50,1638,128,1766,1e-05,0.0,standard,64,64,64,2,1024,4.7,mesuré ici,0.675313261735915,0.504897659616447,0.3858208505774517
75e6bdca12b3c5d7,363627,credit_card_clients_default,11200,ep1766_50,50,1638,128,1766,1e-05,0.0,standard,128,128,128,0,1024,4.7,mesuré ici,0.6865254616706924,0.4715290142252906,0.4705903445108143
75e6bdca12b3c5d7,363627,credit_card_clients_default,11200,ep1766_50,50,1638,128,1766,1e-05,0.0,standard,128,128,128,1,1024,4.7,mesuré ici,0.709325720349991,0.46499297703970077,0.49095533764440524
75e6bdca12b3c5d7,363627,credit_card_clients_default,11200,ep1766_50,50,1638,128,1766,1e-05,0.0,standard,128,128,128,2,1024,4.7,mesuré ici,0.7240919969710202,0.4757471695627867,0.5259915739028775
75e6bdca12b3c5d7,363627,credit_card_clients_default,11200,ep1766_50,50,1638,128,1766,1e-05,0.0,standard,256,256,256,0,1024,4.7,mesuré ici,0.7338560350211973,0.45555506106503096,0.5068260166041815
75e6bdca12b3c5d7,363627,credit_card_clients_default,11200,ep1766_50,50,1638,128,1766,1e-05,0.0,standard,256,256,256,1,1024,4.7,mesuré ici,0.7283480452578226,0.45651947980124336,0.519218295954124
75e6bdca12b3c5d7,363627,credit_card_clients_default,11200,ep1766_50,50,1638,128,1766,1e-05,0.0,standard,256,256,256,2,1024,4.7,mesuré ici,0.7332784284679884,0.4572888283147723,0.5037711790246305
75e6bdca12b3c5d7,363627,credit_card_clients_default,11200,ep1766_50,50,1638,128,1766,1e-05,0.0,standard,512,512,512,0,1024,4.9,mesuré ici,0.7275410542839613,0.4555650489417348,0.5262601305349764
75e6bdca12b3c5d7,363627,credit_card_clients_default,11200,ep1766_50,50,1638,128,1766,1e-05,0.0,standard,1024,1024,1024,0,1024,4.8,mesuré ici,0.7460907920118949,0.44175778385133546,0.5532061903808206
75e6bdca12b3c5d7,363627,credit_card_clients_default,11200,ep1766_50,50,1638,128,1766,1e-05,0.0,standard,2048,2048,2048,0,1024,6.3,mesuré ici,0.7507420447824718,0.4412903932288624,0.5339506834649244
75e6bdca12b3c5d7,363627,credit_card_clients_default,11200,ep1766_50,50,1638,128,1766,1e-05,0.0,standard,full,11200,11200,0,1024,34.5,mesuré ici,0.7528203229069362,0.4381655170669168,0.5540406556526272
75e6bdca12b3c5d7,363627,credit_card_clients_default,11200,ep1766_200,200,1638,128,1766,1e-05,0.0,standard,32,32,32,0,1024,5.1,mesuré ici,0.6772975751579436,0.5050757644113228,0.40049673190613544
75e6bdca12b3c5d7,363627,credit_card_clients_default,11200,ep1766_200,200,1638,128,1766,1e-05,0.0,standard,32,32,32,1,1024,4.8,mesuré ici,0.6929537527843953,0.4880714100354558,0.4397230037495996
75e6bdca12b3c5d7,363627,credit_card_clients_default,11200,ep1766_200,200,1638,128,1766,1e-05,0.0,standard,32,32,32,2,1024,4.8,mesuré ici,0.5145894018870323,0.5327480504619745,0.22650923155859867
75e6bdca12b3c5d7,363627,credit_card_clients_default,11200,ep1766_200,200,1638,128,1766,1e-05,0.0,standard,64,64,64,0,1024,4.7,mesuré ici,0.6936391423786337,0.484715611199732,0.4561740127415169
75e6bdca12b3c5d7,363627,credit_card_clients_default,11200,ep1766_200,200,1638,128,1766,1e-05,0.0,standard,64,64,64,1,1024,4.8,mesuré ici,0.6509598217987054,0.5070107649870489,0.34078007323523035
75e6bdca12b3c5d7,363627,credit_card_clients_default,11200,ep1766_200,200,1638,128,1766,1e-05,0.0,standard,64,64,64,2,1024,4.7,mesuré ici,0.6758549406087808,0.5007336746816551,0.37853513922391385
75e6bdca12b3c5d7,363627,credit_card_clients_default,11200,ep1766_200,200,1638,128,1766,1e-05,0.0,standard,128,128,128,0,1024,4.8,mesuré ici,0.6929620437875513,0.47124768337425726,0.4714448900780637
75e6bdca12b3c5d7,363627,credit_card_clients_default,11200,ep1766_200,200,1638,128,1766,1e-05,0.0,standard,128,128,128,1,1024,4.7,mesuré ici,0.7124265555303755,0.4648460743507176,0.49553664759033883
75e6bdca12b3c5d7,363627,credit_card_clients_default,11200,ep1766_200,200,1638,128,1766,1e-05,0.0,standard,128,128,128,2,1024,4.8,mesuré ici,0.7285525566690065,0.47179443392934267,0.5259514457511563
75e6bdca12b3c5d7,363627,credit_card_clients_default,11200,ep1766_200,200,1638,128,1766,1e-05,0.0,standard,256,256,256,0,1024,4.8,mesuré ici,0.7339417087204771,0.45484125714466384,0.504296700459484
75e6bdca12b3c5d7,363627,credit_card_clients_default,11200,ep1766_200,200,1638,128,1766,1e-05,0.0,standard,256,256,256,1,1024,4.7,mesuré ici,0.7289809251654056,0.45994323561698,0.5161263540999518
75e6bdca12b3c5d7,363627,credit_card_clients_default,11200,ep1766_200,200,1638,128,1766,1e-05,0.0,standard,256,256,256,2,1024,4.7,mesuré ici,0.7384492507696814,0.45563493265698135,0.5087881281337728
75e6bdca12b3c5d7,363627,credit_card_clients_default,11200,ep1766_200,200,1638,128,1766,1e-05,0.0,standard,512,512,512,0,1024,4.8,mesuré ici,0.7342622941758467,0.4563572504198863,0.5198185593292478
75e6bdca12b3c5d7,363627,credit_card_clients_default,11200,ep1766_200,200,1638,128,1766,1e-05,0.0,standard,1024,1024,1024,0,1024,4.8,mesuré ici,0.7452948557089084,0.44249492071175855,0.5538482846204225
75e6bdca12b3c5d7,363627,credit_card_clients_default,11200,ep1766_200,200,1638,128,1766,1e-05,0.0,standard,2048,2048,2048,0,1024,6.3,mesuré ici,0.7495287946539613,0.4444102768731947,0.5348658356291986
75e6bdca12b3c5d7,363627,credit_card_clients_default,11200,ep1766_200,200,1638,128,1766,1e-05,0.0,standard,full,11200,11200,0,1024,34.3,mesuré ici,0.7513168876679619,0.4386786793170155,0.5530853594689689
75e6bdca12b3c5d7,363679,HR_Analytics_Job_Change_of_Data_Scientists,7151,ep1766_25,25,1638,128,1766,1e-05,0.0,standard,32,32,32,0,1024,5.0,mesuré ici,0.7180524745658993,0.4926115119464093,0.48683598374198167
75e6bdca12b3c5d7,363679,HR_Analytics_Job_Change_of_Data_Scientists,7151,ep1766_25,25,1638,128,1766,1e-05,0.0,standard,32,32,32,1,1024,4.7,mesuré ici,0.6894234937147812,0.532431704006845,0.40706421046831226
75e6bdca12b3c5d7,363679,HR_Analytics_Job_Change_of_Data_Scientists,7151,ep1766_25,25,1638,128,1766,1e-05,0.0,standard,32,32,32,2,1024,4.6,mesuré ici,0.7607766643718606,0.48715544076564843,0.5280195784751451
75e6bdca12b3c5d7,363679,HR_Analytics_Job_Change_of_Data_Scientists,7151,ep1766_25,25,1638,128,1766,1e-05,0.0,standard,64,64,64,0,1024,4.6,mesuré ici,0.802896555241082,0.4810362100015535,0.5404843793845951
75e6bdca12b3c5d7,363679,HR_Analytics_Job_Change_of_Data_Scientists,7151,ep1766_25,25,1638,128,1766,1e-05,0.0,standard,64,64,64,1,1024,4.7,mesuré ici,0.7443458527754405,0.5104860082872474,0.4543047786911579
75e6bdca12b3c5d7,363679,HR_Analytics_Job_Change_of_Data_Scientists,7151,ep1766_25,25,1638,128,1766,1e-05,0.0,standard,64,64,64,2,1024,4.7,mesuré ici,0.7335704632958515,0.4983675991499281,0.46023128897565324
75e6bdca12b3c5d7,363679,HR_Analytics_Job_Change_of_Data_Scientists,7151,ep1766_25,25,1638,128,1766,1e-05,0.0,standard,128,128,128,0,1024,4.7,mesuré ici,0.7808383691578062,0.49876188420934975,0.5402460902039402
75e6bdca12b3c5d7,363679,HR_Analytics_Job_Change_of_Data_Scientists,7151,ep1766_25,25,1638,128,1766,1e-05,0.0,standard,128,128,128,1,1024,4.7,mesuré ici,0.7845381065299982,0.46394530929007854,0.5052598126304294
75e6bdca12b3c5d7,363679,HR_Analytics_Job_Change_of_Data_Scientists,7151,ep1766_25,25,1638,128,1766,1e-05,0.0,standard,128,128,128,2,1024,4.7,mesuré ici,0.7851755526657997,0.4686464216157912,0.5401031849777724
75e6bdca12b3c5d7,363679,HR_Analytics_Job_Change_of_Data_Scientists,7151,ep1766_25,25,1638,128,1766,1e-05,0.0,standard,256,256,256,0,1024,4.6,mesuré ici,0.8162650756011117,0.43864064529503743,0.5693716601565668
75e6bdca12b3c5d7,363679,HR_Analytics_Job_Change_of_Data_Scientists,7151,ep1766_25,25,1638,128,1766,1e-05,0.0,standard,256,256,256,1,1024,4.6,mesuré ici,0.8229174634743364,0.43067843880958917,0.5818757280937588
75e6bdca12b3c5d7,363679,HR_Analytics_Job_Change_of_Data_Scientists,7151,ep1766_25,25,1638,128,1766,1e-05,0.0,standard,256,256,256,2,1024,4.6,mesuré ici,0.8114510823835386,0.4518021089047649,0.5704736992318268
75e6bdca12b3c5d7,363679,HR_Analytics_Job_Change_of_Data_Scientists,7151,ep1766_25,25,1638,128,1766,1e-05,0.0,standard,512,512,512,0,1024,4.6,mesuré ici,0.8159183049032357,0.4281208277842866,0.5665988210550272
75e6bdca12b3c5d7,363679,HR_Analytics_Job_Change_of_Data_Scientists,7151,ep1766_25,25,1638,128,1766,1e-05,0.0,standard,1024,1024,1024,0,1024,4.6,mesuré ici,0.8189092021724163,0.4333712991231506,0.5572277795932773
75e6bdca12b3c5d7,363679,HR_Analytics_Job_Change_of_Data_Scientists,7151,ep1766_25,25,1638,128,1766,1e-05,0.0,standard,2048,2048,2048,0,1024,5.8,mesuré ici,0.8278614957036131,0.4268633793005362,0.5554132224344392
75e6bdca12b3c5d7,363679,HR_Analytics_Job_Change_of_Data_Scientists,7151,ep1766_25,25,1638,128,1766,1e-05,0.0,standard,full,7151,7151,0,1024,17.5,mesuré ici,0.8333894285932839,0.4177320295777159,0.5704206631700591
75e6bdca12b3c5d7,363679,HR_Analytics_Job_Change_of_Data_Scientists,7151,ep1766_50,50,1638,128,1766,1e-05,0.0,standard,32,32,32,0,1024,5.0,mesuré ici,0.7134654121726713,0.49422972505579893,0.4812920885848872
75e6bdca12b3c5d7,363679,HR_Analytics_Job_Change_of_Data_Scientists,7151,ep1766_50,50,1638,128,1766,1e-05,0.0,standard,32,32,32,1,1024,4.6,mesuré ici,0.690486753869298,0.5311757336062974,0.4082264432445636
75e6bdca12b3c5d7,363679,HR_Analytics_Job_Change_of_Data_Scientists,7151,ep1766_50,50,1638,128,1766,1e-05,0.0,standard,32,32,32,2,1024,4.6,mesuré ici,0.7591499018332951,0.48727291220981966,0.5258006880936416
75e6bdca12b3c5d7,363679,HR_Analytics_Job_Change_of_Data_Scientists,7151,ep1766_50,50,1638,128,1766,1e-05,0.0,standard,64,64,64,0,1024,4.5,mesuré ici,0.8029985466228104,0.4800329329888019,0.5381802829794279
75e6bdca12b3c5d7,363679,HR_Analytics_Job_Change_of_Data_Scientists,7151,ep1766_50,50,1638,128,1766,1e-05,0.0,standard,64,64,64,1,1024,4.5,mesuré ici,0.7426323975624058,0.5104574623737553,0.4499912694526904
75e6bdca12b3c5d7,363679,HR_Analytics_Job_Change_of_Data_Scientists,7151,ep1766_50,50,1638,128,1766,1e-05,0.0,standard,64,64,64,2,1024,4.6,mesuré ici,0.7287131237410438,0.500624098116375,0.45826223947583605
75e6bdca12b3c5d7,363679,HR_Analytics_Job_Change_of_Data_Scientists,7151,ep1766_50,50,1638,128,1766,1e-05,0.0,standard,128,128,128,0,1024,4.7,mesuré ici,0.7785690609143527,0.49768082588499957,0.5375443262429124
75e6bdca12b3c5d7,363679,HR_Analytics_Job_Change_of_Data_Scientists,7151,ep1766_50,50,1638,128,1766,1e-05,0.0,standard,128,128,128,1,1024,4.6,mesuré ici,0.7838012187970116,0.4648080187977426,0.5020714501197849
75e6bdca12b3c5d7,363679,HR_Analytics_Job_Change_of_Data_Scientists,7151,ep1766_50,50,1638,128,1766,1e-05,0.0,standard,128,128,128,2,1024,4.7,mesuré ici,0.786873709171575,0.46783870179421827,0.5428603042175413
75e6bdca12b3c5d7,363679,HR_Analytics_Job_Change_of_Data_Scientists,7151,ep1766_50,50,1638,128,1766,1e-05,0.0,standard,256,256,256,0,1024,4.6,mesuré ici,0.818322751727479,0.4374219357510308,0.5687719147292971
75e6bdca12b3c5d7,363679,HR_Analytics_Job_Change_of_Data_Scientists,7151,ep1766_50,50,1638,128,1766,1e-05,0.0,standard,256,256,256,1,1024,4.6,mesuré ici,0.8246870139473215,0.42928569006076966,0.5859933748705455
75e6bdca12b3c5d7,363679,HR_Analytics_Job_Change_of_Data_Scientists,7151,ep1766_50,50,1638,128,1766,1e-05,0.0,standard,256,256,256,2,1024,4.6,mesuré ici,0.8116831127769704,0.4528517097770827,0.5696291642202291
75e6bdca12b3c5d7,363679,HR_Analytics_Job_Change_of_Data_Scientists,7151,ep1766_50,50,1638,128,1766,1e-05,0.0,standard,512,512,512,0,1024,4.6,mesuré ici,0.8180142277977511,0.4290150902463551,0.5649214583149943
75e6bdca12b3c5d7,363679,HR_Analytics_Job_Change_of_Data_Scientists,7151,ep1766_50,50,1638,128,1766,1e-05,0.0,standard,1024,1024,1024,0,1024,4.7,mesuré ici,0.8213722940411536,0.4312877705526968,0.5767941238502272
75e6bdca12b3c5d7,363679,HR_Analytics_Job_Change_of_Data_Scientists,7151,ep1766_50,50,1638,128,1766,1e-05,0.0,standard,2048,2048,2048,0,1024,5.7,mesuré ici,0.832104337183508,0.42454617007300344,0.5670304541857834
75e6bdca12b3c5d7,363679,HR_Analytics_Job_Change_of_Data_Scientists,7151,ep1766_50,50,1638,128,1766,1e-05,0.0,standard,full,7151,7151,0,1024,17.3,mesuré ici,0.8322063285652362,0.41664846706205116,0.573066050723829
75e6bdca12b3c5d7,363679,HR_Analytics_Job_Change_of_Data_Scientists,7151,ep1766_200,200,1638,128,1766,1e-05,0.0,standard,32,32,32,0,1024,5.0,mesuré ici,0.7174889721818507,0.4936552361805443,0.48436972285114416
75e6bdca12b3c5d7,363679,HR_Analytics_Job_Change_of_Data_Scientists,7151,ep1766_200,200,1638,128,1766,1e-05,0.0,standard,32,32,32,1,1024,4.6,mesuré ici,0.7029042045947118,0.5209610527094234,0.4220865942783115
75e6bdca12b3c5d7,363679,HR_Analytics_Job_Change_of_Data_Scientists,7151,ep1766_200,200,1638,128,1766,1e-05,0.0,standard,32,32,32,2,1024,4.6,mesuré ici,0.7634972844794615,0.4860443409034476,0.5296915521042114
75e6bdca12b3c5d7,363679,HR_Analytics_Job_Change_of_Data_Scientists,7151,ep1766_200,200,1638,128,1766,1e-05,0.0,standard,64,64,64,0,1024,4.5,mesuré ici,0.8043601315688824,0.47460645921814504,0.5428809173698983
75e6bdca12b3c5d7,363679,HR_Analytics_Job_Change_of_Data_Scientists,7151,ep1766_200,200,1638,128,1766,1e-05,0.0,standard,64,64,64,1,1024,4.6,mesuré ici,0.7453224202554883,0.5085256176909101,0.45094018796355856
75e6bdca12b3c5d7,363679,HR_Analytics_Job_Change_of_Data_Scientists,7151,ep1766_200,200,1638,128,1766,1e-05,0.0,standard,64,64,64,2,1024,4.6,mesuré ici,0.7257247762564063,0.501304192291874,0.4559544525639623
75e6bdca12b3c5d7,363679,HR_Analytics_Job_Change_of_Data_Scientists,7151,ep1766_200,200,1638,128,1766,1e-05,0.0,standard,128,128,128,0,1024,4.6,mesuré ici,0.7911624467732478,0.4884057650148692,0.5448607374810707
75e6bdca12b3c5d7,363679,HR_Analytics_Job_Change_of_Data_Scientists,7151,ep1766_200,200,1638,128,1766,1e-05,0.0,standard,128,128,128,1,1024,4.6,mesuré ici,0.784548305668171,0.46401761967750105,0.5091279872441848
75e6bdca12b3c5d7,363679,HR_Analytics_Job_Change_of_Data_Scientists,7151,ep1766_200,200,1638,128,1766,1e-05,0.0,standard,128,128,128,2,1024,4.6,mesuré ici,0.7896784721691016,0.46716912311733755,0.5476735596002821
75e6bdca12b3c5d7,363679,HR_Analytics_Job_Change_of_Data_Scientists,7151,ep1766_200,200,1638,128,1766,1e-05,0.0,standard,256,256,256,0,1024,4.6,mesuré ici,0.8215737270200669,0.43283342106595335,0.5752991506944289
75e6bdca12b3c5d7,363679,HR_Analytics_Job_Change_of_Data_Scientists,7151,ep1766_200,200,1638,128,1766,1e-05,0.0,standard,256,256,256,1,1024,4.6,mesuré ici,0.8241056630714705,0.4291896771216879,0.5816253492300038
75e6bdca12b3c5d7,363679,HR_Analytics_Job_Change_of_Data_Scientists,7151,ep1766_200,200,1638,128,1766,1e-05,0.0,standard,256,256,256,2,1024,4.6,mesuré ici,0.8180601239195288,0.44936361730596597,0.5737588455411471
75e6bdca12b3c5d7,363679,HR_Analytics_Job_Change_of_Data_Scientists,7151,ep1766_200,200,1638,128,1766,1e-05,0.0,standard,512,512,512,0,1024,4.6,mesuré ici,0.8183482495729111,0.42719218831436667,0.5674877869781043
75e6bdca12b3c5d7,363679,HR_Analytics_Job_Change_of_Data_Scientists,7151,ep1766_200,200,1638,128,1766,1e-05,0.0,standard,1024,1024,1024,0,1024,4.7,mesuré ici,0.8232030393431755,0.431700130128417,0.5826644888400369
75e6bdca12b3c5d7,363679,HR_Analytics_Job_Change_of_Data_Scientists,7151,ep1766_200,200,1638,128,1766,1e-05,0.0,standard,2048,2048,2048,0,1024,5.7,mesuré ici,0.8286876258956117,0.42179248145248727,0.5586825318309644
75e6bdca12b3c5d7,363679,HR_Analytics_Job_Change_of_Data_Scientists,7151,ep1766_200,200,1638,128,1766,1e-05,0.0,standard,full,7151,7151,0,1024,17.2,mesuré ici,0.832884571253729,0.4146270754441332,0.573649393262437
75e6bdca12b3c5d7,363681,in_vehicle_coupon_recommendation,4734,ep1766_25,25,1638,128,1766,1e-05,0.0,standard,32,32,32,0,1024,5.1,mesuré ici,0.5312271617608186,0.6887312292704161,0.6026475952973381
75e6bdca12b3c5d7,363681,in_vehicle_coupon_recommendation,4734,ep1766_25,25,1638,128,1766,1e-05,0.0,standard,32,32,32,1,1024,4.7,mesuré ici,0.5416899908258308,0.6896707733213272,0.5973190406520306
75e6bdca12b3c5d7,363681,in_vehicle_coupon_recommendation,4734,ep1766_25,25,1638,128,1766,1e-05,0.0,standard,32,32,32,2,1024,4.8,mesuré ici,0.6233711962183763,0.6719744100000963,0.6801712494306287
75e6bdca12b3c5d7,363681,in_vehicle_coupon_recommendation,4734,ep1766_25,25,1638,128,1766,1e-05,0.0,standard,64,64,64,0,1024,4.7,mesuré ici,0.6195363157158185,0.6646960958882542,0.6712541794492717
75e6bdca12b3c5d7,363681,in_vehicle_coupon_recommendation,4734,ep1766_25,25,1638,128,1766,1e-05,0.0,standard,64,64,64,1,1024,4.7,mesuré ici,0.6094194616784065,0.6674765199171881,0.659744099668252
75e6bdca12b3c5d7,363681,in_vehicle_coupon_recommendation,4734,ep1766_25,25,1638,128,1766,1e-05,0.0,standard,64,64,64,2,1024,4.6,mesuré ici,0.6339506460792088,0.674462011274199,0.6711040202103207
75e6bdca12b3c5d7,363681,in_vehicle_coupon_recommendation,4734,ep1766_25,25,1638,128,1766,1e-05,0.0,standard,128,128,128,0,1024,4.9,mesuré ici,0.6796290681220942,0.6353586469834779,0.7128009802766913
75e6bdca12b3c5d7,363681,in_vehicle_coupon_recommendation,4734,ep1766_25,25,1638,128,1766,1e-05,0.0,standard,128,128,128,1,1024,5.0,mesuré ici,0.5786859946198939,0.6802422911644193,0.6519371703410346
75e6bdca12b3c5d7,363681,in_vehicle_coupon_recommendation,4734,ep1766_25,25,1638,128,1766,1e-05,0.0,standard,128,128,128,2,1024,4.9,mesuré ici,0.6397894605899458,0.6663903581525581,0.7009683635124253
75e6bdca12b3c5d7,363681,in_vehicle_coupon_recommendation,4734,ep1766_25,25,1638,128,1766,1e-05,0.0,standard,256,256,256,0,1024,4.8,mesuré ici,0.6734598280231998,0.6430988815446592,0.7069162031391947
75e6bdca12b3c5d7,363681,in_vehicle_coupon_recommendation,4734,ep1766_25,25,1638,128,1766,1e-05,0.0,standard,256,256,256,1,1024,4.8,mesuré ici,0.6559453281709194,0.6454624899413417,0.7049959499431018
75e6bdca12b3c5d7,363681,in_vehicle_coupon_recommendation,4734,ep1766_25,25,1638,128,1766,1e-05,0.0,standard,256,256,256,2,1024,4.8,mesuré ici,0.713000108846076,0.6143048018155942,0.7541341331030897
75e6bdca12b3c5d7,363681,in_vehicle_coupon_recommendation,4734,ep1766_25,25,1638,128,1766,1e-05,0.0,standard,512,512,512,0,1024,4.8,mesuré ici,0.7243473122793923,0.6049638325563079,0.7468165439526933
75e6bdca12b3c5d7,363681,in_vehicle_coupon_recommendation,4734,ep1766_25,25,1638,128,1766,1e-05,0.0,standard,1024,1024,1024,0,1024,4.8,mesuré ici,0.7552207242928892,0.5787615920622877,0.7895985598143653
75e6bdca12b3c5d7,363681,in_vehicle_coupon_recommendation,4734,ep1766_25,25,1638,128,1766,1e-05,0.0,standard,2048,2048,2048,0,1024,6.7,mesuré ici,0.8000633639657291,0.5360466036592522,0.8190287196235116
75e6bdca12b3c5d7,363681,in_vehicle_coupon_recommendation,4734,ep1766_25,25,1638,128,1766,1e-05,0.0,standard,full,4734,4734,0,1024,12.6,mesuré ici,0.8295314953895913,0.49411626462869485,0.8511813628420559
75e6bdca12b3c5d7,363681,in_vehicle_coupon_recommendation,4734,ep1766_50,50,1638,128,1766,1e-05,0.0,standard,32,32,32,0,1024,5.1,mesuré ici,0.5322301006048732,0.6886822229409573,0.6031082951706308
75e6bdca12b3c5d7,363681,in_vehicle_coupon_recommendation,4734,ep1766_50,50,1638,128,1766,1e-05,0.0,standard,32,32,32,1,1024,4.7,mesuré ici,0.5413168042792058,0.6902805100792331,0.5980081854265316
75e6bdca12b3c5d7,363681,in_vehicle_coupon_recommendation,4734,ep1766_50,50,1638,128,1766,1e-05,0.0,standard,32,32,32,2,1024,4.7,mesuré ici,0.6215849543623952,0.6723559438753909,0.6794090094421729
75e6bdca12b3c5d7,363681,in_vehicle_coupon_recommendation,4734,ep1766_50,50,1638,128,1766,1e-05,0.0,standard,64,64,64,0,1024,4.8,mesuré ici,0.6186908149461212,0.665373383392986,0.6715089053271779
75e6bdca12b3c5d7,363681,in_vehicle_coupon_recommendation,4734,ep1766_50,50,1638,128,1766,1e-05,0.0,standard,64,64,64,1,1024,4.7,mesuré ici,0.6094699973565953,0.6679098818580309,0.6610603851618069
75e6bdca12b3c5d7,363681,in_vehicle_coupon_recommendation,4734,ep1766_50,50,1638,128,1766,1e-05,0.0,standard,64,64,64,2,1024,4.6,mesuré ici,0.6348544572468162,0.6738904278804012,0.6750115763749301
75e6bdca12b3c5d7,363681,in_vehicle_coupon_recommendation,4734,ep1766_50,50,1638,128,1766,1e-05,0.0,standard,128,128,128,0,1024,4.8,mesuré ici,0.6759594004136151,0.6379953546480227,0.7099063545796938
75e6bdca12b3c5d7,363681,in_vehicle_coupon_recommendation,4734,ep1766_50,50,1638,128,1766,1e-05,0.0,standard,128,128,128,1,1024,4.8,mesuré ici,0.5806296745502324,0.6798707411238333,0.6553994905256719
75e6bdca12b3c5d7,363681,in_vehicle_coupon_recommendation,4734,ep1766_50,50,1638,128,1766,1e-05,0.0,standard,128,128,128,2,1024,4.8,mesuré ici,0.6381839809674861,0.6656091416894947,0.6985285389239497
75e6bdca12b3c5d7,363681,in_vehicle_coupon_recommendation,4734,ep1766_50,50,1638,128,1766,1e-05,0.0,standard,256,256,256,0,1024,4.8,mesuré ici,0.6811568005473403,0.6362554812429135,0.7152155988603618
75e6bdca12b3c5d7,363681,in_vehicle_coupon_recommendation,4734,ep1766_50,50,1638,128,1766,1e-05,0.0,standard,256,256,256,1,1024,4.8,mesuré ici,0.659543079721976,0.6438777621906419,0.712263715100367
75e6bdca12b3c5d7,363681,in_vehicle_coupon_recommendation,4734,ep1766_50,50,1638,128,1766,1e-05,0.0,standard,256,256,256,2,1024,4.8,mesuré ici,0.7154102719596959,0.6139499830296601,0.7615910715000401
75e6bdca12b3c5d7,363681,in_vehicle_coupon_recommendation,4734,ep1766_50,50,1638,128,1766,1e-05,0.0,standard,512,512,512,0,1024,4.8,mesuré ici,0.7247574287446938,0.6067715658028245,0.7506048849127757
75e6bdca12b3c5d7,363681,in_vehicle_coupon_recommendation,4734,ep1766_50,50,1638,128,1766,1e-05,0.0,standard,1024,1024,1024,0,1024,4.8,mesuré ici,0.7517726360964687,0.5816094425855418,0.788433159433484
75e6bdca12b3c5d7,363681,in_vehicle_coupon_recommendation,4734,ep1766_50,50,1638,128,1766,1e-05,0.0,standard,2048,2048,2048,0,1024,6.7,mesuré ici,0.7927065354293977,0.5442890022487401,0.8138171632247977
75e6bdca12b3c5d7,363681,in_vehicle_coupon_recommendation,4734,ep1766_50,50,1638,128,1766,1e-05,0.0,standard,full,4734,4734,0,1024,12.6,mesuré ici,0.8296597782649935,0.4980900407159208,0.8534260595818426
75e6bdca12b3c5d7,363681,in_vehicle_coupon_recommendation,4734,ep1766_200,200,1638,128,1766,1e-05,0.0,standard,32,32,32,0,1024,5.0,mesuré ici,0.5297208098148062,0.6907182927021702,0.6007169342058588
75e6bdca12b3c5d7,363681,in_vehicle_coupon_recommendation,4734,ep1766_200,200,1638,128,1766,1e-05,0.0,standard,32,32,32,1,1024,4.8,mesuré ici,0.5366305919671596,0.6959519669387287,0.5911064118032765
75e6bdca12b3c5d7,363681,in_vehicle_coupon_recommendation,4734,ep1766_200,200,1638,128,1766,1e-05,0.0,standard,32,32,32,2,1024,4.7,mesuré ici,0.6239387507580352,0.6709015656134925,0.6830656705289104
75e6bdca12b3c5d7,363681,in_vehicle_coupon_recommendation,4734,ep1766_200,200,1638,128,1766,1e-05,0.0,standard,64,64,64,0,1024,4.7,mesuré ici,0.6200805460963132,0.6644583463602136,0.6719039878110376
75e6bdca12b3c5d7,363681,in_vehicle_coupon_recommendation,4734,ep1766_200,200,1638,128,1766,1e-05,0.0,standard,64,64,64,1,1024,4.8,mesuré ici,0.6094000248791032,0.6684119521382478,0.6603639907753078
75e6bdca12b3c5d7,363681,in_vehicle_coupon_recommendation,4734,ep1766_200,200,1638,128,1766,1e-05,0.0,standard,64,64,64,2,1024,4.6,mesuré ici,0.633888448321438,0.6729057492594062,0.673661235794821
75e6bdca12b3c5d7,363681,in_vehicle_coupon_recommendation,4734,ep1766_200,200,1638,128,1766,1e-05,0.0,standard,128,128,128,0,1024,4.9,mesuré ici,0.6836077809394971,0.6330991341292568,0.7165240272988863
75e6bdca12b3c5d7,363681,in_vehicle_coupon_recommendation,4734,ep1766_200,200,1638,128,1766,1e-05,0.0,standard,128,128,128,1,1024,4.8,mesuré ici,0.5894306572748053,0.6788696604324538,0.6608433148389561
75e6bdca12b3c5d7,363681,in_vehicle_coupon_recommendation,4734,ep1766_200,200,1638,128,1766,1e-05,0.0,standard,128,128,128,2,1024,4.8,mesuré ici,0.6343180015860428,0.6620296441406968,0.6968934033264822
75e6bdca12b3c5d7,363681,in_vehicle_coupon_recommendation,4734,ep1766_200,200,1638,128,1766,1e-05,0.0,standard,256,256,256,0,1024,4.8,mesuré ici,0.6904728584534527,0.6350148027852887,0.7215515701631591
75e6bdca12b3c5d7,363681,in_vehicle_coupon_recommendation,4734,ep1766_200,200,1638,128,1766,1e-05,0.0,standard,256,256,256,1,1024,4.8,mesuré ici,0.6686375581160299,0.6397444676821946,0.7188402545612409
75e6bdca12b3c5d7,363681,in_vehicle_coupon_recommendation,4734,ep1766_200,200,1638,128,1766,1e-05,0.0,standard,256,256,256,2,1024,4.8,mesuré ici,0.7065295983579792,0.6233832501872403,0.7462481012065565
75e6bdca12b3c5d7,363681,in_vehicle_coupon_recommendation,4734,ep1766_200,200,1638,128,1766,1e-05,0.0,standard,512,512,512,0,1024,4.8,mesuré ici,0.7321570182394925,0.5969052328882056,0.7558045366878362
75e6bdca12b3c5d7,363681,in_vehicle_coupon_recommendation,4734,ep1766_200,200,1638,128,1766,1e-05,0.0,standard,1024,1024,1024,0,1024,4.8,mesuré ici,0.7650712941798448,0.5695994402987017,0.7963943628515509
75e6bdca12b3c5d7,363681,in_vehicle_coupon_recommendation,4734,ep1766_200,200,1638,128,1766,1e-05,0.0,standard,2048,2048,2048,0,1024,6.6,mesuré ici,0.8007786381800935,0.532635855221409,0.8215150498812457
75e6bdca12b3c5d7,363681,in_vehicle_coupon_recommendation,4734,ep1766_200,200,1638,128,1766,1e-05,0.0,standard,full,4734,4734,0,1024,12.4,mesuré ici,0.8302642627233289,0.49672939885575684,0.8507673692293001
75e6bdca12b3c5d7,363691,online_shoppers_intention,4603,ep1766_25,25,1638,128,1766,1e-05,0.0,standard,32,32,32,0,1024,4.9,mesuré ici,0.9016027421288041,0.32765128956308887,0.6234884298985014
75e6bdca12b3c5d7,363691,online_shoppers_intention,4603,ep1766_25,25,1638,128,1766,1e-05,0.0,standard,32,32,32,1,1024,4.5,mesuré ici,0.8553695150115475,0.31937052301591135,0.5364140686377601
75e6bdca12b3c5d7,363691,online_shoppers_intention,4603,ep1766_25,25,1638,128,1766,1e-05,0.0,standard,32,32,32,2,1024,4.5,mesuré ici,0.7712675768117636,0.3807208534310558,0.38113095226351434
75e6bdca12b3c5d7,363691,online_shoppers_intention,4603,ep1766_25,25,1638,128,1766,1e-05,0.0,standard,64,64,64,0,1024,4.5,mesuré ici,0.8279628438623674,0.36279327169471987,0.47046870265037644
75e6bdca12b3c5d7,363691,online_shoppers_intention,4603,ep1766_25,25,1638,128,1766,1e-05,0.0,standard,64,64,64,1,1024,4.5,mesuré ici,0.8873074224573917,0.2792525204280678,0.5704289648195049
75e6bdca12b3c5d7,363691,online_shoppers_intention,4603,ep1766_25,25,1638,128,1766,1e-05,0.0,standard,64,64,64,2,1024,4.5,mesuré ici,0.8625098664016138,0.35247768806092716,0.6030601205451855
75e6bdca12b3c5d7,363691,online_shoppers_intention,4603,ep1766_25,25,1638,128,1766,1e-05,0.0,standard,128,128,128,0,1024,4.5,mesuré ici,0.8899055748823341,0.2860137205559691,0.5939848080471001
75e6bdca12b3c5d7,363691,online_shoppers_intention,4603,ep1766_25,25,1638,128,1766,1e-05,0.0,standard,128,128,128,1,1024,4.7,mesuré ici,0.8942906422662029,0.2838602433268168,0.6121290086150012
75e6bdca12b3c5d7,363691,online_shoppers_intention,4603,ep1766_25,25,1638,128,1766,1e-05,0.0,standard,128,128,128,2,1024,4.7,mesuré ici,0.8993736662086708,0.27409251697162573,0.6448771913404726
75e6bdca12b3c5d7,363691,online_shoppers_intention,4603,ep1766_25,25,1638,128,1766,1e-05,0.0,standard,256,256,256,0,1024,4.5,mesuré ici,0.9106432893852137,0.25512688144921947,0.6922353520622727
75e6bdca12b3c5d7,363691,online_shoppers_intention,4603,ep1766_25,25,1638,128,1766,1e-05,0.0,standard,256,256,256,1,1024,4.6,mesuré ici,0.911735902008361,0.2801224274806165,0.667544055184863
75e6bdca12b3c5d7,363691,online_shoppers_intention,4603,ep1766_25,25,1638,128,1766,1e-05,0.0,standard,256,256,256,2,1024,4.5,mesuré ici,0.8954015260034495,0.2722953284982861,0.6482702902596169
75e6bdca12b3c5d7,363691,online_shoppers_intention,4603,ep1766_25,25,1638,128,1766,1e-05,0.0,standard,512,512,512,0,1024,4.5,mesuré ici,0.9125398310287368,0.262026245053983,0.6477690558585015
75e6bdca12b3c5d7,363691,online_shoppers_intention,4603,ep1766_25,25,1638,128,1766,1e-05,0.0,standard,1024,1024,1024,0,1024,4.6,mesuré ici,0.9277012015084632,0.2408052066110029,0.6982299195949687
75e6bdca12b3c5d7,363691,online_shoppers_intention,4603,ep1766_25,25,1638,128,1766,1e-05,0.0,standard,2048,2048,2048,0,1024,6.1,mesuré ici,0.9286330283275354,0.23947298340406054,0.7133914936939825
75e6bdca12b3c5d7,363691,online_shoppers_intention,4603,ep1766_25,25,1638,128,1766,1e-05,0.0,standard,full,4603,4603,0,1024,11.2,mesuré ici,0.9297877627386208,0.2360032894914641,0.7197541431421414
75e6bdca12b3c5d7,363691,online_shoppers_intention,4603,ep1766_50,50,1638,128,1766,1e-05,0.0,standard,32,32,32,0,1024,4.8,mesuré ici,0.901266553629374,0.3264822961932987,0.6274681307417689
75e6bdca12b3c5d7,363691,online_shoppers_intention,4603,ep1766_50,50,1638,128,1766,1e-05,0.0,standard,32,32,32,1,1024,4.5,mesuré ici,0.8577301429531967,0.3151525891927048,0.5425584591808162
75e6bdca12b3c5d7,363691,online_shoppers_intention,4603,ep1766_50,50,1638,128,1766,1e-05,0.0,standard,32,32,32,2,1024,4.5,mesuré ici,0.7731421931183675,0.379707447227287,0.38148618073337076
75e6bdca12b3c5d7,363691,online_shoppers_intention,4603,ep1766_50,50,1638,128,1766,1e-05,0.0,standard,64,64,64,0,1024,4.4,mesuré ici,0.8386404829420879,0.35791783389597687,0.49469573280458434
75e6bdca12b3c5d7,363691,online_shoppers_intention,4603,ep1766_50,50,1638,128,1766,1e-05,0.0,standard,64,64,64,1,1024,4.4,mesuré ici,0.8836970503113397,0.28643795809212025,0.5617738710002169
75e6bdca12b3c5d7,363691,online_shoppers_intention,4603,ep1766_50,50,1638,128,1766,1e-05,0.0,standard,64,64,64,2,1024,4.5,mesuré ici,0.8589689244891396,0.3512275502813961,0.5983738932776195
75e6bdca12b3c5d7,363691,online_shoppers_intention,4603,ep1766_50,50,1638,128,1766,1e-05,0.0,standard,128,128,128,0,1024,4.5,mesuré ici,0.8888750840471248,0.28963670061296715,0.6020587032184909
75e6bdca12b3c5d7,363691,online_shoppers_intention,4603,ep1766_50,50,1638,128,1766,1e-05,0.0,standard,128,128,128,1,1024,4.5,mesuré ici,0.8944660449615576,0.28352655523786563,0.6162458985472172
75e6bdca12b3c5d7,363691,online_shoppers_intention,4603,ep1766_50,50,1638,128,1766,1e-05,0.0,standard,128,128,128,2,1024,4.5,mesuré ici,0.9002908761364633,0.27257683119123755,0.6506845412079537
75e6bdca12b3c5d7,363691,online_shoppers_intention,4603,ep1766_50,50,1638,128,1766,1e-05,0.0,standard,256,256,256,0,1024,4.5,mesuré ici,0.9071790861519573,0.2568010380095912,0.7019469081218352
75e6bdca12b3c5d7,363691,online_shoppers_intention,4603,ep1766_50,50,1638,128,1766,1e-05,0.0,standard,256,256,256,1,1024,4.5,mesuré ici,0.9048001870962084,0.28275791680193485,0.6672615721322068
75e6bdca12b3c5d7,363691,online_shoppers_intention,4603,ep1766_50,50,1638,128,1766,1e-05,0.0,standard,256,256,256,2,1024,4.5,mesuré ici,0.8919373227701932,0.2724633889265058,0.6583881653319944
75e6bdca12b3c5d7,363691,online_shoppers_intention,4603,ep1766_50,50,1638,128,1766,1e-05,0.0,standard,512,512,512,0,1024,4.6,mesuré ici,0.9133108720437338,0.2600914342017744,0.655940910726895
75e6bdca12b3c5d7,363691,online_shoppers_intention,4603,ep1766_50,50,1638,128,1766,1e-05,0.0,standard,1024,1024,1024,0,1024,4.6,mesuré ici,0.9285745607624171,0.23931980887283555,0.7062384004269441
75e6bdca12b3c5d7,363691,online_shoppers_intention,4603,ep1766_50,50,1638,128,1766,1e-05,0.0,standard,2048,2048,2048,0,1024,6.0,mesuré ici,0.9276938930628233,0.23981844555819595,0.7069039830749685
75e6bdca12b3c5d7,363691,online_shoppers_intention,4603,ep1766_50,50,1638,128,1766,1e-05,0.0,standard,full,4603,4603,0,1024,11.1,mesuré ici,0.9302262694770077,0.23414064769578136,0.7258809916307886
75e6bdca12b3c5d7,363691,online_shoppers_intention,4603,ep1766_200,200,1638,128,1766,1e-05,0.0,standard,32,32,32,0,1024,4.8,mesuré ici,0.901869500394656,0.32250156632552185,0.6312900150390416
75e6bdca12b3c5d7,363691,online_shoppers_intention,4603,ep1766_200,200,1638,128,1766,1e-05,0.0,standard,32,32,32,1,1024,4.5,mesuré ici,0.8624148566082965,0.3061852222671739,0.552376170319022
75e6bdca12b3c5d7,363691,online_shoppers_intention,4603,ep1766_200,200,1638,128,1766,1e-05,0.0,standard,32,32,32,2,1024,4.4,mesuré ici,0.775133744555208,0.38058993650680073,0.3766138543549301
75e6bdca12b3c5d7,363691,online_shoppers_intention,4603,ep1766_200,200,1638,128,1766,1e-05,0.0,standard,64,64,64,0,1024,4.4,mesuré ici,0.8673699827520683,0.348617734416931,0.5617664608695027
75e6bdca12b3c5d7,363691,online_shoppers_intention,4603,ep1766_200,200,1638,128,1766,1e-05,0.0,standard,64,64,64,1,1024,4.5,mesuré ici,0.8824546145525769,0.2848282611929226,0.5571873730185369
75e6bdca12b3c5d7,363691,online_shoppers_intention,4603,ep1766_200,200,1638,128,1766,1e-05,0.0,standard,64,64,64,2,1024,4.4,mesuré ici,0.8593014587657497,0.3542605662560863,0.5971806713623885
75e6bdca12b3c5d7,363691,online_shoppers_intention,4603,ep1766_200,200,1638,128,1766,1e-05,0.0,standard,128,128,128,0,1024,4.5,mesuré ici,0.8959569678720729,0.2760362505754801,0.6234971286260467
75e6bdca12b3c5d7,363691,online_shoppers_intention,4603,ep1766_200,200,1638,128,1766,1e-05,0.0,standard,128,128,128,1,1024,4.5,mesuré ici,0.8984052971613997,0.27902958518512555,0.6266208673578295
75e6bdca12b3c5d7,363691,online_shoppers_intention,4603,ep1766_200,200,1638,128,1766,1e-05,0.0,standard,128,128,128,2,1024,4.5,mesuré ici,0.9001775952290467,0.2672692721718311,0.6678676266739909
75e6bdca12b3c5d7,363691,online_shoppers_intention,4603,ep1766_200,200,1638,128,1766,1e-05,0.0,standard,256,256,256,0,1024,4.4,mesuré ici,0.9079647440582337,0.25949108916531693,0.7030086105030268
75e6bdca12b3c5d7,363691,online_shoppers_intention,4603,ep1766_200,200,1638,128,1766,1e-05,0.0,standard,256,256,256,1,1024,4.5,mesuré ici,0.9106542520536731,0.2602723657530715,0.6914595886251763
75e6bdca12b3c5d7,363691,online_shoppers_intention,4603,ep1766_200,200,1638,128,1766,1e-05,0.0,standard,256,256,256,2,1024,4.5,mesuré ici,0.8981129593358085,0.26614188653228577,0.6798845912088379
75e6bdca12b3c5d7,363691,online_shoppers_intention,4603,ep1766_200,200,1638,128,1766,1e-05,0.0,standard,512,512,512,0,1024,4.6,mesuré ici,0.922826468266729,0.24364532060987582,0.6877276802132162
75e6bdca12b3c5d7,363691,online_shoppers_intention,4603,ep1766_200,200,1638,128,1766,1e-05,0.0,standard,1024,1024,1024,0,1024,4.6,mesuré ici,0.929944894319876,0.23564848633902735,0.7088382867062543
75e6bdca12b3c5d7,363691,online_shoppers_intention,4603,ep1766_200,200,1638,128,1766,1e-05,0.0,standard,2048,2048,2048,0,1024,6.0,mesuré ici,0.9306282339871956,0.2332396354412421,0.720495567427857
75e6bdca12b3c5d7,363691,online_shoppers_intention,4603,ep1766_200,200,1638,128,1766,1e-05,0.0,standard,full,4603,4603,0,1024,11.1,mesuré ici,0.9327294121086327,0.22889584824496495,0.7352154655869327
75e6bdca12b3c5d7,363632,E-CommereShippingData,4105,ep1766_25,25,1638,128,1766,1e-05,0.0,standard,32,32,32,0,1024,4.9,mesuré ici,0.7105784586852023,0.6167379313100733,0.7972867296131062
75e6bdca12b3c5d7,363632,E-CommereShippingData,4105,ep1766_25,25,1638,128,1766,1e-05,0.0,standard,32,32,32,1,1024,4.5,mesuré ici,0.7437139132054387,0.5746735704071722,0.8505075479010724
75e6bdca12b3c5d7,363632,E-CommereShippingData,4105,ep1766_25,25,1638,128,1766,1e-05,0.0,standard,32,32,32,2,1024,4.4,mesuré ici,0.727339375373995,0.6241654805554531,0.8362788758650261
75e6bdca12b3c5d7,363632,E-CommereShippingData,4105,ep1766_25,25,1638,128,1766,1e-05,0.0,standard,64,64,64,0,1024,4.5,mesuré ici,0.7374902414570644,0.5280414027562679,0.850739710317503
75e6bdca12b3c5d7,363632,E-CommereShippingData,4105,ep1766_25,25,1638,128,1766,1e-05,0.0,standard,64,64,64,1,1024,4.4,mesuré ici,0.699882699341769,0.6169364913975222,0.815363209601097
75e6bdca12b3c5d7,363632,E-CommereShippingData,4105,ep1766_25,25,1638,128,1766,1e-05,0.0,standard,64,64,64,2,1024,4.4,mesuré ici,0.7281438359692958,0.5805238716378063,0.8427603469340154
75e6bdca12b3c5d7,363632,E-CommereShippingData,4105,ep1766_25,25,1638,128,1766,1e-05,0.0,standard,128,128,128,0,1024,4.5,mesuré ici,0.7287125063901119,0.5259630467023197,0.8456945599284945
75e6bdca12b3c5d7,363632,E-CommereShippingData,4105,ep1766_25,25,1638,128,1766,1e-05,0.0,standard,128,128,128,1,1024,4.6,mesuré ici,0.7426142195345224,0.5047174648111421,0.8564620756430467
75e6bdca12b3c5d7,363632,E-CommereShippingData,4105,ep1766_25,25,1638,128,1766,1e-05,0.0,standard,128,128,128,2,1024,4.7,mesuré ici,0.7314468798421196,0.5186806130063787,0.84917201255334
75e6bdca12b3c5d7,363632,E-CommereShippingData,4105,ep1766_25,25,1638,128,1766,1e-05,0.0,standard,256,256,256,0,1024,4.5,mesuré ici,0.7309713366330748,0.5000506666189488,0.8520573961525806
75e6bdca12b3c5d7,363632,E-CommereShippingData,4105,ep1766_25,25,1638,128,1766,1e-05,0.0,standard,256,256,256,1,1024,4.6,mesuré ici,0.7495789461169915,0.513299485662081,0.8585936908791618
75e6bdca12b3c5d7,363632,E-CommereShippingData,4105,ep1766_25,25,1638,128,1766,1e-05,0.0,standard,256,256,256,2,1024,4.5,mesuré ici,0.747924452035523,0.4979387249383339,0.8557064912450252
75e6bdca12b3c5d7,363632,E-CommereShippingData,4105,ep1766_25,25,1638,128,1766,1e-05,0.0,standard,512,512,512,0,1024,4.6,mesuré ici,0.752075547964477,0.49279519763365753,0.8569309781801959
75e6bdca12b3c5d7,363632,E-CommereShippingData,4105,ep1766_25,25,1638,128,1766,1e-05,0.0,standard,1024,1024,1024,0,1024,4.6,mesuré ici,0.7331192067939272,0.49349592991034325,0.8497929501569422
75e6bdca12b3c5d7,363632,E-CommereShippingData,4105,ep1766_25,25,1638,128,1766,1e-05,0.0,standard,2048,2048,2048,0,1024,5.7,mesuré ici,0.7406050494763081,0.49262712740359904,0.8549272430524286
75e6bdca12b3c5d7,363632,E-CommereShippingData,4105,ep1766_25,25,1638,128,1766,1e-05,0.0,standard,full,4105,4105,0,1024,9.4,mesuré ici,0.7454476644884146,0.48998501977097153,0.8571818024581979
75e6bdca12b3c5d7,363632,E-CommereShippingData,4105,ep1766_50,50,1638,128,1766,1e-05,0.0,standard,32,32,32,0,1024,4.8,mesuré ici,0.7107904716992347,0.6180924696896115,0.798388896012872
75e6bdca12b3c5d7,363632,E-CommereShippingData,4105,ep1766_50,50,1638,128,1766,1e-05,0.0,standard,32,32,32,1,1024,4.5,mesuré ici,0.7425844980839572,0.5779432945016163,0.8498063738581226
75e6bdca12b3c5d7,363632,E-CommereShippingData,4105,ep1766_50,50,1638,128,1766,1e-05,0.0,standard,32,32,32,2,1024,4.5,mesuré ici,0.7294000626131891,0.6267720954760705,0.8375399889348971
75e6bdca12b3c5d7,363632,E-CommereShippingData,4105,ep1766_50,50,1638,128,1766,1e-05,0.0,standard,64,64,64,0,1024,4.5,mesuré ici,0.7368086295241002,0.5345008303778022,0.8501284164717949
75e6bdca12b3c5d7,363632,E-CommereShippingData,4105,ep1766_50,50,1638,128,1766,1e-05,0.0,standard,64,64,64,1,1024,4.6,mesuré ici,0.7012697003681496,0.6193410097607108,0.817029434613441
75e6bdca12b3c5d7,363632,E-CommereShippingData,4105,ep1766_50,50,1638,128,1766,1e-05,0.0,standard,64,64,64,2,1024,4.6,mesuré ici,0.7281814831400119,0.5876218260534956,0.8428300865483744
75e6bdca12b3c5d7,363632,E-CommereShippingData,4105,ep1766_50,50,1638,128,1766,1e-05,0.0,standard,128,128,128,0,1024,4.6,mesuré ici,0.7303352975909774,0.5258945453358275,0.8462532015440869
75e6bdca12b3c5d7,363632,E-CommereShippingData,4105,ep1766_50,50,1638,128,1766,1e-05,0.0,standard,128,128,128,1,1024,4.5,mesuré ici,0.740896319691848,0.506030119684366,0.8556704179528205
75e6bdca12b3c5d7,363632,E-CommereShippingData,4105,ep1766_50,50,1638,128,1766,1e-05,0.0,standard,128,128,128,2,1024,4.6,mesuré ici,0.7316707814363783,0.5218461852012533,0.8493947672623592
75e6bdca12b3c5d7,363632,E-CommereShippingData,4105,ep1766_50,50,1638,128,1766,1e-05,0.0,standard,256,256,256,0,1024,4.6,mesuré ici,0.7326892364757494,0.5017384388476385,0.8522653282699642
75e6bdca12b3c5d7,363632,E-CommereShippingData,4105,ep1766_50,50,1638,128,1766,1e-05,0.0,standard,256,256,256,1,1024,4.6,mesuré ici,0.751340437420495,0.5107460785845155,0.8588570332286274
75e6bdca12b3c5d7,363632,E-CommereShippingData,4105,ep1766_50,50,1638,128,1766,1e-05,0.0,standard,256,256,256,2,1024,4.6,mesuré ici,0.7540034793911461,0.4976273730966886,0.8572577765502167
75e6bdca12b3c5d7,363632,E-CommereShippingData,4105,ep1766_50,50,1638,128,1766,1e-05,0.0,standard,512,512,512,0,1024,4.6,mesuré ici,0.7556857134931423,0.4949121688113882,0.8591445135889233
75e6bdca12b3c5d7,363632,E-CommereShippingData,4105,ep1766_50,50,1638,128,1766,1e-05,0.0,standard,1024,1024,1024,0,1024,4.7,mesuré ici,0.7345755578716271,0.49516410243978903,0.8500471381995031
75e6bdca12b3c5d7,363632,E-CommereShippingData,4105,ep1766_50,50,1638,128,1766,1e-05,0.0,standard,2048,2048,2048,0,1024,5.6,mesuré ici,0.7400086390349643,0.49459237471396394,0.8538724639914717
75e6bdca12b3c5d7,363632,E-CommereShippingData,4105,ep1766_50,50,1638,128,1766,1e-05,0.0,standard,full,4105,4105,0,1024,9.3,mesuré ici,0.7482890351624574,0.4923825963846162,0.8580178796713496
75e6bdca12b3c5d7,363632,E-CommereShippingData,4105,ep1766_200,200,1638,128,1766,1e-05,0.0,standard,32,32,32,0,1024,4.9,mesuré ici,0.703425496249153,0.6286771198435159,0.783278593266765
75e6bdca12b3c5d7,363632,E-CommereShippingData,4105,ep1766_200,200,1638,128,1766,1e-05,0.0,standard,32,32,32,1,1024,4.5,mesuré ici,0.7376091272593256,0.5957856990348318,0.8470986649746376
75e6bdca12b3c5d7,363632,E-CommereShippingData,4105,ep1766_200,200,1638,128,1766,1e-05,0.0,standard,32,32,32,2,1024,4.6,mesuré ici,0.7262139231125888,0.6377326869839064,0.8341916752929595
75e6bdca12b3c5d7,363632,E-CommereShippingData,4105,ep1766_200,200,1638,128,1766,1e-05,0.0,standard,64,64,64,0,1024,4.6,mesuré ici,0.7358793388364251,0.5452474709639303,0.8487625106776786
75e6bdca12b3c5d7,363632,E-CommereShippingData,4105,ep1766_200,200,1638,128,1766,1e-05,0.0,standard,64,64,64,1,1024,4.5,mesuré ici,0.6858303975144942,0.6414173411652784,0.8060891916045236
75e6bdca12b3c5d7,363632,E-CommereShippingData,4105,ep1766_200,200,1638,128,1766,1e-05,0.0,standard,64,64,64,2,1024,4.6,mesuré ici,0.7285539919870969,0.589196157606871,0.8430590066434274
75e6bdca12b3c5d7,363632,E-CommereShippingData,4105,ep1766_200,200,1638,128,1766,1e-05,0.0,standard,128,128,128,0,1024,4.6,mesuré ici,0.7370444196985848,0.522286223160531,0.8515194787118616
75e6bdca12b3c5d7,363632,E-CommereShippingData,4105,ep1766_200,200,1638,128,1766,1e-05,0.0,standard,128,128,128,1,1024,4.6,mesuré ici,0.7404762565238583,0.512940725407091,0.8543684761321686
75e6bdca12b3c5d7,363632,E-CommereShippingData,4105,ep1766_200,200,1638,128,1766,1e-05,0.0,standard,128,128,128,2,1024,4.6,mesuré ici,0.7347320908446044,0.5170425707906383,0.8513957012703027
75e6bdca12b3c5d7,363632,E-CommereShippingData,4105,ep1766_200,200,1638,128,1766,1e-05,0.0,standard,256,256,256,0,1024,4.6,mesuré ici,0.7354394613680585,0.49924483451670765,0.8538178505997827
75e6bdca12b3c5d7,363632,E-CommereShippingData,4105,ep1766_200,200,1638,128,1766,1e-05,0.0,standard,256,256,256,1,1024,4.6,mesuré ici,0.7532148702361467,0.5024053565681363,0.8608883025424847
75e6bdca12b3c5d7,363632,E-CommereShippingData,4105,ep1766_200,200,1638,128,1766,1e-05,0.0,standard,256,256,256,2,1024,4.5,mesuré ici,0.7487764669517285,0.49824184824402223,0.8572766295725116
75e6bdca12b3c5d7,363632,E-CommereShippingData,4105,ep1766_200,200,1638,128,1766,1e-05,0.0,standard,512,512,512,0,1024,4.6,mesuré ici,0.7516554847964874,0.4929644513487125,0.8577948549779768
75e6bdca12b3c5d7,363632,E-CommereShippingData,4105,ep1766_200,200,1638,128,1766,1e-05,0.0,standard,1024,1024,1024,0,1024,4.6,mesuré ici,0.7335808799927084,0.4931898530559644,0.8513896364753304
75e6bdca12b3c5d7,363632,E-CommereShippingData,4105,ep1766_200,200,1638,128,1766,1e-05,0.0,standard,2048,2048,2048,0,1024,5.7,mesuré ici,0.7350411939304835,0.49209810059524406,0.853009857201194
75e6bdca12b3c5d7,363632,E-CommereShippingData,4105,ep1766_200,200,1638,128,1766,1e-05,0.0,standard,full,4105,4105,0,1024,9.2,mesuré ici,0.7409399111526771,0.4894051533421982,0.8569416785498627
75e6bdca12b3c5d7,363712,jm1,4062,ep1766_25,25,1638,128,1766,1e-05,0.0,standard,32,32,32,0,1024,5.2,mesuré ici,0.6230647883190257,0.7328764979163502,0.264157241371768
75e6bdca12b3c5d7,363712,jm1,4062,ep1766_25,25,1638,128,1766,1e-05,0.0,standard,32,32,32,1,1024,4.7,mesuré ici,0.6371095947367134,0.575338414461444,0.2683236958767441
75e6bdca12b3c5d7,363712,jm1,4062,ep1766_25,25,1638,128,1766,1e-05,0.0,standard,32,32,32,2,1024,4.8,mesuré ici,0.4716872110939907,0.5015961566001232,0.23326873224587974
75e6bdca12b3c5d7,363712,jm1,4062,ep1766_25,25,1638,128,1766,1e-05,0.0,standard,64,64,64,0,1024,4.6,mesuré ici,0.6435327854819382,0.48443634613129916,0.27921949598677526
75e6bdca12b3c5d7,363712,jm1,4062,ep1766_25,25,1638,128,1766,1e-05,0.0,standard,64,64,64,1,1024,4.7,mesuré ici,0.6301880793406218,0.4718144654084151,0.30030839365230827
75e6bdca12b3c5d7,363712,jm1,4062,ep1766_25,25,1638,128,1766,1e-05,0.0,standard,64,64,64,2,1024,4.7,mesuré ici,0.6295032650964855,0.5020394043298113,0.27251701267159945
75e6bdca12b3c5d7,363712,jm1,4062,ep1766_25,25,1638,128,1766,1e-05,0.0,standard,128,128,128,0,1024,4.7,mesuré ici,0.6127497737667229,0.47858959848851634,0.2961068775538524
75e6bdca12b3c5d7,363712,jm1,4062,ep1766_25,25,1638,128,1766,1e-05,0.0,standard,128,128,128,1,1024,5.0,mesuré ici,0.6470394012766894,0.4744372279108384,0.3250304467701144
75e6bdca12b3c5d7,363712,jm1,4062,ep1766_25,25,1638,128,1766,1e-05,0.0,standard,128,128,128,2,1024,4.7,mesuré ici,0.6434043828111625,0.46904289041774655,0.33207972180719264
75e6bdca12b3c5d7,363712,jm1,4062,ep1766_25,25,1638,128,1766,1e-05,0.0,standard,256,256,256,0,1024,4.7,mesuré ici,0.6668072981632305,0.46430543334143226,0.3584896646920599
75e6bdca12b3c5d7,363712,jm1,4062,ep1766_25,25,1638,128,1766,1e-05,0.0,standard,256,256,256,1,1024,4.7,mesuré ici,0.6935486829554627,0.4565672232127963,0.3478175140264378
75e6bdca12b3c5d7,363712,jm1,4062,ep1766_25,25,1638,128,1766,1e-05,0.0,standard,256,256,256,2,1024,4.6,mesuré ici,0.6517903000953849,0.47246545562698705,0.30418105374917515
75e6bdca12b3c5d7,363712,jm1,4062,ep1766_25,25,1638,128,1766,1e-05,0.0,standard,512,512,512,0,1024,4.6,mesuré ici,0.6691460610952136,0.46371392855990623,0.33725910359461675
75e6bdca12b3c5d7,363712,jm1,4062,ep1766_25,25,1638,128,1766,1e-05,0.0,standard,1024,1024,1024,0,1024,4.7,mesuré ici,0.6849732188715241,0.4621386809650835,0.34913096034747093
75e6bdca12b3c5d7,363712,jm1,4062,ep1766_25,25,1638,128,1766,1e-05,0.0,standard,2048,2048,2048,0,1024,6.2,mesuré ici,0.7122649008242228,0.4429441085305803,0.38621196198470764
75e6bdca12b3c5d7,363712,jm1,4062,ep1766_25,25,1638,128,1766,1e-05,0.0,standard,full,4062,4062,0,1024,10.4,mesuré ici,0.7332709663218138,0.42950485417080886,0.43120707408554976
75e6bdca12b3c5d7,363712,jm1,4062,ep1766_50,50,1638,128,1766,1e-05,0.0,standard,32,32,32,0,1024,5.0,mesuré ici,0.6243671582654633,0.7125970527376486,0.2642191735930586
75e6bdca12b3c5d7,363712,jm1,4062,ep1766_50,50,1638,128,1766,1e-05,0.0,standard,32,32,32,1,1024,4.8,mesuré ici,0.6370423361948786,0.5773153071502092,0.26882082269213775
75e6bdca12b3c5d7,363712,jm1,4062,ep1766_50,50,1638,128,1766,1e-05,0.0,standard,32,32,32,2,1024,4.7,mesuré ici,0.46423985618900876,0.5036204436574109,0.23380827441607
75e6bdca12b3c5d7,363712,jm1,4062,ep1766_50,50,1638,128,1766,1e-05,0.0,standard,64,64,64,0,1024,4.7,mesuré ici,0.6421845574387948,0.48402341580565855,0.27878172828644887
75e6bdca12b3c5d7,363712,jm1,4062,ep1766_50,50,1638,128,1766,1e-05,0.0,standard,64,64,64,1,1024,4.6,mesuré ici,0.6285188446205395,0.47219353352154336,0.29822661555225777
75e6bdca12b3c5d7,363712,jm1,4062,ep1766_50,50,1638,128,1766,1e-05,0.0,standard,64,64,64,2,1024,4.7,mesuré ici,0.630548829701372,0.5019192745937987,0.2733424535061513
75e6bdca12b3c5d7,363712,jm1,4062,ep1766_50,50,1638,128,1766,1e-05,0.0,standard,128,128,128,0,1024,4.7,mesuré ici,0.6150549074277889,0.47810670702287683,0.29698589190589975
75e6bdca12b3c5d7,363712,jm1,4062,ep1766_50,50,1638,128,1766,1e-05,0.0,standard,128,128,128,1,1024,4.7,mesuré ici,0.6489746129576638,0.4755011180990554,0.3236256520846573
75e6bdca12b3c5d7,363712,jm1,4062,ep1766_50,50,1638,128,1766,1e-05,0.0,standard,128,128,128,2,1024,4.7,mesuré ici,0.6440800254359577,0.4691516106939478,0.33181962401994347
75e6bdca12b3c5d7,363712,jm1,4062,ep1766_50,50,1638,128,1766,1e-05,0.0,standard,256,256,256,0,1024,4.6,mesuré ici,0.6665138063443148,0.46485689422014237,0.3593838627579721
75e6bdca12b3c5d7,363712,jm1,4062,ep1766_50,50,1638,128,1766,1e-05,0.0,standard,256,256,256,1,1024,4.7,mesuré ici,0.6934294519040282,0.4556690680216528,0.3457600220430665
75e6bdca12b3c5d7,363712,jm1,4062,ep1766_50,50,1638,128,1766,1e-05,0.0,standard,256,256,256,2,1024,4.6,mesuré ici,0.6526799471714726,0.4722555224083233,0.30485928998858025
75e6bdca12b3c5d7,363712,jm1,4062,ep1766_50,50,1638,128,1766,1e-05,0.0,standard,512,512,512,0,1024,4.7,mesuré ici,0.6707388656541199,0.4623239995532307,0.3374161000976357
75e6bdca12b3c5d7,363712,jm1,4062,ep1766_50,50,1638,128,1766,1e-05,0.0,standard,1024,1024,1024,0,1024,4.7,mesuré ici,0.686049355540881,0.4630716070455868,0.34907045498012956
75e6bdca12b3c5d7,363712,jm1,4062,ep1766_50,50,1638,128,1766,1e-05,0.0,standard,2048,2048,2048,0,1024,6.2,mesuré ici,0.714099224692445,0.4419265393764256,0.3955941232200543
75e6bdca12b3c5d7,363712,jm1,4062,ep1766_50,50,1638,128,1766,1e-05,0.0,standard,full,4062,4062,0,1024,10.3,mesuré ici,0.7323996624844082,0.4306949247836255,0.42887364436373543
75e6bdca12b3c5d7,363712,jm1,4062,ep1766_200,200,1638,128,1766,1e-05,0.0,standard,32,32,32,0,1024,5.1,mesuré ici,0.6287481351040672,0.6531055634702497,0.2688383924184864
75e6bdca12b3c5d7,363712,jm1,4062,ep1766_200,200,1638,128,1766,1e-05,0.0,standard,32,32,32,1,1024,4.7,mesuré ici,0.638977547875853,0.5822896785801469,0.2731707230370362
75e6bdca12b3c5d7,363712,jm1,4062,ep1766_200,200,1638,128,1766,1e-05,0.0,standard,32,32,32,2,1024,4.7,mesuré ici,0.45792366766943043,0.5025240056068482,0.23719638391287928
75e6bdca12b3c5d7,363712,jm1,4062,ep1766_200,200,1638,128,1766,1e-05,0.0,standard,64,64,64,0,1024,4.7,mesuré ici,0.6455046836402768,0.48002605091818595,0.2880373848618424
75e6bdca12b3c5d7,363712,jm1,4062,ep1766_200,200,1638,128,1766,1e-05,0.0,standard,64,64,64,1,1024,4.7,mesuré ici,0.6367274439308338,0.47031812295271913,0.2997269958179246
75e6bdca12b3c5d7,363712,jm1,4062,ep1766_200,200,1638,128,1766,1e-05,0.0,standard,64,64,64,2,1024,4.8,mesuré ici,0.6320866045442317,0.504364271544071,0.27732315915643707
75e6bdca12b3c5d7,363712,jm1,4062,ep1766_200,200,1638,128,1766,1e-05,0.0,standard,128,128,128,0,1024,4.8,mesuré ici,0.630625259862548,0.47541502322235185,0.3011497313431246
75e6bdca12b3c5d7,363712,jm1,4062,ep1766_200,200,1638,128,1766,1e-05,0.0,standard,128,128,128,1,1024,4.7,mesuré ici,0.6555995793283929,0.4686788796692547,0.33610998341074805
75e6bdca12b3c5d7,363712,jm1,4062,ep1766_200,200,1638,128,1766,1e-05,0.0,standard,128,128,128,2,1024,4.7,mesuré ici,0.6546549025362585,0.465285613724546,0.34216185979803176
75e6bdca12b3c5d7,363712,jm1,4062,ep1766_200,200,1638,128,1766,1e-05,0.0,standard,256,256,256,0,1024,4.8,mesuré ici,0.6749088952478782,0.46361658562795693,0.36309055551513986
75e6bdca12b3c5d7,363712,jm1,4062,ep1766_200,200,1638,128,1766,1e-05,0.0,standard,256,256,256,1,1024,4.7,mesuré ici,0.6949641695404407,0.45318271816724626,0.35129041271492023
75e6bdca12b3c5d7,363712,jm1,4062,ep1766_200,200,1638,128,1766,1e-05,0.0,standard,256,256,256,2,1024,4.8,mesuré ici,0.6604666519920757,0.4710552059017846,0.3091632650019432
75e6bdca12b3c5d7,363712,jm1,4062,ep1766_200,200,1638,128,1766,1e-05,0.0,standard,512,512,512,0,1024,4.7,mesuré ici,0.6748446939124906,0.461335066894076,0.3317652379202764
75e6bdca12b3c5d7,363712,jm1,4062,ep1766_200,200,1638,128,1766,1e-05,0.0,standard,1024,1024,1024,0,1024,4.8,mesuré ici,0.6958813314745518,0.4609059649556423,0.364186262688265
75e6bdca12b3c5d7,363712,jm1,4062,ep1766_200,200,1638,128,1766,1e-05,0.0,standard,2048,2048,2048,0,1024,6.2,mesuré ici,0.7138607625895761,0.4416653157732701,0.3864079588989605
75e6bdca12b3c5d7,363712,jm1,4062,ep1766_200,200,1638,128,1766,1e-05,0.0,standard,full,4062,4062,0,1024,10.3,mesuré ici,0.73156198791792,0.4336273174406362,0.4091264303519305
75e6bdca12b3c5d7,363676,heloc,3903,ep1766_25,25,1638,128,1766,1e-05,0.0,standard,32,32,32,0,1024,5.1,mesuré ici,0.7194584575403193,0.6479288442554931,0.7093698281636456
75e6bdca12b3c5d7,363676,heloc,3903,ep1766_25,25,1638,128,1766,1e-05,0.0,standard,32,32,32,1,1024,4.7,mesuré ici,0.7217228464419475,0.6212994001352679,0.6931732930492058
75e6bdca12b3c5d7,363676,heloc,3903,ep1766_25,25,1638,128,1766,1e-05,0.0,standard,32,32,32,2,1024,4.7,mesuré ici,0.7613085683711687,0.6418282706088583,0.7559894808993401
75e6bdca12b3c5d7,363676,heloc,3903,ep1766_25,25,1638,128,1766,1e-05,0.0,standard,64,64,64,0,1024,4.6,mesuré ici,0.7677520446380799,0.5761811215980637,0.7486854612003198
75e6bdca12b3c5d7,363676,heloc,3903,ep1766_25,25,1638,128,1766,1e-05,0.0,standard,64,64,64,1,1024,4.7,mesuré ici,0.7563708629519224,0.6356355609112805,0.6556555834395921
75e6bdca12b3c5d7,363676,heloc,3903,ep1766_25,25,1638,128,1766,1e-05,0.0,standard,64,64,64,2,1024,5.1,mesuré ici,0.6960043567988992,0.6438092542879302,0.6757122491431832
75e6bdca12b3c5d7,363676,heloc,3903,ep1766_25,25,1638,128,1766,1e-05,0.0,standard,128,128,128,0,1024,4.6,mesuré ici,0.7704559351830619,0.5761150799287555,0.7540430203320181
75e6bdca12b3c5d7,363676,heloc,3903,ep1766_25,25,1638,128,1766,1e-05,0.0,standard,128,128,128,1,1024,4.6,mesuré ici,0.7911258885576702,0.5547173929955229,0.76451530258691
75e6bdca12b3c5d7,363676,heloc,3903,ep1766_25,25,1638,128,1766,1e-05,0.0,standard,128,128,128,2,1024,4.7,mesuré ici,0.7863620729190552,0.5632582555021454,0.764815563723276
75e6bdca12b3c5d7,363676,heloc,3903,ep1766_25,25,1638,128,1766,1e-05,0.0,standard,256,256,256,0,1024,4.7,mesuré ici,0.7822651532523122,0.5660060268019922,0.7510076553349859
75e6bdca12b3c5d7,363676,heloc,3903,ep1766_25,25,1638,128,1766,1e-05,0.0,standard,256,256,256,1,1024,4.6,mesuré ici,0.7898627990522052,0.5565833256334292,0.7675292761832382
75e6bdca12b3c5d7,363676,heloc,3903,ep1766_25,25,1638,128,1766,1e-05,0.0,standard,256,256,256,2,1024,4.7,mesuré ici,0.7926431246655965,0.5550608449037737,0.7643889100392344
75e6bdca12b3c5d7,363676,heloc,3903,ep1766_25,25,1638,128,1766,1e-05,0.0,standard,512,512,512,0,1024,4.7,mesuré ici,0.7921443858442254,0.551449969362968,0.7687490903335101
75e6bdca12b3c5d7,363676,heloc,3903,ep1766_25,25,1638,128,1766,1e-05,0.0,standard,1024,1024,1024,0,1024,4.7,mesuré ici,0.801865015669189,0.5448445809305261,0.7689653628077497
75e6bdca12b3c5d7,363676,heloc,3903,ep1766_25,25,1638,128,1766,1e-05,0.0,standard,2048,2048,2048,0,1024,6.5,mesuré ici,0.8107448597416494,0.5348508685353728,0.7800947954492212
75e6bdca12b3c5d7,363676,heloc,3903,ep1766_25,25,1638,128,1766,1e-05,0.0,standard,full,3903,3903,0,1024,10.8,mesuré ici,0.8133914239853245,0.5318790394620623,0.7804556638867857
75e6bdca12b3c5d7,363676,heloc,3903,ep1766_50,50,1638,128,1766,1e-05,0.0,standard,32,32,32,0,1024,4.9,mesuré ici,0.7252101964381259,0.6454305315610684,0.7146322647097598
75e6bdca12b3c5d7,363676,heloc,3903,ep1766_50,50,1638,128,1766,1e-05,0.0,standard,32,32,32,1,1024,4.7,mesuré ici,0.7232362607964533,0.6228983647370955,0.693903755916295
75e6bdca12b3c5d7,363676,heloc,3903,ep1766_50,50,1638,128,1766,1e-05,0.0,standard,32,32,32,2,1024,4.7,mesuré ici,0.7631582970266757,0.6428537104978137,0.7565759170049486
75e6bdca12b3c5d7,363676,heloc,3903,ep1766_50,50,1638,128,1766,1e-05,0.0,standard,64,64,64,0,1024,4.6,mesuré ici,0.7675762439807384,0.576006647393497,0.7492000970288178
75e6bdca12b3c5d7,363676,heloc,3903,ep1766_50,50,1638,128,1766,1e-05,0.0,standard,64,64,64,1,1024,4.6,mesuré ici,0.7580810976075825,0.6379286133590821,0.6575143778415407
75e6bdca12b3c5d7,363676,heloc,3903,ep1766_50,50,1638,128,1766,1e-05,0.0,standard,64,64,64,2,1024,4.6,mesuré ici,0.7043204922418406,0.6443379418649492,0.6801936837152757
75e6bdca12b3c5d7,363676,heloc,3903,ep1766_50,50,1638,128,1766,1e-05,0.0,standard,128,128,128,0,1024,4.6,mesuré ici,0.771896736222579,0.577732861165333,0.7540665070995614
75e6bdca12b3c5d7,363676,heloc,3903,ep1766_50,50,1638,128,1766,1e-05,0.0,standard,128,128,128,1,1024,4.6,mesuré ici,0.7936329588014982,0.552860627101976,0.7680330259083405
75e6bdca12b3c5d7,363676,heloc,3903,ep1766_50,50,1638,128,1766,1e-05,0.0,standard,128,128,128,2,1024,4.6,mesuré ici,0.7924501261178629,0.5639571327587394,0.7690416106521916
75e6bdca12b3c5d7,363676,heloc,3903,ep1766_50,50,1638,128,1766,1e-05,0.0,standard,256,256,256,0,1024,4.6,mesuré ici,0.7839046854696936,0.568037848832922,0.75371583789129
75e6bdca12b3c5d7,363676,heloc,3903,ep1766_50,50,1638,128,1766,1e-05,0.0,standard,256,256,256,1,1024,4.6,mesuré ici,0.7911621952151647,0.5521582994556548,0.7696052399891297
75e6bdca12b3c5d7,363676,heloc,3903,ep1766_50,50,1638,128,1766,1e-05,0.0,standard,256,256,256,2,1024,4.5,mesuré ici,0.791955209049912,0.5583969711052121,0.7645226562597207
75e6bdca12b3c5d7,363676,heloc,3903,ep1766_50,50,1638,128,1766,1e-05,0.0,standard,512,512,512,0,1024,4.7,mesuré ici,0.7940304211572269,0.5509224945511253,0.7696202677906299
75e6bdca12b3c5d7,363676,heloc,3903,ep1766_50,50,1638,128,1766,1e-05,0.0,standard,1024,1024,1024,0,1024,4.7,mesuré ici,0.8043816402965681,0.5427376236400239,0.7736733153158863
75e6bdca12b3c5d7,363676,heloc,3903,ep1766_50,50,1638,128,1766,1e-05,0.0,standard,2048,2048,2048,0,1024,6.5,mesuré ici,0.8118856531376595,0.5345576807265612,0.7823130495168121
75e6bdca12b3c5d7,363676,heloc,3903,ep1766_50,50,1638,128,1766,1e-05,0.0,standard,full,3903,3903,0,1024,10.7,mesuré ici,0.8148761751891768,0.5311814199863156,0.7836422281371416
75e6bdca12b3c5d7,363676,heloc,3903,ep1766_200,200,1638,128,1766,1e-05,0.0,standard,32,32,32,0,1024,5.0,mesuré ici,0.7271172513949399,0.6403627076271116,0.7110727638788497
75e6bdca12b3c5d7,363676,heloc,3903,ep1766_200,200,1638,128,1766,1e-05,0.0,standard,32,32,32,1,1024,4.7,mesuré ici,0.7289478712833448,0.6216060038573461,0.6957855332744632
75e6bdca12b3c5d7,363676,heloc,3903,ep1766_200,200,1638,128,1766,1e-05,0.0,standard,32,32,32,2,1024,4.7,mesuré ici,0.7657303370786516,0.6284611336421673,0.7539789279635636
75e6bdca12b3c5d7,363676,heloc,3903,ep1766_200,200,1638,128,1766,1e-05,0.0,standard,64,64,64,0,1024,4.7,mesuré ici,0.773851563097149,0.5693124826983735,0.7559427432938242
75e6bdca12b3c5d7,363676,heloc,3903,ep1766_200,200,1638,128,1766,1e-05,0.0,standard,64,64,64,1,1024,4.6,mesuré ici,0.7596862340441795,0.6263832784758456,0.6588427270340151
75e6bdca12b3c5d7,363676,heloc,3903,ep1766_200,200,1638,128,1766,1e-05,0.0,standard,64,64,64,2,1024,4.7,mesuré ici,0.7126595582053046,0.6411025486470645,0.6839725726468586
75e6bdca12b3c5d7,363676,heloc,3903,ep1766_200,200,1638,128,1766,1e-05,0.0,standard,128,128,128,0,1024,4.6,mesuré ici,0.7733088741114423,0.5756355284704895,0.7568998662814992
75e6bdca12b3c5d7,363676,heloc,3903,ep1766_200,200,1638,128,1766,1e-05,0.0,standard,128,128,128,1,1024,4.6,mesuré ici,0.7944106856225637,0.5530394262241106,0.7708591831422261
75e6bdca12b3c5d7,363676,heloc,3903,ep1766_200,200,1638,128,1766,1e-05,0.0,standard,128,128,128,2,1024,4.6,mesuré ici,0.798559198960483,0.5602155077253008,0.7765615964031236
75e6bdca12b3c5d7,363676,heloc,3903,ep1766_200,200,1638,128,1766,1e-05,0.0,standard,256,256,256,0,1024,4.6,mesuré ici,0.7867958419322785,0.564775435751335,0.761178436553978
75e6bdca12b3c5d7,363676,heloc,3903,ep1766_200,200,1638,128,1766,1e-05,0.0,standard,256,256,256,1,1024,4.5,mesuré ici,0.7921367423373844,0.5528058284263411,0.7673202022640246
75e6bdca12b3c5d7,363676,heloc,3903,ep1766_200,200,1638,128,1766,1e-05,0.0,standard,256,256,256,2,1024,4.6,mesuré ici,0.7989279981655584,0.5493632132317183,0.7708337223598168
75e6bdca12b3c5d7,363676,heloc,3903,ep1766_200,200,1638,128,1766,1e-05,0.0,standard,512,512,512,0,1024,4.6,mesuré ici,0.7926985400901934,0.5513443717258963,0.7689530108027518
75e6bdca12b3c5d7,363676,heloc,3903,ep1766_200,200,1638,128,1766,1e-05,0.0,standard,1024,1024,1024,0,1024,4.7,mesuré ici,0.8085072231139647,0.5380515412051945,0.7776516014858372
75e6bdca12b3c5d7,363676,heloc,3903,ep1766_200,200,1638,128,1766,1e-05,0.0,standard,2048,2048,2048,0,1024,6.4,mesuré ici,0.8127111518764809,0.5329564375503888,0.7810778180297521
75e6bdca12b3c5d7,363676,heloc,3903,ep1766_200,200,1638,128,1766,1e-05,0.0,standard,full,3903,3903,0,1024,10.7,mesuré ici,0.8148169380111595,0.5297368194297074,0.7821246369010442
75e6bdca12b3c5d7,363619,Bank_Customer_Churn,3732,ep1766_25,25,1638,128,1766,1e-05,0.0,standard,32,32,32,0,1024,4.7,mesuré ici,0.7020019373587343,0.47967312303587073,0.33943659461518133
75e6bdca12b3c5d7,363619,Bank_Customer_Churn,3732,ep1766_25,25,1638,128,1766,1e-05,0.0,standard,32,32,32,1,1024,4.5,mesuré ici,0.8209616344262776,0.43367864208215773,0.5605300139318516
75e6bdca12b3c5d7,363619,Bank_Customer_Churn,3732,ep1766_25,25,1638,128,1766,1e-05,0.0,standard,32,32,32,2,1024,4.4,mesuré ici,0.7138462441659084,0.4713044369805529,0.3986502775493907
75e6bdca12b3c5d7,363619,Bank_Customer_Churn,3732,ep1766_25,25,1638,128,1766,1e-05,0.0,standard,64,64,64,0,1024,4.5,mesuré ici,0.7733026095635072,0.4451408242296536,0.511629309160917
75e6bdca12b3c5d7,363619,Bank_Customer_Churn,3732,ep1766_25,25,1638,128,1766,1e-05,0.0,standard,64,64,64,1,1024,4.4,mesuré ici,0.7294273050165849,0.4798681970389618,0.43812717464535866
75e6bdca12b3c5d7,363619,Bank_Customer_Churn,3732,ep1766_25,25,1638,128,1766,1e-05,0.0,standard,64,64,64,2,1024,4.6,mesuré ici,0.7921302139900783,0.4071143024888034,0.5806925953961991
75e6bdca12b3c5d7,363619,Bank_Customer_Churn,3732,ep1766_25,25,1638,128,1766,1e-05,0.0,standard,128,128,128,0,1024,4.6,mesuré ici,0.8375084392520621,0.3873325906544065,0.6283756879875715
75e6bdca12b3c5d7,363619,Bank_Customer_Churn,3732,ep1766_25,25,1638,128,1766,1e-05,0.0,standard,128,128,128,1,1024,4.6,mesuré ici,0.8216749346875275,0.3977981588346827,0.5897316793253463
75e6bdca12b3c5d7,363619,Bank_Customer_Churn,3732,ep1766_25,25,1638,128,1766,1e-05,0.0,standard,128,128,128,2,1024,4.5,mesuré ici,0.7904863944579799,0.431372422026981,0.520223964227633
75e6bdca12b3c5d7,363619,Bank_Customer_Churn,3732,ep1766_25,25,1638,128,1766,1e-05,0.0,standard,256,256,256,0,1024,4.6,mesuré ici,0.8398861067895618,0.3841569491877753,0.6393274746518135
75e6bdca12b3c5d7,363619,Bank_Customer_Churn,3732,ep1766_25,25,1638,128,1766,1e-05,0.0,standard,256,256,256,1,1024,4.5,mesuré ici,0.8459535620982181,0.3653675273260733,0.6800987439275916
75e6bdca12b3c5d7,363619,Bank_Customer_Churn,3732,ep1766_25,25,1638,128,1766,1e-05,0.0,standard,256,256,256,2,1024,4.6,mesuré ici,0.8266562949481904,0.3716580913331161,0.6698676652101522
75e6bdca12b3c5d7,363619,Bank_Customer_Churn,3732,ep1766_25,25,1638,128,1766,1e-05,0.0,standard,512,512,512,0,1024,4.6,mesuré ici,0.8537881234038807,0.34308630059329487,0.6958533898456212
75e6bdca12b3c5d7,363619,Bank_Customer_Churn,3732,ep1766_25,25,1638,128,1766,1e-05,0.0,standard,1024,1024,1024,0,1024,4.7,mesuré ici,0.858431913582059,0.3373964937624384,0.7186591719450276
75e6bdca12b3c5d7,363619,Bank_Customer_Churn,3732,ep1766_25,25,1638,128,1766,1e-05,0.0,standard,2048,2048,2048,0,1024,6.0,mesuré ici,0.8597733877359321,0.33516264483857516,0.7122705748412548
75e6bdca12b3c5d7,363619,Bank_Customer_Churn,3732,ep1766_25,25,1638,128,1766,1e-05,0.0,standard,full,3732,3732,0,1024,9.3,mesuré ici,0.8623389203628145,0.33212101579702913,0.7223292278588865
75e6bdca12b3c5d7,363619,Bank_Customer_Churn,3732,ep1766_50,50,1638,128,1766,1e-05,0.0,standard,32,32,32,0,1024,4.7,mesuré ici,0.703510728857839,0.4806759137773946,0.3403566753447783
75e6bdca12b3c5d7,363619,Bank_Customer_Churn,3732,ep1766_50,50,1638,128,1766,1e-05,0.0,standard,32,32,32,1,1024,4.6,mesuré ici,0.8216631931194411,0.4293220609084084,0.563919024641468
75e6bdca12b3c5d7,363619,Bank_Customer_Churn,3732,ep1766_50,50,1638,128,1766,1e-05,0.0,standard,32,32,32,2,1024,4.5,mesuré ici,0.7157425074118648,0.46900708426827464,0.40482924931594383
75e6bdca12b3c5d7,363619,Bank_Customer_Churn,3732,ep1766_50,50,1638,128,1766,1e-05,0.0,standard,64,64,64,0,1024,4.5,mesuré ici,0.7744063169636305,0.441522996668669,0.5158277032660548
75e6bdca12b3c5d7,363619,Bank_Customer_Churn,3732,ep1766_50,50,1638,128,1766,1e-05,0.0,standard,64,64,64,1,1024,4.4,mesuré ici,0.7330466433792233,0.47730786303527517,0.44323960844300836
75e6bdca12b3c5d7,363619,Bank_Customer_Churn,3732,ep1766_50,50,1638,128,1766,1e-05,0.0,standard,64,64,64,2,1024,4.5,mesuré ici,0.7910852144303873,0.40616207718834224,0.5790683371197358
75e6bdca12b3c5d7,363619,Bank_Customer_Churn,3732,ep1766_50,50,1638,128,1766,1e-05,0.0,standard,128,128,128,0,1024,4.6,mesuré ici,0.8375818240526023,0.38467320178844716,0.6303954375815775
75e6bdca12b3c5d7,363619,Bank_Customer_Churn,3732,ep1766_50,50,1638,128,1766,1e-05,0.0,standard,128,128,128,1,1024,4.6,mesuré ici,0.8230281504094872,0.3917865828824073,0.5996205460298505
75e6bdca12b3c5d7,363619,Bank_Customer_Churn,3732,ep1766_50,50,1638,128,1766,1e-05,0.0,standard,128,128,128,2,1024,4.5,mesuré ici,0.7898347374291836,0.4294896246630139,0.5236259041074613
75e6bdca12b3c5d7,363619,Bank_Customer_Churn,3732,ep1766_50,50,1638,128,1766,1e-05,0.0,standard,256,256,256,0,1024,4.5,mesuré ici,0.8408723985088209,0.3814231693904979,0.6386531459761366
75e6bdca12b3c5d7,363619,Bank_Customer_Churn,3732,ep1766_50,50,1638,128,1766,1e-05,0.0,standard,256,256,256,1,1024,4.5,mesuré ici,0.8462353597322922,0.36373127510743264,0.685154998248152
75e6bdca12b3c5d7,363619,Bank_Customer_Churn,3732,ep1766_50,50,1638,128,1766,1e-05,0.0,standard,256,256,256,2,1024,4.5,mesuré ici,0.8299879648927114,0.3684655840974318,0.6768540369319875
75e6bdca12b3c5d7,363619,Bank_Customer_Churn,3732,ep1766_50,50,1638,128,1766,1e-05,0.0,standard,512,512,512,0,1024,4.6,mesuré ici,0.8519505679983561,0.34428231801887155,0.6939138482409727
75e6bdca12b3c5d7,363619,Bank_Customer_Churn,3732,ep1766_50,50,1638,128,1766,1e-05,0.0,standard,1024,1024,1024,0,1024,4.6,mesuré ici,0.856650130624945,0.3363169677596588,0.7187964144077252
75e6bdca12b3c5d7,363619,Bank_Customer_Churn,3732,ep1766_50,50,1638,128,1766,1e-05,0.0,standard,2048,2048,2048,0,1024,5.9,mesuré ici,0.8587518713124138,0.3354666444363279,0.7117567796090438
75e6bdca12b3c5d7,363619,Bank_Customer_Churn,3732,ep1766_50,50,1638,128,1766,1e-05,0.0,standard,full,3732,3732,0,1024,9.0,mesuré ici,0.860695100830716,0.3317012905472094,0.7199448197777307
75e6bdca12b3c5d7,363619,Bank_Customer_Churn,3732,ep1766_200,200,1638,128,1766,1e-05,0.0,standard,32,32,32,0,1024,4.8,mesuré ici,0.7018023307012651,0.48345418862937856,0.3389301658695262
75e6bdca12b3c5d7,363619,Bank_Customer_Churn,3732,ep1766_200,200,1638,128,1766,1e-05,0.0,standard,32,32,32,1,1024,4.6,mesuré ici,0.8198373792820031,0.4374851684364849,0.5579145431459908
75e6bdca12b3c5d7,363619,Bank_Customer_Churn,3732,ep1766_200,200,1638,128,1766,1e-05,0.0,standard,32,32,32,2,1024,4.5,mesuré ici,0.7123844189391493,0.472787704086427,0.4013748308772921
75e6bdca12b3c5d7,363619,Bank_Customer_Churn,3732,ep1766_200,200,1638,128,1766,1e-05,0.0,standard,64,64,64,0,1024,4.5,mesuré ici,0.776006105615405,0.44672211630635705,0.5107099668973573
75e6bdca12b3c5d7,363619,Bank_Customer_Churn,3732,ep1766_200,200,1638,128,1766,1e-05,0.0,standard,64,64,64,1,1024,4.5,mesuré ici,0.7371121613291455,0.4811430408162825,0.4433714725376744
75e6bdca12b3c5d7,363619,Bank_Customer_Churn,3732,ep1766_200,200,1638,128,1766,1e-05,0.0,standard,64,64,64,2,1024,4.5,mesuré ici,0.7947339067132416,0.4066152048064606,0.5776927649892313
75e6bdca12b3c5d7,363619,Bank_Customer_Churn,3732,ep1766_200,200,1638,128,1766,1e-05,0.0,standard,128,128,128,0,1024,4.6,mesuré ici,0.8332990870930813,0.39256575292392293,0.6236294507583374
75e6bdca12b3c5d7,363619,Bank_Customer_Churn,3732,ep1766_200,200,1638,128,1766,1e-05,0.0,standard,128,128,128,1,1024,4.6,mesuré ici,0.8139431121026213,0.4018867553533748,0.5807240493968593
75e6bdca12b3c5d7,363619,Bank_Customer_Churn,3732,ep1766_200,200,1638,128,1766,1e-05,0.0,standard,128,128,128,2,1024,4.5,mesuré ici,0.7887603839492765,0.4329915946854916,0.5134225744123834
75e6bdca12b3c5d7,363619,Bank_Customer_Churn,3732,ep1766_200,200,1638,128,1766,1e-05,0.0,standard,256,256,256,0,1024,4.6,mesuré ici,0.8377579475738985,0.3859631011780753,0.6291312451099795
75e6bdca12b3c5d7,363619,Bank_Customer_Churn,3732,ep1766_200,200,1638,128,1766,1e-05,0.0,standard,256,256,256,1,1024,4.5,mesuré ici,0.8462647136525083,0.36702553076964217,0.680130357017931
75e6bdca12b3c5d7,363619,Bank_Customer_Churn,3732,ep1766_200,200,1638,128,1766,1e-05,0.0,standard,256,256,256,2,1024,4.5,mesuré ici,0.8312736665981743,0.364540157993006,0.6852192598850967
75e6bdca12b3c5d7,363619,Bank_Customer_Churn,3732,ep1766_200,200,1638,128,1766,1e-05,0.0,standard,512,512,512,0,1024,4.6,mesuré ici,0.8491590101858104,0.3437406073687205,0.6970769866888702
75e6bdca12b3c5d7,363619,Bank_Customer_Churn,3732,ep1766_200,200,1638,128,1766,1e-05,0.0,standard,1024,1024,1024,0,1024,4.6,mesuré ici,0.853911409868788,0.33901358520149893,0.7122014649401529
75e6bdca12b3c5d7,363619,Bank_Customer_Churn,3732,ep1766_200,200,1638,128,1766,1e-05,0.0,standard,2048,2048,2048,0,1024,5.8,mesuré ici,0.8577714503771978,0.33438959648326383,0.7137398947048268
75e6bdca12b3c5d7,363619,Bank_Customer_Churn,3732,ep1766_200,200,1638,128,1766,1e-05,0.0,standard,full,3732,3732,0,1024,8.6,mesuré ici,0.8573634308861948,0.3341474739910526,0.7145233216031135
75e6bdca12b3c5d7,363624,coil2000_insurance_policies,3666,ep1766_25,25,1638,128,1766,1e-05,0.0,standard,32,32,32,0,1024,5.0,mesuré ici,0.5092947244778101,0.23850153971442056,0.09414970810689628
75e6bdca12b3c5d7,363624,coil2000_insurance_policies,3666,ep1766_25,25,1638,128,1766,1e-05,0.0,standard,32,32,32,1,1024,4.8,mesuré ici,0.6641472175408134,0.22021439952141197,0.11505610556407053
75e6bdca12b3c5d7,363624,coil2000_insurance_policies,3666,ep1766_25,25,1638,128,1766,1e-05,0.0,standard,32,32,32,2,1024,4.7,mesuré ici,0.6218613281582487,0.2338436343853073,0.10348300615921066
75e6bdca12b3c5d7,363624,coil2000_insurance_policies,3666,ep1766_25,25,1638,128,1766,1e-05,0.0,standard,64,64,64,0,1024,4.7,mesuré ici,0.6297090717191836,0.22301507008061972,0.12523221323517073
75e6bdca12b3c5d7,363624,coil2000_insurance_policies,3666,ep1766_25,25,1638,128,1766,1e-05,0.0,standard,64,64,64,1,1024,4.7,mesuré ici,0.5910236113239025,0.2293084061026181,0.07993127788251206
75e6bdca12b3c5d7,363624,coil2000_insurance_policies,3666,ep1766_25,25,1638,128,1766,1e-05,0.0,standard,64,64,64,2,1024,4.7,mesuré ici,0.6538055598113818,0.219005625356851,0.1131813550082067
75e6bdca12b3c5d7,363624,coil2000_insurance_policies,3666,ep1766_25,25,1638,128,1766,1e-05,0.0,standard,128,128,128,0,1024,5.1,mesuré ici,0.6632875406431404,0.21779136798783055,0.12182524871033247
75e6bdca12b3c5d7,363624,coil2000_insurance_policies,3666,ep1766_25,25,1638,128,1766,1e-05,0.0,standard,128,128,128,1,1024,5.9,mesuré ici,0.6705224452275165,0.21782727334396135,0.11561393541942433
75e6bdca12b3c5d7,363624,coil2000_insurance_policies,3666,ep1766_25,25,1638,128,1766,1e-05,0.0,standard,128,128,128,2,1024,5.3,mesuré ici,0.6640791243211958,0.21512522833037293,0.13975780494479856
75e6bdca12b3c5d7,363624,coil2000_insurance_policies,3666,ep1766_25,25,1638,128,1766,1e-05,0.0,standard,256,256,256,0,1024,5.3,mesuré ici,0.6463578639157006,0.2177825383771719,0.12648033100333345
75e6bdca12b3c5d7,363624,coil2000_insurance_policies,3666,ep1766_25,25,1638,128,1766,1e-05,0.0,standard,256,256,256,1,1024,5.4,mesuré ici,0.7007728580426604,0.21464954757770538,0.12373140846696991
75e6bdca12b3c5d7,363624,coil2000_insurance_policies,3666,ep1766_25,25,1638,128,1766,1e-05,0.0,standard,256,256,256,2,1024,5.3,mesuré ici,0.678438282008069,0.2162861787638471,0.1071534866014168
75e6bdca12b3c5d7,363624,coil2000_insurance_policies,3666,ep1766_25,25,1638,128,1766,1e-05,0.0,standard,512,512,512,0,1024,5.2,mesuré ici,0.7174897434587951,0.21431214710049146,0.14620225245197307
75e6bdca12b3c5d7,363624,coil2000_insurance_policies,3666,ep1766_25,25,1638,128,1766,1e-05,0.0,standard,1024,1024,1024,0,1024,6.4,mesuré ici,0.7943669884071293,0.20302947130645327,0.2053699613616429
75e6bdca12b3c5d7,363624,coil2000_insurance_policies,3666,ep1766_25,25,1638,128,1766,1e-05,0.0,standard,2048,2048,2048,0,1024,10.9,mesuré ici,0.7705684081507584,0.20319426388919207,0.158701128342238
75e6bdca12b3c5d7,363624,coil2000_insurance_policies,3666,ep1766_25,25,1638,128,1766,1e-05,0.0,standard,full,3666,3666,0,1024,16.9,mesuré ici,0.7948181059870963,0.19634768854628729,0.19039538615886606
75e6bdca12b3c5d7,363624,coil2000_insurance_policies,3666,ep1766_50,50,1638,128,1766,1e-05,0.0,standard,32,32,32,0,1024,5.0,mesuré ici,0.5034216842857873,0.23860998762807778,0.0988305680135116
75e6bdca12b3c5d7,363624,coil2000_insurance_policies,3666,ep1766_50,50,1638,128,1766,1e-05,0.0,standard,32,32,32,1,1024,4.7,mesuré ici,0.6585295269223568,0.2207533256601903,0.11386563171827176
75e6bdca12b3c5d7,363624,coil2000_insurance_policies,3666,ep1766_50,50,1638,128,1766,1e-05,0.0,standard,32,32,32,2,1024,4.7,mesuré ici,0.6184651788298181,0.2344326840386251,0.10351694399886366
75e6bdca12b3c5d7,363624,coil2000_insurance_policies,3666,ep1766_50,50,1638,128,1766,1e-05,0.0,standard,64,64,64,0,1024,4.7,mesuré ici,0.6273939022521832,0.22316685232411643,0.12425243724298612
75e6bdca12b3c5d7,363624,coil2000_insurance_policies,3666,ep1766_50,50,1638,128,1766,1e-05,0.0,standard,64,64,64,1,1024,4.7,mesuré ici,0.5946495752685426,0.22813400196618627,0.08167244137671172
75e6bdca12b3c5d7,363624,coil2000_insurance_policies,3666,ep1766_50,50,1638,128,1766,1e-05,0.0,standard,64,64,64,2,1024,4.7,mesuré ici,0.6580018044703199,0.21851204926299495,0.11459312511559552
75e6bdca12b3c5d7,363624,coil2000_insurance_policies,3666,ep1766_50,50,1638,128,1766,1e-05,0.0,standard,128,128,128,0,1024,5.1,mesuré ici,0.675927344534668,0.21661087737114484,0.12915370508179527
75e6bdca12b3c5d7,363624,coil2000_insurance_policies,3666,ep1766_50,50,1638,128,1766,1e-05,0.0,standard,128,128,128,1,1024,5.4,mesuré ici,0.6781573974771463,0.21754041470318297,0.12571621328004637
75e6bdca12b3c5d7,363624,coil2000_insurance_policies,3666,ep1766_50,50,1638,128,1766,1e-05,0.0,standard,128,128,128,2,1024,5.2,mesuré ici,0.6548950513252643,0.21618637415647776,0.1348322880341102
75e6bdca12b3c5d7,363624,coil2000_insurance_policies,3666,ep1766_50,50,1638,128,1766,1e-05,0.0,standard,256,256,256,0,1024,5.2,mesuré ici,0.6425191086597551,0.21873592533770542,0.10418723029860048
75e6bdca12b3c5d7,363624,coil2000_insurance_policies,3666,ep1766_50,50,1638,128,1766,1e-05,0.0,standard,256,256,256,1,1024,5.2,mesuré ici,0.704245612243161,0.2141349946991522,0.12354753921613919
75e6bdca12b3c5d7,363624,coil2000_insurance_policies,3666,ep1766_50,50,1638,128,1766,1e-05,0.0,standard,256,256,256,2,1024,5.1,mesuré ici,0.6875797967417394,0.2153017532411133,0.11186023726676458
75e6bdca12b3c5d7,363624,coil2000_insurance_policies,3666,ep1766_50,50,1638,128,1766,1e-05,0.0,standard,512,512,512,0,1024,5.2,mesuré ici,0.6715778901315902,0.2186212503730164,0.1005874987800068
75e6bdca12b3c5d7,363624,coil2000_insurance_policies,3666,ep1766_50,50,1638,128,1766,1e-05,0.0,standard,1024,1024,1024,0,1024,6.3,mesuré ici,0.7932264269785336,0.20263990903463217,0.19494455896349272
75e6bdca12b3c5d7,363624,coil2000_insurance_policies,3666,ep1766_50,50,1638,128,1766,1e-05,0.0,standard,2048,2048,2048,0,1024,10.8,mesuré ici,0.7535365915938921,0.20517875666080537,0.14467122135432117
75e6bdca12b3c5d7,363624,coil2000_insurance_policies,3666,ep1766_50,50,1638,128,1766,1e-05,0.0,standard,full,3666,3666,0,1024,16.7,mesuré ici,0.7949032225116184,0.1977745903399984,0.16955148995188943
75e6bdca12b3c5d7,363624,coil2000_insurance_policies,3666,ep1766_200,200,1638,128,1766,1e-05,0.0,standard,32,32,32,0,1024,5.1,mesuré ici,0.4883049895306675,0.2359980931410255,0.09064570354169964
75e6bdca12b3c5d7,363624,coil2000_insurance_policies,3666,ep1766_200,200,1638,128,1766,1e-05,0.0,standard,32,32,32,1,1024,4.8,mesuré ici,0.6570059411334116,0.21984734977085227,0.11231452737765338
75e6bdca12b3c5d7,363624,coil2000_insurance_policies,3666,ep1766_200,200,1638,128,1766,1e-05,0.0,standard,32,32,32,2,1024,4.7,mesuré ici,0.6114260422518427,0.23436254269463447,0.10046544181624928
75e6bdca12b3c5d7,363624,coil2000_insurance_policies,3666,ep1766_200,200,1638,128,1766,1e-05,0.0,standard,64,64,64,0,1024,4.8,mesuré ici,0.6452939073591747,0.2214623674909401,0.12797596800707223
75e6bdca12b3c5d7,363624,coil2000_insurance_policies,3666,ep1766_200,200,1638,128,1766,1e-05,0.0,standard,64,64,64,1,1024,4.7,mesuré ici,0.6096385952368792,0.22642903451717647,0.08650618693316801
75e6bdca12b3c5d7,363624,coil2000_insurance_policies,3666,ep1766_200,200,1638,128,1766,1e-05,0.0,standard,64,64,64,2,1024,4.8,mesuré ici,0.678353165483547,0.2168174517532538,0.11705574075611819
75e6bdca12b3c5d7,363624,coil2000_insurance_policies,3666,ep1766_200,200,1638,128,1766,1e-05,0.0,standard,128,128,128,0,1024,5.1,mesuré ici,0.7094547435439116,0.21247736250800597,0.1449350176495925
75e6bdca12b3c5d7,363624,coil2000_insurance_policies,3666,ep1766_200,200,1638,128,1766,1e-05,0.0,standard,128,128,128,1,1024,5.4,mesuré ici,0.727559028309756,0.20952010560735013,0.1367244850854982
75e6bdca12b3c5d7,363624,coil2000_insurance_policies,3666,ep1766_200,200,1638,128,1766,1e-05,0.0,standard,128,128,128,2,1024,5.2,mesuré ici,0.6578911529884411,0.2158808981607816,0.1372267955662878
75e6bdca12b3c5d7,363624,coil2000_insurance_policies,3666,ep1766_200,200,1638,128,1766,1e-05,0.0,standard,256,256,256,0,1024,5.2,mesuré ici,0.6457365132866895,0.21756969579666033,0.11193205563853577
75e6bdca12b3c5d7,363624,coil2000_insurance_policies,3666,ep1766_200,200,1638,128,1766,1e-05,0.0,standard,256,256,256,1,1024,5.3,mesuré ici,0.7037689597058372,0.21403124564597278,0.12720867892848664
75e6bdca12b3c5d7,363624,coil2000_insurance_policies,3666,ep1766_200,200,1638,128,1766,1e-05,0.0,standard,256,256,256,2,1024,5.4,mesuré ici,0.7428544677663722,0.20827923749165778,0.1384242155035867
75e6bdca12b3c5d7,363624,coil2000_insurance_policies,3666,ep1766_200,200,1638,128,1766,1e-05,0.0,standard,512,512,512,0,1024,5.2,mesuré ici,0.7419266976490817,0.20712547113723534,0.13278870002373522
75e6bdca12b3c5d7,363624,coil2000_insurance_policies,3666,ep1766_200,200,1638,128,1766,1e-05,0.0,standard,1024,1024,1024,0,1024,6.3,mesuré ici,0.7926731695691401,0.19782620239817275,0.18080423693823633
75e6bdca12b3c5d7,363624,coil2000_insurance_policies,3666,ep1766_200,200,1638,128,1766,1e-05,0.0,standard,2048,2048,2048,0,1024,10.7,mesuré ici,0.791192142042456,0.19772601003449705,0.1662313405702943
75e6bdca12b3c5d7,363624,coil2000_insurance_policies,3666,ep1766_200,200,1638,128,1766,1e-05,0.0,standard,full,3666,3666,0,1024,16.6,mesuré ici,0.8139352773947534,0.18998595035123636,0.20439912667721705
75e6bdca12b3c5d7,363689,NATICUSdroid,2796,ep1766_25,25,1638,128,1766,1e-05,0.0,standard,32,32,32,0,999,5.1,mesuré ici,0.9645806735637243,0.24675966635411484,0.9453727068830052
75e6bdca12b3c5d7,363689,NATICUSdroid,2796,ep1766_25,25,1638,128,1766,1e-05,0.0,standard,32,32,32,1,999,4.6,mesuré ici,0.9116883116883119,0.3471366187372885,0.8818101713116304
75e6bdca12b3c5d7,363689,NATICUSdroid,2796,ep1766_25,25,1638,128,1766,1e-05,0.0,standard,32,32,32,2,999,4.6,mesuré ici,0.9557627118644069,0.30976969350130257,0.9302406611097472
75e6bdca12b3c5d7,363689,NATICUSdroid,2796,ep1766_25,25,1638,128,1766,1e-05,0.0,standard,64,64,64,0,999,4.7,mesuré ici,0.955775918996258,0.286540326219435,0.948996414955749
75e6bdca12b3c5d7,363689,NATICUSdroid,2796,ep1766_25,25,1638,128,1766,1e-05,0.0,standard,64,64,64,1,999,4.6,mesuré ici,0.9679110719788685,0.23227264518445057,0.9590476708061872
75e6bdca12b3c5d7,363689,NATICUSdroid,2796,ep1766_25,25,1638,128,1766,1e-05,0.0,standard,64,64,64,2,999,4.7,mesuré ici,0.9452784503631961,0.3064046650037678,0.9212097306670517
75e6bdca12b3c5d7,363689,NATICUSdroid,2796,ep1766_25,25,1638,128,1766,1e-05,0.0,standard,128,128,128,0,999,6.1,mesuré ici,0.9491855602025094,0.2795878557140092,0.9291559404927076
75e6bdca12b3c5d7,363689,NATICUSdroid,2796,ep1766_25,25,1638,128,1766,1e-05,0.0,standard,128,128,128,1,999,6.5,mesuré ici,0.9683821263482282,0.2426797555613438,0.9539336295194955
75e6bdca12b3c5d7,363689,NATICUSdroid,2796,ep1766_25,25,1638,128,1766,1e-05,0.0,standard,128,128,128,2,999,6.1,mesuré ici,0.9569073299581774,0.24020151620324334,0.9505048144268753
75e6bdca12b3c5d7,363689,NATICUSdroid,2796,ep1766_25,25,1638,128,1766,1e-05,0.0,standard,256,256,256,0,999,6.2,mesuré ici,0.9783777239709444,0.1742971882169754,0.9698964142229516
75e6bdca12b3c5d7,363689,NATICUSdroid,2796,ep1766_25,25,1638,128,1766,1e-05,0.0,standard,256,256,256,1,999,6.2,mesuré ici,0.9751441778560423,0.1901531761416546,0.9655472055455285
75e6bdca12b3c5d7,363689,NATICUSdroid,2796,ep1766_25,25,1638,128,1766,1e-05,0.0,standard,256,256,256,2,999,6.1,mesuré ici,0.9754039181157825,0.1799787099331483,0.965576520595172
75e6bdca12b3c5d7,363689,NATICUSdroid,2796,ep1766_25,25,1638,128,1766,1e-05,0.0,standard,512,512,512,0,999,6.2,mesuré ici,0.9770658155403917,0.17431702683252498,0.9684703141515232
75e6bdca12b3c5d7,363689,NATICUSdroid,2796,ep1766_25,25,1638,128,1766,1e-05,0.0,standard,1024,1024,1024,0,999,7.3,mesuré ici,0.983068456966762,0.15302482100168402,0.9747849664017358
75e6bdca12b3c5d7,363689,NATICUSdroid,2796,ep1766_25,25,1638,128,1766,1e-05,0.0,standard,2048,2048,2048,0,999,11.9,mesuré ici,0.98574290116663,0.14425532815581357,0.9781121652504104
75e6bdca12b3c5d7,363689,NATICUSdroid,2796,ep1766_25,25,1638,128,1766,1e-05,0.0,standard,full,2796,2796,0,999,14.6,mesuré ici,0.9868545014307727,0.13656593259685693,0.9796807756872321
75e6bdca12b3c5d7,363689,NATICUSdroid,2796,ep1766_50,50,1638,128,1766,1e-05,0.0,standard,32,32,32,0,999,5.0,mesuré ici,0.9646335020911292,0.2480507945256602,0.945468908340303
75e6bdca12b3c5d7,363689,NATICUSdroid,2796,ep1766_50,50,1638,128,1766,1e-05,0.0,standard,32,32,32,1,999,4.8,mesuré ici,0.9121175434734758,0.3472229132148957,0.8822735215295014
75e6bdca12b3c5d7,363689,NATICUSdroid,2796,ep1766_50,50,1638,128,1766,1e-05,0.0,standard,32,32,32,2,999,4.7,mesuré ici,0.955428131190843,0.3074857364434631,0.9299517316744359
75e6bdca12b3c5d7,363689,NATICUSdroid,2796,ep1766_50,50,1638,128,1766,1e-05,0.0,standard,64,64,64,0,999,4.7,mesuré ici,0.9548316090688973,0.2944577603838053,0.9486643619516789
75e6bdca12b3c5d7,363689,NATICUSdroid,2796,ep1766_50,50,1638,128,1766,1e-05,0.0,standard,64,64,64,1,999,4.7,mesuré ici,0.9673189522342065,0.2313999818013914,0.9584080223391878
75e6bdca12b3c5d7,363689,NATICUSdroid,2796,ep1766_50,50,1638,128,1766,1e-05,0.0,standard,64,64,64,2,999,4.6,mesuré ici,0.9448139995597624,0.30840935310479045,0.9223515227528524
75e6bdca12b3c5d7,363689,NATICUSdroid,2796,ep1766_50,50,1638,128,1766,1e-05,0.0,standard,128,128,128,0,999,6.1,mesuré ici,0.9483931322914374,0.2804928822628334,0.9294561840886036
75e6bdca12b3c5d7,363689,NATICUSdroid,2796,ep1766_50,50,1638,128,1766,1e-05,0.0,standard,128,128,128,1,999,6.1,mesuré ici,0.9675214615892581,0.2470421660232854,0.9541705363975926
75e6bdca12b3c5d7,363689,NATICUSdroid,2796,ep1766_50,50,1638,128,1766,1e-05,0.0,standard,128,128,128,2,999,6.0,mesuré ici,0.954950473255558,0.24547945328340995,0.9492091967305302
75e6bdca12b3c5d7,363689,NATICUSdroid,2796,ep1766_50,50,1638,128,1766,1e-05,0.0,standard,256,256,256,0,999,6.2,mesuré ici,0.9784965881576051,0.17829250999238253,0.9706149933398269
75e6bdca12b3c5d7,363689,NATICUSdroid,2796,ep1766_50,50,1638,128,1766,1e-05,0.0,standard,256,256,256,1,999,6.2,mesuré ici,0.9743825665859565,0.19202944865442,0.9649794400415865
75e6bdca12b3c5d7,363689,NATICUSdroid,2796,ep1766_50,50,1638,128,1766,1e-05,0.0,standard,256,256,256,2,999,6.1,mesuré ici,0.9746026854501431,0.1823972338224269,0.9655704535552702
75e6bdca12b3c5d7,363689,NATICUSdroid,2796,ep1766_50,50,1638,128,1766,1e-05,0.0,standard,512,512,512,0,999,6.3,mesuré ici,0.9761677305745102,0.1809401677468639,0.9679795358347226
75e6bdca12b3c5d7,363689,NATICUSdroid,2796,ep1766_50,50,1638,128,1766,1e-05,0.0,standard,1024,1024,1024,0,999,7.3,mesuré ici,0.9832885758309488,0.1551776359831399,0.9751058713020965
75e6bdca12b3c5d7,363689,NATICUSdroid,2796,ep1766_50,50,1638,128,1766,1e-05,0.0,standard,2048,2048,2048,0,999,11.9,mesuré ici,0.9852828527404799,0.15290878661379576,0.9772933346197243
75e6bdca12b3c5d7,363689,NATICUSdroid,2796,ep1766_50,50,1638,128,1766,1e-05,0.0,standard,full,2796,2796,0,999,14.4,mesuré ici,0.9868743121285494,0.14182970392014332,0.9800008984335472
75e6bdca12b3c5d7,363689,NATICUSdroid,2796,ep1766_200,200,1638,128,1766,1e-05,0.0,standard,32,32,32,0,999,5.0,mesuré ici,0.9641448382126349,0.2524228304419098,0.9468622340845606
75e6bdca12b3c5d7,363689,NATICUSdroid,2796,ep1766_200,200,1638,128,1766,1e-05,0.0,standard,32,32,32,1,999,4.7,mesuré ici,0.913497688751926,0.35302606358865135,0.8840187793846119
75e6bdca12b3c5d7,363689,NATICUSdroid,2796,ep1766_200,200,1638,128,1766,1e-05,0.0,standard,32,32,32,2,999,4.8,mesuré ici,0.9543671582654634,0.30109818887270096,0.9262526470542912
75e6bdca12b3c5d7,363689,NATICUSdroid,2796,ep1766_200,200,1638,128,1766,1e-05,0.0,standard,64,64,64,0,999,4.7,mesuré ici,0.9507484041382346,0.2971769905034253,0.9450504813166765
75e6bdca12b3c5d7,363689,NATICUSdroid,2796,ep1766_200,200,1638,128,1766,1e-05,0.0,standard,64,64,64,1,999,4.7,mesuré ici,0.9673255558001321,0.22482901193908103,0.9586834512989397
75e6bdca12b3c5d7,363689,NATICUSdroid,2796,ep1766_200,200,1638,128,1766,1e-05,0.0,standard,64,64,64,2,999,4.7,mesuré ici,0.9461633281972266,0.3094243567766904,0.9265865832204184
75e6bdca12b3c5d7,363689,NATICUSdroid,2796,ep1766_200,200,1638,128,1766,1e-05,0.0,standard,128,128,128,0,999,6.2,mesuré ici,0.9493792648029935,0.28597667318920617,0.9322356331406236
75e6bdca12b3c5d7,363689,NATICUSdroid,2796,ep1766_200,200,1638,128,1766,1e-05,0.0,standard,128,128,128,1,999,6.0,mesuré ici,0.9695751705921197,0.24244350460214192,0.9565688034839944
75e6bdca12b3c5d7,363689,NATICUSdroid,2796,ep1766_200,200,1638,128,1766,1e-05,0.0,standard,128,128,128,2,999,6.2,mesuré ici,0.9537882456526525,0.2585696162607655,0.9471539206611723
75e6bdca12b3c5d7,363689,NATICUSdroid,2796,ep1766_200,200,1638,128,1766,1e-05,0.0,standard,256,256,256,0,999,6.1,mesuré ici,0.9774510235527185,0.1904942145573551,0.9686312404829356
75e6bdca12b3c5d7,363689,NATICUSdroid,2796,ep1766_200,200,1638,128,1766,1e-05,0.0,standard,256,256,256,1,999,6.1,mesuré ici,0.9761193044243892,0.19136886943607187,0.9663240606254381
75e6bdca12b3c5d7,363689,NATICUSdroid,2796,ep1766_200,200,1638,128,1766,1e-05,0.0,standard,256,256,256,2,999,6.1,mesuré ici,0.9737728373321594,0.19156754267208004,0.9651624185631983
75e6bdca12b3c5d7,363689,NATICUSdroid,2796,ep1766_200,200,1638,128,1766,1e-05,0.0,standard,512,512,512,0,999,6.2,mesuré ici,0.9794012766894123,0.1767251218659012,0.9715790258247624
75e6bdca12b3c5d7,363689,NATICUSdroid,2796,ep1766_200,200,1638,128,1766,1e-05,0.0,standard,1024,1024,1024,0,999,7.3,mesuré ici,0.9842857142857143,0.16322744054915042,0.9758939028548071
75e6bdca12b3c5d7,363689,NATICUSdroid,2796,ep1766_200,200,1638,128,1766,1e-05,0.0,standard,2048,2048,2048,0,999,11.8,mesuré ici,0.9859476117103235,0.15910355203744508,0.9780596510402182
75e6bdca12b3c5d7,363689,NATICUSdroid,2796,ep1766_200,200,1638,128,1766,1e-05,0.0,standard,full,2796,2796,0,999,14.4,mesuré ici,0.9871604666519921,0.15275621469451361,0.9802742239360296
75e6bdca12b3c5d7,363706,taiwanese_bankruptcy_prediction,2545,ep1766_25,25,1638,128,1766,1e-05,0.0,standard,32,32,32,0,910,5.0,mesuré ici,0.9194880425848371,0.10826840874637188,0.19088746556550915
75e6bdca12b3c5d7,363706,taiwanese_bankruptcy_prediction,2545,ep1766_25,25,1638,128,1766,1e-05,0.0,standard,32,32,32,1,910,4.5,mesuré ici,0.9418372539042623,0.11222411731952017,0.29978751423395533
75e6bdca12b3c5d7,363706,taiwanese_bankruptcy_prediction,2545,ep1766_25,25,1638,128,1766,1e-05,0.0,standard,32,32,32,2,910,4.6,mesuré ici,0.845982230224275,0.1325324699704737,0.17529762495882759
75e6bdca12b3c5d7,363706,taiwanese_bankruptcy_prediction,2545,ep1766_25,25,1638,128,1766,1e-05,0.0,standard,64,64,64,0,910,4.5,mesuré ici,0.7683275274961837,0.14976439045348353,0.19693062407133638
75e6bdca12b3c5d7,363706,taiwanese_bankruptcy_prediction,2545,ep1766_25,25,1638,128,1766,1e-05,0.0,standard,64,64,64,1,910,4.5,mesuré ici,0.8207561939801951,0.12319785277663975,0.11637637501913173
75e6bdca12b3c5d7,363706,taiwanese_bankruptcy_prediction,2545,ep1766_25,25,1638,128,1766,1e-05,0.0,standard,64,64,64,2,910,4.5,mesuré ici,0.8874319934244002,0.10573438270580804,0.2570382611456049
75e6bdca12b3c5d7,363706,taiwanese_bankruptcy_prediction,2545,ep1766_25,25,1638,128,1766,1e-05,0.0,standard,128,128,128,0,910,4.5,mesuré ici,0.860229363184469,0.1322100733730466,0.16856759502013235
75e6bdca12b3c5d7,363706,taiwanese_bankruptcy_prediction,2545,ep1766_25,25,1638,128,1766,1e-05,0.0,standard,128,128,128,1,910,4.7,mesuré ici,0.872206348585072,0.11070909424369613,0.2802309885383172
75e6bdca12b3c5d7,363706,taiwanese_bankruptcy_prediction,2545,ep1766_25,25,1638,128,1766,1e-05,0.0,standard,128,128,128,2,910,4.6,mesuré ici,0.8868448862969196,0.10700567145048484,0.2558141136579828
75e6bdca12b3c5d7,363706,taiwanese_bankruptcy_prediction,2545,ep1766_25,25,1638,128,1766,1e-05,0.0,standard,256,256,256,0,910,4.5,mesuré ici,0.8932247837488747,0.10344780271017599,0.3073557915976148
75e6bdca12b3c5d7,363706,taiwanese_bankruptcy_prediction,2545,ep1766_25,25,1638,128,1766,1e-05,0.0,standard,256,256,256,1,910,4.6,mesuré ici,0.9183333985674587,0.09312785110744566,0.394141217433852
75e6bdca12b3c5d7,363706,taiwanese_bankruptcy_prediction,2545,ep1766_25,25,1638,128,1766,1e-05,0.0,standard,256,256,256,2,910,4.5,mesuré ici,0.9234216603389566,0.09451071863478878,0.3221662521969489
75e6bdca12b3c5d7,363706,taiwanese_bankruptcy_prediction,2545,ep1766_25,25,1638,128,1766,1e-05,0.0,standard,512,512,512,0,910,4.9,mesuré ici,0.9408978825002936,0.08606364014688733,0.46591116550764344
75e6bdca12b3c5d7,363706,taiwanese_bankruptcy_prediction,2545,ep1766_25,25,1638,128,1766,1e-05,0.0,standard,1024,1024,1024,0,910,6.1,mesuré ici,0.9403303456103956,0.08525138055998524,0.41743006857482473
75e6bdca12b3c5d7,363706,taiwanese_bankruptcy_prediction,2545,ep1766_25,25,1638,128,1766,1e-05,0.0,standard,2048,2048,2048,0,910,10.6,mesuré ici,0.9430506086343888,0.08157442635466354,0.4845754115572615
75e6bdca12b3c5d7,363706,taiwanese_bankruptcy_prediction,2545,ep1766_25,25,1638,128,1766,1e-05,0.0,standard,full,2545,2545,0,910,12.3,mesuré ici,0.94502720263024,0.0795528356900399,0.5290502282578474
75e6bdca12b3c5d7,363706,taiwanese_bankruptcy_prediction,2545,ep1766_50,50,1638,128,1766,1e-05,0.0,standard,32,32,32,0,910,4.8,mesuré ici,0.9210928020666171,0.10768561238604633,0.19699020966887004
75e6bdca12b3c5d7,363706,taiwanese_bankruptcy_prediction,2545,ep1766_50,50,1638,128,1766,1e-05,0.0,standard,32,32,32,1,910,4.6,mesuré ici,0.9430506086343888,0.1117407870158839,0.3107176057387868
75e6bdca12b3c5d7,363706,taiwanese_bankruptcy_prediction,2545,ep1766_50,50,1638,128,1766,1e-05,0.0,standard,32,32,32,2,910,4.6,mesuré ici,0.8478805432697952,0.13265322215940092,0.18083760147837247
75e6bdca12b3c5d7,363706,taiwanese_bankruptcy_prediction,2545,ep1766_50,50,1638,128,1766,1e-05,0.0,standard,64,64,64,0,910,4.6,mesuré ici,0.7788758855532506,0.14737796954043333,0.20191086813887757
75e6bdca12b3c5d7,363706,taiwanese_bankruptcy_prediction,2545,ep1766_50,50,1638,128,1766,1e-05,0.0,standard,64,64,64,1,910,4.5,mesuré ici,0.8227719284512114,0.12316232982829899,0.11401148990240956
75e6bdca12b3c5d7,363706,taiwanese_bankruptcy_prediction,2545,ep1766_50,50,1638,128,1766,1e-05,0.0,standard,64,64,64,2,910,4.5,mesuré ici,0.8894672981329993,0.10549462839636643,0.2567569714133531
75e6bdca12b3c5d7,363706,taiwanese_bankruptcy_prediction,2545,ep1766_50,50,1638,128,1766,1e-05,0.0,standard,128,128,128,0,910,4.6,mesuré ici,0.8652589142432189,0.12977529220259704,0.1750102693995375
75e6bdca12b3c5d7,363706,taiwanese_bankruptcy_prediction,2545,ep1766_50,50,1638,128,1766,1e-05,0.0,standard,128,128,128,1,910,4.6,mesuré ici,0.8746134878077421,0.1104079865290211,0.28972165761017016
75e6bdca12b3c5d7,363706,taiwanese_bankruptcy_prediction,2545,ep1766_50,50,1638,128,1766,1e-05,0.0,standard,128,128,128,2,910,4.5,mesuré ici,0.8896238600336609,0.10610976321916911,0.26223607801051363
75e6bdca12b3c5d7,363706,taiwanese_bankruptcy_prediction,2545,ep1766_50,50,1638,128,1766,1e-05,0.0,standard,256,256,256,0,910,4.6,mesuré ici,0.8969822693647501,0.10227594096171988,0.30513376750496635
75e6bdca12b3c5d7,363706,taiwanese_bankruptcy_prediction,2545,ep1766_50,50,1638,128,1766,1e-05,0.0,standard,256,256,256,1,910,4.7,mesuré ici,0.9211319425417824,0.09192097103145419,0.4038495896056904
75e6bdca12b3c5d7,363706,taiwanese_bankruptcy_prediction,2545,ep1766_50,50,1638,128,1766,1e-05,0.0,standard,256,256,256,2,910,4.6,mesuré ici,0.9242044698422639,0.09386198398739137,0.32336926888980283
75e6bdca12b3c5d7,363706,taiwanese_bankruptcy_prediction,2545,ep1766_50,50,1638,128,1766,1e-05,0.0,standard,512,512,512,0,910,4.8,mesuré ici,0.939938940858742,0.08550408109219584,0.46344978514454527
75e6bdca12b3c5d7,363706,taiwanese_bankruptcy_prediction,2545,ep1766_50,50,1638,128,1766,1e-05,0.0,standard,1024,1024,1024,0,910,6.0,mesuré ici,0.9430114681592235,0.0833862680049261,0.4492536510401592
75e6bdca12b3c5d7,363706,taiwanese_bankruptcy_prediction,2545,ep1766_50,50,1638,128,1766,1e-05,0.0,standard,2048,2048,2048,0,910,10.5,mesuré ici,0.9408783122627109,0.08171862611387296,0.475506758370586
75e6bdca12b3c5d7,363706,taiwanese_bankruptcy_prediction,2545,ep1766_50,50,1638,128,1766,1e-05,0.0,standard,full,2545,2545,0,910,12.2,mesuré ici,0.9452816157188149,0.0786849102296032,0.5303902022458797
75e6bdca12b3c5d7,363706,taiwanese_bankruptcy_prediction,2545,ep1766_200,200,1638,128,1766,1e-05,0.0,standard,32,32,32,0,910,4.9,mesuré ici,0.9233825198637913,0.10570632814282414,0.2039155053633253
75e6bdca12b3c5d7,363706,taiwanese_bankruptcy_prediction,2545,ep1766_200,200,1638,128,1766,1e-05,0.0,standard,32,32,32,1,910,4.5,mesuré ici,0.9465341109241066,0.11254646294183937,0.3435057900043288
75e6bdca12b3c5d7,363706,taiwanese_bankruptcy_prediction,2545,ep1766_200,200,1638,128,1766,1e-05,0.0,standard,32,32,32,2,910,4.5,mesuré ici,0.8516967395984187,0.13308897324652663,0.1630749540885748
75e6bdca12b3c5d7,363706,taiwanese_bankruptcy_prediction,2545,ep1766_200,200,1638,128,1766,1e-05,0.0,standard,64,64,64,0,910,4.5,mesuré ici,0.8174096833535559,0.13820772278959564,0.21448349753222593
75e6bdca12b3c5d7,363706,taiwanese_bankruptcy_prediction,2545,ep1766_200,200,1638,128,1766,1e-05,0.0,standard,64,64,64,1,910,4.5,mesuré ici,0.822360953461975,0.1208350568601649,0.12062534123894005
75e6bdca12b3c5d7,363706,taiwanese_bankruptcy_prediction,2545,ep1766_200,200,1638,128,1766,1e-05,0.0,standard,64,64,64,2,910,4.4,mesuré ici,0.8900739754980626,0.10543847844172334,0.25808808616347834
75e6bdca12b3c5d7,363706,taiwanese_bankruptcy_prediction,2545,ep1766_200,200,1638,128,1766,1e-05,0.0,standard,128,128,128,0,910,4.5,mesuré ici,0.872069356921993,0.11970583613959367,0.18917612814342907
75e6bdca12b3c5d7,363706,taiwanese_bankruptcy_prediction,2545,ep1766_200,200,1638,128,1766,1e-05,0.0,standard,128,128,128,1,910,4.5,mesuré ici,0.8719323652589143,0.11119985483212613,0.299862668026815
75e6bdca12b3c5d7,363706,taiwanese_bankruptcy_prediction,2545,ep1766_200,200,1638,128,1766,1e-05,0.0,standard,128,128,128,2,910,4.5,mesuré ici,0.8955732122587968,0.10536320553408383,0.2578867008040862
75e6bdca12b3c5d7,363706,taiwanese_bankruptcy_prediction,2545,ep1766_200,200,1638,128,1766,1e-05,0.0,standard,256,256,256,0,910,4.5,mesuré ici,0.9045950917844142,0.09923457118117175,0.32915238517690515
75e6bdca12b3c5d7,363706,taiwanese_bankruptcy_prediction,2545,ep1766_200,200,1638,128,1766,1e-05,0.0,standard,256,256,256,1,910,4.6,mesuré ici,0.9286077732983679,0.08895734054845915,0.45838958203574753
75e6bdca12b3c5d7,363706,taiwanese_bankruptcy_prediction,2545,ep1766_200,200,1638,128,1766,1e-05,0.0,standard,256,256,256,2,910,4.6,mesuré ici,0.9240870484167678,0.09301357950314483,0.368264439632314
75e6bdca12b3c5d7,363706,taiwanese_bankruptcy_prediction,2545,ep1766_200,200,1638,128,1766,1e-05,0.0,standard,512,512,512,0,910,4.8,mesuré ici,0.9405260479862225,0.08460290413853168,0.4666083573609911
75e6bdca12b3c5d7,363706,taiwanese_bankruptcy_prediction,2545,ep1766_200,200,1638,128,1766,1e-05,0.0,standard,1024,1024,1024,0,910,6.0,mesuré ici,0.9407608908372147,0.08341232029379662,0.4582805491571911
75e6bdca12b3c5d7,363706,taiwanese_bankruptcy_prediction,2545,ep1766_200,200,1638,128,1766,1e-05,0.0,standard,2048,2048,2048,0,910,10.4,mesuré ici,0.938706015891033,0.08233196802479267,0.498085774876534
75e6bdca12b3c5d7,363706,taiwanese_bankruptcy_prediction,2545,ep1766_200,200,1638,128,1766,1e-05,0.0,standard,full,2545,2545,0,910,12.3,mesuré ici,0.9398410896708286,0.08172524567168728,0.506318378183622
