run_hash,target,name,n_train,arm,ft_steps,ep_context,ep_query,episode_rows,context_size,requested,n_context_rows,repeat,n_report_eval,seconds,source,auc,logloss,ap
95c0cffd0787d5bb,363621,blood-transfusion-service-center,278,base,0,0,0,0,32,32,32,0,100,2.6,mesuré ici,0.6011513157894737,0.5434424673052127,0.41666160097023225
95c0cffd0787d5bb,363621,blood-transfusion-service-center,278,base,0,0,0,0,32,32,32,1,100,2.6,mesuré ici,0.46354166666666663,0.6053085460838422,0.22011119092126236
95c0cffd0787d5bb,363621,blood-transfusion-service-center,278,base,0,0,0,0,32,32,32,2,100,2.6,mesuré ici,0.671875,0.5320906062382079,0.3561333553098696
95c0cffd0787d5bb,363621,blood-transfusion-service-center,278,base,0,0,0,0,64,64,64,0,100,2.6,mesuré ici,0.7099780701754387,0.5093544370153215,0.41242266519654325
95c0cffd0787d5bb,363621,blood-transfusion-service-center,278,base,0,0,0,0,64,64,64,1,100,2.6,mesuré ici,0.6606359649122807,0.5246329784448757,0.34789043874996284
95c0cffd0787d5bb,363621,blood-transfusion-service-center,278,base,0,0,0,0,64,64,64,2,100,2.6,mesuré ici,0.7335526315789473,0.5021936900138336,0.5133467525717547
95c0cffd0787d5bb,363621,blood-transfusion-service-center,278,base,0,0,0,0,128,128,128,0,100,2.6,mesuré ici,0.7483552631578948,0.48126429646600116,0.462840263503602
95c0cffd0787d5bb,363621,blood-transfusion-service-center,278,base,0,0,0,0,128,128,128,1,100,2.6,mesuré ici,0.7554824561403509,0.48499236232533116,0.4457370404661014
95c0cffd0787d5bb,363621,blood-transfusion-service-center,278,base,0,0,0,0,128,128,128,2,100,2.6,mesuré ici,0.7620614035087719,0.4927362222540241,0.47136558371712
95c0cffd0787d5bb,363621,blood-transfusion-service-center,278,base,0,0,0,0,256,256,256,0,100,2.6,mesuré ici,0.7305372807017544,0.488560980926359,0.4755159976853351
95c0cffd0787d5bb,363621,blood-transfusion-service-center,278,base,0,0,0,0,256,256,256,1,100,2.6,mesuré ici,0.7203947368421052,0.49416955365087417,0.4250966594257352
95c0cffd0787d5bb,363621,blood-transfusion-service-center,278,base,0,0,0,0,256,256,256,2,100,2.6,mesuré ici,0.7324561403508772,0.48817544777407595,0.44433281073404224
95c0cffd0787d5bb,363621,blood-transfusion-service-center,278,base,0,0,0,0,full,278,278,0,100,2.6,mesuré ici,0.7099780701754386,0.496256046831941,0.45931682687039727
95c0cffd0787d5bb,363626,credit-g,372,base,0,0,0,0,32,32,32,0,134,2.8,mesuré ici,0.730186170212766,0.574645881813995,0.8697872903148224
95c0cffd0787d5bb,363626,credit-g,372,base,0,0,0,0,32,32,32,1,134,2.8,mesuré ici,0.7196808510638298,0.5459968260058852,0.859092673960716
95c0cffd0787d5bb,363626,credit-g,372,base,0,0,0,0,32,32,32,2,134,2.8,mesuré ici,0.7283244680851064,0.567047976358215,0.8599426410270756
95c0cffd0787d5bb,363626,credit-g,372,base,0,0,0,0,64,64,64,0,134,2.7,mesuré ici,0.6646276595744681,0.5865308992731952,0.847768628390186
95c0cffd0787d5bb,363626,credit-g,372,base,0,0,0,0,64,64,64,1,134,2.8,mesuré ici,0.7347074468085106,0.5589500136396978,0.8852000271566044
95c0cffd0787d5bb,363626,credit-g,372,base,0,0,0,0,64,64,64,2,134,2.8,mesuré ici,0.6410904255319149,0.5896068212385405,0.8074739851092197
95c0cffd0787d5bb,363626,credit-g,372,base,0,0,0,0,128,128,128,0,134,2.8,mesuré ici,0.8464095744680851,0.4697322174448772,0.9336862247600729
95c0cffd0787d5bb,363626,credit-g,372,base,0,0,0,0,128,128,128,1,134,2.8,mesuré ici,0.6748670212765958,0.5648869235314197,0.8476845719981281
95c0cffd0787d5bb,363626,credit-g,372,base,0,0,0,0,128,128,128,2,134,2.9,mesuré ici,0.8033244680851064,0.48751994762000656,0.9142740998672738
95c0cffd0787d5bb,363626,credit-g,372,base,0,0,0,0,256,256,256,0,134,2.8,mesuré ici,0.8328457446808512,0.45812291558313667,0.925135080743974
95c0cffd0787d5bb,363626,credit-g,372,base,0,0,0,0,256,256,256,1,134,2.8,mesuré ici,0.8079787234042553,0.47355181994706336,0.9127678006982722
95c0cffd0787d5bb,363626,credit-g,372,base,0,0,0,0,256,256,256,2,134,2.8,mesuré ici,0.789494680851064,0.5046396598138467,0.904639315278099
95c0cffd0787d5bb,363626,credit-g,372,base,0,0,0,0,full,372,372,0,134,2.8,mesuré ici,0.8045212765957447,0.4823008866258167,0.9182135171626546
95c0cffd0787d5bb,363619,Bank_Customer_Churn,3732,base,0,0,0,0,32,32,32,0,1024,4.5,mesuré ici,0.804059647165879,0.417299554326664,0.5746237327208817
95c0cffd0787d5bb,363619,Bank_Customer_Churn,3732,base,0,0,0,0,32,32,32,1,1024,4.7,mesuré ici,0.6520973375994363,0.5400052310080531,0.3693255062303338
95c0cffd0787d5bb,363619,Bank_Customer_Churn,3732,base,0,0,0,0,32,32,32,2,1024,4.6,mesuré ici,0.6952886958053247,0.47037930205261635,0.3920084705584689
95c0cffd0787d5bb,363619,Bank_Customer_Churn,3732,base,0,0,0,0,64,64,64,0,1024,4.7,mesuré ici,0.7810344321484134,0.42246042503744274,0.5075402466321438
95c0cffd0787d5bb,363619,Bank_Customer_Churn,3732,base,0,0,0,0,64,64,64,1,1024,4.7,mesuré ici,0.657747967241025,0.4913010967705422,0.38991931282657777
95c0cffd0787d5bb,363619,Bank_Customer_Churn,3732,base,0,0,0,0,64,64,64,2,1024,4.6,mesuré ici,0.6542519153432941,0.4650779079921352,0.42709572325868655
95c0cffd0787d5bb,363619,Bank_Customer_Churn,3732,base,0,0,0,0,128,128,128,0,1024,4.7,mesuré ici,0.8345348871341768,0.38072690954187477,0.5867289972293417
95c0cffd0787d5bb,363619,Bank_Customer_Churn,3732,base,0,0,0,0,128,128,128,1,1024,4.8,mesuré ici,0.8103267091320046,0.403203405189837,0.5767589141049468
95c0cffd0787d5bb,363619,Bank_Customer_Churn,3732,base,0,0,0,0,128,128,128,2,1024,4.8,mesuré ici,0.7939002553791059,0.41861715255546816,0.498958772306309
95c0cffd0787d5bb,363619,Bank_Customer_Churn,3732,base,0,0,0,0,256,256,256,0,1024,4.7,mesuré ici,0.8432207121261044,0.36363281239046596,0.6535002113344731
95c0cffd0787d5bb,363619,Bank_Customer_Churn,3732,base,0,0,0,0,256,256,256,1,1024,4.8,mesuré ici,0.8532303989197757,0.35762328226304796,0.642790904175296
95c0cffd0787d5bb,363619,Bank_Customer_Churn,3732,base,0,0,0,0,256,256,256,2,1024,4.7,mesuré ici,0.8541256934863651,0.35233214979439154,0.6740956013009091
95c0cffd0787d5bb,363619,Bank_Customer_Churn,3732,base,0,0,0,0,512,512,512,0,1024,4.8,mesuré ici,0.8742213872662694,0.33238715131884977,0.7037736562538546
95c0cffd0787d5bb,363619,Bank_Customer_Churn,3732,base,0,0,0,0,1024,1024,1024,0,1024,4.8,mesuré ici,0.8821616226847097,0.3247347571090974,0.7210378621531367
95c0cffd0787d5bb,363619,Bank_Customer_Churn,3732,base,0,0,0,0,2048,2048,2048,0,1024,6.1,mesuré ici,0.8856958346787213,0.31845598514662915,0.727607984040703
95c0cffd0787d5bb,363619,Bank_Customer_Churn,3732,base,0,0,0,0,full,3732,3732,0,1024,9.4,mesuré ici,0.8874864238119001,0.31380741336097556,0.7376282217661004
95c0cffd0787d5bb,363623,churn,1866,base,0,0,0,0,32,32,32,0,667,4.0,mesuré ici,0.6943206713452899,0.3743119934304795,0.3190937220863827
95c0cffd0787d5bb,363623,churn,1866,base,0,0,0,0,32,32,32,1,667,4.0,mesuré ici,0.7021555085217779,0.380874341825594,0.35003961284024465
95c0cffd0787d5bb,363623,churn,1866,base,0,0,0,0,32,32,32,2,667,4.0,mesuré ici,0.7252330028591587,0.37103247488889396,0.32470384635536265
95c0cffd0787d5bb,363623,churn,1866,base,0,0,0,0,64,64,64,0,667,4.0,mesuré ici,0.6908674018788756,0.3962237638954051,0.41732850445661995
95c0cffd0787d5bb,363623,churn,1866,base,0,0,0,0,64,64,64,1,667,4.0,mesuré ici,0.7175466934016561,0.3712340645419829,0.3607028608930402
95c0cffd0787d5bb,363623,churn,1866,base,0,0,0,0,64,64,64,2,667,4.0,mesuré ici,0.7217147525156882,0.368910582085285,0.339213271084134
95c0cffd0787d5bb,363623,churn,1866,base,0,0,0,0,128,128,128,0,667,4.1,mesuré ici,0.7504363001745201,0.3418298893356497,0.49238859944568536
95c0cffd0787d5bb,363623,churn,1866,base,0,0,0,0,128,128,128,1,667,4.1,mesuré ici,0.8164104563514166,0.3291364293231392,0.5018120970236155
95c0cffd0787d5bb,363623,churn,1866,base,0,0,0,0,128,128,128,2,667,4.1,mesuré ici,0.8388195759533623,0.2996879750899051,0.5903635005811286
95c0cffd0787d5bb,363623,churn,1866,base,0,0,0,0,256,256,256,0,667,4.0,mesuré ici,0.8421892985778471,0.29328929332361553,0.6146403248024822
95c0cffd0787d5bb,363623,churn,1866,base,0,0,0,0,256,256,256,1,667,4.0,mesuré ici,0.78475548624262,0.3130036146354755,0.6227616012989411
95c0cffd0787d5bb,363623,churn,1866,base,0,0,0,0,256,256,256,2,667,4.0,mesuré ici,0.8401656084066689,0.29717579480854467,0.6008193283837985
95c0cffd0787d5bb,363623,churn,1866,base,0,0,0,0,512,512,512,0,667,4.0,mesuré ici,0.8820040102484126,0.2236248833507917,0.7671768880945198
95c0cffd0787d5bb,363623,churn,1866,base,0,0,0,0,1024,1024,1024,0,667,4.1,mesuré ici,0.8684137239612342,0.1898304992307048,0.8089317557252127
95c0cffd0787d5bb,363623,churn,1866,base,0,0,0,0,full,1866,1866,0,667,5.0,mesuré ici,0.8897460176005347,0.13574591453020418,0.859285059985188
95c0cffd0787d5bb,363682,Is-this-a-good-customer,642,base,0,0,0,0,32,32,32,0,230,2.9,mesuré ici,0.6068061840120664,0.35486406294357975,0.15185450225126512
95c0cffd0787d5bb,363682,Is-this-a-good-customer,642,base,0,0,0,0,32,32,32,1,230,3.0,mesuré ici,0.7215309200603318,0.33346832926181114,0.22755600388872602
95c0cffd0787d5bb,363682,Is-this-a-good-customer,642,base,0,0,0,0,32,32,32,2,230,2.9,mesuré ici,0.5912518853695325,0.3541705661592368,0.15474840778922394
95c0cffd0787d5bb,363682,Is-this-a-good-customer,642,base,0,0,0,0,64,64,64,0,230,2.9,mesuré ici,0.6398001508295625,0.34341812653512627,0.1789740706727164
95c0cffd0787d5bb,363682,Is-this-a-good-customer,642,base,0,0,0,0,64,64,64,1,230,2.9,mesuré ici,0.46276395173454,0.3632614082835095,0.10464073289050115
95c0cffd0787d5bb,363682,Is-this-a-good-customer,642,base,0,0,0,0,64,64,64,2,230,2.9,mesuré ici,0.6340497737556561,0.34710637717139287,0.17925832779093648
95c0cffd0787d5bb,363682,Is-this-a-good-customer,642,base,0,0,0,0,128,128,128,0,230,3.0,mesuré ici,0.6913650075414782,0.3328911431970208,0.23924857815510467
95c0cffd0787d5bb,363682,Is-this-a-good-customer,642,base,0,0,0,0,128,128,128,1,230,3.0,mesuré ici,0.668552036199095,0.3366612736296756,0.21229675187209013
95c0cffd0787d5bb,363682,Is-this-a-good-customer,642,base,0,0,0,0,128,128,128,2,230,3.0,mesuré ici,0.6858031674208146,0.33269467170149725,0.25596775421312457
95c0cffd0787d5bb,363682,Is-this-a-good-customer,642,base,0,0,0,0,256,256,256,0,230,3.0,mesuré ici,0.7521681749622927,0.3175099952566723,0.26857475701571526
95c0cffd0787d5bb,363682,Is-this-a-good-customer,642,base,0,0,0,0,256,256,256,1,230,3.0,mesuré ici,0.7099358974358975,0.32390415927141625,0.2582054747082062
95c0cffd0787d5bb,363682,Is-this-a-good-customer,642,base,0,0,0,0,256,256,256,2,230,3.0,mesuré ici,0.695607088989442,0.32664053983287095,0.2688093112804866
95c0cffd0787d5bb,363682,Is-this-a-good-customer,642,base,0,0,0,0,512,512,512,0,230,3.0,mesuré ici,0.7643288084464556,0.3040748914273982,0.35494318190110685
95c0cffd0787d5bb,363682,Is-this-a-good-customer,642,base,0,0,0,0,full,642,642,0,230,3.0,mesuré ici,0.7560331825037707,0.3087005113067326,0.3528869649458309
95c0cffd0787d5bb,363684,Marketing_Campaign,835,base,0,0,0,0,32,32,32,0,299,3.1,mesuré ici,0.7925196850393701,0.3787179039836386,0.43999375031971044
95c0cffd0787d5bb,363684,Marketing_Campaign,835,base,0,0,0,0,32,32,32,1,299,3.1,mesuré ici,0.6817147856517936,0.3875565598330891,0.3848279168470895
95c0cffd0787d5bb,363684,Marketing_Campaign,835,base,0,0,0,0,32,32,32,2,299,3.1,mesuré ici,0.6997812773403325,0.3933499062408805,0.32034500525626786
95c0cffd0787d5bb,363684,Marketing_Campaign,835,base,0,0,0,0,64,64,64,0,299,3.0,mesuré ici,0.7704724409448819,0.35913639160075306,0.5005854600080111
95c0cffd0787d5bb,363684,Marketing_Campaign,835,base,0,0,0,0,64,64,64,1,299,3.1,mesuré ici,0.7764654418197726,0.3664185108043711,0.34640659298166604
95c0cffd0787d5bb,363684,Marketing_Campaign,835,base,0,0,0,0,64,64,64,2,299,3.1,mesuré ici,0.7777777777777777,0.3667187649237268,0.44569881314577575
95c0cffd0787d5bb,363684,Marketing_Campaign,835,base,0,0,0,0,128,128,128,0,299,3.1,mesuré ici,0.809886264216973,0.32819476835894634,0.5498216685235099
95c0cffd0787d5bb,363684,Marketing_Campaign,835,base,0,0,0,0,128,128,128,1,299,3.1,mesuré ici,0.807392825896763,0.33744801571891025,0.5470274588950762
95c0cffd0787d5bb,363684,Marketing_Campaign,835,base,0,0,0,0,128,128,128,2,299,3.1,mesuré ici,0.7621172353455817,0.36582542442503047,0.5038840930964974
95c0cffd0787d5bb,363684,Marketing_Campaign,835,base,0,0,0,0,256,256,256,0,299,3.1,mesuré ici,0.8203412073490814,0.32499613658853116,0.5694874963827585
95c0cffd0787d5bb,363684,Marketing_Campaign,835,base,0,0,0,0,256,256,256,1,299,3.2,mesuré ici,0.8017935258092739,0.3551457229100987,0.4346385534520096
95c0cffd0787d5bb,363684,Marketing_Campaign,835,base,0,0,0,0,256,256,256,2,299,3.1,mesuré ici,0.8231846019247594,0.3279312423311985,0.5449602181052636
95c0cffd0787d5bb,363684,Marketing_Campaign,835,base,0,0,0,0,512,512,512,0,299,3.1,mesuré ici,0.8392388451443569,0.32894213870163275,0.508634120938781
95c0cffd0787d5bb,363684,Marketing_Campaign,835,base,0,0,0,0,full,835,835,0,299,3.2,mesuré ici,0.865748031496063,0.302320835684381,0.5787783542346223
95c0cffd0787d5bb,363613,Amazon_employee_access,12233,base,0,0,0,0,32,32,32,0,1024,4.6,mesuré ici,0.5089663651532449,0.23343669649819546,0.9466627505448049
95c0cffd0787d5bb,363613,Amazon_employee_access,12233,base,0,0,0,0,32,32,32,1,1024,4.6,mesuré ici,0.5826732238517609,0.2258758226842041,0.9584615633429159
95c0cffd0787d5bb,363613,Amazon_employee_access,12233,base,0,0,0,0,32,32,32,2,1024,4.6,mesuré ici,0.5045578291033634,0.24363896159978807,0.9459763060661992
95c0cffd0787d5bb,363613,Amazon_employee_access,12233,base,0,0,0,0,64,64,64,0,1024,4.5,mesuré ici,0.5268903135154124,0.22553791351794256,0.9537857428888178
95c0cffd0787d5bb,363613,Amazon_employee_access,12233,base,0,0,0,0,64,64,64,1,1024,4.5,mesuré ici,0.47573548783700714,0.24832266380697676,0.9391408026470116
95c0cffd0787d5bb,363613,Amazon_employee_access,12233,base,0,0,0,0,64,64,64,2,1024,4.5,mesuré ici,0.5363572494950383,0.2234110566404492,0.948166805753516
95c0cffd0787d5bb,363613,Amazon_employee_access,12233,base,0,0,0,0,128,128,128,0,1024,4.5,mesuré ici,0.5342056731360323,0.22041102993997772,0.9451118003101096
95c0cffd0787d5bb,363613,Amazon_employee_access,12233,base,0,0,0,0,128,128,128,1,1024,4.5,mesuré ici,0.6113638359532801,0.2186758690576105,0.958056664621316
95c0cffd0787d5bb,363613,Amazon_employee_access,12233,base,0,0,0,0,128,128,128,2,1024,4.5,mesuré ici,0.5374989022569597,0.22660604515304897,0.9484684457107921
95c0cffd0787d5bb,363613,Amazon_employee_access,12233,base,0,0,0,0,256,256,256,0,1024,4.5,mesuré ici,0.5870115043470624,0.21974848854277668,0.9564615570075303
95c0cffd0787d5bb,363613,Amazon_employee_access,12233,base,0,0,0,0,256,256,256,1,1024,4.5,mesuré ici,0.5837358391147801,0.21838436701625485,0.9579955465326049
95c0cffd0787d5bb,363613,Amazon_employee_access,12233,base,0,0,0,0,256,256,256,2,1024,4.6,mesuré ici,0.6086589971019583,0.21779132418584862,0.9564261605534091
95c0cffd0787d5bb,363613,Amazon_employee_access,12233,base,0,0,0,0,512,512,512,0,1024,4.5,mesuré ici,0.6140072011943444,0.21514106419510803,0.9553741509464201
95c0cffd0787d5bb,363613,Amazon_employee_access,12233,base,0,0,0,0,1024,1024,1024,0,1024,4.6,mesuré ici,0.5430227452357952,0.22733071672133776,0.9507453210678586
95c0cffd0787d5bb,363613,Amazon_employee_access,12233,base,0,0,0,0,2048,2048,2048,0,1024,6.1,mesuré ici,0.7227013260735926,0.19919624873903508,0.9742672418717271
95c0cffd0787d5bb,363613,Amazon_employee_access,12233,base,0,0,0,0,full,12233,12233,0,1024,39.0,mesuré ici,0.8479757618336701,0.16414537533737536,0.9866408891225158
95c0cffd0787d5bb,363618,bank-marketing,16878,base,0,0,0,0,32,32,32,0,1024,4.8,mesuré ici,0.6825221238938053,0.3447954041055338,0.21594969723982688
95c0cffd0787d5bb,363618,bank-marketing,16878,base,0,0,0,0,32,32,32,1,1024,4.8,mesuré ici,0.7375184365781712,0.3199312799193673,0.4009082060772553
95c0cffd0787d5bb,363618,bank-marketing,16878,base,0,0,0,0,32,32,32,2,1024,4.8,mesuré ici,0.5667496312684366,0.37312729505124614,0.17827739455565317
95c0cffd0787d5bb,363618,bank-marketing,16878,base,0,0,0,0,64,64,64,0,1024,4.7,mesuré ici,0.7251981932153393,0.32957439063609045,0.2869319850137271
95c0cffd0787d5bb,363618,bank-marketing,16878,base,0,0,0,0,64,64,64,1,1024,4.8,mesuré ici,0.6742441002949853,0.3407052371611212,0.30623525133611107
95c0cffd0787d5bb,363618,bank-marketing,16878,base,0,0,0,0,64,64,64,2,1024,4.7,mesuré ici,0.709702249262537,0.3213382190067407,0.3919954724828676
95c0cffd0787d5bb,363618,bank-marketing,16878,base,0,0,0,0,128,128,128,0,1024,4.8,mesuré ici,0.7122879793510325,0.33310661008603115,0.36439401639716706
95c0cffd0787d5bb,363618,bank-marketing,16878,base,0,0,0,0,128,128,128,1,1024,4.8,mesuré ici,0.7143989675516225,0.3092886626017859,0.42512067503697276
95c0cffd0787d5bb,363618,bank-marketing,16878,base,0,0,0,0,128,128,128,2,1024,4.9,mesuré ici,0.7140717182890856,0.33395903084317313,0.27120165743291924
95c0cffd0787d5bb,363618,bank-marketing,16878,base,0,0,0,0,256,256,256,0,1024,4.7,mesuré ici,0.7255577064896754,0.3256887140684829,0.340464894986864
95c0cffd0787d5bb,363618,bank-marketing,16878,base,0,0,0,0,256,256,256,1,1024,4.8,mesuré ici,0.7112278761061948,0.3121556648606898,0.41472221541176263
95c0cffd0787d5bb,363618,bank-marketing,16878,base,0,0,0,0,256,256,256,2,1024,4.8,mesuré ici,0.7435149336283187,0.31694079152215004,0.42338283508172275
95c0cffd0787d5bb,363618,bank-marketing,16878,base,0,0,0,0,512,512,512,0,1024,4.8,mesuré ici,0.739915191740413,0.304704608517127,0.4277900485714399
95c0cffd0787d5bb,363618,bank-marketing,16878,base,0,0,0,0,1024,1024,1024,0,1024,5.0,mesuré ici,0.7835545722713864,0.2908101118083998,0.47589608707186176
95c0cffd0787d5bb,363618,bank-marketing,16878,base,0,0,0,0,2048,2048,2048,0,1024,6.3,mesuré ici,0.7783001474926253,0.28800664087960737,0.491827531251374
95c0cffd0787d5bb,363618,bank-marketing,16878,base,0,0,0,0,full,16878,16878,0,1024,66.6,mesuré ici,0.7895326327433627,0.28027476119878103,0.5080465642292135
95c0cffd0787d5bb,363624,coil2000_insurance_policies,3666,base,0,0,0,0,32,32,32,0,1024,4.9,mesuré ici,0.48859438571404257,0.25403300883441243,0.05751992330100868
95c0cffd0787d5bb,363624,coil2000_insurance_policies,3666,base,0,0,0,0,32,32,32,1,1024,4.8,mesuré ici,0.5444308258005209,0.24654072059443,0.06863457399472377
95c0cffd0787d5bb,363624,coil2000_insurance_policies,3666,base,0,0,0,0,32,32,32,2,1024,4.9,mesuré ici,0.543196636194951,0.23373327282304507,0.06805083560561065
95c0cffd0787d5bb,363624,coil2000_insurance_policies,3666,base,0,0,0,0,64,64,64,0,1024,4.9,mesuré ici,0.5649183732529833,0.2371069007224635,0.08337560396096433
95c0cffd0787d5bb,363624,coil2000_insurance_policies,3666,base,0,0,0,0,64,64,64,1,1024,4.8,mesuré ici,0.5099841683264389,0.2480009157911322,0.06150740888828814
95c0cffd0787d5bb,363624,coil2000_insurance_policies,3666,base,0,0,0,0,64,64,64,2,1024,4.8,mesuré ici,0.6349777845870996,0.22229397981559368,0.09622179085718963
95c0cffd0787d5bb,363624,coil2000_insurance_policies,3666,base,0,0,0,0,128,128,128,0,1024,5.5,mesuré ici,0.6243126840644844,0.2212038733416058,0.11428559018940074
95c0cffd0787d5bb,363624,coil2000_insurance_policies,3666,base,0,0,0,0,128,128,128,1,1024,5.2,mesuré ici,0.6300665611221763,0.2344424506256379,0.1225830815170757
95c0cffd0787d5bb,363624,coil2000_insurance_policies,3666,base,0,0,0,0,128,128,128,2,1024,5.3,mesuré ici,0.5190405665355873,0.2291601868304587,0.06621168370768592
95c0cffd0787d5bb,363624,coil2000_insurance_policies,3666,base,0,0,0,0,256,256,256,0,1024,5.2,mesuré ici,0.6617554432017432,0.2180827881419775,0.11392976801448897
95c0cffd0787d5bb,363624,coil2000_insurance_policies,3666,base,0,0,0,0,256,256,256,1,1024,5.3,mesuré ici,0.6487411266023186,0.21951670901168246,0.10601195458929272
95c0cffd0787d5bb,363624,coil2000_insurance_policies,3666,base,0,0,0,0,256,256,256,2,1024,5.2,mesuré ici,0.6916398549614422,0.21624605737645652,0.12544007853851233
95c0cffd0787d5bb,363624,coil2000_insurance_policies,3666,base,0,0,0,0,512,512,512,0,1024,5.3,mesuré ici,0.7470762473826669,0.2052439334254585,0.17535810740933555
95c0cffd0787d5bb,363624,coil2000_insurance_policies,3666,base,0,0,0,0,1024,1024,1024,0,1024,6.6,mesuré ici,0.7227754796316157,0.207626843743413,0.16824694496512124
95c0cffd0787d5bb,363624,coil2000_insurance_policies,3666,base,0,0,0,0,2048,2048,2048,0,1024,11.6,mesuré ici,0.7524811466898182,0.20182718843879252,0.172436319883489
95c0cffd0787d5bb,363624,coil2000_insurance_policies,3666,base,0,0,0,0,full,3666,3666,0,1024,18.5,mesuré ici,0.7701087789183392,0.19864986020332887,0.1906461698363125
95c0cffd0787d5bb,363627,credit_card_clients_default,11200,base,0,0,0,0,32,32,32,0,1024,4.8,mesuré ici,0.6989564390694178,0.4751530057562792,0.4992478288416896
95c0cffd0787d5bb,363627,credit_card_clients_default,11200,base,0,0,0,0,32,32,32,1,1024,4.9,mesuré ici,0.6819184275836148,0.5098378515117784,0.40553472443435656
95c0cffd0787d5bb,363627,credit_card_clients_default,11200,base,0,0,0,0,32,32,32,2,1024,4.7,mesuré ici,0.7142450488892819,0.6149321406218398,0.4856839411159859
95c0cffd0787d5bb,363627,credit_card_clients_default,11200,base,0,0,0,0,64,64,64,0,1024,4.7,mesuré ici,0.7531409083623057,0.43686920155245035,0.5703892036220597
95c0cffd0787d5bb,363627,credit_card_clients_default,11200,base,0,0,0,0,64,64,64,1,1024,4.7,mesuré ici,0.7346547349919025,0.4993117325820838,0.4592569484724935
95c0cffd0787d5bb,363627,credit_card_clients_default,11200,base,0,0,0,0,64,64,64,2,1024,4.8,mesuré ici,0.731459935109082,0.48657218789301604,0.4497808567468423
95c0cffd0787d5bb,363627,credit_card_clients_default,11200,base,0,0,0,0,128,128,128,0,1024,4.7,mesuré ici,0.740657421276925,0.4650130783653146,0.49005349178737284
95c0cffd0787d5bb,363627,credit_card_clients_default,11200,base,0,0,0,0,128,128,128,1,1024,4.7,mesuré ici,0.7427191173950773,0.43587240926926224,0.5539942340664518
95c0cffd0787d5bb,363627,credit_card_clients_default,11200,base,0,0,0,0,128,128,128,2,1024,4.7,mesuré ici,0.7038812949441463,0.4790234359150837,0.4779068490329849
95c0cffd0787d5bb,363627,credit_card_clients_default,11200,base,0,0,0,0,256,256,256,0,1024,4.7,mesuré ici,0.7442861169915819,0.4531657551472194,0.47305643791768187
95c0cffd0787d5bb,363627,credit_card_clients_default,11200,base,0,0,0,0,256,256,256,1,1024,4.7,mesuré ici,0.7472349504474378,0.43590947213842457,0.546795164646656
95c0cffd0787d5bb,363627,credit_card_clients_default,11200,base,0,0,0,0,256,256,256,2,1024,4.9,mesuré ici,0.7787435261083688,0.4244557241840067,0.5847227433224607
95c0cffd0787d5bb,363627,credit_card_clients_default,11200,base,0,0,0,0,512,512,512,0,1024,4.9,mesuré ici,0.7731664446520266,0.42687671990508536,0.5624651160555207
95c0cffd0787d5bb,363627,credit_card_clients_default,11200,base,0,0,0,0,1024,1024,1024,0,1024,4.9,mesuré ici,0.7872722046882858,0.4248392754002089,0.5678654970927719
95c0cffd0787d5bb,363627,credit_card_clients_default,11200,base,0,0,0,0,2048,2048,2048,0,1024,6.7,mesuré ici,0.7950850933290587,0.41344655197129276,0.5720487927339798
95c0cffd0787d5bb,363627,credit_card_clients_default,11200,base,0,0,0,0,full,11200,11200,0,1024,40.1,mesuré ici,0.7977769056870755,0.41022358650737667,0.5881475384388615
95c0cffd0787d5bb,363629,diabetes,286,base,0,0,0,0,32,32,32,0,103,2.5,mesuré ici,0.7396351575456053,0.5691164986632956,0.6098998296901901
95c0cffd0787d5bb,363629,diabetes,286,base,0,0,0,0,32,32,32,1,103,2.5,mesuré ici,0.8391376451077943,0.48488166387936754,0.7131783165007112
95c0cffd0787d5bb,363629,diabetes,286,base,0,0,0,0,32,32,32,2,103,2.5,mesuré ici,0.8128109452736318,0.5324689556740604,0.6650354170036884
95c0cffd0787d5bb,363629,diabetes,286,base,0,0,0,0,64,64,64,0,103,2.4,mesuré ici,0.8076285240464345,0.5100711671882783,0.6681066748228229
95c0cffd0787d5bb,363629,diabetes,286,base,0,0,0,0,64,64,64,1,103,2.5,mesuré ici,0.8235903814262023,0.4856959393561729,0.6873703240397087
95c0cffd0787d5bb,363629,diabetes,286,base,0,0,0,0,64,64,64,2,103,2.5,mesuré ici,0.7947761194029851,0.5146607029475966,0.7209359534561237
95c0cffd0787d5bb,363629,diabetes,286,base,0,0,0,0,128,128,128,0,103,2.5,mesuré ici,0.8820480928689884,0.4385020896128992,0.7899797138664612
95c0cffd0787d5bb,363629,diabetes,286,base,0,0,0,0,128,128,128,1,103,2.5,mesuré ici,0.8503316749585406,0.46210945667568587,0.7337847612302247
95c0cffd0787d5bb,363629,diabetes,286,base,0,0,0,0,128,128,128,2,103,2.5,mesuré ici,0.8650497512437811,0.466677170195445,0.7684279949560603
95c0cffd0787d5bb,363629,diabetes,286,base,0,0,0,0,256,256,256,0,103,2.5,mesuré ici,0.884742951907131,0.4329087522682582,0.7957053206370002
95c0cffd0787d5bb,363629,diabetes,286,base,0,0,0,0,256,256,256,1,103,2.5,mesuré ici,0.8890961857379769,0.41541098259597636,0.7861066761151465
95c0cffd0787d5bb,363629,diabetes,286,base,0,0,0,0,256,256,256,2,103,2.5,mesuré ici,0.8884742951907131,0.4200585369255373,0.7876826029046736
95c0cffd0787d5bb,363629,diabetes,286,base,0,0,0,0,full,286,286,0,103,2.5,mesuré ici,0.8830845771144278,0.4229658327077078,0.7874608719394
95c0cffd0787d5bb,363632,E-CommereShippingData,4105,base,0,0,0,0,32,32,32,0,1024,4.6,mesuré ici,0.6507571044174001,0.6517798848016532,0.7497406907548307
95c0cffd0787d5bb,363632,E-CommereShippingData,4105,base,0,0,0,0,32,32,32,1,1024,4.5,mesuré ici,0.7123875043096103,0.6275684680554882,0.8239258638022304
95c0cffd0787d5bb,363632,E-CommereShippingData,4105,base,0,0,0,0,32,32,32,2,1024,4.5,mesuré ici,0.6666818576302889,0.6495657103762293,0.780026908180026
95c0cffd0787d5bb,363632,E-CommereShippingData,4105,base,0,0,0,0,64,64,64,0,1024,4.5,mesuré ici,0.725637326971622,0.5471232741889303,0.8423366521523983
95c0cffd0787d5bb,363632,E-CommereShippingData,4105,base,0,0,0,0,64,64,64,1,1024,4.5,mesuré ici,0.7337255243854595,0.5482440188872775,0.8470817641980428
95c0cffd0787d5bb,363632,E-CommereShippingData,4105,base,0,0,0,0,64,64,64,2,1024,4.5,mesuré ici,0.7417463531780157,0.5583568174228117,0.8503789317054646
95c0cffd0787d5bb,363632,E-CommereShippingData,4105,base,0,0,0,0,128,128,128,0,1024,4.6,mesuré ici,0.7393765628529422,0.5075532499438646,0.8534880397911069
95c0cffd0787d5bb,363632,E-CommereShippingData,4105,base,0,0,0,0,128,128,128,1,1024,4.6,mesuré ici,0.7415224515837571,0.501635467558247,0.8547285176504137
95c0cffd0787d5bb,363632,E-CommereShippingData,4105,base,0,0,0,0,128,128,128,2,1024,4.6,mesuré ici,0.746761352603401,0.5100958165555505,0.8549409604037745
95c0cffd0787d5bb,363632,E-CommereShippingData,4105,base,0,0,0,0,256,256,256,0,1024,4.6,mesuré ici,0.7322553032974959,0.4953164302803058,0.8503938360447505
95c0cffd0787d5bb,363632,E-CommereShippingData,4105,base,0,0,0,0,256,256,256,1,1024,4.6,mesuré ici,0.71750157523688,0.5068540190169334,0.8399210115068734
95c0cffd0787d5bb,363632,E-CommereShippingData,4105,base,0,0,0,0,256,256,256,2,1024,4.6,mesuré ici,0.7426538481352762,0.49822173564389705,0.8540991021574309
95c0cffd0787d5bb,363632,E-CommereShippingData,4105,base,0,0,0,0,512,512,512,0,1024,4.6,mesuré ici,0.7320056431127473,0.4929127098152857,0.8491619662902481
95c0cffd0787d5bb,363632,E-CommereShippingData,4105,base,0,0,0,0,1024,1024,1024,0,1024,4.7,mesuré ici,0.7275692212583665,0.495951802225681,0.8491242407479747
95c0cffd0787d5bb,363632,E-CommereShippingData,4105,base,0,0,0,0,2048,2048,2048,0,1024,5.9,mesuré ici,0.7350966739715388,0.48999336395868054,0.8519078266867945
95c0cffd0787d5bb,363632,E-CommereShippingData,4105,base,0,0,0,0,full,4105,4105,0,1024,10.5,mesuré ici,0.7338622430580598,0.48988076396182834,0.8526856394093891
95c0cffd0787d5bb,363671,Fitness_Club,560,base,0,0,0,0,32,32,32,0,200,2.9,mesuré ici,0.8276190476190476,0.46021860729282255,0.6729334145900673
95c0cffd0787d5bb,363671,Fitness_Club,560,base,0,0,0,0,32,32,32,1,200,2.8,mesuré ici,0.8622619047619048,0.47186596354340876,0.7541371205097875
95c0cffd0787d5bb,363671,Fitness_Club,560,base,0,0,0,0,32,32,32,2,200,2.8,mesuré ici,0.8749404761904761,0.46112008017998435,0.7643281699553675
95c0cffd0787d5bb,363671,Fitness_Club,560,base,0,0,0,0,64,64,64,0,200,2.8,mesuré ici,0.8858928571428573,0.42664542912576114,0.777445041365557
95c0cffd0787d5bb,363671,Fitness_Club,560,base,0,0,0,0,64,64,64,1,200,2.8,mesuré ici,0.8253571428571428,0.45384697685596215,0.7162110789636364
95c0cffd0787d5bb,363671,Fitness_Club,560,base,0,0,0,0,64,64,64,2,200,2.8,mesuré ici,0.832202380952381,0.4848546246553178,0.7035025239250154
95c0cffd0787d5bb,363671,Fitness_Club,560,base,0,0,0,0,128,128,128,0,200,2.8,mesuré ici,0.7757142857142856,0.5077927084122965,0.6293246831723902
95c0cffd0787d5bb,363671,Fitness_Club,560,base,0,0,0,0,128,128,128,1,200,2.9,mesuré ici,0.8739285714285714,0.45402587279799106,0.7528878240988253
95c0cffd0787d5bb,363671,Fitness_Club,560,base,0,0,0,0,128,128,128,2,200,2.8,mesuré ici,0.8821428571428571,0.40561913741413463,0.7754632090660766
95c0cffd0787d5bb,363671,Fitness_Club,560,base,0,0,0,0,256,256,256,0,200,2.9,mesuré ici,0.8755357142857142,0.4241365261350342,0.7618449417586434
95c0cffd0787d5bb,363671,Fitness_Club,560,base,0,0,0,0,256,256,256,1,200,2.8,mesuré ici,0.8836904761904761,0.4079859031796063,0.7771882872788937
95c0cffd0787d5bb,363671,Fitness_Club,560,base,0,0,0,0,256,256,256,2,200,2.9,mesuré ici,0.8640476190476192,0.43252361255422855,0.7508502110201484
95c0cffd0787d5bb,363671,Fitness_Club,560,base,0,0,0,0,512,512,512,0,200,2.8,mesuré ici,0.8807738095238096,0.4126520183397054,0.7752659824239649
95c0cffd0787d5bb,363671,Fitness_Club,560,base,0,0,0,0,full,560,560,0,200,2.8,mesuré ici,0.8776190476190476,0.41253992705528875,0.7723688629010844
95c0cffd0787d5bb,363674,hazelnut-spread-contaminant-detection,896,base,0,0,0,0,32,32,32,0,320,3.0,mesuré ici,0.83955078125,0.5090612824742536,0.8435055641795405
95c0cffd0787d5bb,363674,hazelnut-spread-contaminant-detection,896,base,0,0,0,0,32,32,32,1,320,3.0,mesuré ici,0.85654296875,0.48374885154671,0.844772391038165
95c0cffd0787d5bb,363674,hazelnut-spread-contaminant-detection,896,base,0,0,0,0,32,32,32,2,320,3.0,mesuré ici,0.88763671875,0.4610093670217129,0.8759418486346597
95c0cffd0787d5bb,363674,hazelnut-spread-contaminant-detection,896,base,0,0,0,0,64,64,64,0,320,3.0,mesuré ici,0.85919921875,0.5083929066468318,0.8698717251747297
95c0cffd0787d5bb,363674,hazelnut-spread-contaminant-detection,896,base,0,0,0,0,64,64,64,1,320,3.0,mesuré ici,0.8928125,0.42776425355884184,0.8874580248222375
95c0cffd0787d5bb,363674,hazelnut-spread-contaminant-detection,896,base,0,0,0,0,64,64,64,2,320,3.0,mesuré ici,0.8865625,0.4448131042509903,0.8866114145632533
95c0cffd0787d5bb,363674,hazelnut-spread-contaminant-detection,896,base,0,0,0,0,128,128,128,0,320,3.0,mesuré ici,0.95431640625,0.2883864747720007,0.9568926918227046
95c0cffd0787d5bb,363674,hazelnut-spread-contaminant-detection,896,base,0,0,0,0,128,128,128,1,320,3.0,mesuré ici,0.92876953125,0.3493671330014089,0.9243807194767206
95c0cffd0787d5bb,363674,hazelnut-spread-contaminant-detection,896,base,0,0,0,0,128,128,128,2,320,3.0,mesuré ici,0.9390234375,0.317116381464681,0.9408955328861509
95c0cffd0787d5bb,363674,hazelnut-spread-contaminant-detection,896,base,0,0,0,0,256,256,256,0,320,3.0,mesuré ici,0.954609375,0.28485066131103426,0.956858056648948
95c0cffd0787d5bb,363674,hazelnut-spread-contaminant-detection,896,base,0,0,0,0,256,256,256,1,320,3.0,mesuré ici,0.9618749999999999,0.25407751436911175,0.9670490440790679
95c0cffd0787d5bb,363674,hazelnut-spread-contaminant-detection,896,base,0,0,0,0,256,256,256,2,320,3.0,mesuré ici,0.9505859375,0.29047628743073545,0.9491629946552775
95c0cffd0787d5bb,363674,hazelnut-spread-contaminant-detection,896,base,0,0,0,0,512,512,512,0,320,3.0,mesuré ici,0.9774609375000001,0.1983949391632961,0.976878997933025
95c0cffd0787d5bb,363674,hazelnut-spread-contaminant-detection,896,base,0,0,0,0,full,896,896,0,320,3.1,mesuré ici,0.9894140625000001,0.12841392127556223,0.9887137474590558
95c0cffd0787d5bb,363676,heloc,3903,base,0,0,0,0,32,32,32,0,1024,4.7,mesuré ici,0.7356015439883818,0.605774068121394,0.7158632811950352
95c0cffd0787d5bb,363676,heloc,3903,base,0,0,0,0,32,32,32,1,1024,4.7,mesuré ici,0.7258579836428954,0.6266324008962485,0.7139185527756877
95c0cffd0787d5bb,363676,heloc,3903,base,0,0,0,0,32,32,32,2,1024,4.8,mesuré ici,0.6757911029580371,0.6796055944326025,0.6757411262274167
95c0cffd0787d5bb,363676,heloc,3903,base,0,0,0,0,64,64,64,0,1024,4.6,mesuré ici,0.7236279905220514,0.6459076407465936,0.7011686948768474
95c0cffd0787d5bb,363676,heloc,3903,base,0,0,0,0,64,64,64,1,1024,4.7,mesuré ici,0.7072766185125736,0.6418623461279658,0.6929172454208201
95c0cffd0787d5bb,363676,heloc,3903,base,0,0,0,0,64,64,64,2,1024,4.6,mesuré ici,0.7444947641978139,0.6356323523300886,0.729543986889233
95c0cffd0787d5bb,363676,heloc,3903,base,0,0,0,0,128,128,128,0,1024,4.7,mesuré ici,0.7345677596881449,0.6072515723679677,0.7165739319058755
95c0cffd0787d5bb,363676,heloc,3903,base,0,0,0,0,128,128,128,1,1024,4.6,mesuré ici,0.7546319651456088,0.5917081752904904,0.7290544322393326
95c0cffd0787d5bb,363676,heloc,3903,base,0,0,0,0,128,128,128,2,1024,4.7,mesuré ici,0.736522586562715,0.6059755366893057,0.7063720071022892
95c0cffd0787d5bb,363676,heloc,3903,base,0,0,0,0,256,256,256,0,1024,4.7,mesuré ici,0.7614308644806238,0.585329421095482,0.7241865625789228
95c0cffd0787d5bb,363676,heloc,3903,base,0,0,0,0,256,256,256,1,1024,4.7,mesuré ici,0.7677520446380799,0.5750684721725635,0.757254346331827
95c0cffd0787d5bb,363676,heloc,3903,base,0,0,0,0,256,256,256,2,1024,4.7,mesuré ici,0.7593690285102805,0.5874900008025528,0.7360757418117259
95c0cffd0787d5bb,363676,heloc,3903,base,0,0,0,0,512,512,512,0,1024,4.8,mesuré ici,0.7836084995796071,0.5622072634308009,0.764711044745967
95c0cffd0787d5bb,363676,heloc,3903,base,0,0,0,0,1024,1024,1024,0,1024,4.8,mesuré ici,0.777508981120538,0.5755247761394815,0.7521633558436933
95c0cffd0787d5bb,363676,heloc,3903,base,0,0,0,0,2048,2048,2048,0,1024,6.9,mesuré ici,0.7979630054268898,0.5485312063625432,0.7748353749216204
95c0cffd0787d5bb,363676,heloc,3903,base,0,0,0,0,full,3903,3903,0,1024,11.4,mesuré ici,0.7992547580830085,0.546764851034699,0.7748133617543808
95c0cffd0787d5bb,363679,HR_Analytics_Job_Change_of_Data_Scientists,7151,base,0,0,0,0,32,32,32,0,1024,4.6,mesuré ici,0.7123639052500063,0.5240384887210896,0.4415937588465046
95c0cffd0787d5bb,363679,HR_Analytics_Job_Change_of_Data_Scientists,7151,base,0,0,0,0,32,32,32,1,1024,4.7,mesuré ici,0.7087942068895179,0.5277968156675077,0.43908674963186345
95c0cffd0787d5bb,363679,HR_Analytics_Job_Change_of_Data_Scientists,7151,base,0,0,0,0,32,32,32,2,1024,4.6,mesuré ici,0.7019352864682934,0.5180895482022378,0.4746143816440114
95c0cffd0787d5bb,363679,HR_Analytics_Job_Change_of_Data_Scientists,7151,base,0,0,0,0,64,64,64,0,1024,4.7,mesuré ici,0.6992248654988653,0.5351298909372245,0.4118908113965925
95c0cffd0787d5bb,363679,HR_Analytics_Job_Change_of_Data_Scientists,7151,base,0,0,0,0,64,64,64,1,1024,4.6,mesuré ici,0.7244524337693464,0.5149149489894693,0.45712490543879725
95c0cffd0787d5bb,363679,HR_Analytics_Job_Change_of_Data_Scientists,7151,base,0,0,0,0,64,64,64,2,1024,4.6,mesuré ici,0.7662051556643463,0.4825781239156376,0.4958199443210505
95c0cffd0787d5bb,363679,HR_Analytics_Job_Change_of_Data_Scientists,7151,base,0,0,0,0,128,128,128,0,1024,4.7,mesuré ici,0.7634921849103751,0.47722884973984414,0.4825907109595158
95c0cffd0787d5bb,363679,HR_Analytics_Job_Change_of_Data_Scientists,7151,base,0,0,0,0,128,128,128,1,1024,4.7,mesuré ici,0.7442464111782554,0.4941396974674329,0.4397208413641579
95c0cffd0787d5bb,363679,HR_Analytics_Job_Change_of_Data_Scientists,7151,base,0,0,0,0,128,128,128,2,1024,4.6,mesuré ici,0.7456181952625003,0.4917309552011574,0.45535041687338457
95c0cffd0787d5bb,363679,HR_Analytics_Job_Change_of_Data_Scientists,7151,base,0,0,0,0,256,256,256,0,1024,4.7,mesuré ici,0.7669318442591602,0.46892163507040924,0.5116082007034086
95c0cffd0787d5bb,363679,HR_Analytics_Job_Change_of_Data_Scientists,7151,base,0,0,0,0,256,256,256,1,1024,4.6,mesuré ici,0.7698564471302176,0.47723959683202843,0.4940582327720952
95c0cffd0787d5bb,363679,HR_Analytics_Job_Change_of_Data_Scientists,7151,base,0,0,0,0,256,256,256,2,1024,4.7,mesuré ici,0.7796552691297585,0.4653236806819236,0.5114917114551172
95c0cffd0787d5bb,363679,HR_Analytics_Job_Change_of_Data_Scientists,7151,base,0,0,0,0,512,512,512,0,1024,4.7,mesuré ici,0.77274535301767,0.46933834574143407,0.5006216959922731
95c0cffd0787d5bb,363679,HR_Analytics_Job_Change_of_Data_Scientists,7151,base,0,0,0,0,1024,1024,1024,0,1024,4.8,mesuré ici,0.7804151049236339,0.45636454273396926,0.5086011309699594
95c0cffd0787d5bb,363679,HR_Analytics_Job_Change_of_Data_Scientists,7151,base,0,0,0,0,2048,2048,2048,0,1024,6.1,mesuré ici,0.7930798847497387,0.44558415158100606,0.5286524885050966
95c0cffd0787d5bb,363679,HR_Analytics_Job_Change_of_Data_Scientists,7151,base,0,0,0,0,full,7151,7151,0,1024,20.5,mesuré ici,0.7985568219485454,0.4412693892197579,0.5324542236140368
95c0cffd0787d5bb,363681,in_vehicle_coupon_recommendation,4734,base,0,0,0,0,32,32,32,0,1024,4.8,mesuré ici,0.5803128547215872,0.6869775601110866,0.6475597037020348
95c0cffd0787d5bb,363681,in_vehicle_coupon_recommendation,4734,base,0,0,0,0,32,32,32,1,1024,4.8,mesuré ici,0.6079325465316975,0.6710599696311075,0.6537254798631622
95c0cffd0787d5bb,363681,in_vehicle_coupon_recommendation,4734,base,0,0,0,0,32,32,32,2,1024,4.7,mesuré ici,0.5420243037738489,0.6825931455485447,0.6108348658872301
95c0cffd0787d5bb,363681,in_vehicle_coupon_recommendation,4734,base,0,0,0,0,64,64,64,0,1024,4.7,mesuré ici,0.6085856229882913,0.6662007010218187,0.670265907333385
95c0cffd0787d5bb,363681,in_vehicle_coupon_recommendation,4734,base,0,0,0,0,64,64,64,1,1024,4.8,mesuré ici,0.6112698449720888,0.6662022903936977,0.6637668831259022
95c0cffd0787d5bb,363681,in_vehicle_coupon_recommendation,4734,base,0,0,0,0,64,64,64,2,1024,4.7,mesuré ici,0.6146149181322014,0.6721770936034958,0.6833532139582099
95c0cffd0787d5bb,363681,in_vehicle_coupon_recommendation,4734,base,0,0,0,0,128,128,128,0,1024,4.8,mesuré ici,0.614980329959105,0.6641054531506776,0.6492734966486453
95c0cffd0787d5bb,363681,in_vehicle_coupon_recommendation,4734,base,0,0,0,0,128,128,128,1,1024,4.9,mesuré ici,0.6345356937382407,0.6748762974509601,0.6665824234949678
95c0cffd0787d5bb,363681,in_vehicle_coupon_recommendation,4734,base,0,0,0,0,128,128,128,2,1024,4.8,mesuré ici,0.6103077234065712,0.6672488584840235,0.65993700550081
95c0cffd0787d5bb,363681,in_vehicle_coupon_recommendation,4734,base,0,0,0,0,256,256,256,0,1024,4.8,mesuré ici,0.6627112780084277,0.6624814291065463,0.7139185832936961
95c0cffd0787d5bb,363681,in_vehicle_coupon_recommendation,4734,base,0,0,0,0,256,256,256,1,1024,4.8,mesuré ici,0.643150083189501,0.6526455748381916,0.6714275663619442
95c0cffd0787d5bb,363681,in_vehicle_coupon_recommendation,4734,base,0,0,0,0,256,256,256,2,1024,4.8,mesuré ici,0.6773957798821353,0.6322591160134212,0.7334906877426597
95c0cffd0787d5bb,363681,in_vehicle_coupon_recommendation,4734,base,0,0,0,0,512,512,512,0,1024,4.8,mesuré ici,0.7130137146055884,0.6153358641771406,0.7633470272081185
95c0cffd0787d5bb,363681,in_vehicle_coupon_recommendation,4734,base,0,0,0,0,1024,1024,1024,0,1024,5.0,mesuré ici,0.7422680412371134,0.5923492914439834,0.7739958652023602
95c0cffd0787d5bb,363681,in_vehicle_coupon_recommendation,4734,base,0,0,0,0,2048,2048,2048,0,1024,7.1,mesuré ici,0.7857753727978107,0.5509002401236266,0.8102910289835028
95c0cffd0787d5bb,363681,in_vehicle_coupon_recommendation,4734,base,0,0,0,0,full,4734,4734,0,1024,14.5,mesuré ici,0.8270222045995242,0.4987635517861367,0.8501449881063394
95c0cffd0787d5bb,363689,NATICUSdroid,2796,base,0,0,0,0,32,32,32,0,999,4.8,mesuré ici,0.9496676205150781,0.338669709638627,0.921224106135785
95c0cffd0787d5bb,363689,NATICUSdroid,2796,base,0,0,0,0,32,32,32,1,999,4.8,mesuré ici,0.9571912832929782,0.3081227666602905,0.9238059301230125
95c0cffd0787d5bb,363689,NATICUSdroid,2796,base,0,0,0,0,32,32,32,2,999,4.8,mesuré ici,0.9391767554479419,0.2912181110539216,0.8991511318333945
95c0cffd0787d5bb,363689,NATICUSdroid,2796,base,0,0,0,0,64,64,64,0,999,4.6,mesuré ici,0.9628021131410963,0.2455154404284278,0.9351679781578593
95c0cffd0787d5bb,363689,NATICUSdroid,2796,base,0,0,0,0,64,64,64,1,999,4.7,mesuré ici,0.9581620074840412,0.24632945197134418,0.9281290509224255
95c0cffd0787d5bb,363689,NATICUSdroid,2796,base,0,0,0,0,64,64,64,2,999,4.7,mesuré ici,0.952227602905569,0.30068361453993475,0.9249932018215287
95c0cffd0787d5bb,363689,NATICUSdroid,2796,base,0,0,0,0,128,128,128,0,999,6.2,mesuré ici,0.9670526084085407,0.2126945968314127,0.9517157143398846
95c0cffd0787d5bb,363689,NATICUSdroid,2796,base,0,0,0,0,128,128,128,1,999,6.2,mesuré ici,0.9648822364076602,0.24528612514773404,0.9210331610166823
95c0cffd0787d5bb,363689,NATICUSdroid,2796,base,0,0,0,0,128,128,128,2,999,6.1,mesuré ici,0.9698657274928462,0.21360563562134452,0.9534274127235696
95c0cffd0787d5bb,363689,NATICUSdroid,2796,base,0,0,0,0,256,256,256,0,999,6.2,mesuré ici,0.9754369359454106,0.18588979395346472,0.9631199157841939
95c0cffd0787d5bb,363689,NATICUSdroid,2796,base,0,0,0,0,256,256,256,1,999,6.1,mesuré ici,0.9776865507373981,0.17748029300474386,0.9656913604662037
95c0cffd0787d5bb,363689,NATICUSdroid,2796,base,0,0,0,0,256,256,256,2,999,6.2,mesuré ici,0.9763328197226502,0.18097159543281138,0.9610093737530984
95c0cffd0787d5bb,363689,NATICUSdroid,2796,base,0,0,0,0,512,512,512,0,999,6.4,mesuré ici,0.9770526084085407,0.1772634502507774,0.9642948116150724
95c0cffd0787d5bb,363689,NATICUSdroid,2796,base,0,0,0,0,1024,1024,1024,0,999,7.7,mesuré ici,0.9814439797490646,0.16028678912340139,0.9713122815989882
95c0cffd0787d5bb,363689,NATICUSdroid,2796,base,0,0,0,0,2048,2048,2048,0,999,12.9,mesuré ici,0.9832643627558881,0.15060495391315817,0.9737931410681834
95c0cffd0787d5bb,363689,NATICUSdroid,2796,base,0,0,0,0,full,2796,2796,0,999,15.6,mesuré ici,0.98429231785164,0.14616025952840742,0.9753934873288448
95c0cffd0787d5bb,363691,online_shoppers_intention,4603,base,0,0,0,0,32,32,32,0,1024,4.5,mesuré ici,0.9153974332738914,0.2544946821771157,0.7280063333762322
95c0cffd0787d5bb,363691,online_shoppers_intention,4603,base,0,0,0,0,32,32,32,1,1024,4.6,mesuré ici,0.8785336334668343,0.297789301540071,0.5266939489937877
95c0cffd0787d5bb,363691,online_shoppers_intention,4603,base,0,0,0,0,32,32,32,2,1024,4.6,mesuré ici,0.8913161048908118,0.3174183454790292,0.6479526178728663
95c0cffd0787d5bb,363691,online_shoppers_intention,4603,base,0,0,0,0,64,64,64,0,1024,4.6,mesuré ici,0.9032581050662145,0.2639371042718506,0.6755770777080004
95c0cffd0787d5bb,363691,online_shoppers_intention,4603,base,0,0,0,0,64,64,64,1,1024,4.6,mesuré ici,0.9165338965708774,0.25245727585931654,0.7387956921544343
95c0cffd0787d5bb,363691,online_shoppers_intention,4603,base,0,0,0,0,64,64,64,2,1024,4.5,mesuré ici,0.8939252199842138,0.2952593248089767,0.6732333025872049
95c0cffd0787d5bb,363691,online_shoppers_intention,4603,base,0,0,0,0,128,128,128,0,1024,4.6,mesuré ici,0.9076906773467418,0.26267157204915575,0.7257027160264233
95c0cffd0787d5bb,363691,online_shoppers_intention,4603,base,0,0,0,0,128,128,128,1,1024,4.6,mesuré ici,0.9011971233957963,0.2515340096442331,0.7331263702942639
95c0cffd0787d5bb,363691,online_shoppers_intention,4603,base,0,0,0,0,128,128,128,2,1024,4.6,mesuré ici,0.9128614026368871,0.26201805369797765,0.730315485705823
95c0cffd0787d5bb,363691,online_shoppers_intention,4603,base,0,0,0,0,256,256,256,0,1024,4.6,mesuré ici,0.9074421901949893,0.2524720823077316,0.7368369876756004
95c0cffd0787d5bb,363691,online_shoppers_intention,4603,base,0,0,0,0,256,256,256,1,1024,4.6,mesuré ici,0.9024834098283978,0.245109622889565,0.6943316758776849
95c0cffd0787d5bb,363691,online_shoppers_intention,4603,base,0,0,0,0,256,256,256,2,1024,4.6,mesuré ici,0.9168298886192885,0.24224071614400233,0.7201785348288935
95c0cffd0787d5bb,363691,online_shoppers_intention,4603,base,0,0,0,0,512,512,512,0,1024,4.7,mesuré ici,0.9244306720846611,0.23698003413010935,0.72447073828885
95c0cffd0787d5bb,363691,online_shoppers_intention,4603,base,0,0,0,0,1024,1024,1024,0,1024,4.8,mesuré ici,0.9330509837167831,0.2260465714353696,0.7405945022757702
95c0cffd0787d5bb,363691,online_shoppers_intention,4603,base,0,0,0,0,2048,2048,2048,0,1024,6.7,mesuré ici,0.9378928289531383,0.21676553311570218,0.7684995853615239
95c0cffd0787d5bb,363691,online_shoppers_intention,4603,base,0,0,0,0,full,4603,4603,0,1024,13.0,mesuré ici,0.938002455637735,0.21571445724558416,0.7621265166595355
95c0cffd0787d5bb,363694,polish_companies_bankruptcy,2206,base,0,0,0,0,32,32,32,0,788,4.7,mesuré ici,0.8137045764603745,0.2075692501497912,0.2945410300451284
95c0cffd0787d5bb,363694,polish_companies_bankruptcy,2206,base,0,0,0,0,32,32,32,1,788,4.5,mesuré ici,0.734354458638224,0.2435956601143269,0.17401451340414964
95c0cffd0787d5bb,363694,polish_companies_bankruptcy,2206,base,0,0,0,0,32,32,32,2,788,4.4,mesuré ici,0.8554260200917772,0.1941115015564005,0.4396640639732142
95c0cffd0787d5bb,363694,polish_companies_bankruptcy,2206,base,0,0,0,0,64,64,64,0,788,4.2,mesuré ici,0.8339079746992435,0.20067571435493312,0.3597173388641106
95c0cffd0787d5bb,363694,polish_companies_bankruptcy,2206,base,0,0,0,0,64,64,64,1,788,4.2,mesuré ici,0.8544710405556245,0.18491115053561102,0.42523192376029695
95c0cffd0787d5bb,363694,polish_companies_bankruptcy,2206,base,0,0,0,0,64,64,64,2,788,4.2,mesuré ici,0.864219273223366,0.17561307980116347,0.5235433614343776
95c0cffd0787d5bb,363694,polish_companies_bankruptcy,2206,base,0,0,0,0,128,128,128,0,788,4.2,mesuré ici,0.8662780602753318,0.17752513932005004,0.5127601583242345
95c0cffd0787d5bb,363694,polish_companies_bankruptcy,2206,base,0,0,0,0,128,128,128,1,788,4.3,mesuré ici,0.8289966513704576,0.20354074184928736,0.2907672992292853
95c0cffd0787d5bb,363694,polish_companies_bankruptcy,2206,base,0,0,0,0,128,128,128,2,788,4.2,mesuré ici,0.8603497457522014,0.18274708358469452,0.536003926393427
95c0cffd0787d5bb,363694,polish_companies_bankruptcy,2206,base,0,0,0,0,256,256,256,0,788,4.3,mesuré ici,0.8832568522882303,0.17083399970813398,0.5874120916505774
95c0cffd0787d5bb,363694,polish_companies_bankruptcy,2206,base,0,0,0,0,256,256,256,1,788,4.2,mesuré ici,0.9136425648021829,0.15809779824400216,0.5567677853485997
95c0cffd0787d5bb,363694,polish_companies_bankruptcy,2206,base,0,0,0,0,256,256,256,2,788,4.2,mesuré ici,0.8922485427260325,0.17061127990463215,0.5300830466134168
95c0cffd0787d5bb,363694,polish_companies_bankruptcy,2206,base,0,0,0,0,512,512,512,0,788,4.4,mesuré ici,0.9326305345404935,0.12491459944098895,0.723362140646594
95c0cffd0787d5bb,363694,polish_companies_bankruptcy,2206,base,0,0,0,0,1024,1024,1024,0,788,5.0,mesuré ici,0.9776758030509736,0.07322110865329301,0.8958186566482329
95c0cffd0787d5bb,363694,polish_companies_bankruptcy,2206,base,0,0,0,0,2048,2048,2048,0,788,8.4,mesuré ici,0.9766836165199058,0.06239182494881643,0.9166677878907606
95c0cffd0787d5bb,363694,polish_companies_bankruptcy,2206,base,0,0,0,0,full,2206,2206,0,788,8.8,mesuré ici,0.9801314647153664,0.058086223057164536,0.9205465927735441
95c0cffd0787d5bb,363696,qsar-biodeg,392,base,0,0,0,0,32,32,32,0,141,2.6,mesuré ici,0.8646446355817112,0.49586003119848965,0.7919477608987149
95c0cffd0787d5bb,363696,qsar-biodeg,392,base,0,0,0,0,32,32,32,1,141,2.7,mesuré ici,0.887845178813943,0.4079002621267654,0.8027469676270712
95c0cffd0787d5bb,363696,qsar-biodeg,392,base,0,0,0,0,32,32,32,2,141,2.7,mesuré ici,0.8585332729741965,0.49568446594285126,0.7765577786683209
95c0cffd0787d5bb,363696,qsar-biodeg,392,base,0,0,0,0,64,64,64,0,141,2.7,mesuré ici,0.8981439565414213,0.36612122825724175,0.8619693105881578
95c0cffd0787d5bb,363696,qsar-biodeg,392,base,0,0,0,0,64,64,64,1,141,2.7,mesuré ici,0.9015391579900407,0.3777617522144383,0.8344871634034062
95c0cffd0787d5bb,363696,qsar-biodeg,392,base,0,0,0,0,64,64,64,2,141,2.7,mesuré ici,0.8637392485287461,0.4316754064079443,0.7672569349976315
95c0cffd0787d5bb,363696,qsar-biodeg,392,base,0,0,0,0,128,128,128,0,141,2.7,mesuré ici,0.8800362154821186,0.39901811371899637,0.7884253177478739
95c0cffd0787d5bb,363696,qsar-biodeg,392,base,0,0,0,0,128,128,128,1,141,2.7,mesuré ici,0.9283612494341331,0.31905928126873334,0.8787463002751864
95c0cffd0787d5bb,363696,qsar-biodeg,392,base,0,0,0,0,128,128,128,2,141,2.8,mesuré ici,0.8768673607967405,0.42853223667996804,0.818207569424937
95c0cffd0787d5bb,363696,qsar-biodeg,392,base,0,0,0,0,256,256,256,0,141,2.7,mesuré ici,0.9216840199185151,0.3289225212640969,0.8720375022746588
95c0cffd0787d5bb,363696,qsar-biodeg,392,base,0,0,0,0,256,256,256,1,141,2.7,mesuré ici,0.9425079221367134,0.284223208053876,0.9019014161451625
95c0cffd0787d5bb,363696,qsar-biodeg,392,base,0,0,0,0,256,256,256,2,141,2.7,mesuré ici,0.9296061566319601,0.3145164528739143,0.881156446025523
95c0cffd0787d5bb,363696,qsar-biodeg,392,base,0,0,0,0,full,392,392,0,141,2.8,mesuré ici,0.9400181077410592,0.2914522678559069,0.9093449974772021
95c0cffd0787d5bb,363700,seismic-bumps,963,base,0,0,0,0,32,32,32,0,345,3.2,mesuré ici,0.7015933027275182,0.2343967871252808,0.15727999363851383
95c0cffd0787d5bb,363700,seismic-bumps,963,base,0,0,0,0,32,32,32,1,345,3.1,mesuré ici,0.6967323791520388,0.23856964601028935,0.1537712087615727
95c0cffd0787d5bb,363700,seismic-bumps,963,base,0,0,0,0,32,32,32,2,345,3.2,mesuré ici,0.5928976505536051,0.2606079535238689,0.08750246529227525
95c0cffd0787d5bb,363700,seismic-bumps,963,base,0,0,0,0,64,64,64,0,345,3.1,mesuré ici,0.7092897650553605,0.23371828197252079,0.10616152583620235
95c0cffd0787d5bb,363700,seismic-bumps,963,base,0,0,0,0,64,64,64,1,345,3.1,mesuré ici,0.7380502295436133,0.22198380657859013,0.190066435498921
95c0cffd0787d5bb,363700,seismic-bumps,963,base,0,0,0,0,64,64,64,2,345,3.2,mesuré ici,0.5855387523629489,0.242143208786609,0.16754194612731715
95c0cffd0787d5bb,363700,seismic-bumps,963,base,0,0,0,0,128,128,128,0,345,3.2,mesuré ici,0.7600594112881447,0.2202419667644975,0.1957576906315569
95c0cffd0787d5bb,363700,seismic-bumps,963,base,0,0,0,0,128,128,128,1,345,3.2,mesuré ici,0.7137456116662166,0.2344684648172768,0.15881883827847074
95c0cffd0787d5bb,363700,seismic-bumps,963,base,0,0,0,0,128,128,128,2,345,3.2,mesuré ici,0.7676208479611125,0.22393761097784984,0.18541067260006341
95c0cffd0787d5bb,363700,seismic-bumps,963,base,0,0,0,0,256,256,256,0,345,3.2,mesuré ici,0.8075884418039427,0.20930475926221342,0.22239263229502576
95c0cffd0787d5bb,363700,seismic-bumps,963,base,0,0,0,0,256,256,256,1,345,3.2,mesuré ici,0.8063056980826356,0.2119391472312272,0.21939533458125435
95c0cffd0787d5bb,363700,seismic-bumps,963,base,0,0,0,0,256,256,256,2,345,3.2,mesuré ici,0.8083310829057521,0.2151607027167919,0.21517398523377473
95c0cffd0787d5bb,363700,seismic-bumps,963,base,0,0,0,0,512,512,512,0,345,3.3,mesuré ici,0.8098163651093707,0.2104046758754613,0.20287007995506337
95c0cffd0787d5bb,363700,seismic-bumps,963,base,0,0,0,0,full,963,963,0,345,3.3,mesuré ici,0.8259519308668647,0.20297954169742755,0.23292020501975003
95c0cffd0787d5bb,363706,taiwanese_bankruptcy_prediction,2545,base,0,0,0,0,32,32,32,0,910,4.6,mesuré ici,0.837175623312067,0.12887362070121441,0.11506687348987607
95c0cffd0787d5bb,363706,taiwanese_bankruptcy_prediction,2545,base,0,0,0,0,32,32,32,1,910,4.6,mesuré ici,0.8551019609378058,0.11935421557667314,0.26972832779498424
95c0cffd0787d5bb,363706,taiwanese_bankruptcy_prediction,2545,base,0,0,0,0,32,32,32,2,910,4.6,mesuré ici,0.9027750596892246,0.12715110302310528,0.2938665886925847
95c0cffd0787d5bb,363706,taiwanese_bankruptcy_prediction,2545,base,0,0,0,0,64,64,64,0,910,4.7,mesuré ici,0.7497749422677991,0.1311646977958577,0.14423667897397105
95c0cffd0787d5bb,363706,taiwanese_bankruptcy_prediction,2545,base,0,0,0,0,64,64,64,1,910,4.7,mesuré ici,0.8405612744138713,0.12022484431342756,0.19905475030302278
95c0cffd0787d5bb,363706,taiwanese_bankruptcy_prediction,2545,base,0,0,0,0,64,64,64,2,910,4.7,mesuré ici,0.8480762456456221,0.12170925276841302,0.21318478919714606
95c0cffd0787d5bb,363706,taiwanese_bankruptcy_prediction,2545,base,0,0,0,0,128,128,128,0,910,4.7,mesuré ici,0.79447336490665,0.15538974631971328,0.20379199121896846
95c0cffd0787d5bb,363706,taiwanese_bankruptcy_prediction,2545,base,0,0,0,0,128,128,128,1,910,4.8,mesuré ici,0.8413832243923441,0.11848168324598984,0.1851956992928991
95c0cffd0787d5bb,363706,taiwanese_bankruptcy_prediction,2545,base,0,0,0,0,128,128,128,2,910,4.6,mesuré ici,0.8919331480684175,0.10583805823851508,0.2986856402411664
95c0cffd0787d5bb,363706,taiwanese_bankruptcy_prediction,2545,base,0,0,0,0,256,256,256,0,910,4.7,mesuré ici,0.9066108262554307,0.10358541460641112,0.2230551077771938
95c0cffd0787d5bb,363706,taiwanese_bankruptcy_prediction,2545,base,0,0,0,0,256,256,256,1,910,4.6,mesuré ici,0.8987435907471917,0.10286180795343546,0.26768512603697125
95c0cffd0787d5bb,363706,taiwanese_bankruptcy_prediction,2545,base,0,0,0,0,256,256,256,2,910,4.7,mesuré ici,0.8943207170535049,0.10629980354419331,0.2518821688098473
95c0cffd0787d5bb,363706,taiwanese_bankruptcy_prediction,2545,base,0,0,0,0,512,512,512,0,910,4.8,mesuré ici,0.9379036361501428,0.08738153561574144,0.3952094773586437
95c0cffd0787d5bb,363706,taiwanese_bankruptcy_prediction,2545,base,0,0,0,0,1024,1024,1024,0,910,6.4,mesuré ici,0.9394301146815923,0.08745258460136689,0.3837337477978525
95c0cffd0787d5bb,363706,taiwanese_bankruptcy_prediction,2545,base,0,0,0,0,2048,2048,2048,0,910,11.1,mesuré ici,0.9313476065599436,0.08854169353427944,0.4305003373928376
95c0cffd0787d5bb,363706,taiwanese_bankruptcy_prediction,2545,base,0,0,0,0,full,2545,2545,0,910,12.8,mesuré ici,0.945575169282555,0.08012616459948972,0.5092894319122546
95c0cffd0787d5bb,363712,jm1,4062,base,0,0,0,0,32,32,32,0,1024,4.8,mesuré ici,0.6542574656981437,0.46853709091203466,0.3566704852870235
95c0cffd0787d5bb,363712,jm1,4062,base,0,0,0,0,32,32,32,1,1024,4.8,mesuré ici,0.6454160246533127,0.4641068268673345,0.3636627751717077
95c0cffd0787d5bb,363712,jm1,4062,base,0,0,0,0,32,32,32,2,1024,4.9,mesuré ici,0.6443429451904028,0.4710547007086513,0.32604249722443884
95c0cffd0787d5bb,363712,jm1,4062,base,0,0,0,0,64,64,64,0,1024,4.8,mesuré ici,0.6048682955462616,0.4816537420040968,0.24715701317000105
95c0cffd0787d5bb,363712,jm1,4062,base,0,0,0,0,64,64,64,1,1024,4.9,mesuré ici,0.6576112211705433,0.4673881235943239,0.3699594440720291
95c0cffd0787d5bb,363712,jm1,4062,base,0,0,0,0,64,64,64,2,1024,4.8,mesuré ici,0.6469476850832783,0.4680910234473753,0.3626449319741427
95c0cffd0787d5bb,363712,jm1,4062,base,0,0,0,0,128,128,128,0,1024,4.8,mesuré ici,0.6659696235967423,0.46529776229725883,0.3532948098469568
95c0cffd0787d5bb,363712,jm1,4062,base,0,0,0,0,128,128,128,1,1024,4.7,mesuré ici,0.6522611098882285,0.47000250867904425,0.32810764880681453
95c0cffd0787d5bb,363712,jm1,4062,base,0,0,0,0,128,128,128,2,1024,4.8,mesuré ici,0.6790666960158487,0.46048325305746907,0.3272221226858151
95c0cffd0787d5bb,363712,jm1,4062,base,0,0,0,0,256,256,256,0,1024,4.8,mesuré ici,0.6985013573996626,0.4535758884094685,0.3780699368531347
95c0cffd0787d5bb,363712,jm1,4062,base,0,0,0,0,256,256,256,1,1024,4.8,mesuré ici,0.6810202509355052,0.4544180740748568,0.3757748869584271
95c0cffd0787d5bb,363712,jm1,4062,base,0,0,0,0,256,256,256,2,1024,4.8,mesuré ici,0.6828820896617507,0.4559318415312188,0.40072380957008474
95c0cffd0787d5bb,363712,jm1,4062,base,0,0,0,0,512,512,512,0,1024,4.9,mesuré ici,0.6751779294152176,0.45343191457535126,0.39811612448565403
95c0cffd0787d5bb,363712,jm1,4062,base,0,0,0,0,1024,1024,1024,0,1024,4.9,mesuré ici,0.7127937975395603,0.441344010527866,0.41615362634253017
95c0cffd0787d5bb,363712,jm1,4062,base,0,0,0,0,2048,2048,2048,0,1024,6.6,mesuré ici,0.7214548634040159,0.439191989806369,0.3987487017188575
95c0cffd0787d5bb,363712,jm1,4062,base,0,0,0,0,full,4062,4062,0,1024,11.9,mesuré ici,0.7259244992295839,0.4334824309394981,0.45399456780811875
95c0cffd0787d5bb,363621,blood-transfusion-service-center,278,ep128_25,25,102,26,128,32,32,32,0,100,2.9,mesuré ici,0.6118421052631579,0.536279155420995,0.39466301998774556
95c0cffd0787d5bb,363621,blood-transfusion-service-center,278,ep128_25,25,102,26,128,32,32,32,1,100,2.5,mesuré ici,0.48410087719298245,0.5714757266266477,0.23140925111576638
95c0cffd0787d5bb,363621,blood-transfusion-service-center,278,ep128_25,25,102,26,128,32,32,32,2,100,2.6,mesuré ici,0.7371162280701754,0.5049988174798821,0.4392694628475967
95c0cffd0787d5bb,363621,blood-transfusion-service-center,278,ep128_25,25,102,26,128,64,64,64,0,100,2.6,mesuré ici,0.7184758771929826,0.5083758339269526,0.4024503613638172
95c0cffd0787d5bb,363621,blood-transfusion-service-center,278,ep128_25,25,102,26,128,64,64,64,1,100,2.6,mesuré ici,0.668859649122807,0.5224747089404878,0.3604568117162774
95c0cffd0787d5bb,363621,blood-transfusion-service-center,278,ep128_25,25,102,26,128,64,64,64,2,100,2.5,mesuré ici,0.7338267543859649,0.5011736203913248,0.47280601455482096
95c0cffd0787d5bb,363621,blood-transfusion-service-center,278,ep128_25,25,102,26,128,128,128,128,0,100,2.6,mesuré ici,0.7598684210526316,0.478559989522604,0.4616456068850625
95c0cffd0787d5bb,363621,blood-transfusion-service-center,278,ep128_25,25,102,26,128,128,128,128,1,100,2.5,mesuré ici,0.7494517543859649,0.4925603658138503,0.43898311261789197
95c0cffd0787d5bb,363621,blood-transfusion-service-center,278,ep128_25,25,102,26,128,128,128,128,2,100,2.5,mesuré ici,0.7617872807017545,0.4943280726962247,0.4636050717247532
95c0cffd0787d5bb,363621,blood-transfusion-service-center,278,ep128_25,25,102,26,128,256,256,256,0,100,2.9,mesuré ici,0.743969298245614,0.4890774996624263,0.48212201421477474
95c0cffd0787d5bb,363621,blood-transfusion-service-center,278,ep128_25,25,102,26,128,256,256,256,1,100,2.8,mesuré ici,0.7428728070175439,0.4881265267965047,0.4400621048095386
95c0cffd0787d5bb,363621,blood-transfusion-service-center,278,ep128_25,25,102,26,128,256,256,256,2,100,2.6,mesuré ici,0.7379385964912281,0.4867891175138173,0.4388676989400343
95c0cffd0787d5bb,363621,blood-transfusion-service-center,278,ep128_25,25,102,26,128,full,278,278,0,100,2.6,mesuré ici,0.7379385964912281,0.49253052993346935,0.47552631823070524
95c0cffd0787d5bb,363621,blood-transfusion-service-center,278,ep128_50,50,102,26,128,32,32,32,0,100,3.0,mesuré ici,0.606359649122807,0.5374909145220571,0.36096992891664365
95c0cffd0787d5bb,363621,blood-transfusion-service-center,278,ep128_50,50,102,26,128,32,32,32,1,100,2.6,mesuré ici,0.4731359649122807,0.5879727627898393,0.22433141629382355
95c0cffd0787d5bb,363621,blood-transfusion-service-center,278,ep128_50,50,102,26,128,32,32,32,2,100,2.5,mesuré ici,0.731907894736842,0.49722435556885913,0.42264175950296423
95c0cffd0787d5bb,363621,blood-transfusion-service-center,278,ep128_50,50,102,26,128,64,64,64,0,100,2.5,mesuré ici,0.7253289473684211,0.5062701701214428,0.42422919002061943
95c0cffd0787d5bb,363621,blood-transfusion-service-center,278,ep128_50,50,102,26,128,64,64,64,1,100,2.6,mesuré ici,0.6759868421052632,0.5247763211023106,0.3467678492128933
95c0cffd0787d5bb,363621,blood-transfusion-service-center,278,ep128_50,50,102,26,128,64,64,64,2,100,2.6,mesuré ici,0.7491776315789473,0.4977981476736394,0.5144146151885138
95c0cffd0787d5bb,363621,blood-transfusion-service-center,278,ep128_50,50,102,26,128,128,128,128,0,100,2.5,mesuré ici,0.7637061403508772,0.47764250201687575,0.5052110507331561
95c0cffd0787d5bb,363621,blood-transfusion-service-center,278,ep128_50,50,102,26,128,128,128,128,1,100,2.5,mesuré ici,0.7582236842105263,0.4919523602539156,0.4489299657920737
95c0cffd0787d5bb,363621,blood-transfusion-service-center,278,ep128_50,50,102,26,128,128,128,128,2,100,2.5,mesuré ici,0.762609649122807,0.4850685287816582,0.4687405698184295
95c0cffd0787d5bb,363621,blood-transfusion-service-center,278,ep128_50,50,102,26,128,256,256,256,0,100,2.6,mesuré ici,0.7475328947368421,0.4893523880612784,0.4972244550251628
95c0cffd0787d5bb,363621,blood-transfusion-service-center,278,ep128_50,50,102,26,128,256,256,256,1,100,2.5,mesuré ici,0.7401315789473685,0.4883736939940867,0.4534365776864417
95c0cffd0787d5bb,363621,blood-transfusion-service-center,278,ep128_50,50,102,26,128,256,256,256,2,100,2.5,mesuré ici,0.7450657894736843,0.4901015466155036,0.482634031466232
95c0cffd0787d5bb,363621,blood-transfusion-service-center,278,ep128_50,50,102,26,128,full,278,278,0,100,2.5,mesuré ici,0.7510964912280702,0.490369999842316,0.5012265155489777
95c0cffd0787d5bb,363621,blood-transfusion-service-center,278,ep128_200,200,102,26,128,32,32,32,0,100,2.9,mesuré ici,0.6192434210526315,0.5402051412420993,0.36761514764257913
95c0cffd0787d5bb,363621,blood-transfusion-service-center,278,ep128_200,200,102,26,128,32,32,32,1,100,2.5,mesuré ici,0.5391995614035088,0.5763924705734127,0.24502926274974415
95c0cffd0787d5bb,363621,blood-transfusion-service-center,278,ep128_200,200,102,26,128,32,32,32,2,100,2.5,mesuré ici,0.7609649122807017,0.4823994651012147,0.4645980927508781
95c0cffd0787d5bb,363621,blood-transfusion-service-center,278,ep128_200,200,102,26,128,64,64,64,0,100,2.6,mesuré ici,0.7247807017543859,0.5222674810876583,0.4181245180599087
95c0cffd0787d5bb,363621,blood-transfusion-service-center,278,ep128_200,200,102,26,128,64,64,64,1,100,2.6,mesuré ici,0.6847587719298246,0.5192359743696833,0.36880114095943267
95c0cffd0787d5bb,363621,blood-transfusion-service-center,278,ep128_200,200,102,26,128,64,64,64,2,100,2.5,mesuré ici,0.7521929824561403,0.4891408047011632,0.4943196863707682
95c0cffd0787d5bb,363621,blood-transfusion-service-center,278,ep128_200,200,102,26,128,128,128,128,0,100,2.5,mesuré ici,0.7415021929824561,0.5354397600317687,0.45309398581787946
95c0cffd0787d5bb,363621,blood-transfusion-service-center,278,ep128_200,200,102,26,128,128,128,128,1,100,2.6,mesuré ici,0.7552083333333334,0.5018999346325178,0.47434951177199874
95c0cffd0787d5bb,363621,blood-transfusion-service-center,278,ep128_200,200,102,26,128,128,128,128,2,100,2.5,mesuré ici,0.7247807017543859,0.5759250943269231,0.43384212564856317
95c0cffd0787d5bb,363621,blood-transfusion-service-center,278,ep128_200,200,102,26,128,256,256,256,0,100,2.5,mesuré ici,0.7214912280701755,0.5364337355697526,0.44076102169758463
95c0cffd0787d5bb,363621,blood-transfusion-service-center,278,ep128_200,200,102,26,128,256,256,256,1,100,2.5,mesuré ici,0.706140350877193,0.5481119064983365,0.42198235519849037
95c0cffd0787d5bb,363621,blood-transfusion-service-center,278,ep128_200,200,102,26,128,256,256,256,2,100,2.6,mesuré ici,0.7099780701754386,0.5411378324847849,0.4332110528447676
95c0cffd0787d5bb,363621,blood-transfusion-service-center,278,ep128_200,200,102,26,128,full,278,278,0,100,2.6,mesuré ici,0.7171052631578947,0.5421832084343096,0.43801020372847077
95c0cffd0787d5bb,363626,credit-g,372,ep128_25,25,102,26,128,32,32,32,0,134,3.1,mesuré ici,0.7285904255319149,0.5572588250316912,0.8667401379569417
95c0cffd0787d5bb,363626,credit-g,372,ep128_25,25,102,26,128,32,32,32,1,134,2.7,mesuré ici,0.7188829787234042,0.5650197929675725,0.8587919721038664
95c0cffd0787d5bb,363626,credit-g,372,ep128_25,25,102,26,128,32,32,32,2,134,2.7,mesuré ici,0.7351063829787234,0.5420196937952051,0.8618056198297852
95c0cffd0787d5bb,363626,credit-g,372,ep128_25,25,102,26,128,64,64,64,0,134,2.7,mesuré ici,0.6505319148936171,0.6297199569460294,0.8438136951777475
95c0cffd0787d5bb,363626,credit-g,372,ep128_25,25,102,26,128,64,64,64,1,134,2.7,mesuré ici,0.7246010638297872,0.6160003104251518,0.8763383650145162
95c0cffd0787d5bb,363626,credit-g,372,ep128_25,25,102,26,128,64,64,64,2,134,2.7,mesuré ici,0.6472074468085106,0.5796135487840216,0.8125390565681259
95c0cffd0787d5bb,363626,credit-g,372,ep128_25,25,102,26,128,128,128,128,0,134,2.7,mesuré ici,0.8424202127659576,0.4562506942445279,0.9308740071086451
95c0cffd0787d5bb,363626,credit-g,372,ep128_25,25,102,26,128,128,128,128,1,134,2.7,mesuré ici,0.6518617021276596,0.5931087202865468,0.8320233781803712
95c0cffd0787d5bb,363626,credit-g,372,ep128_25,25,102,26,128,128,128,128,2,134,2.8,mesuré ici,0.7847074468085107,0.5032153353757484,0.9054620174929967
95c0cffd0787d5bb,363626,credit-g,372,ep128_25,25,102,26,128,256,256,256,0,134,2.9,mesuré ici,0.8324468085106383,0.4549554981649202,0.9260287110524665
95c0cffd0787d5bb,363626,credit-g,372,ep128_25,25,102,26,128,256,256,256,1,134,2.9,mesuré ici,0.801063829787234,0.4805393836847934,0.9081789056086933
95c0cffd0787d5bb,363626,credit-g,372,ep128_25,25,102,26,128,256,256,256,2,134,2.7,mesuré ici,0.7711436170212765,0.5273945824231749,0.8988931333705766
95c0cffd0787d5bb,363626,credit-g,372,ep128_25,25,102,26,128,full,372,372,0,134,2.7,mesuré ici,0.8071808510638298,0.4923133737714444,0.920944556114117
95c0cffd0787d5bb,363626,credit-g,372,ep128_50,50,102,26,128,32,32,32,0,134,3.1,mesuré ici,0.7264627659574467,0.5645389021210399,0.8646359473988019
95c0cffd0787d5bb,363626,credit-g,372,ep128_50,50,102,26,128,32,32,32,1,134,2.7,mesuré ici,0.7127659574468086,0.5531886244440024,0.8565280698201786
95c0cffd0787d5bb,363626,credit-g,372,ep128_50,50,102,26,128,32,32,32,2,134,2.7,mesuré ici,0.7321808510638298,0.5492103812529036,0.8637023133643664
95c0cffd0787d5bb,363626,credit-g,372,ep128_50,50,102,26,128,64,64,64,0,134,2.7,mesuré ici,0.6670212765957447,0.5915241160270727,0.8549722323515939
95c0cffd0787d5bb,363626,credit-g,372,ep128_50,50,102,26,128,64,64,64,1,134,2.7,mesuré ici,0.7304521276595745,0.560536598892463,0.8782139214852163
95c0cffd0787d5bb,363626,credit-g,372,ep128_50,50,102,26,128,64,64,64,2,134,2.7,mesuré ici,0.6481382978723406,0.5826791987941865,0.8113839285856395
95c0cffd0787d5bb,363626,credit-g,372,ep128_50,50,102,26,128,128,128,128,0,134,2.7,mesuré ici,0.839627659574468,0.4670046508074168,0.9303720543514366
95c0cffd0787d5bb,363626,credit-g,372,ep128_50,50,102,26,128,128,128,128,1,134,2.8,mesuré ici,0.6710106382978723,0.5687514191054523,0.8435285407672543
95c0cffd0787d5bb,363626,credit-g,372,ep128_50,50,102,26,128,128,128,128,2,134,2.8,mesuré ici,0.795744680851064,0.4973958369075961,0.9115936575917084
95c0cffd0787d5bb,363626,credit-g,372,ep128_50,50,102,26,128,256,256,256,0,134,2.7,mesuré ici,0.8371010638297872,0.4569209886696786,0.9266362595695286
95c0cffd0787d5bb,363626,credit-g,372,ep128_50,50,102,26,128,256,256,256,1,134,2.7,mesuré ici,0.8047872340425531,0.4764732137317147,0.9098811283932492
95c0cffd0787d5bb,363626,credit-g,372,ep128_50,50,102,26,128,256,256,256,2,134,2.7,mesuré ici,0.7752659574468085,0.5103260532780836,0.8995318536324808
95c0cffd0787d5bb,363626,credit-g,372,ep128_50,50,102,26,128,full,372,372,0,134,2.7,mesuré ici,0.8021276595744682,0.4836179421376413,0.9171048367805963
95c0cffd0787d5bb,363626,credit-g,372,ep128_200,200,102,26,128,32,32,32,0,134,3.0,mesuré ici,0.7191489361702128,0.5534171778138898,0.8545250322924954
95c0cffd0787d5bb,363626,credit-g,372,ep128_200,200,102,26,128,32,32,32,1,134,2.7,mesuré ici,0.7039893617021277,0.5583990105988335,0.8499013948952403
95c0cffd0787d5bb,363626,credit-g,372,ep128_200,200,102,26,128,32,32,32,2,134,2.7,mesuré ici,0.7242021276595745,0.5420722280196206,0.8606044632277123
95c0cffd0787d5bb,363626,credit-g,372,ep128_200,200,102,26,128,64,64,64,0,134,2.7,mesuré ici,0.6746010638297872,0.59896566783447,0.857221420383841
95c0cffd0787d5bb,363626,credit-g,372,ep128_200,200,102,26,128,64,64,64,1,134,2.7,mesuré ici,0.7156914893617022,0.5606350019287526,0.8725906350801305
95c0cffd0787d5bb,363626,credit-g,372,ep128_200,200,102,26,128,64,64,64,2,134,2.8,mesuré ici,0.6277925531914894,0.5862673820004508,0.8060812418443386
95c0cffd0787d5bb,363626,credit-g,372,ep128_200,200,102,26,128,128,128,128,0,134,2.8,mesuré ici,0.8031914893617021,0.4855260865119977,0.9050073229774529
95c0cffd0787d5bb,363626,credit-g,372,ep128_200,200,102,26,128,128,128,128,1,134,2.8,mesuré ici,0.6542553191489363,0.5939583559777164,0.8145457976918105
95c0cffd0787d5bb,363626,credit-g,372,ep128_200,200,102,26,128,128,128,128,2,134,2.8,mesuré ici,0.7541223404255318,0.5212270961176948,0.8879383522050297
95c0cffd0787d5bb,363626,credit-g,372,ep128_200,200,102,26,128,256,256,256,0,134,2.8,mesuré ici,0.8110372340425531,0.47777282764319634,0.9095425842810126
95c0cffd0787d5bb,363626,credit-g,372,ep128_200,200,102,26,128,256,256,256,1,134,2.8,mesuré ici,0.7849734042553191,0.49177734748921365,0.9036411687563831
95c0cffd0787d5bb,363626,credit-g,372,ep128_200,200,102,26,128,256,256,256,2,134,2.8,mesuré ici,0.7723404255319148,0.5144671380329953,0.8957901338438381
95c0cffd0787d5bb,363626,credit-g,372,ep128_200,200,102,26,128,full,372,372,0,134,2.8,mesuré ici,0.7944148936170212,0.49283636045412493,0.9121999170494381
95c0cffd0787d5bb,363619,Bank_Customer_Churn,3732,ep128_25,25,102,26,128,32,32,32,0,1024,4.9,mesuré ici,0.8046408547861567,0.40846120390129637,0.5788351285392834
95c0cffd0787d5bb,363619,Bank_Customer_Churn,3732,ep128_25,25,102,26,128,32,32,32,1,1024,4.6,mesuré ici,0.6583233040772595,0.5420206035422481,0.36854063083565425
95c0cffd0787d5bb,363619,Bank_Customer_Churn,3732,ep128_25,25,102,26,128,32,32,32,2,1024,4.6,mesuré ici,0.6979687087210498,0.4650271298301291,0.3912452697826939
95c0cffd0787d5bb,363619,Bank_Customer_Churn,3732,ep128_25,25,102,26,128,64,64,64,0,1024,4.6,mesuré ici,0.7847271553115918,0.4199075986399008,0.5139109492040231
95c0cffd0787d5bb,363619,Bank_Customer_Churn,3732,ep128_25,25,102,26,128,64,64,64,1,1024,4.6,mesuré ici,0.6616843279419966,0.4848618083189802,0.39565883371526345
95c0cffd0787d5bb,363619,Bank_Customer_Churn,3732,ep128_25,25,102,26,128,64,64,64,2,1024,4.5,mesuré ici,0.664279214489095,0.4605015805955095,0.45202063547039256
95c0cffd0787d5bb,363619,Bank_Customer_Churn,3732,ep128_25,25,102,26,128,128,128,128,0,1024,4.8,mesuré ici,0.8326738485924796,0.3822376592093435,0.5875553724459197
95c0cffd0787d5bb,363619,Bank_Customer_Churn,3732,ep128_25,25,102,26,128,128,128,128,1,1024,4.8,mesuré ici,0.8169724366689173,0.3989736620887194,0.5871899389443013
95c0cffd0787d5bb,363619,Bank_Customer_Churn,3732,ep128_25,25,102,26,128,128,128,128,2,1024,4.9,mesuré ici,0.7862242052426102,0.421925685371638,0.4855544468364738
95c0cffd0787d5bb,363619,Bank_Customer_Churn,3732,ep128_25,25,102,26,128,256,256,256,0,1024,4.6,mesuré ici,0.8467607949041595,0.36050900810557296,0.6621350201746996
95c0cffd0787d5bb,363619,Bank_Customer_Churn,3732,ep128_25,25,102,26,128,256,256,256,1,1024,4.7,mesuré ici,0.8501364957290045,0.36119606667718485,0.6373029273471716
95c0cffd0787d5bb,363619,Bank_Customer_Churn,3732,ep128_25,25,102,26,128,256,256,256,2,1024,4.6,mesuré ici,0.8491296562655943,0.35492719278630924,0.6697554791286513
95c0cffd0787d5bb,363619,Bank_Customer_Churn,3732,ep128_25,25,102,26,128,512,512,512,0,1024,4.7,mesuré ici,0.8695394369918101,0.3360447635064429,0.6973362867844135
95c0cffd0787d5bb,363619,Bank_Customer_Churn,3732,ep128_25,25,102,26,128,1024,1024,1024,0,1024,4.7,mesuré ici,0.8811753309654504,0.3259906259998282,0.7185292313137
95c0cffd0787d5bb,363619,Bank_Customer_Churn,3732,ep128_25,25,102,26,128,2048,2048,2048,0,1024,6.0,mesuré ici,0.8859189244723633,0.318657069832868,0.7267759913788965
95c0cffd0787d5bb,363619,Bank_Customer_Churn,3732,ep128_25,25,102,26,128,full,3732,3732,0,1024,9.7,mesuré ici,0.8866850617900021,0.31485085744489627,0.7352355622451803
95c0cffd0787d5bb,363619,Bank_Customer_Churn,3732,ep128_50,50,102,26,128,32,32,32,0,1024,4.8,mesuré ici,0.8143188422813867,0.39117733883267103,0.5995649700174918
95c0cffd0787d5bb,363619,Bank_Customer_Churn,3732,ep128_50,50,102,26,128,32,32,32,1,1024,4.6,mesuré ici,0.6681803504858073,0.5936445809832478,0.3820371649082881
95c0cffd0787d5bb,363619,Bank_Customer_Churn,3732,ep128_50,50,102,26,128,32,32,32,2,1024,4.6,mesuré ici,0.6911321807027329,0.4686090613086413,0.3886641549470303
95c0cffd0787d5bb,363619,Bank_Customer_Churn,3732,ep128_50,50,102,26,128,64,64,64,0,1024,4.6,mesuré ici,0.7997739748143364,0.4145934383420047,0.5419643341712729
95c0cffd0787d5bb,363619,Bank_Customer_Churn,3732,ep128_50,50,102,26,128,64,64,64,1,1024,4.7,mesuré ici,0.6649572900460856,0.48467330963015376,0.40799010819590514
95c0cffd0787d5bb,363619,Bank_Customer_Churn,3732,ep128_50,50,102,26,128,64,64,64,2,1024,4.7,mesuré ici,0.6862153990665454,0.45586866010725124,0.46376957321403156
95c0cffd0787d5bb,363619,Bank_Customer_Churn,3732,ep128_50,50,102,26,128,128,128,128,0,1024,4.7,mesuré ici,0.8321014471482666,0.378278488639058,0.5880034583042886
95c0cffd0787d5bb,363619,Bank_Customer_Churn,3732,ep128_50,50,102,26,128,128,128,128,1,1024,4.8,mesuré ici,0.813047817536032,0.3920639482404675,0.5762643644445258
95c0cffd0787d5bb,363619,Bank_Customer_Churn,3732,ep128_50,50,102,26,128,128,128,128,2,1024,4.6,mesuré ici,0.7884609739630727,0.42546181245582404,0.4923974815210288
95c0cffd0787d5bb,363619,Bank_Customer_Churn,3732,ep128_50,50,102,26,128,256,256,256,0,1024,4.7,mesuré ici,0.8426483106818916,0.36411321272380537,0.6594137266788967
95c0cffd0787d5bb,363619,Bank_Customer_Churn,3732,ep128_50,50,102,26,128,256,256,256,1,1024,4.7,mesuré ici,0.8519799219185723,0.3636062882101786,0.64647690915574
95c0cffd0787d5bb,363619,Bank_Customer_Churn,3732,ep128_50,50,102,26,128,256,256,256,2,1024,4.6,mesuré ici,0.8481873954266592,0.35946846255914444,0.6646372042713045
95c0cffd0787d5bb,363619,Bank_Customer_Churn,3732,ep128_50,50,102,26,128,512,512,512,0,1024,4.8,mesuré ici,0.8704024422461619,0.3336038688516347,0.7010823363458787
95c0cffd0787d5bb,363619,Bank_Customer_Churn,3732,ep128_50,50,102,26,128,1024,1024,1024,0,1024,4.7,mesuré ici,0.8808847271553116,0.3232914772828095,0.718285545738751
95c0cffd0787d5bb,363619,Bank_Customer_Churn,3732,ep128_50,50,102,26,128,2048,2048,2048,0,1024,6.1,mesuré ici,0.885067660786098,0.31803715806906363,0.7271441282199085
95c0cffd0787d5bb,363619,Bank_Customer_Churn,3732,ep128_50,50,102,26,128,full,3732,3732,0,1024,9.6,mesuré ici,0.8849091496169313,0.31644674894327607,0.7317111046094465
95c0cffd0787d5bb,363619,Bank_Customer_Churn,3732,ep128_200,200,102,26,128,32,32,32,0,1024,4.8,mesuré ici,0.822561423078052,0.39275273703269603,0.6169988084037065
95c0cffd0787d5bb,363619,Bank_Customer_Churn,3732,ep128_200,200,102,26,128,32,32,32,1,1024,4.8,mesuré ici,0.6711186778994334,0.5366927659998603,0.4085774484611641
95c0cffd0787d5bb,363619,Bank_Customer_Churn,3732,ep128_200,200,102,26,128,32,32,32,2,1024,4.6,mesuré ici,0.7059471042357708,0.46388830666125924,0.4049943678527555
95c0cffd0787d5bb,363619,Bank_Customer_Churn,3732,ep128_200,200,102,26,128,64,64,64,0,1024,4.6,mesuré ici,0.7996829776616667,0.41017138235835426,0.5530589157723307
95c0cffd0787d5bb,363619,Bank_Customer_Churn,3732,ep128_200,200,102,26,128,64,64,64,1,1024,4.6,mesuré ici,0.6971996360113893,0.46917912815797624,0.48765346793243847
95c0cffd0787d5bb,363619,Bank_Customer_Churn,3732,ep128_200,200,102,26,128,64,64,64,2,1024,4.5,mesuré ici,0.7591187953151143,0.4365006768192737,0.5300530528161247
95c0cffd0787d5bb,363619,Bank_Customer_Churn,3732,ep128_200,200,102,26,128,128,128,128,0,1024,4.6,mesuré ici,0.8384976663633428,0.3725909539319586,0.6034615187283321
95c0cffd0787d5bb,363619,Bank_Customer_Churn,3732,ep128_200,200,102,26,128,128,128,128,1,1024,4.7,mesuré ici,0.8299586109724953,0.3882645474456004,0.607902700168114
95c0cffd0787d5bb,363619,Bank_Customer_Churn,3732,ep128_200,200,102,26,128,128,128,128,2,1024,4.7,mesuré ici,0.80472011037074,0.4046750971240576,0.5408893702966651
95c0cffd0787d5bb,363619,Bank_Customer_Churn,3732,ep128_200,200,102,26,128,256,256,256,0,1024,4.7,mesuré ici,0.8556961282179235,0.3523367149145361,0.6744573593924728
95c0cffd0787d5bb,363619,Bank_Customer_Churn,3732,ep128_200,200,102,26,128,256,256,256,1,1024,4.8,mesuré ici,0.8490885607772918,0.3593807686547618,0.6496205934619194
95c0cffd0787d5bb,363619,Bank_Customer_Churn,3732,ep128_200,200,102,26,128,256,256,256,2,1024,4.7,mesuré ici,0.8625326562362402,0.34119679515778606,0.6919692766725438
95c0cffd0787d5bb,363619,Bank_Customer_Churn,3732,ep128_200,200,102,26,128,512,512,512,0,1024,4.7,mesuré ici,0.8704552793025508,0.3337532800805892,0.7033989938189869
95c0cffd0787d5bb,363619,Bank_Customer_Churn,3732,ep128_200,200,102,26,128,1024,1024,1024,0,1024,4.8,mesuré ici,0.876337804913846,0.3278928601711498,0.7145152733963258
95c0cffd0787d5bb,363619,Bank_Customer_Churn,3732,ep128_200,200,102,26,128,2048,2048,2048,0,1024,6.1,mesuré ici,0.8802242639504507,0.3235781695128852,0.7193200976507093
95c0cffd0787d5bb,363619,Bank_Customer_Churn,3732,ep128_200,200,102,26,128,full,3732,3732,0,1024,9.7,mesuré ici,0.8808025361787069,0.3207007231175659,0.7249023738794422
95c0cffd0787d5bb,363623,churn,1866,ep128_25,25,102,26,128,32,32,32,0,667,4.3,mesuré ici,0.7220953547955886,0.3652836257474713,0.3597828102822351
95c0cffd0787d5bb,363623,churn,1866,ep128_25,25,102,26,128,32,32,32,1,667,4.0,mesuré ici,0.7289183468864877,0.3701868666907003,0.36243024963353554
95c0cffd0787d5bb,363623,churn,1866,ep128_25,25,102,26,128,32,32,32,2,667,3.9,mesuré ici,0.7402900003713193,0.37433425252506625,0.3561320299352173
95c0cffd0787d5bb,363623,churn,1866,ep128_25,25,102,26,128,64,64,64,0,667,3.9,mesuré ici,0.7683617392595893,0.3504673880348557,0.5156311953119838
95c0cffd0787d5bb,363623,churn,1866,ep128_25,25,102,26,128,64,64,64,1,667,4.0,mesuré ici,0.7408376963350787,0.3582472158273557,0.36149092791949594
95c0cffd0787d5bb,363623,churn,1866,ep128_25,25,102,26,128,64,64,64,2,667,3.9,mesuré ici,0.7525806691173741,0.3553920443096686,0.3806964465064765
95c0cffd0787d5bb,363623,churn,1866,ep128_25,25,102,26,128,128,128,128,0,667,4.0,mesuré ici,0.7932401321896698,0.3081119204621097,0.5917002747151977
95c0cffd0787d5bb,363623,churn,1866,ep128_25,25,102,26,128,128,128,128,1,667,4.0,mesuré ici,0.807712301808325,0.3242047699863078,0.4870341410550844
95c0cffd0787d5bb,363623,churn,1866,ep128_25,25,102,26,128,128,128,128,2,667,4.1,mesuré ici,0.85516690802421,0.27211799180119345,0.6580380649642374
95c0cffd0787d5bb,363623,churn,1866,ep128_25,25,102,26,128,256,256,256,0,667,4.3,mesuré ici,0.8400913445471762,0.34115756849685996,0.6559619490532594
95c0cffd0787d5bb,363623,churn,1866,ep128_25,25,102,26,128,256,256,256,1,667,4.0,mesuré ici,0.8104136496973748,0.3141390344040206,0.5983413779490003
95c0cffd0787d5bb,363623,churn,1866,ep128_25,25,102,26,128,256,256,256,2,667,4.0,mesuré ici,0.8487059522483383,0.26288201070346195,0.7077050879471878
95c0cffd0787d5bb,363623,churn,1866,ep128_25,25,102,26,128,512,512,512,0,667,4.0,mesuré ici,0.8899966581263228,0.21479073457154316,0.7755978429901758
95c0cffd0787d5bb,363623,churn,1866,ep128_25,25,102,26,128,1024,1024,1024,0,667,4.1,mesuré ici,0.876647729382496,0.18323141662755604,0.8164362442359914
95c0cffd0787d5bb,363623,churn,1866,ep128_25,25,102,26,128,full,1866,1866,0,667,5.0,mesuré ici,0.899001151089822,0.13250057575348337,0.863350129114704
95c0cffd0787d5bb,363623,churn,1866,ep128_50,50,102,26,128,32,32,32,0,667,4.3,mesuré ici,0.7236270468976274,0.3672781350322905,0.36524784502889546
95c0cffd0787d5bb,363623,churn,1866,ep128_50,50,102,26,128,32,32,32,1,667,4.0,mesuré ici,0.7328264824922951,0.36635229363959787,0.3662928333309298
95c0cffd0787d5bb,363623,churn,1866,ep128_50,50,102,26,128,32,32,32,2,667,4.0,mesuré ici,0.7492573614050723,0.3738630213658174,0.37548049570217085
95c0cffd0787d5bb,363623,churn,1866,ep128_50,50,102,26,128,64,64,64,0,667,4.0,mesuré ici,0.7696613568007129,0.35550408055512084,0.5322430767197358
95c0cffd0787d5bb,363623,churn,1866,ep128_50,50,102,26,128,64,64,64,1,667,3.9,mesuré ici,0.759338680331217,0.3495018222707339,0.39142864501549046
95c0cffd0787d5bb,363623,churn,1866,ep128_50,50,102,26,128,64,64,64,2,667,4.0,mesuré ici,0.7646392633025137,0.34886698914910286,0.40684248148001256
95c0cffd0787d5bb,363623,churn,1866,ep128_50,50,102,26,128,128,128,128,0,667,4.0,mesuré ici,0.8040548067283055,0.3011762289981573,0.6076803858589795
95c0cffd0787d5bb,363623,churn,1866,ep128_50,50,102,26,128,128,128,128,1,667,4.0,mesuré ici,0.8261575879098437,0.309327466836603,0.5109987899397372
95c0cffd0787d5bb,363623,churn,1866,ep128_50,50,102,26,128,128,128,128,2,667,4.0,mesuré ici,0.8566707511789389,0.2673389445948312,0.6859954099813185
95c0cffd0787d5bb,363623,churn,1866,ep128_50,50,102,26,128,256,256,256,0,667,4.0,mesuré ici,0.847424900672088,0.31876857878990517,0.6719826337805522
95c0cffd0787d5bb,363623,churn,1866,ep128_50,50,102,26,128,256,256,256,1,667,4.1,mesuré ici,0.8166889458245146,0.3110001123016046,0.6165549228694999
95c0cffd0787d5bb,363623,churn,1866,ep128_50,50,102,26,128,256,256,256,2,667,4.0,mesuré ici,0.8545170992536483,0.25491321839820297,0.7176924488058763
95c0cffd0787d5bb,363623,churn,1866,ep128_50,50,102,26,128,512,512,512,0,667,4.0,mesuré ici,0.887202480412907,0.21810910613642956,0.7698391037781438
95c0cffd0787d5bb,363623,churn,1866,ep128_50,50,102,26,128,1024,1024,1024,0,667,4.1,mesuré ici,0.8774089339422969,0.18372076239599822,0.8225982170400096
95c0cffd0787d5bb,363623,churn,1866,ep128_50,50,102,26,128,full,1866,1866,0,667,5.0,mesuré ici,0.8991589617912443,0.14093909663240667,0.8613779256989045
95c0cffd0787d5bb,363623,churn,1866,ep128_200,200,102,26,128,32,32,32,0,667,4.4,mesuré ici,0.7228101444432067,0.3759933544210456,0.3533276779929054
95c0cffd0787d5bb,363623,churn,1866,ep128_200,200,102,26,128,32,32,32,1,667,3.9,mesuré ici,0.7662359362816085,0.3533281084612553,0.40648721104476637
95c0cffd0787d5bb,363623,churn,1866,ep128_200,200,102,26,128,32,32,32,2,667,4.0,mesuré ici,0.7762151424009506,0.34421176616628074,0.41544617196074435
95c0cffd0787d5bb,363623,churn,1866,ep128_200,200,102,26,128,64,64,64,0,667,3.9,mesuré ici,0.7827225130890052,0.3395058806086862,0.5482324810509308
95c0cffd0787d5bb,363623,churn,1866,ep128_200,200,102,26,128,64,64,64,1,667,3.9,mesuré ici,0.8137833723218595,0.3322160990085908,0.4961119138444854
95c0cffd0787d5bb,363623,churn,1866,ep128_200,200,102,26,128,64,64,64,2,667,3.9,mesuré ici,0.8218966989714453,0.32159168109600206,0.5168986965589557
95c0cffd0787d5bb,363623,churn,1866,ep128_200,200,102,26,128,128,128,128,0,667,4.0,mesuré ici,0.8293045189558501,0.28909562214502715,0.6434204088010411
95c0cffd0787d5bb,363623,churn,1866,ep128_200,200,102,26,128,128,128,128,1,667,4.0,mesuré ici,0.8635030262522743,0.2761096904170825,0.6594882225202667
95c0cffd0787d5bb,363623,churn,1866,ep128_200,200,102,26,128,128,128,128,2,667,4.0,mesuré ici,0.8740392113178123,0.24429409108031516,0.7250698822227362
95c0cffd0787d5bb,363623,churn,1866,ep128_200,200,102,26,128,256,256,256,0,667,4.0,mesuré ici,0.872154765883183,0.24280944737710425,0.7344343279047699
95c0cffd0787d5bb,363623,churn,1866,ep128_200,200,102,26,128,256,256,256,1,667,4.0,mesuré ici,0.8522706175039918,0.2607352701560893,0.714605015354186
95c0cffd0787d5bb,363623,churn,1866,ep128_200,200,102,26,128,256,256,256,2,667,3.9,mesuré ici,0.8728881214956741,0.24993209388011275,0.7424842655161665
95c0cffd0787d5bb,363623,churn,1866,ep128_200,200,102,26,128,512,512,512,0,667,3.9,mesuré ici,0.8879636849727082,0.21955328116029085,0.774431697873108
95c0cffd0787d5bb,363623,churn,1866,ep128_200,200,102,26,128,1024,1024,1024,0,667,4.0,mesuré ici,0.8819854442835393,0.19274533223648077,0.82567472542684
95c0cffd0787d5bb,363623,churn,1866,ep128_200,200,102,26,128,full,1866,1866,0,667,4.9,mesuré ici,0.8904329583008428,0.15836609667573356,0.8562905140490917
95c0cffd0787d5bb,363682,Is-this-a-good-customer,642,ep128_25,25,102,26,128,32,32,32,0,230,3.2,mesuré ici,0.585312971342383,0.3547709144775215,0.1414603259955671
95c0cffd0787d5bb,363682,Is-this-a-good-customer,642,ep128_25,25,102,26,128,32,32,32,1,230,2.9,mesuré ici,0.7032428355957768,0.33927614270513223,0.208587036654749
95c0cffd0787d5bb,363682,Is-this-a-good-customer,642,ep128_25,25,102,26,128,32,32,32,2,230,2.9,mesuré ici,0.5859728506787331,0.3527670632492297,0.1495979447410592
95c0cffd0787d5bb,363682,Is-this-a-good-customer,642,ep128_25,25,102,26,128,64,64,64,0,230,2.9,mesuré ici,0.6461161387631975,0.3436810795523669,0.19616876662458949
95c0cffd0787d5bb,363682,Is-this-a-good-customer,642,ep128_25,25,102,26,128,64,64,64,1,230,2.8,mesuré ici,0.4670060331825038,0.35847422623478914,0.1066480718070559
95c0cffd0787d5bb,363682,Is-this-a-good-customer,642,ep128_25,25,102,26,128,64,64,64,2,230,2.9,mesuré ici,0.6496983408748114,0.3407578741510464,0.1826824005983559
95c0cffd0787d5bb,363682,Is-this-a-good-customer,642,ep128_25,25,102,26,128,128,128,128,0,230,2.9,mesuré ici,0.7128582202111614,0.32908352804941193,0.26829740740755526
95c0cffd0787d5bb,363682,Is-this-a-good-customer,642,ep128_25,25,102,26,128,128,128,128,1,230,2.9,mesuré ici,0.6427224736048265,0.3413600212219299,0.19455883891340403
95c0cffd0787d5bb,363682,Is-this-a-good-customer,642,ep128_25,25,102,26,128,128,128,128,2,230,2.9,mesuré ici,0.7089932126696833,0.3276013823017872,0.2612020564325212
95c0cffd0787d5bb,363682,Is-this-a-good-customer,642,ep128_25,25,102,26,128,256,256,256,0,230,2.9,mesuré ici,0.7464177978883861,0.3210459745702358,0.2632983957282065
95c0cffd0787d5bb,363682,Is-this-a-good-customer,642,ep128_25,25,102,26,128,256,256,256,1,230,2.9,mesuré ici,0.7246417797888386,0.31940859365064866,0.27869224239875945
95c0cffd0787d5bb,363682,Is-this-a-good-customer,642,ep128_25,25,102,26,128,256,256,256,2,230,2.9,mesuré ici,0.7076734539969834,0.3241379531408626,0.27043707796591315
95c0cffd0787d5bb,363682,Is-this-a-good-customer,642,ep128_25,25,102,26,128,512,512,512,0,230,3.3,mesuré ici,0.7598039215686274,0.3064637916374719,0.3631936502617024
95c0cffd0787d5bb,363682,Is-this-a-good-customer,642,ep128_25,25,102,26,128,full,642,642,0,230,3.0,mesuré ici,0.7524509803921569,0.30955556632471404,0.36221570102845735
95c0cffd0787d5bb,363682,Is-this-a-good-customer,642,ep128_50,50,102,26,128,32,32,32,0,230,3.2,mesuré ici,0.5885180995475113,0.3523963685101898,0.14510330749073946
95c0cffd0787d5bb,363682,Is-this-a-good-customer,642,ep128_50,50,102,26,128,32,32,32,1,230,2.8,mesuré ici,0.6880656108597285,0.33681191922113185,0.19479927035911326
95c0cffd0787d5bb,363682,Is-this-a-good-customer,642,ep128_50,50,102,26,128,32,32,32,2,230,2.9,mesuré ici,0.5916289592760181,0.350973292690323,0.15512806390158823
95c0cffd0787d5bb,363682,Is-this-a-good-customer,642,ep128_50,50,102,26,128,64,64,64,0,230,2.8,mesuré ici,0.6616704374057315,0.3389278057543019,0.19871983255382059
95c0cffd0787d5bb,363682,Is-this-a-good-customer,642,ep128_50,50,102,26,128,64,64,64,1,230,2.8,mesuré ici,0.46125565610859726,0.3668463296418388,0.10532050826150208
95c0cffd0787d5bb,363682,Is-this-a-good-customer,642,ep128_50,50,102,26,128,64,64,64,2,230,2.8,mesuré ici,0.6490384615384616,0.34422072478425714,0.18680660267881635
95c0cffd0787d5bb,363682,Is-this-a-good-customer,642,ep128_50,50,102,26,128,128,128,128,0,230,2.9,mesuré ici,0.6999434389140272,0.3256045692860497,0.2568494521293311
95c0cffd0787d5bb,363682,Is-this-a-good-customer,642,ep128_50,50,102,26,128,128,128,128,1,230,2.9,mesuré ici,0.6413084464555052,0.34486416092232275,0.19908248238669524
95c0cffd0787d5bb,363682,Is-this-a-good-customer,642,ep128_50,50,102,26,128,128,128,128,2,230,2.9,mesuré ici,0.6882541478129713,0.3273844011881987,0.2563209811881064
95c0cffd0787d5bb,363682,Is-this-a-good-customer,642,ep128_50,50,102,26,128,256,256,256,0,230,3.0,mesuré ici,0.7349170437405732,0.32014598006756995,0.25158291311717385
95c0cffd0787d5bb,363682,Is-this-a-good-customer,642,ep128_50,50,102,26,128,256,256,256,1,230,2.9,mesuré ici,0.7282239819004525,0.31679183376972186,0.32462864386715695
95c0cffd0787d5bb,363682,Is-this-a-good-customer,642,ep128_50,50,102,26,128,256,256,256,2,230,2.9,mesuré ici,0.6882541478129713,0.3316760817994145,0.2570635752346261
95c0cffd0787d5bb,363682,Is-this-a-good-customer,642,ep128_50,50,102,26,128,512,512,512,0,230,2.9,mesuré ici,0.7600867269984918,0.30606494773713167,0.3564961714092886
95c0cffd0787d5bb,363682,Is-this-a-good-customer,642,ep128_50,50,102,26,128,full,642,642,0,230,2.9,mesuré ici,0.7579185520361991,0.3092515482686736,0.3645391157626862
95c0cffd0787d5bb,363682,Is-this-a-good-customer,642,ep128_200,200,102,26,128,32,32,32,0,230,3.2,mesuré ici,0.6148190045248868,0.3510758479581136,0.1465597342101889
95c0cffd0787d5bb,363682,Is-this-a-good-customer,642,ep128_200,200,102,26,128,32,32,32,1,230,2.8,mesuré ici,0.6984351432880844,0.3355168083214406,0.21856185661231248
95c0cffd0787d5bb,363682,Is-this-a-good-customer,642,ep128_200,200,102,26,128,32,32,32,2,230,3.0,mesuré ici,0.6430052790346908,0.34620528584588983,0.1794706427111452
95c0cffd0787d5bb,363682,Is-this-a-good-customer,642,ep128_200,200,102,26,128,64,64,64,0,230,2.8,mesuré ici,0.7055052790346907,0.33435448361914427,0.2711128449023049
95c0cffd0787d5bb,363682,Is-this-a-good-customer,642,ep128_200,200,102,26,128,64,64,64,1,230,2.9,mesuré ici,0.5144230769230769,0.35662477371221357,0.12269212072944226
95c0cffd0787d5bb,363682,Is-this-a-good-customer,642,ep128_200,200,102,26,128,64,64,64,2,230,2.9,mesuré ici,0.6683634992458523,0.3337937433622285,0.20853863340525136
95c0cffd0787d5bb,363682,Is-this-a-good-customer,642,ep128_200,200,102,26,128,128,128,128,0,230,2.9,mesuré ici,0.7596153846153847,0.3187314897550403,0.35064669038417173
95c0cffd0787d5bb,363682,Is-this-a-good-customer,642,ep128_200,200,102,26,128,128,128,128,1,230,2.9,mesuré ici,0.72473604826546,0.3223465296882252,0.28307925032052617
95c0cffd0787d5bb,363682,Is-this-a-good-customer,642,ep128_200,200,102,26,128,128,128,128,2,230,2.9,mesuré ici,0.7423642533936652,0.31749497475414035,0.3220889296425414
95c0cffd0787d5bb,363682,Is-this-a-good-customer,642,ep128_200,200,102,26,128,256,256,256,0,230,2.9,mesuré ici,0.753393665158371,0.3156884436354775,0.2913444334641283
95c0cffd0787d5bb,363682,Is-this-a-good-customer,642,ep128_200,200,102,26,128,256,256,256,1,230,2.8,mesuré ici,0.7372737556561086,0.3165596461848085,0.3072497460347211
95c0cffd0787d5bb,363682,Is-this-a-good-customer,642,ep128_200,200,102,26,128,256,256,256,2,230,2.9,mesuré ici,0.7256787330316742,0.32040128348713176,0.29086763768645296
95c0cffd0787d5bb,363682,Is-this-a-good-customer,642,ep128_200,200,102,26,128,512,512,512,0,230,2.9,mesuré ici,0.7713046757164405,0.3064730223570979,0.36737070999717836
95c0cffd0787d5bb,363682,Is-this-a-good-customer,642,ep128_200,200,102,26,128,full,642,642,0,230,2.9,mesuré ici,0.7653657616892912,0.30822991025514346,0.35289600201950927
95c0cffd0787d5bb,363684,Marketing_Campaign,835,ep128_25,25,102,26,128,32,32,32,0,299,3.4,mesuré ici,0.7910761154855642,0.35904325558696076,0.4118628737189251
95c0cffd0787d5bb,363684,Marketing_Campaign,835,ep128_25,25,102,26,128,32,32,32,1,299,3.1,mesuré ici,0.6851706036745405,0.3925172653093393,0.379895412757457
95c0cffd0787d5bb,363684,Marketing_Campaign,835,ep128_25,25,102,26,128,32,32,32,2,299,3.0,mesuré ici,0.6965004374453193,0.41676532203598315,0.3320681771660811
95c0cffd0787d5bb,363684,Marketing_Campaign,835,ep128_25,25,102,26,128,64,64,64,0,299,3.0,mesuré ici,0.7911636045494314,0.3783948792066641,0.48264443134873103
95c0cffd0787d5bb,363684,Marketing_Campaign,835,ep128_25,25,102,26,128,64,64,64,1,299,3.0,mesuré ici,0.8167979002624672,0.3484598138105483,0.39655846814494444
95c0cffd0787d5bb,363684,Marketing_Campaign,835,ep128_25,25,102,26,128,64,64,64,2,299,3.1,mesuré ici,0.7865704286964129,0.35398348144424086,0.4370798697841513
95c0cffd0787d5bb,363684,Marketing_Campaign,835,ep128_25,25,102,26,128,128,128,128,0,299,3.1,mesuré ici,0.8123797025371828,0.35932057751812113,0.5342080216804899
95c0cffd0787d5bb,363684,Marketing_Campaign,835,ep128_25,25,102,26,128,128,128,128,1,299,3.0,mesuré ici,0.8247594050743657,0.3242752703690192,0.5517500364151506
95c0cffd0787d5bb,363684,Marketing_Campaign,835,ep128_25,25,102,26,128,128,128,128,2,299,3.1,mesuré ici,0.7529746281714785,0.36688330352775317,0.49275761661516665
95c0cffd0787d5bb,363684,Marketing_Campaign,835,ep128_25,25,102,26,128,256,256,256,0,299,3.0,mesuré ici,0.8280839895013123,0.32365882292120846,0.5802437487380386
95c0cffd0787d5bb,363684,Marketing_Campaign,835,ep128_25,25,102,26,128,256,256,256,1,299,3.0,mesuré ici,0.8092738407699038,0.3624963054676403,0.4358423265389074
95c0cffd0787d5bb,363684,Marketing_Campaign,835,ep128_25,25,102,26,128,256,256,256,2,299,3.4,mesuré ici,0.8104111986001751,0.3562215840657334,0.5196375124861953
95c0cffd0787d5bb,363684,Marketing_Campaign,835,ep128_25,25,102,26,128,512,512,512,0,299,3.2,mesuré ici,0.842607174103237,0.33852571354406646,0.51878301496931
95c0cffd0787d5bb,363684,Marketing_Campaign,835,ep128_25,25,102,26,128,full,835,835,0,299,3.0,mesuré ici,0.8514435695538058,0.32493218197778634,0.5476087682866182
95c0cffd0787d5bb,363684,Marketing_Campaign,835,ep128_50,50,102,26,128,32,32,32,0,299,3.4,mesuré ici,0.8001312335958005,0.3652989514070758,0.4289121895431563
95c0cffd0787d5bb,363684,Marketing_Campaign,835,ep128_50,50,102,26,128,32,32,32,1,299,3.0,mesuré ici,0.7055555555555556,0.38115717126527243,0.3938749375042371
95c0cffd0787d5bb,363684,Marketing_Campaign,835,ep128_50,50,102,26,128,32,32,32,2,299,3.0,mesuré ici,0.7136045494313211,0.3890223571643958,0.3508069165033794
95c0cffd0787d5bb,363684,Marketing_Campaign,835,ep128_50,50,102,26,128,64,64,64,0,299,3.0,mesuré ici,0.7936570428696413,0.34756387460415955,0.5333895532118967
95c0cffd0787d5bb,363684,Marketing_Campaign,835,ep128_50,50,102,26,128,64,64,64,1,299,3.0,mesuré ici,0.8214785651793525,0.33923663101478957,0.4087074147717471
95c0cffd0787d5bb,363684,Marketing_Campaign,835,ep128_50,50,102,26,128,64,64,64,2,299,3.0,mesuré ici,0.7908573928258967,0.3558258654155427,0.45977217720386154
95c0cffd0787d5bb,363684,Marketing_Campaign,835,ep128_50,50,102,26,128,128,128,128,0,299,3.0,mesuré ici,0.8169728783902012,0.33324324005965505,0.5339825589527482
95c0cffd0787d5bb,363684,Marketing_Campaign,835,ep128_50,50,102,26,128,128,128,128,1,299,3.1,mesuré ici,0.8317147856517935,0.3220508483830849,0.5674268042178809
95c0cffd0787d5bb,363684,Marketing_Campaign,835,ep128_50,50,102,26,128,128,128,128,2,299,3.1,mesuré ici,0.7545494313210849,0.36025611790091955,0.501195733545546
95c0cffd0787d5bb,363684,Marketing_Campaign,835,ep128_50,50,102,26,128,256,256,256,0,299,3.0,mesuré ici,0.8341207349081365,0.3120197647628939,0.5979448307745912
95c0cffd0787d5bb,363684,Marketing_Campaign,835,ep128_50,50,102,26,128,256,256,256,1,299,3.1,mesuré ici,0.8153543307086614,0.3430416873343408,0.46462753312181054
95c0cffd0787d5bb,363684,Marketing_Campaign,835,ep128_50,50,102,26,128,256,256,256,2,299,3.0,mesuré ici,0.8208661417322836,0.32917735088456385,0.5348221540681919
95c0cffd0787d5bb,363684,Marketing_Campaign,835,ep128_50,50,102,26,128,512,512,512,0,299,3.0,mesuré ici,0.8454068241469817,0.3168958301423022,0.5121092707095659
95c0cffd0787d5bb,363684,Marketing_Campaign,835,ep128_50,50,102,26,128,full,835,835,0,299,3.1,mesuré ici,0.8648293963254594,0.2979107577238962,0.5853000266672421
95c0cffd0787d5bb,363684,Marketing_Campaign,835,ep128_200,200,102,26,128,32,32,32,0,299,3.4,mesuré ici,0.802843394575678,0.34458992024906593,0.45089133739451825
95c0cffd0787d5bb,363684,Marketing_Campaign,835,ep128_200,200,102,26,128,32,32,32,1,299,3.0,mesuré ici,0.7404199475065616,0.37084138927273186,0.45368388219287525
95c0cffd0787d5bb,363684,Marketing_Campaign,835,ep128_200,200,102,26,128,32,32,32,2,299,3.0,mesuré ici,0.7707786526684165,0.36087438905629926,0.4080549890003299
95c0cffd0787d5bb,363684,Marketing_Campaign,835,ep128_200,200,102,26,128,64,64,64,0,299,3.0,mesuré ici,0.7976377952755905,0.3549537857413472,0.5614886863820298
95c0cffd0787d5bb,363684,Marketing_Campaign,835,ep128_200,200,102,26,128,64,64,64,1,299,3.0,mesuré ici,0.8368766404199476,0.3251125279568162,0.4752284046929414
95c0cffd0787d5bb,363684,Marketing_Campaign,835,ep128_200,200,102,26,128,64,64,64,2,299,3.0,mesuré ici,0.8063429571303586,0.3454882608874946,0.48202311838493583
95c0cffd0787d5bb,363684,Marketing_Campaign,835,ep128_200,200,102,26,128,128,128,128,0,299,3.1,mesuré ici,0.8280402449693789,0.32241907302716705,0.5705722016514789
95c0cffd0787d5bb,363684,Marketing_Campaign,835,ep128_200,200,102,26,128,128,128,128,1,299,3.1,mesuré ici,0.8517060367454069,0.30458661418606164,0.5866360339642215
95c0cffd0787d5bb,363684,Marketing_Campaign,835,ep128_200,200,102,26,128,128,128,128,2,299,3.0,mesuré ici,0.7658792650918635,0.35620932860956855,0.5160528102670854
95c0cffd0787d5bb,363684,Marketing_Campaign,835,ep128_200,200,102,26,128,256,256,256,0,299,3.1,mesuré ici,0.8298775153105862,0.33475592439227764,0.585879899087756
95c0cffd0787d5bb,363684,Marketing_Campaign,835,ep128_200,200,102,26,128,256,256,256,1,299,3.1,mesuré ici,0.8342957130358706,0.31956564015557865,0.5492545365560795
95c0cffd0787d5bb,363684,Marketing_Campaign,835,ep128_200,200,102,26,128,256,256,256,2,299,3.0,mesuré ici,0.8311023622047246,0.32415487116431696,0.550409413572763
95c0cffd0787d5bb,363684,Marketing_Campaign,835,ep128_200,200,102,26,128,512,512,512,0,299,3.1,mesuré ici,0.8283027121609798,0.33838833382329786,0.5287802055769365
95c0cffd0787d5bb,363684,Marketing_Campaign,835,ep128_200,200,102,26,128,full,835,835,0,299,3.1,mesuré ici,0.8423447069116361,0.32754890106648166,0.5404771965963728
95c0cffd0787d5bb,363613,Amazon_employee_access,12233,ep128_25,25,102,26,128,32,32,32,0,1024,4.8,mesuré ici,0.5096250109774304,0.23221793370039004,0.9464263148633736
95c0cffd0787d5bb,363613,Amazon_employee_access,12233,ep128_25,25,102,26,128,32,32,32,1,1024,4.5,mesuré ici,0.5887064196012998,0.23095809174372703,0.9587788186161033
95c0cffd0787d5bb,363613,Amazon_employee_access,12233,ep128_25,25,102,26,128,32,32,32,2,1024,4.5,mesuré ici,0.5177834372530078,0.2283484490118503,0.948171508124628
95c0cffd0787d5bb,363613,Amazon_employee_access,12233,ep128_25,25,102,26,128,64,64,64,0,1024,4.6,mesuré ici,0.5361816106085887,0.22677680223285612,0.9549372012387747
95c0cffd0787d5bb,363613,Amazon_employee_access,12233,ep128_25,25,102,26,128,64,64,64,1,1024,4.5,mesuré ici,0.4680161587775533,0.23130315217567204,0.9387988430799136
95c0cffd0787d5bb,363613,Amazon_employee_access,12233,ep128_25,25,102,26,128,64,64,64,2,1024,4.6,mesuré ici,0.5425748660753491,0.22673209167625288,0.9488256938234837
95c0cffd0787d5bb,363613,Amazon_employee_access,12233,ep128_25,25,102,26,128,128,128,128,0,1024,4.7,mesuré ici,0.5312461578993589,0.2216591423918704,0.9460977078741565
95c0cffd0787d5bb,363613,Amazon_employee_access,12233,ep128_25,25,102,26,128,128,128,128,1,1024,4.5,mesuré ici,0.6019495916395889,0.22043392506318527,0.9588956223185758
95c0cffd0787d5bb,363613,Amazon_employee_access,12233,ep128_25,25,102,26,128,128,128,128,2,1024,4.5,mesuré ici,0.5472995521208395,0.22018620409318812,0.9501019645829162
95c0cffd0787d5bb,363613,Amazon_employee_access,12233,ep128_25,25,102,26,128,256,256,256,0,1024,4.5,mesuré ici,0.5827083516290507,0.21931112962702812,0.9552396330113887
95c0cffd0787d5bb,363613,Amazon_employee_access,12233,ep128_25,25,102,26,128,256,256,256,1,1024,4.5,mesuré ici,0.5739351892509001,0.22038145040080775,0.9563262776737014
95c0cffd0787d5bb,363613,Amazon_employee_access,12233,ep128_25,25,102,26,128,256,256,256,2,1024,4.5,mesuré ici,0.5925090014929305,0.21957947072483405,0.9565274426724166
95c0cffd0787d5bb,363613,Amazon_employee_access,12233,ep128_25,25,102,26,128,512,512,512,0,1024,4.6,mesuré ici,0.601800298586107,0.21635106814897512,0.9531393945212749
95c0cffd0787d5bb,363613,Amazon_employee_access,12233,ep128_25,25,102,26,128,1024,1024,1024,0,1024,4.5,mesuré ici,0.5545622200755247,0.2217832222419705,0.9535054748945497
95c0cffd0787d5bb,363613,Amazon_employee_access,12233,ep128_25,25,102,26,128,2048,2048,2048,0,1024,5.9,mesuré ici,0.7083691929393168,0.20081587265505738,0.972811464541943
95c0cffd0787d5bb,363613,Amazon_employee_access,12233,ep128_25,25,102,26,128,full,12233,12233,0,1024,40.1,mesuré ici,0.8503820145780276,0.16550391368403672,0.9872421579942655
95c0cffd0787d5bb,363613,Amazon_employee_access,12233,ep128_50,50,102,26,128,32,32,32,0,1024,4.8,mesuré ici,0.5087468165451832,0.2313642572983299,0.9457463451370367
95c0cffd0787d5bb,363613,Amazon_employee_access,12233,ep128_50,50,102,26,128,32,32,32,1,1024,4.6,mesuré ici,0.5910951084570124,0.23176891736352645,0.9589139268394107
95c0cffd0787d5bb,363613,Amazon_employee_access,12233,ep128_50,50,102,26,128,32,32,32,2,1024,4.5,mesuré ici,0.5265829454641258,0.22825045897990937,0.9496346244064132
95c0cffd0787d5bb,363613,Amazon_employee_access,12233,ep128_50,50,102,26,128,64,64,64,0,1024,4.5,mesuré ici,0.5409414244313692,0.22616772265748658,0.9553630727333591
95c0cffd0787d5bb,363613,Amazon_employee_access,12233,ep128_50,50,102,26,128,64,64,64,1,1024,4.4,mesuré ici,0.4640028102221832,0.22801225051253174,0.9375677343363982
95c0cffd0787d5bb,363613,Amazon_employee_access,12233,ep128_50,50,102,26,128,64,64,64,2,1024,4.4,mesuré ici,0.5438394660577852,0.22691576852539505,0.9488215974634913
95c0cffd0787d5bb,363613,Amazon_employee_access,12233,ep128_50,50,102,26,128,128,128,128,0,1024,4.5,mesuré ici,0.5329849828752087,0.22155264606036046,0.9457893239999928
95c0cffd0787d5bb,363613,Amazon_employee_access,12233,ep128_50,50,102,26,128,128,128,128,1,1024,4.4,mesuré ici,0.601150434706244,0.22066564060243238,0.95857151979775
95c0cffd0787d5bb,363613,Amazon_employee_access,12233,ep128_50,50,102,26,128,128,128,128,2,1024,4.4,mesuré ici,0.5478528146131554,0.220152809081424,0.9500500480709682
95c0cffd0787d5bb,363613,Amazon_employee_access,12233,ep128_50,50,102,26,128,256,256,256,0,1024,4.4,mesuré ici,0.583235268288399,0.21991019445927212,0.9536268944094243
95c0cffd0787d5bb,363613,Amazon_employee_access,12233,ep128_50,50,102,26,128,256,256,256,1,1024,4.5,mesuré ici,0.5702467726354615,0.22066849735865152,0.9558174841097583
95c0cffd0787d5bb,363613,Amazon_employee_access,12233,ep128_50,50,102,26,128,256,256,256,2,1024,4.4,mesuré ici,0.5855097918679195,0.22017200365938128,0.9555823939596544
95c0cffd0787d5bb,363613,Amazon_employee_access,12233,ep128_50,50,102,26,128,512,512,512,0,1024,4.5,mesuré ici,0.5936682181434969,0.2183388470505055,0.9511831464388103
95c0cffd0787d5bb,363613,Amazon_employee_access,12233,ep128_50,50,102,26,128,1024,1024,1024,0,1024,4.5,mesuré ici,0.5521910951084571,0.22115169331542994,0.9531918060751403
95c0cffd0787d5bb,363613,Amazon_employee_access,12233,ep128_50,50,102,26,128,2048,2048,2048,0,1024,5.8,mesuré ici,0.6996311583384562,0.20259963101466769,0.9713797231651043
95c0cffd0787d5bb,363613,Amazon_employee_access,12233,ep128_50,50,102,26,128,full,12233,12233,0,1024,40.4,mesuré ici,0.8498024062527444,0.16669002964561597,0.9874515541638227
95c0cffd0787d5bb,363613,Amazon_employee_access,12233,ep128_200,200,102,26,128,32,32,32,0,1024,4.9,mesuré ici,0.5394660577851936,0.2309372645799679,0.9492737631534992
95c0cffd0787d5bb,363613,Amazon_employee_access,12233,ep128_200,200,102,26,128,32,32,32,1,1024,4.6,mesuré ici,0.5896197418108369,0.23365351171973897,0.9598973349859622
95c0cffd0787d5bb,363613,Amazon_employee_access,12233,ep128_200,200,102,26,128,32,32,32,2,1024,4.5,mesuré ici,0.5084394484938964,0.2285560161416052,0.9446124637773229
95c0cffd0787d5bb,363613,Amazon_employee_access,12233,ep128_200,200,102,26,128,64,64,64,0,1024,4.5,mesuré ici,0.5408711688767893,0.23001537698724375,0.9546113115232456
95c0cffd0787d5bb,363613,Amazon_employee_access,12233,ep128_200,200,102,26,128,64,64,64,1,1024,4.5,mesuré ici,0.4756915781153948,0.23392850190214365,0.9414108592593255
95c0cffd0787d5bb,363613,Amazon_employee_access,12233,ep128_200,200,102,26,128,64,64,64,2,1024,4.5,mesuré ici,0.5594888908404321,0.227423373510833,0.9538083914766529
95c0cffd0787d5bb,363613,Amazon_employee_access,12233,ep128_200,200,102,26,128,128,128,128,0,1024,4.5,mesuré ici,0.5144462984104681,0.2224936133651449,0.944564782073071
95c0cffd0787d5bb,363613,Amazon_employee_access,12233,ep128_200,200,102,26,128,128,128,128,1,1024,4.5,mesuré ici,0.6160094844998683,0.2199157659139958,0.9619918069621869
95c0cffd0787d5bb,363613,Amazon_employee_access,12233,ep128_200,200,102,26,128,128,128,128,2,1024,4.5,mesuré ici,0.5531746728725739,0.22011007183805842,0.9519799456026433
95c0cffd0787d5bb,363613,Amazon_employee_access,12233,ep128_200,200,102,26,128,256,256,256,0,1024,4.5,mesuré ici,0.6023272152454554,0.21854149824139368,0.9601591327548288
95c0cffd0787d5bb,363613,Amazon_employee_access,12233,ep128_200,200,102,26,128,256,256,256,1,1024,4.5,mesuré ici,0.6055589707561254,0.21852693043041488,0.960819426138614
95c0cffd0787d5bb,363613,Amazon_employee_access,12233,ep128_200,200,102,26,128,256,256,256,2,1024,4.5,mesuré ici,0.6178185650302976,0.21845889360225096,0.9582597798130269
95c0cffd0787d5bb,363613,Amazon_employee_access,12233,ep128_200,200,102,26,128,512,512,512,0,1024,4.5,mesuré ici,0.6417317994203917,0.21400233291827622,0.9608279966893586
95c0cffd0787d5bb,363613,Amazon_employee_access,12233,ep128_200,200,102,26,128,1024,1024,1024,0,1024,4.5,mesuré ici,0.5552999033986125,0.22064817909392626,0.9491991422807158
95c0cffd0787d5bb,363613,Amazon_employee_access,12233,ep128_200,200,102,26,128,2048,2048,2048,0,1024,5.8,mesuré ici,0.7033810485641522,0.2000048587952001,0.9691301969512898
95c0cffd0787d5bb,363613,Amazon_employee_access,12233,ep128_200,200,102,26,128,full,12233,12233,0,1024,40.5,mesuré ici,0.8336085009221041,0.16731919993202454,0.9848678793579388
95c0cffd0787d5bb,363618,bank-marketing,16878,ep128_25,25,102,26,128,32,32,32,0,1024,5.2,mesuré ici,0.6708471607669616,0.3445130656643751,0.20695740478982655
95c0cffd0787d5bb,363618,bank-marketing,16878,ep128_25,25,102,26,128,32,32,32,1,1024,4.8,mesuré ici,0.7419386061946903,0.3106119006906215,0.40794433990054235
95c0cffd0787d5bb,363618,bank-marketing,16878,ep128_25,25,102,26,128,32,32,32,2,1024,4.9,mesuré ici,0.5864352876106194,0.37413201601527013,0.19885384459098493
95c0cffd0787d5bb,363618,bank-marketing,16878,ep128_25,25,102,26,128,64,64,64,0,1024,4.8,mesuré ici,0.7298534292035399,0.32966320964853857,0.2992817883843399
95c0cffd0787d5bb,363618,bank-marketing,16878,ep128_25,25,102,26,128,64,64,64,1,1024,4.8,mesuré ici,0.6782909292035398,0.33470964504181205,0.30789870809588055
95c0cffd0787d5bb,363618,bank-marketing,16878,ep128_25,25,102,26,128,64,64,64,2,1024,4.9,mesuré ici,0.7045907079646019,0.3178471459942365,0.39543117407869555
95c0cffd0787d5bb,363618,bank-marketing,16878,ep128_25,25,102,26,128,128,128,128,0,1024,4.9,mesuré ici,0.7048488200589971,0.3276597941986171,0.3743587197709867
95c0cffd0787d5bb,363618,bank-marketing,16878,ep128_25,25,102,26,128,128,128,128,1,1024,5.2,mesuré ici,0.7160766961651918,0.30872377258323946,0.41685068467592995
95c0cffd0787d5bb,363618,bank-marketing,16878,ep128_25,25,102,26,128,128,128,128,2,1024,4.9,mesuré ici,0.7048995206489675,0.3336782652439971,0.2660896260258301
95c0cffd0787d5bb,363618,bank-marketing,16878,ep128_25,25,102,26,128,256,256,256,0,1024,4.9,mesuré ici,0.7275534660766962,0.31919350503138705,0.3734238438992257
95c0cffd0787d5bb,363618,bank-marketing,16878,ep128_25,25,102,26,128,256,256,256,1,1024,4.9,mesuré ici,0.7060978982300885,0.3099805464252389,0.4017906937503412
95c0cffd0787d5bb,363618,bank-marketing,16878,ep128_25,25,102,26,128,256,256,256,2,1024,4.9,mesuré ici,0.7423718657817109,0.32051231498154154,0.4209428530787897
95c0cffd0787d5bb,363618,bank-marketing,16878,ep128_25,25,102,26,128,512,512,512,0,1024,4.9,mesuré ici,0.7350064528023599,0.30561538411884415,0.4261004166892607
95c0cffd0787d5bb,363618,bank-marketing,16878,ep128_25,25,102,26,128,1024,1024,1024,0,1024,5.0,mesuré ici,0.7819137168141592,0.29022454660888125,0.474604383325033
95c0cffd0787d5bb,363618,bank-marketing,16878,ep128_25,25,102,26,128,2048,2048,2048,0,1024,6.4,mesuré ici,0.7773921460176991,0.286796700380623,0.4955188290273302
95c0cffd0787d5bb,363618,bank-marketing,16878,ep128_25,25,102,26,128,full,16878,16878,0,1024,65.9,mesuré ici,0.7904590707964603,0.2796818416138421,0.5063794683679923
95c0cffd0787d5bb,363618,bank-marketing,16878,ep128_50,50,102,26,128,32,32,32,0,1024,5.2,mesuré ici,0.6769681047197641,0.3471594225888277,0.20925533719330544
95c0cffd0787d5bb,363618,bank-marketing,16878,ep128_50,50,102,26,128,32,32,32,1,1024,4.8,mesuré ici,0.7397308259587021,0.3138454946188426,0.41937585714391834
95c0cffd0787d5bb,363618,bank-marketing,16878,ep128_50,50,102,26,128,32,32,32,2,1024,4.8,mesuré ici,0.5953309365781712,0.3619838468680601,0.2132917746930852
95c0cffd0787d5bb,363618,bank-marketing,16878,ep128_50,50,102,26,128,64,64,64,0,1024,4.8,mesuré ici,0.7306093289085546,0.32510471864474794,0.3101964015938682
95c0cffd0787d5bb,363618,bank-marketing,16878,ep128_50,50,102,26,128,64,64,64,1,1024,4.8,mesuré ici,0.6864813790560472,0.3351065116042912,0.3567434282684551
95c0cffd0787d5bb,363618,bank-marketing,16878,ep128_50,50,102,26,128,64,64,64,2,1024,4.9,mesuré ici,0.7160490412979351,0.31413156395624003,0.3997703253728665
95c0cffd0787d5bb,363618,bank-marketing,16878,ep128_50,50,102,26,128,128,128,128,0,1024,4.8,mesuré ici,0.7145280235988201,0.32915988072359187,0.38889204247914566
95c0cffd0787d5bb,363618,bank-marketing,16878,ep128_50,50,102,26,128,128,128,128,1,1024,4.8,mesuré ici,0.7235527286135693,0.3058925244554835,0.4204817824088942
95c0cffd0787d5bb,363618,bank-marketing,16878,ep128_50,50,102,26,128,128,128,128,2,1024,4.9,mesuré ici,0.7108545353982301,0.3360468877907199,0.26977203778252923
95c0cffd0787d5bb,363618,bank-marketing,16878,ep128_50,50,102,26,128,256,256,256,0,1024,5.1,mesuré ici,0.733867994100295,0.31874233011392544,0.4001606396999726
95c0cffd0787d5bb,363618,bank-marketing,16878,ep128_50,50,102,26,128,256,256,256,1,1024,4.9,mesuré ici,0.7152286135693215,0.3099892057186007,0.4155614587770967
95c0cffd0787d5bb,363618,bank-marketing,16878,ep128_50,50,102,26,128,256,256,256,2,1024,5.1,mesuré ici,0.7414408185840708,0.31231749157064637,0.4212882437348911
95c0cffd0787d5bb,363618,bank-marketing,16878,ep128_50,50,102,26,128,512,512,512,0,1024,5.0,mesuré ici,0.7423165560471977,0.30184721809276904,0.4321781110300599
95c0cffd0787d5bb,363618,bank-marketing,16878,ep128_50,50,102,26,128,1024,1024,1024,0,1024,5.1,mesuré ici,0.7824529867256638,0.2907895142106179,0.4786316532282533
95c0cffd0787d5bb,363618,bank-marketing,16878,ep128_50,50,102,26,128,2048,2048,2048,0,1024,6.5,mesuré ici,0.7788440265486727,0.28800908797138275,0.486020228490146
95c0cffd0787d5bb,363618,bank-marketing,16878,ep128_50,50,102,26,128,full,16878,16878,0,1024,65.3,mesuré ici,0.7903438421828909,0.2803173038092946,0.5020554608729628
95c0cffd0787d5bb,363618,bank-marketing,16878,ep128_200,200,102,26,128,32,32,32,0,1024,5.2,mesuré ici,0.6850387168141593,0.34413431443895265,0.2079870465628327
95c0cffd0787d5bb,363618,bank-marketing,16878,ep128_200,200,102,26,128,32,32,32,1,1024,4.8,mesuré ici,0.7273967551622419,0.3110711704277687,0.4037646781046425
95c0cffd0787d5bb,363618,bank-marketing,16878,ep128_200,200,102,26,128,32,32,32,2,1024,4.8,mesuré ici,0.6209485619469026,0.34025810272060186,0.29820102354909384
95c0cffd0787d5bb,363618,bank-marketing,16878,ep128_200,200,102,26,128,64,64,64,0,1024,4.9,mesuré ici,0.7472529498525073,0.3103312070372768,0.42280804886912693
95c0cffd0787d5bb,363618,bank-marketing,16878,ep128_200,200,102,26,128,64,64,64,1,1024,4.8,mesuré ici,0.6801207595870207,0.330277390700215,0.37228484112539745
95c0cffd0787d5bb,363618,bank-marketing,16878,ep128_200,200,102,26,128,64,64,64,2,1024,4.9,mesuré ici,0.7358499262536874,0.31318757946025394,0.40052071507813036
95c0cffd0787d5bb,363618,bank-marketing,16878,ep128_200,200,102,26,128,128,128,128,0,1024,4.9,mesuré ici,0.7268897492625369,0.3203174075841033,0.4024253789387646
95c0cffd0787d5bb,363618,bank-marketing,16878,ep128_200,200,102,26,128,128,128,128,1,1024,4.9,mesuré ici,0.7530512536873155,0.30534225251441005,0.4464908298620035
95c0cffd0787d5bb,363618,bank-marketing,16878,ep128_200,200,102,26,128,128,128,128,2,1024,4.8,mesuré ici,0.7042772861356932,0.33413287024187666,0.2744732537624172
95c0cffd0787d5bb,363618,bank-marketing,16878,ep128_200,200,102,26,128,256,256,256,0,1024,4.9,mesuré ici,0.7379102138643068,0.31220585808266765,0.4197008887179089
95c0cffd0787d5bb,363618,bank-marketing,16878,ep128_200,200,102,26,128,256,256,256,1,1024,4.8,mesuré ici,0.7328032817109145,0.3057896518687465,0.4218266333550939
95c0cffd0787d5bb,363618,bank-marketing,16878,ep128_200,200,102,26,128,256,256,256,2,1024,4.9,mesuré ici,0.7470224926253688,0.3091409626155344,0.42392987946879823
95c0cffd0787d5bb,363618,bank-marketing,16878,ep128_200,200,102,26,128,512,512,512,0,1024,4.9,mesuré ici,0.7548764749262535,0.29902327475372703,0.4393354371363873
95c0cffd0787d5bb,363618,bank-marketing,16878,ep128_200,200,102,26,128,1024,1024,1024,0,1024,5.0,mesuré ici,0.7781987463126844,0.29427058925340965,0.4654521783052883
95c0cffd0787d5bb,363618,bank-marketing,16878,ep128_200,200,102,26,128,2048,2048,2048,0,1024,6.3,mesuré ici,0.777820796460177,0.291331820457694,0.47939362434317456
95c0cffd0787d5bb,363618,bank-marketing,16878,ep128_200,200,102,26,128,full,16878,16878,0,1024,65.8,mesuré ici,0.7856839970501475,0.28325593531682347,0.4967855366127731
95c0cffd0787d5bb,363624,coil2000_insurance_policies,3666,ep128_25,25,102,26,128,32,32,32,0,1024,5.3,mesuré ici,0.48049980423199357,0.24189698734203557,0.05704991799966706
95c0cffd0787d5bb,363624,coil2000_insurance_policies,3666,ep128_25,25,102,26,128,32,32,32,1,1024,5.0,mesuré ici,0.5606285004170709,0.23534062691503094,0.07145815047711854
95c0cffd0787d5bb,363624,coil2000_insurance_policies,3666,ep128_25,25,102,26,128,32,32,32,2,1024,4.9,mesuré ici,0.5559811381781659,0.23197955124440106,0.0702535272924963
95c0cffd0787d5bb,363624,coil2000_insurance_policies,3666,ep128_25,25,102,26,128,64,64,64,0,1024,4.9,mesuré ici,0.586027271334457,0.2258269922119656,0.08891992015258626
95c0cffd0787d5bb,363624,coil2000_insurance_policies,3666,ep128_25,25,102,26,128,64,64,64,1,1024,4.9,mesuré ici,0.5233049044141429,0.23326385807592626,0.06340048152588135
95c0cffd0787d5bb,363624,coil2000_insurance_policies,3666,ep128_25,25,102,26,128,64,64,64,2,1024,5.3,mesuré ici,0.6286961850773709,0.22339287154428172,0.09326024955977696
95c0cffd0787d5bb,363624,coil2000_insurance_policies,3666,ep128_25,25,102,26,128,128,128,128,0,1024,5.5,mesuré ici,0.6576613383722316,0.2206805975109894,0.11743147004180383
95c0cffd0787d5bb,363624,coil2000_insurance_policies,3666,ep128_25,25,102,26,128,128,128,128,1,1024,5.4,mesuré ici,0.6401443576255894,0.22104966837909618,0.11624952305964846
95c0cffd0787d5bb,363624,coil2000_insurance_policies,3666,ep128_25,25,102,26,128,128,128,128,2,1024,5.5,mesuré ici,0.5436647770798223,0.2274688823819332,0.06718084150194523
95c0cffd0787d5bb,363624,coil2000_insurance_policies,3666,ep128_25,25,102,26,128,256,256,256,0,1024,5.5,mesuré ici,0.6767359515176276,0.21888449153808964,0.12804790613568867
95c0cffd0787d5bb,363624,coil2000_insurance_policies,3666,ep128_25,25,102,26,128,256,256,256,1,1024,5.7,mesuré ici,0.637250395791839,0.2200942856716346,0.10592582882464154
95c0cffd0787d5bb,363624,coil2000_insurance_policies,3666,ep128_25,25,102,26,128,256,256,256,2,1024,5.4,mesuré ici,0.6960488909316854,0.213064043272854,0.13009925133728173
95c0cffd0787d5bb,363624,coil2000_insurance_policies,3666,ep128_25,25,102,26,128,512,512,512,0,1024,5.6,mesuré ici,0.7385901298878164,0.2106671272540956,0.15335378575750924
95c0cffd0787d5bb,363624,coil2000_insurance_policies,3666,ep128_25,25,102,26,128,1024,1024,1024,0,1024,6.9,mesuré ici,0.7313637369558926,0.20608999415427232,0.18680201719509024
95c0cffd0787d5bb,363624,coil2000_insurance_policies,3666,ep128_25,25,102,26,128,2048,2048,2048,0,1024,11.8,mesuré ici,0.7431608872546516,0.20345008645256096,0.16708140186995504
95c0cffd0787d5bb,363624,coil2000_insurance_policies,3666,ep128_25,25,102,26,128,full,3666,3666,0,1024,17.9,mesuré ici,0.7646017397817613,0.19961865726953604,0.18379107886622814
95c0cffd0787d5bb,363624,coil2000_insurance_policies,3666,ep128_50,50,102,26,128,32,32,32,0,1024,5.3,mesuré ici,0.474924671875798,0.2415989131805492,0.05607424722999175
95c0cffd0787d5bb,363624,coil2000_insurance_policies,3666,ep128_50,50,102,26,128,32,32,32,1,1024,4.9,mesuré ici,0.57242565071583,0.2343907203144579,0.07329714874787169
95c0cffd0787d5bb,363624,coil2000_insurance_policies,3666,ep128_50,50,102,26,128,32,32,32,2,1024,5.1,mesuré ici,0.568689035289311,0.23185642961957714,0.07268634834929034
95c0cffd0787d5bb,363624,coil2000_insurance_policies,3666,ep128_50,50,102,26,128,64,64,64,0,1024,5.0,mesuré ici,0.6041145327953968,0.2240751776435775,0.09403698727302912
95c0cffd0787d5bb,363624,coil2000_insurance_policies,3666,ep128_50,50,102,26,128,64,64,64,1,1024,5.0,mesuré ici,0.5228197402243672,0.23233382584523266,0.06380921745743409
95c0cffd0787d5bb,363624,coil2000_insurance_policies,3666,ep128_50,50,102,26,128,64,64,64,2,1024,4.9,mesuré ici,0.6256405018470286,0.22361966623148172,0.09360668819383579
95c0cffd0787d5bb,363624,coil2000_insurance_policies,3666,ep128_50,50,102,26,128,128,128,128,0,1024,5.5,mesuré ici,0.6771955807500468,0.22042472085986192,0.1246788645551658
95c0cffd0787d5bb,363624,coil2000_insurance_policies,3666,ep128_50,50,102,26,128,128,128,128,1,1024,5.5,mesuré ici,0.6413274773164462,0.22133326406471304,0.11833223382176682
95c0cffd0787d5bb,363624,coil2000_insurance_policies,3666,ep128_50,50,102,26,128,128,128,128,2,1024,5.5,mesuré ici,0.5520232197878896,0.2270839169161049,0.06804694831065607
95c0cffd0787d5bb,363624,coil2000_insurance_policies,3666,ep128_50,50,102,26,128,256,256,256,0,1024,5.5,mesuré ici,0.6874265869975997,0.2178364860336231,0.1363201483469408
95c0cffd0787d5bb,363624,coil2000_insurance_policies,3666,ep128_50,50,102,26,128,256,256,256,1,1024,5.5,mesuré ici,0.6299644212927497,0.22094004183917115,0.10826536210291769
95c0cffd0787d5bb,363624,coil2000_insurance_policies,3666,ep128_50,50,102,26,128,256,256,256,2,1024,5.4,mesuré ici,0.7015899766780723,0.21284697187050294,0.13438756092690493
95c0cffd0787d5bb,363624,coil2000_insurance_policies,3666,ep128_50,50,102,26,128,512,512,512,0,1024,5.4,mesuré ici,0.7404967400371109,0.21080858091111243,0.14852853399471444
95c0cffd0787d5bb,363624,coil2000_insurance_policies,3666,ep128_50,50,102,26,128,1024,1024,1024,0,1024,6.7,mesuré ici,0.7358493777982057,0.20587346306174553,0.18984617540306858
95c0cffd0787d5bb,363624,coil2000_insurance_policies,3666,ep128_50,50,102,26,128,2048,2048,2048,0,1024,11.6,mesuré ici,0.7410755324038608,0.20424816742477603,0.1650399497433856
95c0cffd0787d5bb,363624,coil2000_insurance_policies,3666,ep128_50,50,102,26,128,full,3666,3666,0,1024,18.7,mesuré ici,0.7603714485130144,0.20053702198781903,0.1821119889704768
95c0cffd0787d5bb,363624,coil2000_insurance_policies,3666,ep128_200,200,102,26,128,32,32,32,0,1024,5.1,mesuré ici,0.4241271300410262,0.2387556711321562,0.051050596447715126
95c0cffd0787d5bb,363624,coil2000_insurance_policies,3666,ep128_200,200,102,26,128,32,32,32,1,1024,4.9,mesuré ici,0.650196619171646,0.22341121927673124,0.09845846370516889
95c0cffd0787d5bb,363624,coil2000_insurance_policies,3666,ep128_200,200,102,26,128,32,32,32,2,1024,4.8,mesuré ici,0.6216996067616567,0.22777054408646447,0.0908407602482749
95c0cffd0787d5bb,363624,coil2000_insurance_policies,3666,ep128_200,200,102,26,128,64,64,64,0,1024,4.9,mesuré ici,0.6485623819008223,0.2195901407390582,0.12083446256749768
95c0cffd0787d5bb,363624,coil2000_insurance_policies,3666,ep128_200,200,102,26,128,64,64,64,1,1024,4.8,mesuré ici,0.5756600786476687,0.2288258022922381,0.07758110149311578
95c0cffd0787d5bb,363624,coil2000_insurance_policies,3666,ep128_200,200,102,26,128,64,64,64,2,1024,4.9,mesuré ici,0.6282110208875951,0.22246505419806856,0.12522874076957394
95c0cffd0787d5bb,363624,coil2000_insurance_policies,3666,ep128_200,200,102,26,128,128,128,128,0,1024,5.5,mesuré ici,0.7297039647277124,0.21844392466369544,0.13896445020810586
95c0cffd0787d5bb,363624,coil2000_insurance_policies,3666,ep128_200,200,102,26,128,128,128,128,1,1024,5.4,mesuré ici,0.6436426467834465,0.22452163298704716,0.12947407388049245
95c0cffd0787d5bb,363624,coil2000_insurance_policies,3666,ep128_200,200,102,26,128,128,128,128,2,1024,5.5,mesuré ici,0.5522360110991948,0.22725088887382722,0.07088235036471144
95c0cffd0787d5bb,363624,coil2000_insurance_policies,3666,ep128_200,200,102,26,128,256,256,256,0,1024,5.5,mesuré ici,0.7038540762303594,0.2157859955526386,0.1528158965950258
95c0cffd0787d5bb,363624,coil2000_insurance_policies,3666,ep128_200,200,102,26,128,256,256,256,1,1024,5.6,mesuré ici,0.6574400354084742,0.218625851005574,0.12506645490046378
95c0cffd0787d5bb,363624,coil2000_insurance_policies,3666,ep128_200,200,102,26,128,256,256,256,2,1024,5.4,mesuré ici,0.681272662274654,0.21664875469489747,0.13135423392702467
95c0cffd0787d5bb,363624,coil2000_insurance_policies,3666,ep128_200,200,102,26,128,512,512,512,0,1024,5.4,mesuré ici,0.7252353471903035,0.21239517060246874,0.14392238147444597
95c0cffd0787d5bb,363624,coil2000_insurance_policies,3666,ep128_200,200,102,26,128,1024,1024,1024,0,1024,6.7,mesuré ici,0.7201879372861448,0.20958155971811437,0.16688498021041545
95c0cffd0787d5bb,363624,coil2000_insurance_policies,3666,ep128_200,200,102,26,128,2048,2048,2048,0,1024,11.7,mesuré ici,0.7195665866571337,0.2088430563090035,0.15718518265048934
95c0cffd0787d5bb,363624,coil2000_insurance_policies,3666,ep128_200,200,102,26,128,full,3666,3666,0,1024,18.7,mesuré ici,0.734376861923974,0.205476527288142,0.18269961180550795
95c0cffd0787d5bb,363627,credit_card_clients_default,11200,ep128_25,25,102,26,128,32,32,32,0,1024,5.3,mesuré ici,0.7023502230279848,0.4766841956361957,0.5000804235210501
95c0cffd0787d5bb,363627,credit_card_clients_default,11200,ep128_25,25,102,26,128,32,32,32,1,1024,4.9,mesuré ici,0.6888137785417783,0.5098292025530157,0.45105847187671283
95c0cffd0787d5bb,363627,credit_card_clients_default,11200,ep128_25,25,102,26,128,32,32,32,2,1024,4.8,mesuré ici,0.7287017947258165,0.5433377630955213,0.5017783685895831
95c0cffd0787d5bb,363627,credit_card_clients_default,11200,ep128_25,25,102,26,128,64,64,64,0,1024,4.9,mesuré ici,0.757109535206363,0.43866463288595137,0.5714805316097558
95c0cffd0787d5bb,363627,credit_card_clients_default,11200,ep128_25,25,102,26,128,64,64,64,1,1024,5.0,mesuré ici,0.7437665474604658,0.4760354654073096,0.49416765944600294
95c0cffd0787d5bb,363627,credit_card_clients_default,11200,ep128_25,25,102,26,128,64,64,64,2,1024,5.1,mesuré ici,0.7439323675235878,0.4848619249189323,0.4757539632395288
95c0cffd0787d5bb,363627,credit_card_clients_default,11200,ep128_25,25,102,26,128,128,128,128,0,1024,4.9,mesuré ici,0.7414699395862236,0.46416428999160786,0.49040380280535684
95c0cffd0787d5bb,363627,credit_card_clients_default,11200,ep128_25,25,102,26,128,128,128,128,1,1024,4.9,mesuré ici,0.7627142533398925,0.42776986746584095,0.56711190378971
95c0cffd0787d5bb,363627,credit_card_clients_default,11200,ep128_25,25,102,26,128,128,128,128,2,1024,4.9,mesuré ici,0.7328058412880902,0.4700502879776695,0.532226006881111
95c0cffd0787d5bb,363627,credit_card_clients_default,11200,ep128_25,25,102,26,128,256,256,256,0,1024,4.9,mesuré ici,0.7530110159795268,0.4438525010240584,0.4934071670939706
95c0cffd0787d5bb,363627,credit_card_clients_default,11200,ep128_25,25,102,26,128,256,256,256,1,1024,4.9,mesuré ici,0.7700517911330484,0.4267429581433575,0.5714137468240047
95c0cffd0787d5bb,363627,credit_card_clients_default,11200,ep128_25,25,102,26,128,256,256,256,2,1024,4.8,mesuré ici,0.7828254633288931,0.42242338910486743,0.5848755448999827
95c0cffd0787d5bb,363627,credit_card_clients_default,11200,ep128_25,25,102,26,128,512,512,512,0,1024,4.9,mesuré ici,0.7862828116449903,0.42170204510499454,0.5786916208990837
95c0cffd0787d5bb,363627,credit_card_clients_default,11200,ep128_25,25,102,26,128,1024,1024,1024,0,1024,5.0,mesuré ici,0.7876784638429353,0.4254483022858012,0.5710565061820215
95c0cffd0787d5bb,363627,credit_card_clients_default,11200,ep128_25,25,102,26,128,2048,2048,2048,0,1024,7.0,mesuré ici,0.7965277278782218,0.41342014178477327,0.5780632222763598
95c0cffd0787d5bb,363627,credit_card_clients_default,11200,ep128_25,25,102,26,128,full,11200,11200,0,1024,38.4,mesuré ici,0.7969422780360271,0.4110483648063342,0.5901090238711926
95c0cffd0787d5bb,363627,credit_card_clients_default,11200,ep128_50,50,102,26,128,32,32,32,0,1024,5.2,mesuré ici,0.7082782902846024,0.4686969734180389,0.5053822624373089
95c0cffd0787d5bb,363627,credit_card_clients_default,11200,ep128_50,50,102,26,128,32,32,32,1,1024,4.8,mesuré ici,0.6944488970202134,0.5046084268222554,0.462852219392232
95c0cffd0787d5bb,363627,credit_card_clients_default,11200,ep128_50,50,102,26,128,32,32,32,2,1024,4.8,mesuré ici,0.7306418894643459,0.5671059148848501,0.5017715619428068
95c0cffd0787d5bb,363627,credit_card_clients_default,11200,ep128_50,50,102,26,128,64,64,64,0,1024,4.8,mesuré ici,0.7592983600395757,0.43508570869970803,0.5712200724117217
95c0cffd0787d5bb,363627,credit_card_clients_default,11200,ep128_50,50,102,26,128,64,64,64,1,1024,4.7,mesuré ici,0.7433602883058165,0.4909546568905487,0.49712794139493816
95c0cffd0787d5bb,363627,credit_card_clients_default,11200,ep128_50,50,102,26,128,64,64,64,2,1024,4.8,mesuré ici,0.7526517391760954,0.4729325432165318,0.4920107863481714
95c0cffd0787d5bb,363627,credit_card_clients_default,11200,ep128_50,50,102,26,128,128,128,128,0,1024,4.8,mesuré ici,0.7416578689910954,0.4582479506499002,0.4891184717477972
95c0cffd0787d5bb,363627,credit_card_clients_default,11200,ep128_50,50,102,26,128,128,128,128,1,1024,4.9,mesuré ici,0.7645051100216118,0.42691913412867777,0.5661637385822793
95c0cffd0787d5bb,363627,credit_card_clients_default,11200,ep128_50,50,102,26,128,128,128,128,2,1024,4.8,mesuré ici,0.7408895693652962,0.46241143446052557,0.5448165596442328
95c0cffd0787d5bb,363627,credit_card_clients_default,11200,ep128_50,50,102,26,128,256,256,256,0,1024,4.8,mesuré ici,0.7593840337388555,0.4411166067121828,0.5139383647388197
95c0cffd0787d5bb,363627,credit_card_clients_default,11200,ep128_50,50,102,26,128,256,256,256,1,1024,4.8,mesuré ici,0.7771378351638025,0.4230296437280663,0.5803395584775234
95c0cffd0787d5bb,363627,credit_card_clients_default,11200,ep128_50,50,102,26,128,256,256,256,2,1024,4.8,mesuré ici,0.7854094926458802,0.4192291742081641,0.586187086109078
95c0cffd0787d5bb,363627,credit_card_clients_default,11200,ep128_50,50,102,26,128,512,512,512,0,1024,4.9,mesuré ici,0.7884937458199526,0.4195366643255366,0.5812100480476337
95c0cffd0787d5bb,363627,credit_card_clients_default,11200,ep128_50,50,102,26,128,1024,1024,1024,0,1024,5.0,mesuré ici,0.788786694598135,0.4239147118060263,0.5719248948975088
95c0cffd0787d5bb,363627,credit_card_clients_default,11200,ep128_50,50,102,26,128,2048,2048,2048,0,1024,6.6,mesuré ici,0.7962071424228523,0.41339848079458985,0.5786928129306697
95c0cffd0787d5bb,363627,credit_card_clients_default,11200,ep128_50,50,102,26,128,full,11200,11200,0,1024,40.0,mesuré ici,0.7962513611063515,0.41155280689056084,0.5914334399759453
95c0cffd0787d5bb,363627,credit_card_clients_default,11200,ep128_200,200,102,26,128,32,32,32,0,1024,5.4,mesuré ici,0.7287653590833467,0.45521034905349833,0.5262444662936109
95c0cffd0787d5bb,363627,credit_card_clients_default,11200,ep128_200,200,102,26,128,32,32,32,1,1024,4.9,mesuré ici,0.7216710240494364,0.48603781587812867,0.5190248882891395
95c0cffd0787d5bb,363627,credit_card_clients_default,11200,ep128_200,200,102,26,128,32,32,32,2,1024,5.0,mesuré ici,0.730771781847125,0.5393515481706592,0.5161733848881835
95c0cffd0787d5bb,363627,credit_card_clients_default,11200,ep128_200,200,102,26,128,64,64,64,0,1024,4.9,mesuré ici,0.7766624843161857,0.4264735401660283,0.576561028915166
95c0cffd0787d5bb,363627,credit_card_clients_default,11200,ep128_200,200,102,26,128,64,64,64,1,1024,4.9,mesuré ici,0.7490175161260012,0.4706762785882759,0.527651604744639
95c0cffd0787d5bb,363627,credit_card_clients_default,11200,ep128_200,200,102,26,128,64,64,64,2,1024,4.8,mesuré ici,0.7571786268993307,0.45334432310727246,0.5370176161211377
95c0cffd0787d5bb,363627,credit_card_clients_default,11200,ep128_200,200,102,26,128,128,128,128,0,1024,4.9,mesuré ici,0.7583918770278412,0.4459546856585822,0.5122777193717893
95c0cffd0787d5bb,363627,credit_card_clients_default,11200,ep128_200,200,102,26,128,128,128,128,1,1024,4.8,mesuré ici,0.7631951315229468,0.4311363589630861,0.5668851660985172
95c0cffd0787d5bb,363627,credit_card_clients_default,11200,ep128_200,200,102,26,128,128,128,128,2,1024,4.9,mesuré ici,0.7612882007970416,0.4514003450195525,0.5854914120417998
95c0cffd0787d5bb,363627,credit_card_clients_default,11200,ep128_200,200,102,26,128,256,256,256,0,1024,4.8,mesuré ici,0.7640187045031201,0.4386401399137501,0.567900398723642
95c0cffd0787d5bb,363627,credit_card_clients_default,11200,ep128_200,200,102,26,128,256,256,256,1,1024,4.9,mesuré ici,0.7798572841990061,0.4196135423970955,0.5936277373282777
95c0cffd0787d5bb,363627,credit_card_clients_default,11200,ep128_200,200,102,26,128,256,256,256,2,1024,4.8,mesuré ici,0.7891293893952542,0.4185219088579662,0.5856523220487033
95c0cffd0787d5bb,363627,credit_card_clients_default,11200,ep128_200,200,102,26,128,512,512,512,0,1024,4.9,mesuré ici,0.7861059369109933,0.4185888027088638,0.5869948714699446
95c0cffd0787d5bb,363627,credit_card_clients_default,11200,ep128_200,200,102,26,128,1024,1024,1024,0,1024,5.0,mesuré ici,0.7857521874429994,0.4246399728084731,0.5765283911308925
95c0cffd0787d5bb,363627,credit_card_clients_default,11200,ep128_200,200,102,26,128,2048,2048,2048,0,1024,6.8,mesuré ici,0.793103543574749,0.4134391662383291,0.5888001433198556
95c0cffd0787d5bb,363627,credit_card_clients_default,11200,ep128_200,200,102,26,128,full,11200,11200,0,1024,39.8,mesuré ici,0.7920920411897037,0.4128696133174205,0.5858148745469909
95c0cffd0787d5bb,363629,diabetes,286,ep128_25,25,102,26,128,32,32,32,0,103,2.9,mesuré ici,0.728648424543947,0.5828503498181908,0.5759710268030861
95c0cffd0787d5bb,363629,diabetes,286,ep128_25,25,102,26,128,32,32,32,1,103,2.6,mesuré ici,0.8453565505804311,0.4837820929254868,0.7219089880822932
95c0cffd0787d5bb,363629,diabetes,286,ep128_25,25,102,26,128,32,32,32,2,103,2.5,mesuré ici,0.8084577114427861,0.5425781741769005,0.6480365902218822
95c0cffd0787d5bb,363629,diabetes,286,ep128_25,25,102,26,128,64,64,64,0,103,2.5,mesuré ici,0.822346600331675,0.49604797274373563,0.6830957608371504
95c0cffd0787d5bb,363629,diabetes,286,ep128_25,25,102,26,128,64,64,64,1,103,2.6,mesuré ici,0.820480928689884,0.48906469356769927,0.6838591274343613
95c0cffd0787d5bb,363629,diabetes,286,ep128_25,25,102,26,128,64,64,64,2,103,2.5,mesuré ici,0.8262852404643449,0.48971325597669996,0.7457768860931565
95c0cffd0787d5bb,363629,diabetes,286,ep128_25,25,102,26,128,128,128,128,0,103,2.6,mesuré ici,0.8739635157545604,0.4464824137195657,0.770796312849432
95c0cffd0787d5bb,363629,diabetes,286,ep128_25,25,102,26,128,128,128,128,1,103,2.5,mesuré ici,0.8441127694859039,0.4679096109297535,0.7480994253668376
95c0cffd0787d5bb,363629,diabetes,286,ep128_25,25,102,26,128,128,128,128,2,103,2.6,mesuré ici,0.8702321724709784,0.46512757615935746,0.7693949664827591
95c0cffd0787d5bb,363629,diabetes,286,ep128_25,25,102,26,128,256,256,256,0,103,2.6,mesuré ici,0.8772802653399668,0.4367375807943623,0.7719615990064777
95c0cffd0787d5bb,363629,diabetes,286,ep128_25,25,102,26,128,256,256,256,1,103,2.5,mesuré ici,0.8781094527363184,0.4252184516899996,0.7849239996441892
95c0cffd0787d5bb,363629,diabetes,286,ep128_25,25,102,26,128,256,256,256,2,103,2.5,mesuré ici,0.8824626865671642,0.42320930422750025,0.7886240623280032
95c0cffd0787d5bb,363629,diabetes,286,ep128_25,25,102,26,128,full,286,286,0,103,2.6,mesuré ici,0.8768656716417911,0.4278681787357876,0.7871982124325172
95c0cffd0787d5bb,363629,diabetes,286,ep128_50,50,102,26,128,32,32,32,0,103,3.1,mesuré ici,0.7286484245439468,0.5799443511705575,0.5740971658527773
95c0cffd0787d5bb,363629,diabetes,286,ep128_50,50,102,26,128,32,32,32,1,103,2.8,mesuré ici,0.8345771144278606,0.48227920516089984,0.7027563645122209
95c0cffd0787d5bb,363629,diabetes,286,ep128_50,50,102,26,128,32,32,32,2,103,2.5,mesuré ici,0.804726368159204,0.5346561164958403,0.6407735679749763
95c0cffd0787d5bb,363629,diabetes,286,ep128_50,50,102,26,128,64,64,64,0,103,2.6,mesuré ici,0.8385157545605306,0.47451021237309815,0.7065175741616172
95c0cffd0787d5bb,363629,diabetes,286,ep128_50,50,102,26,128,64,64,64,1,103,2.5,mesuré ici,0.814469320066335,0.49507378481987846,0.6760890960270037
95c0cffd0787d5bb,363629,diabetes,286,ep128_50,50,102,26,128,64,64,64,2,103,2.6,mesuré ici,0.832089552238806,0.47566330798628087,0.7632710157195767
95c0cffd0787d5bb,363629,diabetes,286,ep128_50,50,102,26,128,128,128,128,0,103,2.6,mesuré ici,0.865464344941957,0.44454603878414595,0.7564140858677074
95c0cffd0787d5bb,363629,diabetes,286,ep128_50,50,102,26,128,128,128,128,1,103,2.6,mesuré ici,0.8445273631840796,0.46500553060967187,0.750298071644579
95c0cffd0787d5bb,363629,diabetes,286,ep128_50,50,102,26,128,128,128,128,2,103,2.6,mesuré ici,0.8635986733001658,0.45666781062708645,0.7548800097552719
95c0cffd0787d5bb,363629,diabetes,286,ep128_50,50,102,26,128,256,256,256,0,103,2.5,mesuré ici,0.8648424543946932,0.43781041520697134,0.7621166397537239
95c0cffd0787d5bb,363629,diabetes,286,ep128_50,50,102,26,128,256,256,256,1,103,2.5,mesuré ici,0.8718905472636815,0.42901598930176643,0.7738265133947069
95c0cffd0787d5bb,363629,diabetes,286,ep128_50,50,102,26,128,256,256,256,2,103,2.6,mesuré ici,0.876865671641791,0.42563331391959885,0.7855517063987132
95c0cffd0787d5bb,363629,diabetes,286,ep128_50,50,102,26,128,full,286,286,0,103,2.6,mesuré ici,0.8656716417910448,0.43491315472577524,0.7679174675941198
95c0cffd0787d5bb,363629,diabetes,286,ep128_200,200,102,26,128,32,32,32,0,103,2.9,mesuré ici,0.7228441127694859,0.5757255583871195,0.5503363259465524
95c0cffd0787d5bb,363629,diabetes,286,ep128_200,200,102,26,128,32,32,32,1,103,2.6,mesuré ici,0.8177860696517413,0.5017960907105967,0.681770180329567
95c0cffd0787d5bb,363629,diabetes,286,ep128_200,200,102,26,128,32,32,32,2,103,2.5,mesuré ici,0.7935323383084578,0.5192233122247752,0.6259918584454272
95c0cffd0787d5bb,363629,diabetes,286,ep128_200,200,102,26,128,64,64,64,0,103,2.6,mesuré ici,0.84742951907131,0.4593420209293205,0.7177309499014443
95c0cffd0787d5bb,363629,diabetes,286,ep128_200,200,102,26,128,64,64,64,1,103,2.6,mesuré ici,0.8221393034825871,0.4839393959420956,0.7063528941955689
95c0cffd0787d5bb,363629,diabetes,286,ep128_200,200,102,26,128,64,64,64,2,103,2.6,mesuré ici,0.8432835820895522,0.4564982519027805,0.7739746426443511
95c0cffd0787d5bb,363629,diabetes,286,ep128_200,200,102,26,128,128,128,128,0,103,2.5,mesuré ici,0.8638059701492538,0.43326700794391565,0.7439507189858539
95c0cffd0787d5bb,363629,diabetes,286,ep128_200,200,102,26,128,128,128,128,1,103,2.5,mesuré ici,0.8194444444444444,0.48115428720560505,0.7165224200408523
95c0cffd0787d5bb,363629,diabetes,286,ep128_200,200,102,26,128,128,128,128,2,103,2.5,mesuré ici,0.8584162520729686,0.449176287206787,0.7407250218578832
95c0cffd0787d5bb,363629,diabetes,286,ep128_200,200,102,26,128,256,256,256,0,103,2.6,mesuré ici,0.8598673300165838,0.438033149283796,0.7382572262467127
95c0cffd0787d5bb,363629,diabetes,286,ep128_200,200,102,26,128,256,256,256,1,103,2.5,mesuré ici,0.8694029850746269,0.4273987290519216,0.7886899581190057
95c0cffd0787d5bb,363629,diabetes,286,ep128_200,200,102,26,128,256,256,256,2,103,2.5,mesuré ici,0.8702321724709785,0.4249964344513161,0.7840461889580824
95c0cffd0787d5bb,363629,diabetes,286,ep128_200,200,102,26,128,full,286,286,0,103,2.5,mesuré ici,0.8611111111111112,0.43327039462390354,0.7437740648377484
95c0cffd0787d5bb,363632,E-CommereShippingData,4105,ep128_25,25,102,26,128,32,32,32,0,1024,4.9,mesuré ici,0.6503627998399004,0.6564445000959939,0.7471080718145025
95c0cffd0787d5bb,363632,E-CommereShippingData,4105,ep128_25,25,102,26,128,32,32,32,1,1024,4.6,mesuré ici,0.7176779225102341,0.6340020888192823,0.8290490540265696
95c0cffd0787d5bb,363632,E-CommereShippingData,4105,ep128_25,25,102,26,128,32,32,32,2,1024,4.5,mesuré ici,0.6737139528340393,0.6546144732419772,0.7884097831653927
95c0cffd0787d5bb,363632,E-CommereShippingData,4105,ep128_25,25,102,26,128,64,64,64,0,1024,4.6,mesuré ici,0.7266260605604277,0.5254427331461071,0.8446421445006653
95c0cffd0787d5bb,363632,E-CommereShippingData,4105,ep128_25,25,102,26,128,64,64,64,1,1024,4.5,mesuré ici,0.7401830048782807,0.5197415790441884,0.8515662108436168
95c0cffd0787d5bb,363632,E-CommereShippingData,4105,ep128_25,25,102,26,128,64,64,64,2,1024,4.6,mesuré ici,0.7458578205062157,0.5438074587342205,0.854367838023866
95c0cffd0787d5bb,363632,E-CommereShippingData,4105,ep128_25,25,102,26,128,128,128,128,0,1024,4.8,mesuré ici,0.7424933523022236,0.5250639709867367,0.8547426664238413
95c0cffd0787d5bb,363632,E-CommereShippingData,4105,ep128_25,25,102,26,128,128,128,128,1,1024,4.7,mesuré ici,0.7429490812108915,0.5003429243321931,0.8554857990196476
95c0cffd0787d5bb,363632,E-CommereShippingData,4105,ep128_25,25,102,26,128,128,128,128,2,1024,5.0,mesuré ici,0.7488101512623692,0.5048022144796266,0.8555508812509245
95c0cffd0787d5bb,363632,E-CommereShippingData,4105,ep128_25,25,102,26,128,256,256,256,0,1024,4.7,mesuré ici,0.7288432807725993,0.49535800645567507,0.8489483543994225
95c0cffd0787d5bb,363632,E-CommereShippingData,4105,ep128_25,25,102,26,128,256,256,256,1,1024,4.6,mesuré ici,0.7102792627495116,0.5055062816467645,0.834904386538641
95c0cffd0787d5bb,363632,E-CommereShippingData,4105,ep128_25,25,102,26,128,256,256,256,2,1024,4.6,mesuré ici,0.7406446780770617,0.5013016974140279,0.8530268650633623
95c0cffd0787d5bb,363632,E-CommereShippingData,4105,ep128_25,25,102,26,128,512,512,512,0,1024,4.7,mesuré ici,0.731805518678941,0.491751887808206,0.848848488138092
95c0cffd0787d5bb,363632,E-CommereShippingData,4105,ep128_25,25,102,26,128,1024,1024,1024,0,1024,4.8,mesuré ici,0.7294595055143198,0.49420047017589575,0.8498582747146726
95c0cffd0787d5bb,363632,E-CommereShippingData,4105,ep128_25,25,102,26,128,2048,2048,2048,0,1024,6.1,mesuré ici,0.7341356804032606,0.48978017011021524,0.8511349684443394
95c0cffd0787d5bb,363632,E-CommereShippingData,4105,ep128_25,25,102,26,128,full,4105,4105,0,1024,10.8,mesuré ici,0.7368779795754191,0.48982282381157716,0.8538493353506804
95c0cffd0787d5bb,363632,E-CommereShippingData,4105,ep128_50,50,102,26,128,32,32,32,0,1024,5.0,mesuré ici,0.6446642070515133,0.6579013979245713,0.7380181176140421
95c0cffd0787d5bb,363632,E-CommereShippingData,4105,ep128_50,50,102,26,128,32,32,32,1,1024,4.7,mesuré ici,0.7176799039402718,0.6360567909687334,0.8290596255760906
95c0cffd0787d5bb,363632,E-CommereShippingData,4105,ep128_50,50,102,26,128,32,32,32,2,1024,4.6,mesuré ici,0.6699254586019823,0.6583761681467033,0.7828836627335692
95c0cffd0787d5bb,363632,E-CommereShippingData,4105,ep128_50,50,102,26,128,64,64,64,0,1024,4.7,mesuré ici,0.7281022259385044,0.5198346469208539,0.8459601767845653
95c0cffd0787d5bb,363632,E-CommereShippingData,4105,ep128_50,50,102,26,128,64,64,64,1,1024,4.7,mesuré ici,0.7412054227777272,0.5206283087057575,0.8520463191941718
95c0cffd0787d5bb,363632,E-CommereShippingData,4105,ep128_50,50,102,26,128,64,64,64,2,1024,4.7,mesuré ici,0.7456933618130878,0.5504941053242939,0.8532433919297225
95c0cffd0787d5bb,363632,E-CommereShippingData,4105,ep128_50,50,102,26,128,128,128,128,0,1024,4.8,mesuré ici,0.7393963771533191,0.511080227920377,0.8535145815879012
95c0cffd0787d5bb,363632,E-CommereShippingData,4105,ep128_50,50,102,26,128,128,128,128,1,1024,4.7,mesuré ici,0.7400205276151905,0.5018587593811423,0.853829038488568
95c0cffd0787d5bb,363632,E-CommereShippingData,4105,ep128_50,50,102,26,128,128,128,128,2,1024,4.7,mesuré ici,0.7487190054806355,0.49606970393858174,0.8567071260781609
95c0cffd0787d5bb,363632,E-CommereShippingData,4105,ep128_50,50,102,26,128,256,256,256,0,1024,4.7,mesuré ici,0.7306206235164043,0.49656079897761307,0.8491103361973423
95c0cffd0787d5bb,363632,E-CommereShippingData,4105,ep128_50,50,102,26,128,256,256,256,1,1024,4.6,mesuré ici,0.7177016996706863,0.5044446594505947,0.8399377117267119
95c0cffd0787d5bb,363632,E-CommereShippingData,4105,ep128_50,50,102,26,128,256,256,256,2,1024,4.7,mesuré ici,0.7404623865135946,0.503164667361131,0.8528366971017276
95c0cffd0787d5bb,363632,E-CommereShippingData,4105,ep128_50,50,102,26,128,512,512,512,0,1024,4.8,mesuré ici,0.737878601744451,0.4916629544834575,0.8523214315195133
95c0cffd0787d5bb,363632,E-CommereShippingData,4105,ep128_50,50,102,26,128,1024,1024,1024,0,1024,4.8,mesuré ici,0.7272581367424498,0.4926045026316157,0.8488412174512713
95c0cffd0787d5bb,363632,E-CommereShippingData,4105,ep128_50,50,102,26,128,2048,2048,2048,0,1024,6.1,mesuré ici,0.7331826125551333,0.4895059150017276,0.8508605806744143
95c0cffd0787d5bb,363632,E-CommereShippingData,4105,ep128_50,50,102,26,128,full,4105,4105,0,1024,10.7,mesuré ici,0.7356752515425432,0.4895954812771388,0.8534312661974365
95c0cffd0787d5bb,363632,E-CommereShippingData,4105,ep128_200,200,102,26,128,32,32,32,0,1024,5.1,mesuré ici,0.6696242812362537,0.6621804112682612,0.7775510534328661
95c0cffd0787d5bb,363632,E-CommereShippingData,4105,ep128_200,200,102,26,128,32,32,32,1,1024,4.7,mesuré ici,0.726719187772199,0.6486287883340119,0.835800563312253
95c0cffd0787d5bb,363632,E-CommereShippingData,4105,ep128_200,200,102,26,128,32,32,32,2,1024,4.6,mesuré ici,0.7008674700704993,0.6621476948687208,0.8173892028387123
95c0cffd0787d5bb,363632,E-CommereShippingData,4105,ep128_200,200,102,26,128,64,64,64,0,1024,4.6,mesuré ici,0.733406514149392,0.5049782606044572,0.8501334026886539
95c0cffd0787d5bb,363632,E-CommereShippingData,4105,ep128_200,200,102,26,128,64,64,64,1,1024,4.6,mesuré ici,0.7432839428872606,0.5137429364787066,0.8541012247296155
95c0cffd0787d5bb,363632,E-CommereShippingData,4105,ep128_200,200,102,26,128,64,64,64,2,1024,4.5,mesuré ici,0.7523172824290747,0.5171875656677329,0.858606872351785
95c0cffd0787d5bb,363632,E-CommereShippingData,4105,ep128_200,200,102,26,128,128,128,128,0,1024,4.7,mesuré ici,0.7458578205062157,0.513544545503853,0.8562567600250551
95c0cffd0787d5bb,363632,E-CommereShippingData,4105,ep128_200,200,102,26,128,128,128,128,1,1024,4.7,mesuré ici,0.7464165837768435,0.5130062820313506,0.85522992414664
95c0cffd0787d5bb,363632,E-CommereShippingData,4105,ep128_200,200,102,26,128,128,128,128,2,1024,4.6,mesuré ici,0.7351303582821793,0.5097353738637156,0.8513193404007697
95c0cffd0787d5bb,363632,E-CommereShippingData,4105,ep128_200,200,102,26,128,256,256,256,0,1024,4.8,mesuré ici,0.7403157606908057,0.5034619746275687,0.8548506412535786
95c0cffd0787d5bb,363632,E-CommereShippingData,4105,ep128_200,200,102,26,128,256,256,256,1,1024,4.7,mesuré ici,0.7439061119190942,0.4933883623819049,0.8551676417161225
95c0cffd0787d5bb,363632,E-CommereShippingData,4105,ep128_200,200,102,26,128,256,256,256,2,1024,4.7,mesuré ici,0.7349262709882977,0.5040740635240214,0.8509626280357542
95c0cffd0787d5bb,363632,E-CommereShippingData,4105,ep128_200,200,102,26,128,512,512,512,0,1024,4.8,mesuré ici,0.7395489472662209,0.4975229813519742,0.8528748700142981
95c0cffd0787d5bb,363632,E-CommereShippingData,4105,ep128_200,200,102,26,128,1024,1024,1024,0,1024,4.7,mesuré ici,0.7386434337389981,0.49097904880773935,0.8520962492894635
95c0cffd0787d5bb,363632,E-CommereShippingData,4105,ep128_200,200,102,26,128,2048,2048,2048,0,1024,6.1,mesuré ici,0.7375377957779689,0.4891065538992857,0.85285884197529
95c0cffd0787d5bb,363632,E-CommereShippingData,4105,ep128_200,200,102,26,128,full,4105,4105,0,1024,10.7,mesuré ici,0.7389782954153672,0.48925226538417227,0.8527035325469264
95c0cffd0787d5bb,363671,Fitness_Club,560,ep128_25,25,102,26,128,32,32,32,0,200,3.4,mesuré ici,0.8208333333333332,0.4624401501542508,0.671015457946022
95c0cffd0787d5bb,363671,Fitness_Club,560,ep128_25,25,102,26,128,32,32,32,1,200,3.0,mesuré ici,0.8583333333333333,0.4926631939987105,0.7422062123398853
95c0cffd0787d5bb,363671,Fitness_Club,560,ep128_25,25,102,26,128,32,32,32,2,200,3.0,mesuré ici,0.858452380952381,0.5007682118797553,0.7480705439243861
95c0cffd0787d5bb,363671,Fitness_Club,560,ep128_25,25,102,26,128,64,64,64,0,200,3.0,mesuré ici,0.879702380952381,0.4395714424362045,0.7656426367153925
95c0cffd0787d5bb,363671,Fitness_Club,560,ep128_25,25,102,26,128,64,64,64,1,200,2.9,mesuré ici,0.8247023809523809,0.45570227074086395,0.7054185980290424
95c0cffd0787d5bb,363671,Fitness_Club,560,ep128_25,25,102,26,128,64,64,64,2,200,2.9,mesuré ici,0.8454166666666667,0.4902754873285995,0.7201034344927678
95c0cffd0787d5bb,363671,Fitness_Club,560,ep128_25,25,102,26,128,128,128,128,0,200,3.0,mesuré ici,0.7912499999999999,0.49838733086644477,0.6625478732434641
95c0cffd0787d5bb,363671,Fitness_Club,560,ep128_25,25,102,26,128,128,128,128,1,200,2.9,mesuré ici,0.8767857142857143,0.45879715508703867,0.751935602017585
95c0cffd0787d5bb,363671,Fitness_Club,560,ep128_25,25,102,26,128,128,128,128,2,200,2.9,mesuré ici,0.8855357142857142,0.40662981920956326,0.777188495042672
95c0cffd0787d5bb,363671,Fitness_Club,560,ep128_25,25,102,26,128,256,256,256,0,200,2.9,mesuré ici,0.8779166666666667,0.42797716588758894,0.770139765815672
95c0cffd0787d5bb,363671,Fitness_Club,560,ep128_25,25,102,26,128,256,256,256,1,200,2.9,mesuré ici,0.886547619047619,0.41003979814442815,0.7848346025904652
95c0cffd0787d5bb,363671,Fitness_Club,560,ep128_25,25,102,26,128,256,256,256,2,200,3.0,mesuré ici,0.8692261904761904,0.43196830254834073,0.7643581267347782
95c0cffd0787d5bb,363671,Fitness_Club,560,ep128_25,25,102,26,128,512,512,512,0,200,3.1,mesuré ici,0.8804166666666666,0.41633319422187154,0.7750694953345229
95c0cffd0787d5bb,363671,Fitness_Club,560,ep128_25,25,102,26,128,full,560,560,0,200,3.0,mesuré ici,0.8816666666666666,0.41539895349816314,0.7758234095887061
95c0cffd0787d5bb,363671,Fitness_Club,560,ep128_50,50,102,26,128,32,32,32,0,200,3.2,mesuré ici,0.834404761904762,0.44963036163104375,0.6959244845431702
95c0cffd0787d5bb,363671,Fitness_Club,560,ep128_50,50,102,26,128,32,32,32,1,200,2.8,mesuré ici,0.8710714285714285,0.47035413547461047,0.7562645909108199
95c0cffd0787d5bb,363671,Fitness_Club,560,ep128_50,50,102,26,128,32,32,32,2,200,2.9,mesuré ici,0.8710119047619048,0.48277512945547685,0.7638178688093787
95c0cffd0787d5bb,363671,Fitness_Club,560,ep128_50,50,102,26,128,64,64,64,0,200,2.9,mesuré ici,0.8776190476190476,0.4287510599592638,0.7618579106820993
95c0cffd0787d5bb,363671,Fitness_Club,560,ep128_50,50,102,26,128,64,64,64,1,200,2.9,mesuré ici,0.8277380952380952,0.4520168906341949,0.7082051898496051
95c0cffd0787d5bb,363671,Fitness_Club,560,ep128_50,50,102,26,128,64,64,64,2,200,2.9,mesuré ici,0.8579761904761906,0.4678872848913319,0.7360784434891959
95c0cffd0787d5bb,363671,Fitness_Club,560,ep128_50,50,102,26,128,128,128,128,0,200,2.9,mesuré ici,0.7933928571428572,0.4913724174744897,0.665468183153846
95c0cffd0787d5bb,363671,Fitness_Club,560,ep128_50,50,102,26,128,128,128,128,1,200,2.9,mesuré ici,0.8697619047619048,0.44664763086268056,0.749699888403635
95c0cffd0787d5bb,363671,Fitness_Club,560,ep128_50,50,102,26,128,128,128,128,2,200,2.9,mesuré ici,0.8868452380952382,0.39845806110855464,0.7762621771710265
95c0cffd0787d5bb,363671,Fitness_Club,560,ep128_50,50,102,26,128,256,256,256,0,200,3.0,mesuré ici,0.8775595238095238,0.4212121377205718,0.7724455510043386
95c0cffd0787d5bb,363671,Fitness_Club,560,ep128_50,50,102,26,128,256,256,256,1,200,2.9,mesuré ici,0.8855357142857143,0.40380020000304545,0.7811426568858589
95c0cffd0787d5bb,363671,Fitness_Club,560,ep128_50,50,102,26,128,256,256,256,2,200,2.9,mesuré ici,0.8714880952380952,0.42215169579920103,0.7684295994007818
95c0cffd0787d5bb,363671,Fitness_Club,560,ep128_50,50,102,26,128,512,512,512,0,200,2.9,mesuré ici,0.8794047619047618,0.41128356177499326,0.7730366091349882
95c0cffd0787d5bb,363671,Fitness_Club,560,ep128_50,50,102,26,128,full,560,560,0,200,2.9,mesuré ici,0.8795238095238095,0.4107288254947919,0.774748758606134
95c0cffd0787d5bb,363671,Fitness_Club,560,ep128_200,200,102,26,128,32,32,32,0,200,3.2,mesuré ici,0.8685119047619048,0.4107702932371484,0.7523849864033367
95c0cffd0787d5bb,363671,Fitness_Club,560,ep128_200,200,102,26,128,32,32,32,1,200,2.9,mesuré ici,0.8807738095238096,0.4224022351301048,0.7650864926730314
95c0cffd0787d5bb,363671,Fitness_Club,560,ep128_200,200,102,26,128,32,32,32,2,200,2.9,mesuré ici,0.8813690476190477,0.4345968302136988,0.7711618021853082
95c0cffd0787d5bb,363671,Fitness_Club,560,ep128_200,200,102,26,128,64,64,64,0,200,2.9,mesuré ici,0.8816666666666666,0.42073916376912124,0.7687976791732167
95c0cffd0787d5bb,363671,Fitness_Club,560,ep128_200,200,102,26,128,64,64,64,1,200,2.9,mesuré ici,0.8659523809523809,0.4141889066272929,0.7491822691937194
95c0cffd0787d5bb,363671,Fitness_Club,560,ep128_200,200,102,26,128,64,64,64,2,200,2.9,mesuré ici,0.8797619047619047,0.4365954200680203,0.7642636121685776
95c0cffd0787d5bb,363671,Fitness_Club,560,ep128_200,200,102,26,128,128,128,128,0,200,2.9,mesuré ici,0.8564880952380953,0.44153554710907406,0.7406486038046796
95c0cffd0787d5bb,363671,Fitness_Club,560,ep128_200,200,102,26,128,128,128,128,1,200,2.9,mesuré ici,0.8839285714285714,0.42688618448730514,0.7700245474445032
95c0cffd0787d5bb,363671,Fitness_Club,560,ep128_200,200,102,26,128,128,128,128,2,200,2.9,mesuré ici,0.8844047619047619,0.40250678195747436,0.7709099593282972
95c0cffd0787d5bb,363671,Fitness_Club,560,ep128_200,200,102,26,128,256,256,256,0,200,2.9,mesuré ici,0.8846428571428573,0.4137405105416046,0.7739252393837981
95c0cffd0787d5bb,363671,Fitness_Club,560,ep128_200,200,102,26,128,256,256,256,1,200,2.9,mesuré ici,0.8858333333333333,0.40640090065272055,0.7764000350833213
95c0cffd0787d5bb,363671,Fitness_Club,560,ep128_200,200,102,26,128,256,256,256,2,200,2.9,mesuré ici,0.8833928571428572,0.41023905564127033,0.7758175624239986
95c0cffd0787d5bb,363671,Fitness_Club,560,ep128_200,200,102,26,128,512,512,512,0,200,2.9,mesuré ici,0.8836309523809525,0.4103702803525336,0.7717412715479504
95c0cffd0787d5bb,363671,Fitness_Club,560,ep128_200,200,102,26,128,full,560,560,0,200,2.9,mesuré ici,0.8831547619047619,0.4094773996835242,0.7714374553497886
95c0cffd0787d5bb,363674,hazelnut-spread-contaminant-detection,896,ep128_25,25,102,26,128,32,32,32,0,320,3.4,mesuré ici,0.83705078125,0.5081482813521604,0.8398533373219788
95c0cffd0787d5bb,363674,hazelnut-spread-contaminant-detection,896,ep128_25,25,102,26,128,32,32,32,1,320,3.2,mesuré ici,0.8664062499999999,0.476196677446264,0.8532164802285999
95c0cffd0787d5bb,363674,hazelnut-spread-contaminant-detection,896,ep128_25,25,102,26,128,32,32,32,2,320,3.1,mesuré ici,0.8867578125000001,0.4571909189870311,0.8752782133066086
95c0cffd0787d5bb,363674,hazelnut-spread-contaminant-detection,896,ep128_25,25,102,26,128,64,64,64,0,320,3.1,mesuré ici,0.85064453125,0.5176594416973801,0.8609107464836695
95c0cffd0787d5bb,363674,hazelnut-spread-contaminant-detection,896,ep128_25,25,102,26,128,64,64,64,1,320,3.1,mesuré ici,0.89236328125,0.4315071211259965,0.8867048995939881
95c0cffd0787d5bb,363674,hazelnut-spread-contaminant-detection,896,ep128_25,25,102,26,128,64,64,64,2,320,3.1,mesuré ici,0.8905859375,0.4403424440815663,0.8885662093097628
95c0cffd0787d5bb,363674,hazelnut-spread-contaminant-detection,896,ep128_25,25,102,26,128,128,128,128,0,320,3.1,mesuré ici,0.957421875,0.26938668440486185,0.9584909888491618
95c0cffd0787d5bb,363674,hazelnut-spread-contaminant-detection,896,ep128_25,25,102,26,128,128,128,128,1,320,3.1,mesuré ici,0.920859375,0.3726223423134847,0.9159871415417675
95c0cffd0787d5bb,363674,hazelnut-spread-contaminant-detection,896,ep128_25,25,102,26,128,128,128,128,2,320,3.1,mesuré ici,0.9410546875,0.3135518377774595,0.9396698442647966
95c0cffd0787d5bb,363674,hazelnut-spread-contaminant-detection,896,ep128_25,25,102,26,128,256,256,256,0,320,3.1,mesuré ici,0.9533984375000001,0.28103715660976375,0.9521727390658123
95c0cffd0787d5bb,363674,hazelnut-spread-contaminant-detection,896,ep128_25,25,102,26,128,256,256,256,1,320,3.0,mesuré ici,0.9630859375,0.24414970759343085,0.9661642476038707
95c0cffd0787d5bb,363674,hazelnut-spread-contaminant-detection,896,ep128_25,25,102,26,128,256,256,256,2,320,3.1,mesuré ici,0.950390625,0.28622848337840073,0.9474378108190907
95c0cffd0787d5bb,363674,hazelnut-spread-contaminant-detection,896,ep128_25,25,102,26,128,512,512,512,0,320,3.2,mesuré ici,0.9800390625,0.18664739073824393,0.9794231315135401
95c0cffd0787d5bb,363674,hazelnut-spread-contaminant-detection,896,ep128_25,25,102,26,128,full,896,896,0,320,3.3,mesuré ici,0.9903515624999999,0.12252760764824981,0.9900201979146177
95c0cffd0787d5bb,363674,hazelnut-spread-contaminant-detection,896,ep128_50,50,102,26,128,32,32,32,0,320,3.5,mesuré ici,0.8407812499999999,0.5077396336551409,0.84281170181953
95c0cffd0787d5bb,363674,hazelnut-spread-contaminant-detection,896,ep128_50,50,102,26,128,32,32,32,1,320,3.1,mesuré ici,0.85048828125,0.48690230751851804,0.8389684820061307
95c0cffd0787d5bb,363674,hazelnut-spread-contaminant-detection,896,ep128_50,50,102,26,128,32,32,32,2,320,3.1,mesuré ici,0.88818359375,0.4492735273942129,0.877071411440678
95c0cffd0787d5bb,363674,hazelnut-spread-contaminant-detection,896,ep128_50,50,102,26,128,64,64,64,0,320,3.1,mesuré ici,0.84826171875,0.550611757375744,0.8648373398034581
95c0cffd0787d5bb,363674,hazelnut-spread-contaminant-detection,896,ep128_50,50,102,26,128,64,64,64,1,320,3.1,mesuré ici,0.9028125,0.4038342754283846,0.90330095097216
95c0cffd0787d5bb,363674,hazelnut-spread-contaminant-detection,896,ep128_50,50,102,26,128,64,64,64,2,320,3.1,mesuré ici,0.90517578125,0.4144828311111173,0.9057537856518298
95c0cffd0787d5bb,363674,hazelnut-spread-contaminant-detection,896,ep128_50,50,102,26,128,128,128,128,0,320,3.1,mesuré ici,0.9540234375,0.3072042189336057,0.9548175498141929
95c0cffd0787d5bb,363674,hazelnut-spread-contaminant-detection,896,ep128_50,50,102,26,128,128,128,128,1,320,3.1,mesuré ici,0.9386718749999999,0.3272794899843522,0.9337459020828206
95c0cffd0787d5bb,363674,hazelnut-spread-contaminant-detection,896,ep128_50,50,102,26,128,128,128,128,2,320,3.1,mesuré ici,0.9469921875,0.29805062631127577,0.9468459057257879
95c0cffd0787d5bb,363674,hazelnut-spread-contaminant-detection,896,ep128_50,50,102,26,128,256,256,256,0,320,3.2,mesuré ici,0.95458984375,0.2832661100876471,0.9559079541846335
95c0cffd0787d5bb,363674,hazelnut-spread-contaminant-detection,896,ep128_50,50,102,26,128,256,256,256,1,320,3.1,mesuré ici,0.9662499999999999,0.2356241677593612,0.9680063240904307
95c0cffd0787d5bb,363674,hazelnut-spread-contaminant-detection,896,ep128_50,50,102,26,128,256,256,256,2,320,3.1,mesuré ici,0.953984375,0.2859676528230727,0.9527982461708042
95c0cffd0787d5bb,363674,hazelnut-spread-contaminant-detection,896,ep128_50,50,102,26,128,512,512,512,0,320,3.1,mesuré ici,0.9800781249999999,0.19554489323860225,0.9804015576060192
95c0cffd0787d5bb,363674,hazelnut-spread-contaminant-detection,896,ep128_50,50,102,26,128,full,896,896,0,320,3.1,mesuré ici,0.98951171875,0.12963716922216945,0.9892663951692132
95c0cffd0787d5bb,363674,hazelnut-spread-contaminant-detection,896,ep128_200,200,102,26,128,32,32,32,0,320,3.4,mesuré ici,0.8391796874999999,0.5305293057544265,0.8426356946657093
95c0cffd0787d5bb,363674,hazelnut-spread-contaminant-detection,896,ep128_200,200,102,26,128,32,32,32,1,320,3.1,mesuré ici,0.8438671875,0.5270668919765399,0.8376240000395623
95c0cffd0787d5bb,363674,hazelnut-spread-contaminant-detection,896,ep128_200,200,102,26,128,32,32,32,2,320,3.1,mesuré ici,0.8712109375000001,0.4601510729519851,0.8640761667280165
95c0cffd0787d5bb,363674,hazelnut-spread-contaminant-detection,896,ep128_200,200,102,26,128,64,64,64,0,320,3.1,mesuré ici,0.8517578124999999,0.5705123037167815,0.8610190409183444
95c0cffd0787d5bb,363674,hazelnut-spread-contaminant-detection,896,ep128_200,200,102,26,128,64,64,64,1,320,3.2,mesuré ici,0.90455078125,0.39515844625526847,0.9054574984290643
95c0cffd0787d5bb,363674,hazelnut-spread-contaminant-detection,896,ep128_200,200,102,26,128,64,64,64,2,320,3.1,mesuré ici,0.92091796875,0.3728394536914597,0.9187720122714144
95c0cffd0787d5bb,363674,hazelnut-spread-contaminant-detection,896,ep128_200,200,102,26,128,128,128,128,0,320,3.1,mesuré ici,0.9583398437499999,0.3023107762372061,0.9588849828323704
95c0cffd0787d5bb,363674,hazelnut-spread-contaminant-detection,896,ep128_200,200,102,26,128,128,128,128,1,320,3.1,mesuré ici,0.942109375,0.3263943137942062,0.938893009771289
95c0cffd0787d5bb,363674,hazelnut-spread-contaminant-detection,896,ep128_200,200,102,26,128,128,128,128,2,320,3.1,mesuré ici,0.9508203125,0.2938208274479052,0.951524514723842
95c0cffd0787d5bb,363674,hazelnut-spread-contaminant-detection,896,ep128_200,200,102,26,128,256,256,256,0,320,3.1,mesuré ici,0.9620898437500001,0.26806299826822777,0.9631604109001266
95c0cffd0787d5bb,363674,hazelnut-spread-contaminant-detection,896,ep128_200,200,102,26,128,256,256,256,1,320,3.1,mesuré ici,0.96931640625,0.22891662867877302,0.9717343761387475
95c0cffd0787d5bb,363674,hazelnut-spread-contaminant-detection,896,ep128_200,200,102,26,128,256,256,256,2,320,3.1,mesuré ici,0.95984375,0.28418518156795136,0.9606397448861785
95c0cffd0787d5bb,363674,hazelnut-spread-contaminant-detection,896,ep128_200,200,102,26,128,512,512,512,0,320,3.1,mesuré ici,0.9807812499999999,0.20463883774280883,0.9807033832347614
95c0cffd0787d5bb,363674,hazelnut-spread-contaminant-detection,896,ep128_200,200,102,26,128,full,896,896,0,320,3.1,mesuré ici,0.9903124999999999,0.13402669508849083,0.9900314351398295
95c0cffd0787d5bb,363676,heloc,3903,ep128_25,25,102,26,128,32,32,32,0,1024,5.3,mesuré ici,0.7429068256516089,0.6014373013609668,0.7224934159645293
95c0cffd0787d5bb,363676,heloc,3903,ep128_25,25,102,26,128,32,32,32,1,1024,4.9,mesuré ici,0.7348620347015211,0.6137187064886808,0.7217616435785321
95c0cffd0787d5bb,363676,heloc,3903,ep128_25,25,102,26,128,32,32,32,2,1024,4.9,mesuré ici,0.684495146373156,0.6674217599882287,0.6819341589963106
95c0cffd0787d5bb,363676,heloc,3903,ep128_25,25,102,26,128,64,64,64,0,1024,4.9,mesuré ici,0.7319899870060383,0.6408837597079049,0.7122620909050202
95c0cffd0787d5bb,363676,heloc,3903,ep128_25,25,102,26,128,64,64,64,1,1024,4.9,mesuré ici,0.7186711763357029,0.6239421865809152,0.7039873281641952
95c0cffd0787d5bb,363676,heloc,3903,ep128_25,25,102,26,128,64,64,64,2,1024,5.0,mesuré ici,0.7505426889857066,0.6199789399706408,0.7348279956961745
95c0cffd0787d5bb,363676,heloc,3903,ep128_25,25,102,26,128,128,128,128,0,1024,4.8,mesuré ici,0.7458018038676144,0.5956796999855991,0.7294006087015255
95c0cffd0787d5bb,363676,heloc,3903,ep128_25,25,102,26,128,128,128,128,1,1024,5.4,mesuré ici,0.7636646793548882,0.583177095818459,0.7373467793958843
95c0cffd0787d5bb,363676,heloc,3903,ep128_25,25,102,26,128,128,128,128,2,1024,4.9,mesuré ici,0.7474145838110525,0.5977311380567061,0.7194371458341393
95c0cffd0787d5bb,363676,heloc,3903,ep128_25,25,102,26,128,256,256,256,0,1024,4.9,mesuré ici,0.7652621722846442,0.5809118364034548,0.7301296762873513
95c0cffd0787d5bb,363676,heloc,3903,ep128_25,25,102,26,128,256,256,256,1,1024,4.9,mesuré ici,0.7756286784376671,0.5676482277851121,0.7607353054602907
95c0cffd0787d5bb,363676,heloc,3903,ep128_25,25,102,26,128,256,256,256,2,1024,4.9,mesuré ici,0.7678934495146372,0.5807922402306706,0.7414617221356106
95c0cffd0787d5bb,363676,heloc,3903,ep128_25,25,102,26,128,512,512,512,0,1024,5.0,mesuré ici,0.7849728655507147,0.5622722885940319,0.7623839129592778
95c0cffd0787d5bb,363676,heloc,3903,ep128_25,25,102,26,128,1024,1024,1024,0,1024,4.9,mesuré ici,0.7761579912864023,0.5782067552423693,0.7507342927187058
95c0cffd0787d5bb,363676,heloc,3903,ep128_25,25,102,26,128,2048,2048,2048,0,1024,6.8,mesuré ici,0.7968050141404877,0.5507455035104607,0.7706790910888578
95c0cffd0787d5bb,363676,heloc,3903,ep128_25,25,102,26,128,full,3903,3903,0,1024,11.7,mesuré ici,0.7985878621111366,0.5477470940738528,0.7741903026324024
95c0cffd0787d5bb,363676,heloc,3903,ep128_50,50,102,26,128,32,32,32,0,1024,5.2,mesuré ici,0.744878850416571,0.6011170627074056,0.7240532915061577
95c0cffd0787d5bb,363676,heloc,3903,ep128_50,50,102,26,128,32,32,32,1,1024,4.8,mesuré ici,0.7343919590308032,0.6127563668449377,0.7200637889441388
95c0cffd0787d5bb,363676,heloc,3903,ep128_50,50,102,26,128,32,32,32,2,1024,4.9,mesuré ici,0.6834403424291065,0.6656130967703102,0.6800781332632775
95c0cffd0787d5bb,363676,heloc,3903,ep128_50,50,102,26,128,64,64,64,0,1024,4.9,mesuré ici,0.7403902010242299,0.6316803898859272,0.7270297430205475
95c0cffd0787d5bb,363676,heloc,3903,ep128_50,50,102,26,128,64,64,64,1,1024,4.9,mesuré ici,0.7136952533822518,0.6265255539662935,0.7012457699210349
95c0cffd0787d5bb,363676,heloc,3903,ep128_50,50,102,26,128,64,64,64,2,1024,4.9,mesuré ici,0.7485400901933807,0.6181061690325933,0.734821963171645
95c0cffd0787d5bb,363676,heloc,3903,ep128_50,50,102,26,128,128,128,128,0,1024,4.8,mesuré ici,0.7549797447068713,0.5882945789945406,0.7395798042899905
95c0cffd0787d5bb,363676,heloc,3903,ep128_50,50,102,26,128,128,128,128,1,1024,4.9,mesuré ici,0.773631812275472,0.5797537304228426,0.7466735907020197
95c0cffd0787d5bb,363676,heloc,3903,ep128_50,50,102,26,128,128,128,128,2,1024,4.9,mesuré ici,0.7560498356646029,0.5922851437148845,0.7267045958038514
95c0cffd0787d5bb,363676,heloc,3903,ep128_50,50,102,26,128,256,256,256,0,1024,4.9,mesuré ici,0.7732343499197432,0.5768059070705827,0.7386982011996959
95c0cffd0787d5bb,363676,heloc,3903,ep128_50,50,102,26,128,256,256,256,1,1024,4.8,mesuré ici,0.7788121990369181,0.5660580961309537,0.7635324841172082
95c0cffd0787d5bb,363676,heloc,3903,ep128_50,50,102,26,128,256,256,256,2,1024,4.9,mesuré ici,0.7740846900557976,0.5757824823781854,0.7465102585439944
95c0cffd0787d5bb,363676,heloc,3903,ep128_50,50,102,26,128,512,512,512,0,1024,4.9,mesuré ici,0.786904761904762,0.5611865876737522,0.7648642711644561
95c0cffd0787d5bb,363676,heloc,3903,ep128_50,50,102,26,128,1024,1024,1024,0,1024,5.0,mesuré ici,0.7803026828709012,0.5749356244549753,0.7578754709883133
95c0cffd0787d5bb,363676,heloc,3903,ep128_50,50,102,26,128,2048,2048,2048,0,1024,6.7,mesuré ici,0.7957521210731484,0.5520436952181377,0.7709533540076461
95c0cffd0787d5bb,363676,heloc,3903,ep128_50,50,102,26,128,full,3903,3903,0,1024,11.7,mesuré ici,0.7981560039746236,0.5490864989731423,0.7731634139574393
95c0cffd0787d5bb,363676,heloc,3903,ep128_200,200,102,26,128,32,32,32,0,1024,5.3,mesuré ici,0.7506649850951617,0.5967015550944901,0.7325493786027145
95c0cffd0787d5bb,363676,heloc,3903,ep128_200,200,102,26,128,32,32,32,1,1024,4.9,mesuré ici,0.7440552625544601,0.6228593926215893,0.7328962568199116
95c0cffd0787d5bb,363676,heloc,3903,ep128_200,200,102,26,128,32,32,32,2,1024,4.9,mesuré ici,0.6941240541160284,0.6471916601761996,0.6872859267032772
95c0cffd0787d5bb,363676,heloc,3903,ep128_200,200,102,26,128,64,64,64,0,1024,4.8,mesuré ici,0.7584575403194985,0.5837360543397938,0.7436844563456024
95c0cffd0787d5bb,363676,heloc,3903,ep128_200,200,102,26,128,64,64,64,1,1024,4.9,mesuré ici,0.7408564549415271,0.6200466946293326,0.7264150494330575
95c0cffd0787d5bb,363676,heloc,3903,ep128_200,200,102,26,128,64,64,64,2,1024,4.9,mesuré ici,0.7478884812351908,0.6305585387931603,0.7285558603900473
95c0cffd0787d5bb,363676,heloc,3903,ep128_200,200,102,26,128,128,128,128,0,1024,4.9,mesuré ici,0.7671023465566,0.5793597590139972,0.7498794235326789
95c0cffd0787d5bb,363676,heloc,3903,ep128_200,200,102,26,128,128,128,128,1,1024,4.8,mesuré ici,0.7764197813957044,0.5799984220082253,0.7501955639708019
95c0cffd0787d5bb,363676,heloc,3903,ep128_200,200,102,26,128,128,128,128,2,1024,4.9,mesuré ici,0.7715909959489413,0.5851248425946993,0.7414402989349083
95c0cffd0787d5bb,363676,heloc,3903,ep128_200,200,102,26,128,256,256,256,0,1024,4.8,mesuré ici,0.7747362990139876,0.5707532546559748,0.7421340407763232
95c0cffd0787d5bb,363676,heloc,3903,ep128_200,200,102,26,128,256,256,256,1,1024,4.8,mesuré ici,0.780275930596958,0.5709616479638666,0.758966681360092
95c0cffd0787d5bb,363676,heloc,3903,ep128_200,200,102,26,128,256,256,256,2,1024,4.9,mesuré ici,0.7788274860506,0.5664791950653587,0.7529598971852804
95c0cffd0787d5bb,363676,heloc,3903,ep128_200,200,102,26,128,512,512,512,0,1024,4.9,mesuré ici,0.783860735305358,0.5625588771941183,0.7614030398363449
95c0cffd0787d5bb,363676,heloc,3903,ep128_200,200,102,26,128,1024,1024,1024,0,1024,5.0,mesuré ici,0.7803619200489185,0.5643942710645544,0.7602956141630487
95c0cffd0787d5bb,363676,heloc,3903,ep128_200,200,102,26,128,2048,2048,2048,0,1024,6.8,mesuré ici,0.7869888404800123,0.5585000629160668,0.7645747486336393
95c0cffd0787d5bb,363676,heloc,3903,ep128_200,200,102,26,128,full,3903,3903,0,1024,11.7,mesuré ici,0.7928953603913476,0.5532838165161295,0.7695748000166418
95c0cffd0787d5bb,363679,HR_Analytics_Job_Change_of_Data_Scientists,7151,ep128_25,25,102,26,128,32,32,32,0,1024,5.1,mesuré ici,0.7416864274968766,0.5151158421264036,0.46849141968290997
95c0cffd0787d5bb,363679,HR_Analytics_Job_Change_of_Data_Scientists,7151,ep128_25,25,102,26,128,32,32,32,1,1024,4.7,mesuré ici,0.7239858231979398,0.524455042444381,0.46050424311644106
95c0cffd0787d5bb,363679,HR_Analytics_Job_Change_of_Data_Scientists,7151,ep128_25,25,102,26,128,32,32,32,2,1024,4.8,mesuré ici,0.6941329457660828,0.516332569109785,0.4701940493917394
95c0cffd0787d5bb,363679,HR_Analytics_Job_Change_of_Data_Scientists,7151,ep128_25,25,102,26,128,64,64,64,0,1024,4.8,mesuré ici,0.7208368392870803,0.529998599146106,0.4356558627371714
95c0cffd0787d5bb,363679,HR_Analytics_Job_Change_of_Data_Scientists,7151,ep128_25,25,102,26,128,64,64,64,1,1024,4.8,mesuré ici,0.6939417119253424,0.5199676605765867,0.42829419809901625
95c0cffd0787d5bb,363679,HR_Analytics_Job_Change_of_Data_Scientists,7151,ep128_25,25,102,26,128,64,64,64,2,1024,4.9,mesuré ici,0.766646268390321,0.4842762889301145,0.5004109100348094
95c0cffd0787d5bb,363679,HR_Analytics_Job_Change_of_Data_Scientists,7151,ep128_25,25,102,26,128,128,128,128,0,1024,4.9,mesuré ici,0.7642851679033121,0.47578198931183857,0.47804591074993485
95c0cffd0787d5bb,363679,HR_Analytics_Job_Change_of_Data_Scientists,7151,ep128_25,25,102,26,128,128,128,128,1,1024,4.7,mesuré ici,0.7410999770519391,0.4945152553507316,0.4302751804043698
95c0cffd0787d5bb,363679,HR_Analytics_Job_Change_of_Data_Scientists,7151,ep128_25,25,102,26,128,128,128,128,2,1024,4.6,mesuré ici,0.7411994186491242,0.4907514776691795,0.44599898625398066
95c0cffd0787d5bb,363679,HR_Analytics_Job_Change_of_Data_Scientists,7151,ep128_25,25,102,26,128,256,256,256,0,1024,4.8,mesuré ici,0.774354267064433,0.4634897648421966,0.5167860260965141
95c0cffd0787d5bb,363679,HR_Analytics_Job_Change_of_Data_Scientists,7151,ep128_25,25,102,26,128,256,256,256,1,1024,4.6,mesuré ici,0.773191565312731,0.47215659747615457,0.5031609319542247
95c0cffd0787d5bb,363679,HR_Analytics_Job_Change_of_Data_Scientists,7151,ep128_25,25,102,26,128,256,256,256,2,1024,4.7,mesuré ici,0.7812743823146944,0.4633229795481414,0.5116830591550026
95c0cffd0787d5bb,363679,HR_Analytics_Job_Change_of_Data_Scientists,7151,ep128_25,25,102,26,128,512,512,512,0,1024,4.6,mesuré ici,0.7763481985772201,0.46657547071434397,0.4997665321716181
95c0cffd0787d5bb,363679,HR_Analytics_Job_Change_of_Data_Scientists,7151,ep128_25,25,102,26,128,1024,1024,1024,0,1024,4.8,mesuré ici,0.7871592850404141,0.4514030356297145,0.5102270133032083
95c0cffd0787d5bb,363679,HR_Analytics_Job_Change_of_Data_Scientists,7151,ep128_25,25,102,26,128,2048,2048,2048,0,1024,6.2,mesuré ici,0.7914862694102349,0.4482064394439042,0.5281679496835724
95c0cffd0787d5bb,363679,HR_Analytics_Job_Change_of_Data_Scientists,7151,ep128_25,25,102,26,128,full,7151,7151,0,1024,20.6,mesuré ici,0.8005609525995053,0.4417964924431803,0.5364242248961127
95c0cffd0787d5bb,363679,HR_Analytics_Job_Change_of_Data_Scientists,7151,ep128_50,50,102,26,128,32,32,32,0,1024,5.0,mesuré ici,0.7426859430378133,0.506157289848742,0.47059920970926117
95c0cffd0787d5bb,363679,HR_Analytics_Job_Change_of_Data_Scientists,7151,ep128_50,50,102,26,128,32,32,32,1,1024,4.7,mesuré ici,0.7298860246309187,0.5217996956458848,0.4594972957972775
95c0cffd0787d5bb,363679,HR_Analytics_Job_Change_of_Data_Scientists,7151,ep128_50,50,102,26,128,32,32,32,2,1024,4.8,mesuré ici,0.6958846477472653,0.5162254059062024,0.47343749984943473
95c0cffd0787d5bb,363679,HR_Analytics_Job_Change_of_Data_Scientists,7151,ep128_50,50,102,26,128,64,64,64,0,1024,4.6,mesuré ici,0.7283026084295877,0.5230816008989675,0.44480070252682324
95c0cffd0787d5bb,363679,HR_Analytics_Job_Change_of_Data_Scientists,7151,ep128_50,50,102,26,128,64,64,64,1,1024,4.8,mesuré ici,0.6867691680053035,0.5218456730375621,0.4243617216427855
95c0cffd0787d5bb,363679,HR_Analytics_Job_Change_of_Data_Scientists,7151,ep128_50,50,102,26,128,64,64,64,2,1024,4.7,mesuré ici,0.7655269129758535,0.48018353453047413,0.5006290485808517
95c0cffd0787d5bb,363679,HR_Analytics_Job_Change_of_Data_Scientists,7151,ep128_50,50,102,26,128,128,128,128,0,1024,4.8,mesuré ici,0.76439480863867,0.4738109317285201,0.47968163750208964
95c0cffd0787d5bb,363679,HR_Analytics_Job_Change_of_Data_Scientists,7151,ep128_50,50,102,26,128,128,128,128,1,1024,4.7,mesuré ici,0.7420994925928758,0.4930096298469394,0.43017604446916996
95c0cffd0787d5bb,363679,HR_Analytics_Job_Change_of_Data_Scientists,7151,ep128_50,50,102,26,128,128,128,128,2,1024,4.7,mesuré ici,0.7410948774828529,0.4907798662755975,0.44574458610872714
95c0cffd0787d5bb,363679,HR_Analytics_Job_Change_of_Data_Scientists,7151,ep128_50,50,102,26,128,256,256,256,0,1024,4.8,mesuré ici,0.7766363242306025,0.46226092571704674,0.5190418100105465
95c0cffd0787d5bb,363679,HR_Analytics_Job_Change_of_Data_Scientists,7151,ep128_50,50,102,26,128,256,256,256,1,1024,4.8,mesuré ici,0.7754328259262093,0.4709760090673109,0.5098726791379158
95c0cffd0787d5bb,363679,HR_Analytics_Job_Change_of_Data_Scientists,7151,ep128_50,50,102,26,128,256,256,256,2,1024,4.6,mesuré ici,0.7814860144317805,0.46329521550378305,0.5061372727808835
95c0cffd0787d5bb,363679,HR_Analytics_Job_Change_of_Data_Scientists,7151,ep128_50,50,102,26,128,512,512,512,0,1024,4.7,mesuré ici,0.7778525714577118,0.4632302569536676,0.49986924108814357
95c0cffd0787d5bb,363679,HR_Analytics_Job_Change_of_Data_Scientists,7151,ep128_50,50,102,26,128,1024,1024,1024,0,1024,4.7,mesuré ici,0.786144470792218,0.4522503141764135,0.5104833839947464
95c0cffd0787d5bb,363679,HR_Analytics_Job_Change_of_Data_Scientists,7151,ep128_50,50,102,26,128,2048,2048,2048,0,1024,6.0,mesuré ici,0.7907978275835692,0.44811644703161935,0.526356018135704
95c0cffd0787d5bb,363679,HR_Analytics_Job_Change_of_Data_Scientists,7151,ep128_50,50,102,26,128,full,7151,7151,0,1024,20.0,mesuré ici,0.8017848491802442,0.4408583331024838,0.537112173259186
95c0cffd0787d5bb,363679,HR_Analytics_Job_Change_of_Data_Scientists,7151,ep128_200,200,102,26,128,32,32,32,0,1024,5.1,mesuré ici,0.7466763558479309,0.49621057736246443,0.4700406952452755
95c0cffd0787d5bb,363679,HR_Analytics_Job_Change_of_Data_Scientists,7151,ep128_200,200,102,26,128,32,32,32,1,1024,4.7,mesuré ici,0.7368265381575257,0.51314891732265,0.4564306160561487
95c0cffd0787d5bb,363679,HR_Analytics_Job_Change_of_Data_Scientists,7151,ep128_200,200,102,26,128,32,32,32,2,1024,4.7,mesuré ici,0.7143476376246206,0.5123857947058654,0.4750501823856093
95c0cffd0787d5bb,363679,HR_Analytics_Job_Change_of_Data_Scientists,7151,ep128_200,200,102,26,128,64,64,64,0,1024,4.8,mesuré ici,0.7321247354598537,0.5078350265153156,0.4437868604766647
95c0cffd0787d5bb,363679,HR_Analytics_Job_Change_of_Data_Scientists,7151,ep128_200,200,102,26,128,64,64,64,1,1024,4.8,mesuré ici,0.7534995792855503,0.4875490559299639,0.5025015206100404
95c0cffd0787d5bb,363679,HR_Analytics_Job_Change_of_Data_Scientists,7151,ep128_200,200,102,26,128,64,64,64,2,1024,4.8,mesuré ici,0.7653280297814835,0.47714703650950174,0.49962855055354105
95c0cffd0787d5bb,363679,HR_Analytics_Job_Change_of_Data_Scientists,7151,ep128_200,200,102,26,128,128,128,128,0,1024,4.7,mesuré ici,0.7703001096407354,0.4708448885147116,0.4934020538584393
95c0cffd0787d5bb,363679,HR_Analytics_Job_Change_of_Data_Scientists,7151,ep128_200,200,102,26,128,128,128,128,1,1024,4.8,mesuré ici,0.7598485427981335,0.48085122987362894,0.4602961262589477
95c0cffd0787d5bb,363679,HR_Analytics_Job_Change_of_Data_Scientists,7151,ep128_200,200,102,26,128,128,128,128,2,1024,4.7,mesuré ici,0.75317320686402,0.48115147895823684,0.47011098351629393
95c0cffd0787d5bb,363679,HR_Analytics_Job_Change_of_Data_Scientists,7151,ep128_200,200,102,26,128,256,256,256,0,1024,4.8,mesuré ici,0.7712435299217216,0.4639188217186593,0.506152667839356
95c0cffd0787d5bb,363679,HR_Analytics_Job_Change_of_Data_Scientists,7151,ep128_200,200,102,26,128,256,256,256,1,1024,4.7,mesuré ici,0.7745709987506055,0.47271164129812987,0.512659614061905
95c0cffd0787d5bb,363679,HR_Analytics_Job_Change_of_Data_Scientists,7151,ep128_200,200,102,26,128,256,256,256,2,1024,4.7,mesuré ici,0.7808179708814604,0.4616343490606243,0.5271909083149829
95c0cffd0787d5bb,363679,HR_Analytics_Job_Change_of_Data_Scientists,7151,ep128_200,200,102,26,128,512,512,512,0,1024,4.9,mesuré ici,0.7825645732935568,0.4599248596286685,0.5038050124607731
95c0cffd0787d5bb,363679,HR_Analytics_Job_Change_of_Data_Scientists,7151,ep128_200,200,102,26,128,1024,1024,1024,0,1024,4.8,mesuré ici,0.7801014814248195,0.45580813556194905,0.5099645566835235
95c0cffd0787d5bb,363679,HR_Analytics_Job_Change_of_Data_Scientists,7151,ep128_200,200,102,26,128,2048,2048,2048,0,1024,6.2,mesuré ici,0.7905989443891991,0.44785215206329004,0.5254785833350307
95c0cffd0787d5bb,363679,HR_Analytics_Job_Change_of_Data_Scientists,7151,ep128_200,200,102,26,128,full,7151,7151,0,1024,20.6,mesuré ici,0.7962033708151662,0.4432645439938074,0.5308353583355174
95c0cffd0787d5bb,363681,in_vehicle_coupon_recommendation,4734,ep128_25,25,102,26,128,32,32,32,0,1024,5.2,mesuré ici,0.579599524187153,0.6856782421498803,0.6453894053959245
95c0cffd0787d5bb,363681,in_vehicle_coupon_recommendation,4734,ep128_25,25,102,26,128,32,32,32,1,1024,4.8,mesuré ici,0.6130327626689058,0.6693425513469553,0.6593164079487741
95c0cffd0787d5bb,363681,in_vehicle_coupon_recommendation,4734,ep128_25,25,102,26,128,32,32,32,2,1024,4.7,mesuré ici,0.5462362581828926,0.6813483409246945,0.6125182155579445
95c0cffd0787d5bb,363681,in_vehicle_coupon_recommendation,4734,ep128_25,25,102,26,128,64,64,64,0,1024,4.8,mesuré ici,0.6073533299124566,0.6666608701772585,0.6687011082951966
95c0cffd0787d5bb,363681,in_vehicle_coupon_recommendation,4734,ep128_25,25,102,26,128,64,64,64,1,1024,4.9,mesuré ici,0.6087041874640419,0.6666791851252971,0.6611964767561174
95c0cffd0787d5bb,363681,in_vehicle_coupon_recommendation,4734,ep128_25,25,102,26,128,64,64,64,2,1024,4.8,mesuré ici,0.6123233194943323,0.670236089346286,0.6795799482719009
95c0cffd0787d5bb,363681,in_vehicle_coupon_recommendation,4734,ep128_25,25,102,26,128,128,128,128,0,1024,5.0,mesuré ici,0.6071764550387959,0.6664779473224949,0.6482773508781843
95c0cffd0787d5bb,363681,in_vehicle_coupon_recommendation,4734,ep128_25,25,102,26,128,128,128,128,1,1024,5.4,mesuré ici,0.6348039215686274,0.6756190726139002,0.6771966392657515
95c0cffd0787d5bb,363681,in_vehicle_coupon_recommendation,4734,ep128_25,25,102,26,128,128,128,128,2,1024,5.0,mesuré ici,0.6134234423349039,0.6668639950857794,0.6621323238075378
95c0cffd0787d5bb,363681,in_vehicle_coupon_recommendation,4734,ep128_25,25,102,26,128,256,256,256,0,1024,4.9,mesuré ici,0.6654849092690208,0.6532497029933539,0.7156831627916747
95c0cffd0787d5bb,363681,in_vehicle_coupon_recommendation,4734,ep128_25,25,102,26,128,256,256,256,1,1024,4.9,mesuré ici,0.63590987544899,0.6560611740319436,0.6668536278680158
95c0cffd0787d5bb,363681,in_vehicle_coupon_recommendation,4734,ep128_25,25,102,26,128,256,256,256,2,1024,4.9,mesuré ici,0.6875884374368305,0.6299476342061332,0.7404520338519537
95c0cffd0787d5bb,363681,in_vehicle_coupon_recommendation,4734,ep128_25,25,102,26,128,512,512,512,0,1024,4.9,mesuré ici,0.7089242120321563,0.6158060755617716,0.7575462462494849
95c0cffd0787d5bb,363681,in_vehicle_coupon_recommendation,4734,ep128_25,25,102,26,128,1024,1024,1024,0,1024,5.0,mesuré ici,0.7366566372782262,0.597687682756757,0.7681695607837058
95c0cffd0787d5bb,363681,in_vehicle_coupon_recommendation,4734,ep128_25,25,102,26,128,2048,2048,2048,0,1024,7.2,mesuré ici,0.7854255104103498,0.5520735350991446,0.8104841732116579
95c0cffd0787d5bb,363681,in_vehicle_coupon_recommendation,4734,ep128_25,25,102,26,128,full,4734,4734,0,1024,14.4,mesuré ici,0.8198480819766446,0.5093954881597145,0.8410401799592768
95c0cffd0787d5bb,363681,in_vehicle_coupon_recommendation,4734,ep128_50,50,102,26,128,32,32,32,0,1024,5.1,mesuré ici,0.5848202484800423,0.6846038468294222,0.6494935007913623
95c0cffd0787d5bb,363681,in_vehicle_coupon_recommendation,4734,ep128_50,50,102,26,128,32,32,32,1,1024,4.7,mesuré ici,0.6162748207927105,0.6675462461079011,0.6642245741567607
95c0cffd0787d5bb,363681,in_vehicle_coupon_recommendation,4734,ep128_50,50,102,26,128,32,32,32,2,1024,4.7,mesuré ici,0.543184680692261,0.681910586757148,0.60825122070353
95c0cffd0787d5bb,363681,in_vehicle_coupon_recommendation,4734,ep128_50,50,102,26,128,64,64,64,0,1024,4.8,mesuré ici,0.6065253222621325,0.6655600971190598,0.6668830148773048
95c0cffd0787d5bb,363681,in_vehicle_coupon_recommendation,4734,ep128_50,50,102,26,128,64,64,64,1,1024,4.8,mesuré ici,0.6035553793285752,0.6679266668635393,0.6565239918874821
95c0cffd0787d5bb,363681,in_vehicle_coupon_recommendation,4734,ep128_50,50,102,26,128,64,64,64,2,1024,4.7,mesuré ici,0.6076546003016592,0.6712433965337693,0.6742983688851438
95c0cffd0787d5bb,363681,in_vehicle_coupon_recommendation,4734,ep128_50,50,102,26,128,128,128,128,0,1024,4.9,mesuré ici,0.6142747741443921,0.6636148277120162,0.6524918008357998
95c0cffd0787d5bb,363681,in_vehicle_coupon_recommendation,4734,ep128_50,50,102,26,128,128,128,128,1,1024,4.9,mesuré ici,0.6326639299653247,0.6706722258876181,0.6771422458009945
95c0cffd0787d5bb,363681,in_vehicle_coupon_recommendation,4734,ep128_50,50,102,26,128,128,128,128,2,1024,4.9,mesuré ici,0.6164750198255353,0.6655580545934867,0.6609835912134574
95c0cffd0787d5bb,363681,in_vehicle_coupon_recommendation,4734,ep128_50,50,102,26,128,256,256,256,0,1024,4.9,mesuré ici,0.6682157795711464,0.6503747982883705,0.7185104369816193
95c0cffd0787d5bb,363681,in_vehicle_coupon_recommendation,4734,ep128_50,50,102,26,128,256,256,256,1,1024,4.9,mesuré ici,0.6412316710982569,0.6537577653518749,0.6728880197828792
95c0cffd0787d5bb,363681,in_vehicle_coupon_recommendation,4734,ep128_50,50,102,26,128,256,256,256,2,1024,4.9,mesuré ici,0.6905175630918505,0.6270889984520147,0.7428750477449355
95c0cffd0787d5bb,363681,in_vehicle_coupon_recommendation,4734,ep128_50,50,102,26,128,512,512,512,0,1024,5.0,mesuré ici,0.7122634541524778,0.6130220527674719,0.7632462768811208
95c0cffd0787d5bb,363681,in_vehicle_coupon_recommendation,4734,ep128_50,50,102,26,128,1024,1024,1024,0,1024,5.0,mesuré ici,0.7376673508420022,0.5967440331732664,0.7693320181722334
95c0cffd0787d5bb,363681,in_vehicle_coupon_recommendation,4734,ep128_50,50,102,26,128,2048,2048,2048,0,1024,7.1,mesuré ici,0.7872156396261916,0.5503643871602487,0.8100073685263796
95c0cffd0787d5bb,363681,in_vehicle_coupon_recommendation,4734,ep128_50,50,102,26,128,full,4734,4734,0,1024,14.2,mesuré ici,0.8215235340765966,0.508790651257377,0.843104533796845
95c0cffd0787d5bb,363681,in_vehicle_coupon_recommendation,4734,ep128_200,200,102,26,128,32,32,32,0,1024,5.3,mesuré ici,0.5871487770365879,0.6811208767846304,0.6558789742699251
95c0cffd0787d5bb,363681,in_vehicle_coupon_recommendation,4734,ep128_200,200,102,26,128,32,32,32,1,1024,4.9,mesuré ici,0.6180882741677163,0.6648304917757728,0.6668060458565275
95c0cffd0787d5bb,363681,in_vehicle_coupon_recommendation,4734,ep128_200,200,102,26,128,32,32,32,2,1024,4.9,mesuré ici,0.5424674627979661,0.6842819627661988,0.6111890255456147
95c0cffd0787d5bb,363681,in_vehicle_coupon_recommendation,4734,ep128_200,200,102,26,128,64,64,64,0,1024,4.8,mesuré ici,0.604484458335277,0.6658503420461941,0.6686367552046325
95c0cffd0787d5bb,363681,in_vehicle_coupon_recommendation,4734,ep128_200,200,102,26,128,64,64,64,1,1024,4.9,mesuré ici,0.5885365645068495,0.6730838863145652,0.6447311360042723
95c0cffd0787d5bb,363681,in_vehicle_coupon_recommendation,4734,ep128_200,200,102,26,128,64,64,64,2,1024,4.8,mesuré ici,0.6127975773973349,0.6669733701877953,0.6772313286118746
95c0cffd0787d5bb,363681,in_vehicle_coupon_recommendation,4734,ep128_200,200,102,26,128,128,128,128,0,1024,5.0,mesuré ici,0.619378877641461,0.6620687316486846,0.6548641034776679
95c0cffd0787d5bb,363681,in_vehicle_coupon_recommendation,4734,ep128_200,200,102,26,128,128,128,128,1,1024,5.0,mesuré ici,0.6352684610719783,0.663812765216313,0.687404150128434
95c0cffd0787d5bb,363681,in_vehicle_coupon_recommendation,4734,ep128_200,200,102,26,128,128,128,128,2,1024,5.0,mesuré ici,0.6166188521403804,0.6662288372603747,0.6558829847744775
95c0cffd0787d5bb,363681,in_vehicle_coupon_recommendation,4734,ep128_200,200,102,26,128,256,256,256,0,1024,4.9,mesuré ici,0.673673632815537,0.6392484312731976,0.7223037265115695
95c0cffd0787d5bb,363681,in_vehicle_coupon_recommendation,4734,ep128_200,200,102,26,128,256,256,256,1,1024,4.9,mesuré ici,0.6516070345664038,0.6510105044237818,0.6848198478053814
95c0cffd0787d5bb,363681,in_vehicle_coupon_recommendation,4734,ep128_200,200,102,26,128,256,256,256,2,1024,4.9,mesuré ici,0.6808263749591827,0.636046959589007,0.734663454834548
95c0cffd0787d5bb,363681,in_vehicle_coupon_recommendation,4734,ep128_200,200,102,26,128,512,512,512,0,1024,5.0,mesuré ici,0.7066734306728243,0.6155675321443448,0.7620030186471137
95c0cffd0787d5bb,363681,in_vehicle_coupon_recommendation,4734,ep128_200,200,102,26,128,1024,1024,1024,0,1024,5.0,mesuré ici,0.7264095566854815,0.6091140296710175,0.7712716212410811
95c0cffd0787d5bb,363681,in_vehicle_coupon_recommendation,4734,ep128_200,200,102,26,128,2048,2048,2048,0,1024,7.2,mesuré ici,0.7646106420363545,0.579636113477181,0.7867018177816527
95c0cffd0787d5bb,363681,in_vehicle_coupon_recommendation,4734,ep128_200,200,102,26,128,full,4734,4734,0,1024,14.5,mesuré ici,0.7892176299544402,0.554261998470101,0.8117914895278218
95c0cffd0787d5bb,363689,NATICUSdroid,2796,ep128_25,25,102,26,128,32,32,32,0,999,5.3,mesuré ici,0.9516266784063393,0.3438052349749619,0.9226085349711889
95c0cffd0787d5bb,363689,NATICUSdroid,2796,ep128_25,25,102,26,128,32,32,32,1,999,5.0,mesuré ici,0.9574928461369139,0.30254244352626436,0.9260574008034296
95c0cffd0787d5bb,363689,NATICUSdroid,2796,ep128_25,25,102,26,128,32,32,32,2,999,4.9,mesuré ici,0.9424147039401277,0.2825567507828408,0.9105569404530334
95c0cffd0787d5bb,363689,NATICUSdroid,2796,ep128_25,25,102,26,128,64,64,64,0,999,4.9,mesuré ici,0.9638256658595641,0.24049079795378606,0.9360073362783041
95c0cffd0787d5bb,363689,NATICUSdroid,2796,ep128_25,25,102,26,128,64,64,64,1,999,4.9,mesuré ici,0.9601122606207353,0.24172171704449924,0.9305216403210724
95c0cffd0787d5bb,363689,NATICUSdroid,2796,ep128_25,25,102,26,128,64,64,64,2,999,5.0,mesuré ici,0.951732335461149,0.29930563885888956,0.9227134889576538
95c0cffd0787d5bb,363689,NATICUSdroid,2796,ep128_25,25,102,26,128,128,128,128,0,999,6.5,mesuré ici,0.9686044464010565,0.20880623818437055,0.9541475302089262
95c0cffd0787d5bb,363689,NATICUSdroid,2796,ep128_25,25,102,26,128,128,128,128,1,999,6.7,mesuré ici,0.9672419106317411,0.2405414536686296,0.9263020838556286
95c0cffd0787d5bb,363689,NATICUSdroid,2796,ep128_25,25,102,26,128,128,128,128,2,999,6.3,mesuré ici,0.9724873431653092,0.20930694235635922,0.9574624301844484
95c0cffd0787d5bb,363689,NATICUSdroid,2796,ep128_25,25,102,26,128,256,256,256,0,999,6.5,mesuré ici,0.9762821923838874,0.1807537953030295,0.9643660856920425
95c0cffd0787d5bb,363689,NATICUSdroid,2796,ep128_25,25,102,26,128,256,256,256,1,999,6.4,mesuré ici,0.9784745762711865,0.17482769038401902,0.9664601749629261
95c0cffd0787d5bb,363689,NATICUSdroid,2796,ep128_25,25,102,26,128,256,256,256,2,999,6.5,mesuré ici,0.9772198987453224,0.17696188148962871,0.9629950431861075
95c0cffd0787d5bb,363689,NATICUSdroid,2796,ep128_25,25,102,26,128,512,512,512,0,999,6.5,mesuré ici,0.9771824785384107,0.17608392337448184,0.9653453620440245
95c0cffd0787d5bb,363689,NATICUSdroid,2796,ep128_25,25,102,26,128,1024,1024,1024,0,999,8.0,mesuré ici,0.9812436715826546,0.16196522954422968,0.97120690108319
95c0cffd0787d5bb,363689,NATICUSdroid,2796,ep128_25,25,102,26,128,2048,2048,2048,0,999,13.0,mesuré ici,0.9831058771736738,0.15113337486274953,0.9739004743747844
95c0cffd0787d5bb,363689,NATICUSdroid,2796,ep128_25,25,102,26,128,full,2796,2796,0,999,15.6,mesuré ici,0.9838212634822804,0.1479542153229803,0.9749937970671413
95c0cffd0787d5bb,363689,NATICUSdroid,2796,ep128_50,50,102,26,128,32,32,32,0,999,5.2,mesuré ici,0.9515364296720229,0.3375851718325614,0.9225180375658453
95c0cffd0787d5bb,363689,NATICUSdroid,2796,ep128_50,50,102,26,128,32,32,32,1,999,4.9,mesuré ici,0.9560158485582215,0.2793839815939672,0.9207541401239545
95c0cffd0787d5bb,363689,NATICUSdroid,2796,ep128_50,50,102,26,128,32,32,32,2,999,4.8,mesuré ici,0.9395179396874312,0.30310670224950503,0.9079448818438488
95c0cffd0787d5bb,363689,NATICUSdroid,2796,ep128_50,50,102,26,128,64,64,64,0,999,4.9,mesuré ici,0.9642328857583095,0.2533000658993732,0.9374326921082705
95c0cffd0787d5bb,363689,NATICUSdroid,2796,ep128_50,50,102,26,128,64,64,64,1,999,4.8,mesuré ici,0.9625511776359235,0.23212012802169693,0.938180719418582
95c0cffd0787d5bb,363689,NATICUSdroid,2796,ep128_50,50,102,26,128,64,64,64,2,999,4.9,mesuré ici,0.9514836011446182,0.29179879952349796,0.924009318756879
95c0cffd0787d5bb,363689,NATICUSdroid,2796,ep128_50,50,102,26,128,128,128,128,0,999,6.3,mesuré ici,0.968382126348228,0.21553910073401408,0.9540017052211719
95c0cffd0787d5bb,363689,NATICUSdroid,2796,ep128_50,50,102,26,128,128,128,128,1,999,6.4,mesuré ici,0.9689082104336342,0.21978877452245696,0.9292386790475702
95c0cffd0787d5bb,363689,NATICUSdroid,2796,ep128_50,50,102,26,128,128,128,128,2,999,6.4,mesuré ici,0.9728967642526964,0.2001531249143383,0.9569820715245656
95c0cffd0787d5bb,363689,NATICUSdroid,2796,ep128_50,50,102,26,128,256,256,256,0,999,6.4,mesuré ici,0.9767576491305305,0.19390224434563266,0.9653763625884061
95c0cffd0787d5bb,363689,NATICUSdroid,2796,ep128_50,50,102,26,128,256,256,256,1,999,6.4,mesuré ici,0.978745322474136,0.18385470954097102,0.9676348829547862
95c0cffd0787d5bb,363689,NATICUSdroid,2796,ep128_50,50,102,26,128,256,256,256,2,999,6.4,mesuré ici,0.9785141976667402,0.18317800148016694,0.9657708034507828
95c0cffd0787d5bb,363689,NATICUSdroid,2796,ep128_50,50,102,26,128,512,512,512,0,999,6.6,mesuré ici,0.9782456526524324,0.17963943529491366,0.9669492959367166
95c0cffd0787d5bb,363689,NATICUSdroid,2796,ep128_50,50,102,26,128,1024,1024,1024,0,999,7.8,mesuré ici,0.9816883116883116,0.1673314473255117,0.972094743616052
95c0cffd0787d5bb,363689,NATICUSdroid,2796,ep128_50,50,102,26,128,2048,2048,2048,0,999,12.9,mesuré ici,0.9838674884437596,0.15446139339037943,0.9749827918367919
95c0cffd0787d5bb,363689,NATICUSdroid,2796,ep128_50,50,102,26,128,full,2796,2796,0,999,16.1,mesuré ici,0.9845432533568127,0.1516671032024582,0.9760267126162404
95c0cffd0787d5bb,363689,NATICUSdroid,2796,ep128_200,200,102,26,128,32,32,32,0,999,5.3,mesuré ici,0.9539731454985693,0.28215213531459676,0.9259651297896437
95c0cffd0787d5bb,363689,NATICUSdroid,2796,ep128_200,200,102,26,128,32,32,32,1,999,4.9,mesuré ici,0.9576359233986353,0.2870007138666045,0.9215713919122561
95c0cffd0787d5bb,363689,NATICUSdroid,2796,ep128_200,200,102,26,128,32,32,32,2,999,4.9,mesuré ici,0.9437354171252478,0.2836196457461962,0.9132781707901366
95c0cffd0787d5bb,363689,NATICUSdroid,2796,ep128_200,200,102,26,128,64,64,64,0,999,4.9,mesuré ici,0.9650363196125908,0.2292696239693262,0.9405964418707775
95c0cffd0787d5bb,363689,NATICUSdroid,2796,ep128_200,200,102,26,128,64,64,64,1,999,4.9,mesuré ici,0.9684261501210655,0.21363203576217282,0.9454524245532184
95c0cffd0787d5bb,363689,NATICUSdroid,2796,ep128_200,200,102,26,128,64,64,64,2,999,4.9,mesuré ici,0.9534580673563724,0.2705940720160885,0.9243446345170907
95c0cffd0787d5bb,363689,NATICUSdroid,2796,ep128_200,200,102,26,128,128,128,128,0,999,6.4,mesuré ici,0.9692648029936165,0.2063089627690743,0.9556333342389964
95c0cffd0787d5bb,363689,NATICUSdroid,2796,ep128_200,200,102,26,128,128,128,128,1,999,6.3,mesuré ici,0.9674510235527184,0.22919858068741542,0.9308629449101957
95c0cffd0787d5bb,363689,NATICUSdroid,2796,ep128_200,200,102,26,128,128,128,128,2,999,6.2,mesuré ici,0.9726106097292538,0.2004116056978405,0.9563977521168038
95c0cffd0787d5bb,363689,NATICUSdroid,2796,ep128_200,200,102,26,128,256,256,256,0,999,6.4,mesuré ici,0.9771252476337222,0.18159766513061718,0.9665890504882155
95c0cffd0787d5bb,363689,NATICUSdroid,2796,ep128_200,200,102,26,128,256,256,256,1,999,6.4,mesuré ici,0.9798943429451904,0.17110826090609807,0.9694763892828171
95c0cffd0787d5bb,363689,NATICUSdroid,2796,ep128_200,200,102,26,128,256,256,256,2,999,6.5,mesuré ici,0.9782302443319393,0.17659382745796165,0.965603350431353
95c0cffd0787d5bb,363689,NATICUSdroid,2796,ep128_200,200,102,26,128,512,512,512,0,999,6.6,mesuré ici,0.9782302443319393,0.17401724164566107,0.9677810418228515
95c0cffd0787d5bb,363689,NATICUSdroid,2796,ep128_200,200,102,26,128,1024,1024,1024,0,999,7.8,mesuré ici,0.9815012106537531,0.16261730373121058,0.9722977246886357
95c0cffd0787d5bb,363689,NATICUSdroid,2796,ep128_200,200,102,26,128,2048,2048,2048,0,999,13.0,mesuré ici,0.9831895223420648,0.15455904998142508,0.9746017769604304
95c0cffd0787d5bb,363689,NATICUSdroid,2796,ep128_200,200,102,26,128,full,2796,2796,0,999,16.1,mesuré ici,0.9838102575390713,0.15064034926774303,0.975219002030701
95c0cffd0787d5bb,363691,online_shoppers_intention,4603,ep128_25,25,102,26,128,32,32,32,0,1024,5.1,mesuré ici,0.9154230128336305,0.2589599266842765,0.7195225946875715
95c0cffd0787d5bb,363691,online_shoppers_intention,4603,ep128_25,25,102,26,128,32,32,32,1,1024,4.8,mesuré ici,0.8578690034203525,0.325469084611229,0.46223575528898686
95c0cffd0787d5bb,363691,online_shoppers_intention,4603,ep128_25,25,102,26,128,32,32,32,2,1024,4.8,mesuré ici,0.891009150173941,0.3138193363871408,0.6389223832547964
95c0cffd0787d5bb,363691,online_shoppers_intention,4603,ep128_25,25,102,26,128,64,64,64,0,1024,4.7,mesuré ici,0.9092693016049347,0.25334421070556873,0.6861030938607684
95c0cffd0787d5bb,363691,online_shoppers_intention,4603,ep128_25,25,102,26,128,64,64,64,1,1024,4.7,mesuré ici,0.9181490630572691,0.24288317009616917,0.7470184001330064
95c0cffd0787d5bb,363691,online_shoppers_intention,4603,ep128_25,25,102,26,128,64,64,64,2,1024,5.3,mesuré ici,0.8936438448270821,0.294901671963671,0.66589806557234
95c0cffd0787d5bb,363691,online_shoppers_intention,4603,ep128_25,25,102,26,128,128,128,128,0,1024,4.7,mesuré ici,0.9133291431578332,0.2555546062960503,0.7389443506643526
95c0cffd0787d5bb,363691,online_shoppers_intention,4603,ep128_25,25,102,26,128,128,128,128,1,1024,4.7,mesuré ici,0.9057356681381004,0.2489371439127091,0.7485223542455092
95c0cffd0787d5bb,363691,online_shoppers_intention,4603,ep128_25,25,102,26,128,128,128,128,2,1024,4.8,mesuré ici,0.9137347618908411,0.2563205623551551,0.7336956694179892
95c0cffd0787d5bb,363691,online_shoppers_intention,4603,ep128_25,25,102,26,128,256,256,256,0,1024,4.8,mesuré ici,0.9128431315227877,0.24356585296183544,0.7419682452663501
95c0cffd0787d5bb,363691,online_shoppers_intention,4603,ep128_25,25,102,26,128,256,256,256,1,1024,4.8,mesuré ici,0.9043397550209022,0.24250923096660568,0.7033660809551721
95c0cffd0787d5bb,363691,online_shoppers_intention,4603,ep128_25,25,102,26,128,256,256,256,2,1024,4.8,mesuré ici,0.9150137398778029,0.24350177090595135,0.7162456081161753
95c0cffd0787d5bb,363691,online_shoppers_intention,4603,ep128_25,25,102,26,128,512,512,512,0,1024,4.8,mesuré ici,0.9267145613470926,0.23559874876685205,0.7304840487245408
95c0cffd0787d5bb,363691,online_shoppers_intention,4603,ep128_25,25,102,26,128,1024,1024,1024,0,1024,4.8,mesuré ici,0.9357002952612037,0.22102803327321582,0.7564799041484997
95c0cffd0787d5bb,363691,online_shoppers_intention,4603,ep128_25,25,102,26,128,2048,2048,2048,0,1024,6.8,mesuré ici,0.9380609232028532,0.21616415952223378,0.7683822188807352
95c0cffd0787d5bb,363691,online_shoppers_intention,4603,ep128_25,25,102,26,128,full,4603,4603,0,1024,13.0,mesuré ici,0.9380499605343936,0.21510178596488283,0.7654255053603928
95c0cffd0787d5bb,363691,online_shoppers_intention,4603,ep128_50,50,102,26,128,32,32,32,0,1024,5.1,mesuré ici,0.9149662349811443,0.2624740590326941,0.7144989235833121
95c0cffd0787d5bb,363691,online_shoppers_intention,4603,ep128_50,50,102,26,128,32,32,32,1,1024,4.6,mesuré ici,0.8571381588563745,0.3236936654440041,0.4602182139461253
95c0cffd0787d5bb,363691,online_shoppers_intention,4603,ep128_50,50,102,26,128,32,32,32,2,1024,4.8,mesuré ici,0.8932236092027948,0.2936788605678565,0.6524956599111232
95c0cffd0787d5bb,363691,online_shoppers_intention,4603,ep128_50,50,102,26,128,64,64,64,0,1024,4.7,mesuré ici,0.9090683193498408,0.2542750017810621,0.6886906634547413
95c0cffd0787d5bb,363691,online_shoppers_intention,4603,ep128_50,50,102,26,128,64,64,64,1,1024,4.8,mesuré ici,0.9170527962113018,0.2544574467927525,0.7462019382425199
95c0cffd0787d5bb,363691,online_shoppers_intention,4603,ep128_50,50,102,26,128,64,64,64,2,1024,4.7,mesuré ici,0.8963954746104599,0.280838856208681,0.6830490754413648
95c0cffd0787d5bb,363691,online_shoppers_intention,4603,ep128_50,50,102,26,128,128,128,128,0,1024,4.7,mesuré ici,0.9124411670125998,0.2492401227664841,0.7416208220043277
95c0cffd0787d5bb,363691,online_shoppers_intention,4603,ep128_50,50,102,26,128,128,128,128,1,1024,4.7,mesuré ici,0.9060535855234308,0.24176676433927607,0.744021076543685
95c0cffd0787d5bb,363691,online_shoppers_intention,4603,ep128_50,50,102,26,128,128,128,128,2,1024,4.7,mesuré ici,0.914399830444061,0.25144548021604557,0.7380298037695329
95c0cffd0787d5bb,363691,online_shoppers_intention,4603,ep128_50,50,102,26,128,256,256,256,0,1024,4.7,mesuré ici,0.9097699301312596,0.24819223929710804,0.7357999112776892
95c0cffd0787d5bb,363691,online_shoppers_intention,4603,ep128_50,50,102,26,128,256,256,256,1,1024,4.7,mesuré ici,0.8991690297307569,0.24956285137287612,0.70414823218909
95c0cffd0787d5bb,363691,online_shoppers_intention,4603,ep128_50,50,102,26,128,256,256,256,2,1024,4.8,mesuré ici,0.913336451603473,0.2446502223023221,0.715543464266469
95c0cffd0787d5bb,363691,online_shoppers_intention,4603,ep128_50,50,102,26,128,512,512,512,0,1024,4.8,mesuré ici,0.9262431666033268,0.23538622138060947,0.7311624642872707
95c0cffd0787d5bb,363691,online_shoppers_intention,4603,ep128_50,50,102,26,128,1024,1024,1024,0,1024,4.8,mesuré ici,0.9351777413979595,0.22055759906820313,0.754274469230013
95c0cffd0787d5bb,363691,online_shoppers_intention,4603,ep128_50,50,102,26,128,2048,2048,2048,0,1024,6.5,mesuré ici,0.9376479960242056,0.2163938215487068,0.7661095904726866
95c0cffd0787d5bb,363691,online_shoppers_intention,4603,ep128_50,50,102,26,128,full,4603,4603,0,1024,12.6,mesuré ici,0.93850308416406,0.2144635032460017,0.7707704786096787
95c0cffd0787d5bb,363691,online_shoppers_intention,4603,ep128_200,200,102,26,128,32,32,32,0,1024,5.1,mesuré ici,0.9166362148098344,0.24553575152570264,0.7404584187934237
95c0cffd0787d5bb,363691,online_shoppers_intention,4603,ep128_200,200,102,26,128,32,32,32,1,1024,4.8,mesuré ici,0.8557349372935363,0.316076400055741,0.48945885585395155
95c0cffd0787d5bb,363691,online_shoppers_intention,4603,ep128_200,200,102,26,128,32,32,32,2,1024,4.7,mesuré ici,0.9086955886222118,0.27713775942254515,0.6948712400847941
95c0cffd0787d5bb,363691,online_shoppers_intention,4603,ep128_200,200,102,26,128,64,64,64,0,1024,4.8,mesuré ici,0.9200017540269535,0.24497323815399863,0.7257254865859752
95c0cffd0787d5bb,363691,online_shoppers_intention,4603,ep128_200,200,102,26,128,64,64,64,1,1024,4.7,mesuré ici,0.9215949951764258,0.25067553217630356,0.764457592747658
95c0cffd0787d5bb,363691,online_shoppers_intention,4603,ep128_200,200,102,26,128,64,64,64,2,1024,4.7,mesuré ici,0.9159784547022538,0.25999331247018587,0.7421700271479715
95c0cffd0787d5bb,363691,online_shoppers_intention,4603,ep128_200,200,102,26,128,128,128,128,0,1024,4.7,mesuré ici,0.9239410062267956,0.23645443468487434,0.759340258183176
95c0cffd0787d5bb,363691,online_shoppers_intention,4603,ep128_200,200,102,26,128,128,128,128,1,1024,4.7,mesuré ici,0.9115970415412049,0.24254716676297824,0.7547966261494111
95c0cffd0787d5bb,363691,online_shoppers_intention,4603,ep128_200,200,102,26,128,128,128,128,2,1024,4.6,mesuré ici,0.9184962142251587,0.24472420119659966,0.7558853962290693
95c0cffd0787d5bb,363691,online_shoppers_intention,4603,ep128_200,200,102,26,128,256,256,256,0,1024,4.8,mesuré ici,0.9211126377642003,0.25259483066550187,0.7462193932870538
95c0cffd0787d5bb,363691,online_shoppers_intention,4603,ep128_200,200,102,26,128,256,256,256,1,1024,4.8,mesuré ici,0.9161940538486275,0.23388062688389774,0.7431859933221187
95c0cffd0787d5bb,363691,online_shoppers_intention,4603,ep128_200,200,102,26,128,256,256,256,2,1024,4.8,mesuré ici,0.9210030110796035,0.23550472179628035,0.7485000302692448
95c0cffd0787d5bb,363691,online_shoppers_intention,4603,ep128_200,200,102,26,128,512,512,512,0,1024,4.8,mesuré ici,0.9322251293594878,0.22839200423015177,0.7610526123138263
95c0cffd0787d5bb,363691,online_shoppers_intention,4603,ep128_200,200,102,26,128,1024,1024,1024,0,1024,4.8,mesuré ici,0.9380572689800332,0.21749744950680555,0.7720314645236392
95c0cffd0787d5bb,363691,online_shoppers_intention,4603,ep128_200,200,102,26,128,2048,2048,2048,0,1024,6.6,mesuré ici,0.9397528283684626,0.21605162227450403,0.769225473993806
95c0cffd0787d5bb,363691,online_shoppers_intention,4603,ep128_200,200,102,26,128,full,4603,4603,0,1024,13.0,mesuré ici,0.9398514923845996,0.21528959389194433,0.7714302062705691
95c0cffd0787d5bb,363694,polish_companies_bankruptcy,2206,ep128_25,25,102,26,128,32,32,32,0,788,4.6,mesuré ici,0.8160486171400224,0.21017726701319425,0.30382647995665285
95c0cffd0787d5bb,363694,polish_companies_bankruptcy,2206,ep128_25,25,102,26,128,32,32,32,1,788,4.4,mesuré ici,0.7390301376658812,0.23028539508287135,0.18950223214472492
95c0cffd0787d5bb,363694,polish_companies_bankruptcy,2206,ep128_25,25,102,26,128,32,32,32,2,788,4.4,mesuré ici,0.8604737690685849,0.1821221925090639,0.4467207733529643
95c0cffd0787d5bb,363694,polish_companies_bankruptcy,2206,ep128_25,25,102,26,128,64,64,64,0,788,4.4,mesuré ici,0.8415478109884658,0.1961892777361469,0.3804926043733104
95c0cffd0787d5bb,363694,polish_companies_bankruptcy,2206,ep128_25,25,102,26,128,64,64,64,1,788,4.3,mesuré ici,0.8598536524866675,0.1858728897569525,0.5220641673142514
95c0cffd0787d5bb,363694,polish_companies_bankruptcy,2206,ep128_25,25,102,26,128,64,64,64,2,788,4.7,mesuré ici,0.8637975939476622,0.17805009061386542,0.5406534085332985
95c0cffd0787d5bb,363694,polish_companies_bankruptcy,2206,ep128_25,25,102,26,128,128,128,128,0,788,4.4,mesuré ici,0.8711893836041176,0.17767623109397643,0.5127486479988626
95c0cffd0787d5bb,363694,polish_companies_bankruptcy,2206,ep128_25,25,102,26,128,128,128,128,1,788,4.3,mesuré ici,0.8376410765223861,0.20214205526313364,0.30874879200490013
95c0cffd0787d5bb,363694,polish_companies_bankruptcy,2206,ep128_25,25,102,26,128,128,128,128,2,788,4.3,mesuré ici,0.8632394890239364,0.18554054706262246,0.5411896650890156
95c0cffd0787d5bb,363694,polish_companies_bankruptcy,2206,ep128_25,25,102,26,128,256,256,256,0,788,4.3,mesuré ici,0.8858861465955599,0.17440651585367759,0.5965805937162013
95c0cffd0787d5bb,363694,polish_companies_bankruptcy,2206,ep128_25,25,102,26,128,256,256,256,1,788,4.3,mesuré ici,0.9098102443259333,0.16455573085972874,0.5439756106248527
95c0cffd0787d5bb,363694,polish_companies_bankruptcy,2206,ep128_25,25,102,26,128,256,256,256,2,788,4.3,mesuré ici,0.8789036338831702,0.17500957133206954,0.5155423356110407
95c0cffd0787d5bb,363694,polish_companies_bankruptcy,2206,ep128_25,25,102,26,128,512,512,512,0,788,4.4,mesuré ici,0.9336103187399231,0.128463532931284,0.7090526176012256
95c0cffd0787d5bb,363694,polish_companies_bankruptcy,2206,ep128_25,25,102,26,128,1024,1024,1024,0,788,5.0,mesuré ici,0.9752449460498573,0.07635109316137609,0.891762760690602
95c0cffd0787d5bb,363694,polish_companies_bankruptcy,2206,ep128_25,25,102,26,128,2048,2048,2048,0,788,8.2,mesuré ici,0.9775269750713134,0.061989800687265985,0.915893422755389
95c0cffd0787d5bb,363694,polish_companies_bankruptcy,2206,ep128_25,25,102,26,128,full,2206,2206,0,788,8.5,mesuré ici,0.9809128116085825,0.05890506178804088,0.9187910668213065
95c0cffd0787d5bb,363694,polish_companies_bankruptcy,2206,ep128_50,50,102,26,128,32,32,32,0,788,4.7,mesuré ici,0.8145727396750589,0.21553714060886497,0.3203251030436557
95c0cffd0787d5bb,363694,polish_companies_bankruptcy,2206,ep128_50,50,102,26,128,32,32,32,1,788,4.4,mesuré ici,0.7436686096986234,0.22914954022027795,0.19741304714517477
95c0cffd0787d5bb,363694,polish_companies_bankruptcy,2206,ep128_50,50,102,26,128,32,32,32,2,788,4.3,mesuré ici,0.8614907602629294,0.18169088160842747,0.45135696606013753
95c0cffd0787d5bb,363694,polish_companies_bankruptcy,2206,ep128_50,50,102,26,128,64,64,64,0,788,4.4,mesuré ici,0.8440406796477737,0.19860263617233231,0.38749161967274387
95c0cffd0787d5bb,363694,polish_companies_bankruptcy,2206,ep128_50,50,102,26,128,64,64,64,1,788,4.4,mesuré ici,0.8563065856380999,0.19349780225869737,0.5335455353429127
95c0cffd0787d5bb,363694,polish_companies_bankruptcy,2206,ep128_50,50,102,26,128,64,64,64,2,788,4.4,mesuré ici,0.8677911447352102,0.1825911357733351,0.5443758441246784
95c0cffd0787d5bb,363694,polish_companies_bankruptcy,2206,ep128_50,50,102,26,128,128,128,128,0,788,4.4,mesuré ici,0.8790400595311918,0.18248723786457874,0.5051030445469601
95c0cffd0787d5bb,363694,polish_companies_bankruptcy,2206,ep128_50,50,102,26,128,128,128,128,1,788,4.4,mesuré ici,0.8435693910455166,0.20447981178963442,0.319823238540502
95c0cffd0787d5bb,363694,polish_companies_bankruptcy,2206,ep128_50,50,102,26,128,128,128,128,2,788,4.5,mesuré ici,0.8725660424159742,0.19277194991135338,0.541707210961842
95c0cffd0787d5bb,363694,polish_companies_bankruptcy,2206,ep128_50,50,102,26,128,256,256,256,0,788,4.4,mesuré ici,0.8921369217412873,0.18238260587549499,0.5801821224411075
95c0cffd0787d5bb,363694,polish_companies_bankruptcy,2206,ep128_50,50,102,26,128,256,256,256,1,788,4.4,mesuré ici,0.8934639712265905,0.18046617014307756,0.4951749193962229
95c0cffd0787d5bb,363694,polish_companies_bankruptcy,2206,ep128_50,50,102,26,128,256,256,256,2,788,4.3,mesuré ici,0.8733473893091902,0.17239657707107103,0.5200600515096198
95c0cffd0787d5bb,363694,polish_companies_bankruptcy,2206,ep128_50,50,102,26,128,512,512,512,0,788,4.5,mesuré ici,0.9318243829840009,0.14071779674944607,0.6927110769812541
95c0cffd0787d5bb,363694,polish_companies_bankruptcy,2206,ep128_50,50,102,26,128,1024,1024,1024,0,788,5.0,mesuré ici,0.9702344040679647,0.09269464704121037,0.8803465102965085
95c0cffd0787d5bb,363694,polish_companies_bankruptcy,2206,ep128_50,50,102,26,128,2048,2048,2048,0,788,8.3,mesuré ici,0.9749224854272602,0.06730189008710283,0.9176466218879497
95c0cffd0787d5bb,363694,polish_companies_bankruptcy,2206,ep128_50,50,102,26,128,full,2206,2206,0,788,9.0,mesuré ici,0.978866426888255,0.0647648866650131,0.9181638797559167
95c0cffd0787d5bb,363694,polish_companies_bankruptcy,2206,ep128_200,200,102,26,128,32,32,32,0,788,4.8,mesuré ici,0.844760014882798,0.19205602931427748,0.4117227431571916
95c0cffd0787d5bb,363694,polish_companies_bankruptcy,2206,ep128_200,200,102,26,128,32,32,32,1,788,4.5,mesuré ici,0.7807143743023688,0.2155638959489977,0.253582417006731
95c0cffd0787d5bb,363694,polish_companies_bankruptcy,2206,ep128_200,200,102,26,128,32,32,32,2,788,4.4,mesuré ici,0.8617884162222498,0.18256416841062245,0.4758257612694136
95c0cffd0787d5bb,363694,polish_companies_bankruptcy,2206,ep128_200,200,102,26,128,64,64,64,0,788,4.4,mesuré ici,0.8532804167183431,0.18948607072929796,0.43481108983872213
95c0cffd0787d5bb,363694,polish_companies_bankruptcy,2206,ep128_200,200,102,26,128,64,64,64,1,788,4.3,mesuré ici,0.8607466203646286,0.17395972363406959,0.5513979034663445
95c0cffd0787d5bb,363694,polish_companies_bankruptcy,2206,ep128_200,200,102,26,128,64,64,64,2,788,4.3,mesuré ici,0.8760510976063499,0.16987424133550677,0.5192095781871139
95c0cffd0787d5bb,363694,polish_companies_bankruptcy,2206,ep128_200,200,102,26,128,128,128,128,0,788,4.4,mesuré ici,0.8831824382984,0.17031803697646566,0.5251428649586611
95c0cffd0787d5bb,363694,polish_companies_bankruptcy,2206,ep128_200,200,102,26,128,128,128,128,1,788,4.4,mesuré ici,0.8725908470792509,0.1838235979857159,0.37553233238421835
95c0cffd0787d5bb,363694,polish_companies_bankruptcy,2206,ep128_200,200,102,26,128,128,128,128,2,788,4.4,mesuré ici,0.8794121294803424,0.17395855204181096,0.5274726148789466
95c0cffd0787d5bb,363694,polish_companies_bankruptcy,2206,ep128_200,200,102,26,128,256,256,256,0,788,4.4,mesuré ici,0.8948778370333622,0.16517253562189516,0.5727023624654453
95c0cffd0787d5bb,363694,polish_companies_bankruptcy,2206,ep128_200,200,102,26,128,256,256,256,1,788,4.4,mesuré ici,0.8882549919384845,0.17102875399528977,0.5242031886066546
95c0cffd0787d5bb,363694,polish_companies_bankruptcy,2206,ep128_200,200,102,26,128,256,256,256,2,788,4.4,mesuré ici,0.8817933771549051,0.17229055146795755,0.5216682632561739
95c0cffd0787d5bb,363694,polish_companies_bankruptcy,2206,ep128_200,200,102,26,128,512,512,512,0,788,4.5,mesuré ici,0.9259828847823391,0.13985808500121813,0.6573232912780029
95c0cffd0787d5bb,363694,polish_companies_bankruptcy,2206,ep128_200,200,102,26,128,1024,1024,1024,0,788,5.1,mesuré ici,0.9645045268510479,0.09829823657991345,0.828506303578269
95c0cffd0787d5bb,363694,polish_companies_bankruptcy,2206,ep128_200,200,102,26,128,2048,2048,2048,0,788,8.5,mesuré ici,0.9719459258340568,0.07018158724580353,0.9011614299390852
95c0cffd0787d5bb,363694,polish_companies_bankruptcy,2206,ep128_200,200,102,26,128,full,2206,2206,0,788,8.9,mesuré ici,0.9769316631526728,0.0653864442180321,0.9069780479603068
95c0cffd0787d5bb,363696,qsar-biodeg,392,ep128_25,25,102,26,128,32,32,32,0,141,3.1,mesuré ici,0.8888637392485288,0.46322499697908653,0.8268464249991583
95c0cffd0787d5bb,363696,qsar-biodeg,392,ep128_25,25,102,26,128,32,32,32,1,141,2.8,mesuré ici,0.8911272068809416,0.39769294624592955,0.8166475825089778
95c0cffd0787d5bb,363696,qsar-biodeg,392,ep128_25,25,102,26,128,32,32,32,2,141,2.7,mesuré ici,0.8646446355817112,0.48090693982854044,0.7676875687465438
95c0cffd0787d5bb,363696,qsar-biodeg,392,ep128_25,25,102,26,128,64,64,64,0,141,2.8,mesuré ici,0.9075373472159348,0.3499555524117909,0.8734107704662517
95c0cffd0787d5bb,363696,qsar-biodeg,392,ep128_25,25,102,26,128,64,64,64,1,141,2.7,mesuré ici,0.9068583069262109,0.36222871038022864,0.8465157568575796
95c0cffd0787d5bb,363696,qsar-biodeg,392,ep128_25,25,102,26,128,64,64,64,2,141,2.8,mesuré ici,0.8769805341783612,0.4144358119457041,0.7863820677449226
95c0cffd0787d5bb,363696,qsar-biodeg,392,ep128_25,25,102,26,128,128,128,128,0,141,2.8,mesuré ici,0.8902218198279764,0.3828730191688898,0.8111477912077854
95c0cffd0787d5bb,363696,qsar-biodeg,392,ep128_25,25,102,26,128,128,128,128,1,141,2.8,mesuré ici,0.9327750113173381,0.3114550866061159,0.8915745881557784
95c0cffd0787d5bb,363696,qsar-biodeg,392,ep128_25,25,102,26,128,128,128,128,2,141,3.0,mesuré ici,0.8866002716161159,0.4112349428410643,0.833760470600596
95c0cffd0787d5bb,363696,qsar-biodeg,392,ep128_25,25,102,26,128,256,256,256,0,141,3.0,mesuré ici,0.9265504753282028,0.32375460265376893,0.8849136987438108
95c0cffd0787d5bb,363696,qsar-biodeg,392,ep128_25,25,102,26,128,256,256,256,1,141,2.8,mesuré ici,0.9418288818469895,0.2841049363381907,0.8991565305866677
95c0cffd0787d5bb,363696,qsar-biodeg,392,ep128_25,25,102,26,128,256,256,256,2,141,2.7,mesuré ici,0.9362833861475781,0.30467686295481067,0.8971265305589621
95c0cffd0787d5bb,363696,qsar-biodeg,392,ep128_25,25,102,26,128,full,392,392,0,141,2.8,mesuré ici,0.9416025350837482,0.2885588959765923,0.9140137492836472
95c0cffd0787d5bb,363696,qsar-biodeg,392,ep128_50,50,102,26,128,32,32,32,0,141,3.1,mesuré ici,0.8974649162516977,0.4593452271387682,0.8300863261826295
95c0cffd0787d5bb,363696,qsar-biodeg,392,ep128_50,50,102,26,128,32,32,32,1,141,2.8,mesuré ici,0.8919194205522861,0.3910218908024129,0.8179788617780558
95c0cffd0787d5bb,363696,qsar-biodeg,392,ep128_50,50,102,26,128,32,32,32,2,141,2.7,mesuré ici,0.864078768673608,0.4692217419160785,0.7536014696791392
95c0cffd0787d5bb,363696,qsar-biodeg,392,ep128_50,50,102,26,128,64,64,64,0,141,2.7,mesuré ici,0.9121774558623812,0.3399140019319562,0.8758984520485369
95c0cffd0787d5bb,363696,qsar-biodeg,392,ep128_50,50,102,26,128,64,64,64,1,141,2.7,mesuré ici,0.9076505205975555,0.3540597893453678,0.8438909503493905
95c0cffd0787d5bb,363696,qsar-biodeg,392,ep128_50,50,102,26,128,64,64,64,2,141,2.7,mesuré ici,0.8807152557718425,0.4055743087662279,0.7918476853981538
95c0cffd0787d5bb,363696,qsar-biodeg,392,ep128_50,50,102,26,128,128,128,128,0,141,2.8,mesuré ici,0.8904481665912177,0.38363541337209783,0.8126269443087955
95c0cffd0787d5bb,363696,qsar-biodeg,392,ep128_50,50,102,26,128,128,128,128,1,141,2.8,mesuré ici,0.9375282933454052,0.30715545656811427,0.898211375226717
95c0cffd0787d5bb,363696,qsar-biodeg,392,ep128_50,50,102,26,128,128,128,128,2,141,2.8,mesuré ici,0.8886373924852875,0.4222447535700814,0.8329530167348481
95c0cffd0787d5bb,363696,qsar-biodeg,392,ep128_50,50,102,26,128,256,256,256,0,141,2.8,mesuré ici,0.9280217292892711,0.32138560453117554,0.8884511356491884
95c0cffd0787d5bb,363696,qsar-biodeg,392,ep128_50,50,102,26,128,256,256,256,1,141,2.8,mesuré ici,0.9379809868718876,0.2948786377560014,0.8944100185881847
95c0cffd0787d5bb,363696,qsar-biodeg,392,ep128_50,50,102,26,128,256,256,256,2,141,2.8,mesuré ici,0.9327750113173382,0.30794569559528473,0.8917675731345501
95c0cffd0787d5bb,363696,qsar-biodeg,392,ep128_50,50,102,26,128,full,392,392,0,141,2.8,mesuré ici,0.9400181077410593,0.29333203572617766,0.9092639011323222
95c0cffd0787d5bb,363696,qsar-biodeg,392,ep128_200,200,102,26,128,32,32,32,0,141,3.2,mesuré ici,0.8959936622906293,0.46283617789106785,0.8308338197878186
95c0cffd0787d5bb,363696,qsar-biodeg,392,ep128_200,200,102,26,128,32,32,32,1,141,2.8,mesuré ici,0.8870529651425985,0.4040765703111735,0.7817634045141336
95c0cffd0787d5bb,363696,qsar-biodeg,392,ep128_200,200,102,26,128,32,32,32,2,141,2.7,mesuré ici,0.8772068809416026,0.444177077140405,0.7592070075032024
95c0cffd0787d5bb,363696,qsar-biodeg,392,ep128_200,200,102,26,128,64,64,64,0,141,2.8,mesuré ici,0.9073110004526935,0.3481373003796277,0.8748606664158534
95c0cffd0787d5bb,363696,qsar-biodeg,392,ep128_200,200,102,26,128,64,64,64,1,141,2.8,mesuré ici,0.8961068356722499,0.3866911017852605,0.8141145403913126
95c0cffd0787d5bb,363696,qsar-biodeg,392,ep128_200,200,102,26,128,64,64,64,2,141,2.8,mesuré ici,0.8996152105024898,0.3743808258053509,0.8132621018169652
95c0cffd0787d5bb,363696,qsar-biodeg,392,ep128_200,200,102,26,128,128,128,128,0,141,2.8,mesuré ici,0.892258940697148,0.3851588033643662,0.8217929323574295
95c0cffd0787d5bb,363696,qsar-biodeg,392,ep128_200,200,102,26,128,128,128,128,1,141,2.8,mesuré ici,0.9301720235400633,0.3285113509941109,0.8860144155448011
95c0cffd0787d5bb,363696,qsar-biodeg,392,ep128_200,200,102,26,128,128,128,128,2,141,2.8,mesuré ici,0.8820733363512903,0.43017489255296565,0.8306219482812166
95c0cffd0787d5bb,363696,qsar-biodeg,392,ep128_200,200,102,26,128,256,256,256,0,141,2.8,mesuré ici,0.9305115436849253,0.33484481291574175,0.90061605166493
95c0cffd0787d5bb,363696,qsar-biodeg,392,ep128_200,200,102,26,128,256,256,256,1,141,2.8,mesuré ici,0.9296061566319602,0.32124908775050953,0.8856968989079275
95c0cffd0787d5bb,363696,qsar-biodeg,392,ep128_200,200,102,26,128,256,256,256,2,141,2.8,mesuré ici,0.9325486645540969,0.3286573879813443,0.898787559410482
95c0cffd0787d5bb,363696,qsar-biodeg,392,ep128_200,200,102,26,128,full,392,392,0,141,2.8,mesuré ici,0.9359438660027162,0.3082681670050957,0.9084266753353987
95c0cffd0787d5bb,363700,seismic-bumps,963,ep128_25,25,102,26,128,32,32,32,0,345,3.6,mesuré ici,0.7590467188765865,0.23417402074767144,0.16602833297389988
95c0cffd0787d5bb,363700,seismic-bumps,963,ep128_25,25,102,26,128,32,32,32,1,345,3.3,mesuré ici,0.7121253038077235,0.2384448178622959,0.21218749028012432
95c0cffd0787d5bb,363700,seismic-bumps,963,ep128_25,25,102,26,128,32,32,32,2,345,3.3,mesuré ici,0.6433297326492033,0.24445075953128806,0.09551147645085645
95c0cffd0787d5bb,363700,seismic-bumps,963,ep128_25,25,102,26,128,64,64,64,0,345,3.3,mesuré ici,0.7639751552795031,0.2315403502152535,0.13175960346364865
95c0cffd0787d5bb,363700,seismic-bumps,963,ep128_25,25,102,26,128,64,64,64,1,345,3.3,mesuré ici,0.779773156899811,0.2230700148617724,0.21202097785707177
95c0cffd0787d5bb,363700,seismic-bumps,963,ep128_25,25,102,26,128,64,64,64,2,345,3.3,mesuré ici,0.6555495544153389,0.2364386375741645,0.16104379988019796
95c0cffd0787d5bb,363700,seismic-bumps,963,ep128_25,25,102,26,128,128,128,128,0,345,3.3,mesuré ici,0.8018498514717796,0.22260877852029426,0.20306674903326383
95c0cffd0787d5bb,363700,seismic-bumps,963,ep128_25,25,102,26,128,128,128,128,1,345,3.4,mesuré ici,0.7339994598973805,0.22149923148293726,0.16516088974736254
95c0cffd0787d5bb,363700,seismic-bumps,963,ep128_25,25,102,26,128,128,128,128,2,345,3.3,mesuré ici,0.7822036186875505,0.22151136247670697,0.17578448027000468
95c0cffd0787d5bb,363700,seismic-bumps,963,ep128_25,25,102,26,128,256,256,256,0,345,3.3,mesuré ici,0.8085336213880637,0.21277602442147875,0.21288428986443636
95c0cffd0787d5bb,363700,seismic-bumps,963,ep128_25,25,102,26,128,256,256,256,1,345,3.6,mesuré ici,0.8014447745071563,0.21543824410882575,0.20799709072514416
95c0cffd0787d5bb,363700,seismic-bumps,963,ep128_25,25,102,26,128,256,256,256,2,345,3.6,mesuré ici,0.8064407237375102,0.21913176187660682,0.19742103822539125
95c0cffd0787d5bb,363700,seismic-bumps,963,ep128_25,25,102,26,128,512,512,512,0,345,3.3,mesuré ici,0.805765595463138,0.21278213194051868,0.18868954384682282
95c0cffd0787d5bb,363700,seismic-bumps,963,ep128_25,25,102,26,128,full,963,963,0,345,3.5,mesuré ici,0.8169727248177154,0.207648836107008,0.2239331760353706
95c0cffd0787d5bb,363700,seismic-bumps,963,ep128_50,50,102,26,128,32,32,32,0,345,3.6,mesuré ici,0.775384823116392,0.2318029995031852,0.18215018967453847
95c0cffd0787d5bb,363700,seismic-bumps,963,ep128_50,50,102,26,128,32,32,32,1,345,3.2,mesuré ici,0.7234674588171752,0.23732347407854967,0.21584099682795194
95c0cffd0787d5bb,363700,seismic-bumps,963,ep128_50,50,102,26,128,32,32,32,2,345,3.3,mesuré ici,0.6627059141236835,0.2421488201965648,0.1007864890479849
95c0cffd0787d5bb,363700,seismic-bumps,963,ep128_50,50,102,26,128,64,64,64,0,345,3.2,mesuré ici,0.7749122333243317,0.22925872081284054,0.13844473822971895
95c0cffd0787d5bb,363700,seismic-bumps,963,ep128_50,50,102,26,128,64,64,64,1,345,3.2,mesuré ici,0.7892924655684581,0.22072829408419656,0.2165704784210271
95c0cffd0787d5bb,363700,seismic-bumps,963,ep128_50,50,102,26,128,64,64,64,2,345,3.4,mesuré ici,0.6848501215230893,0.23373702233656607,0.16951999331744197
95c0cffd0787d5bb,363700,seismic-bumps,963,ep128_50,50,102,26,128,128,128,128,0,345,3.3,mesuré ici,0.7976640561706724,0.21978918022310864,0.19368158574880642
95c0cffd0787d5bb,363700,seismic-bumps,963,ep128_50,50,102,26,128,128,128,128,1,345,3.3,mesuré ici,0.7491223332433162,0.22131591165216447,0.17684620671307616
95c0cffd0787d5bb,363700,seismic-bumps,963,ep128_50,50,102,26,128,128,128,128,2,345,3.4,mesuré ici,0.7815284904131784,0.2193632841712365,0.17515322955159826
95c0cffd0787d5bb,363700,seismic-bumps,963,ep128_50,50,102,26,128,256,256,256,0,345,3.4,mesuré ici,0.8085336213880637,0.21276172207391528,0.2139026353439698
95c0cffd0787d5bb,363700,seismic-bumps,963,ep128_50,50,102,26,128,256,256,256,1,345,3.3,mesuré ici,0.7978665946529842,0.2145413373510344,0.20362042030028507
95c0cffd0787d5bb,363700,seismic-bumps,963,ep128_50,50,102,26,128,256,256,256,2,345,3.4,mesuré ici,0.8040777747772077,0.21734784092902903,0.19518893432452528
95c0cffd0787d5bb,363700,seismic-bumps,963,ep128_50,50,102,26,128,512,512,512,0,345,3.3,mesuré ici,0.8036051849851472,0.21188303354359683,0.191607948512868
95c0cffd0787d5bb,363700,seismic-bumps,963,ep128_50,50,102,26,128,full,963,963,0,345,3.3,mesuré ici,0.8127194166891709,0.20749191238617282,0.22360060441509097
95c0cffd0787d5bb,363700,seismic-bumps,963,ep128_200,200,102,26,128,32,32,32,0,345,3.7,mesuré ici,0.7998244666486632,0.22111182058086465,0.2065690429832412
95c0cffd0787d5bb,363700,seismic-bumps,963,ep128_200,200,102,26,128,32,32,32,1,345,3.3,mesuré ici,0.7504725897920606,0.22956719297281192,0.22747076813869133
95c0cffd0787d5bb,363700,seismic-bumps,963,ep128_200,200,102,26,128,32,32,32,2,345,3.3,mesuré ici,0.7117202268431002,0.23551439365318783,0.1141798122976104
95c0cffd0787d5bb,363700,seismic-bumps,963,ep128_200,200,102,26,128,64,64,64,0,345,3.4,mesuré ici,0.8103564677288684,0.21743211871244938,0.16919593751706258
95c0cffd0787d5bb,363700,seismic-bumps,963,ep128_200,200,102,26,128,64,64,64,1,345,3.3,mesuré ici,0.7941533891439373,0.2124895450899426,0.21334972735847474
95c0cffd0787d5bb,363700,seismic-bumps,963,ep128_200,200,102,26,128,64,64,64,2,345,3.3,mesuré ici,0.7676208479611126,0.22197389123475214,0.18956601867721287
95c0cffd0787d5bb,363700,seismic-bumps,963,ep128_200,200,102,26,128,128,128,128,0,345,3.4,mesuré ici,0.8054955441533892,0.210893002427563,0.1987069262300389
95c0cffd0787d5bb,363700,seismic-bumps,963,ep128_200,200,102,26,128,128,128,128,1,345,3.3,mesuré ici,0.7831487982716717,0.218067217517392,0.20140244616141345
95c0cffd0787d5bb,363700,seismic-bumps,963,ep128_200,200,102,26,128,128,128,128,2,345,3.3,mesuré ici,0.7813259519308668,0.21667437964194275,0.18154239772900718
95c0cffd0787d5bb,363700,seismic-bumps,963,ep128_200,200,102,26,128,256,256,256,0,345,3.3,mesuré ici,0.8074534161490683,0.21083047272308986,0.2506215913488143
95c0cffd0787d5bb,363700,seismic-bumps,963,ep128_200,200,102,26,128,256,256,256,1,345,3.3,mesuré ici,0.8059681339454496,0.20875697134332755,0.20099594791102135
95c0cffd0787d5bb,363700,seismic-bumps,963,ep128_200,200,102,26,128,256,256,256,2,345,3.4,mesuré ici,0.8083310829057521,0.2099934092282795,0.19524105235673622
95c0cffd0787d5bb,363700,seismic-bumps,963,ep128_200,200,102,26,128,512,512,512,0,345,3.4,mesuré ici,0.804482851741831,0.20773255258472403,0.19310626270539527
95c0cffd0787d5bb,363700,seismic-bumps,963,ep128_200,200,102,26,128,full,963,963,0,345,3.4,mesuré ici,0.8131244936537942,0.2057296182843288,0.20775303063728126
95c0cffd0787d5bb,363706,taiwanese_bankruptcy_prediction,2545,ep128_25,25,102,26,128,32,32,32,0,910,5.1,mesuré ici,0.8746526282829074,0.12354644697534739,0.13631428762705386
95c0cffd0787d5bb,363706,taiwanese_bankruptcy_prediction,2545,ep128_25,25,102,26,128,32,32,32,1,910,4.8,mesuré ici,0.8822067399898235,0.11629265071216993,0.2950259383728029
95c0cffd0787d5bb,363706,taiwanese_bankruptcy_prediction,2545,ep128_25,25,102,26,128,32,32,32,2,910,4.8,mesuré ici,0.9111511213746135,0.127070829323354,0.31391992010278236
95c0cffd0787d5bb,363706,taiwanese_bankruptcy_prediction,2545,ep128_25,25,102,26,128,64,64,64,0,910,4.8,mesuré ici,0.7898743590747191,0.12831227214085672,0.15120023653234196
95c0cffd0787d5bb,363706,taiwanese_bankruptcy_prediction,2545,ep128_25,25,102,26,128,64,64,64,1,910,4.7,mesuré ici,0.894320717053505,0.10711469537111344,0.25180450085310263
95c0cffd0787d5bb,363706,taiwanese_bankruptcy_prediction,2545,ep128_25,25,102,26,128,64,64,64,2,910,5.3,mesuré ici,0.8750048925593956,0.11940407508857671,0.21458603998125647
95c0cffd0787d5bb,363706,taiwanese_bankruptcy_prediction,2545,ep128_25,25,102,26,128,128,128,128,0,910,4.8,mesuré ici,0.841265802966848,0.14070248902427657,0.23146912221464935
95c0cffd0787d5bb,363706,taiwanese_bankruptcy_prediction,2545,ep128_25,25,102,26,128,128,128,128,1,910,4.9,mesuré ici,0.8753767270734667,0.112708757644083,0.1908092148459825
95c0cffd0787d5bb,363706,taiwanese_bankruptcy_prediction,2545,ep128_25,25,102,26,128,128,128,128,2,910,4.8,mesuré ici,0.9093702297545893,0.10437754773058842,0.32557540979582655
95c0cffd0787d5bb,363706,taiwanese_bankruptcy_prediction,2545,ep128_25,25,102,26,128,256,256,256,0,910,4.8,mesuré ici,0.9089005440526048,0.10285394187546772,0.21879252252419099
95c0cffd0787d5bb,363706,taiwanese_bankruptcy_prediction,2545,ep128_25,25,102,26,128,256,256,256,1,910,4.8,mesuré ici,0.9097812047438256,0.10324182792136814,0.27819457522158414
95c0cffd0787d5bb,363706,taiwanese_bankruptcy_prediction,2545,ep128_25,25,102,26,128,256,256,256,2,910,4.8,mesuré ici,0.9038905632314377,0.1042482225812977,0.2699115607705265
95c0cffd0787d5bb,363706,taiwanese_bankruptcy_prediction,2545,ep128_25,25,102,26,128,512,512,512,0,910,5.0,mesuré ici,0.9392735527809307,0.088171364869487,0.396870203093705
95c0cffd0787d5bb,363706,taiwanese_bankruptcy_prediction,2545,ep128_25,25,102,26,128,1024,1024,1024,0,910,6.6,mesuré ici,0.9428157657833965,0.08756289554351976,0.3867908666758901
95c0cffd0787d5bb,363706,taiwanese_bankruptcy_prediction,2545,ep128_25,25,102,26,128,2048,2048,2048,0,910,11.5,mesuré ici,0.9365532897569376,0.0883456025220056,0.396256626867998
95c0cffd0787d5bb,363706,taiwanese_bankruptcy_prediction,2545,ep128_25,25,102,26,128,full,2545,2545,0,910,13.1,mesuré ici,0.9463775490234451,0.08221437192743059,0.4598096411686743
95c0cffd0787d5bb,363706,taiwanese_bankruptcy_prediction,2545,ep128_50,50,102,26,128,32,32,32,0,910,5.2,mesuré ici,0.8999178050021527,0.11668877401270814,0.16559649937381385
95c0cffd0787d5bb,363706,taiwanese_bankruptcy_prediction,2545,ep128_50,50,102,26,128,32,32,32,1,910,4.8,mesuré ici,0.8877059767505577,0.11311004543320437,0.2983607741213853
95c0cffd0787d5bb,363706,taiwanese_bankruptcy_prediction,2545,ep128_50,50,102,26,128,32,32,32,2,910,4.8,mesuré ici,0.9152413010293945,0.12249616236617737,0.3216732661854352
95c0cffd0787d5bb,363706,taiwanese_bankruptcy_prediction,2545,ep128_50,50,102,26,128,64,64,64,0,910,4.8,mesuré ici,0.8091901835688285,0.12449229402089038,0.183974595910315
95c0cffd0787d5bb,363706,taiwanese_bankruptcy_prediction,2545,ep128_50,50,102,26,128,64,64,64,1,910,4.7,mesuré ici,0.9063368429292731,0.10310615288299575,0.2759300517067536
95c0cffd0787d5bb,363706,taiwanese_bankruptcy_prediction,2545,ep128_50,50,102,26,128,64,64,64,2,910,4.8,mesuré ici,0.8919918587811657,0.11374018126331656,0.23205121854500693
95c0cffd0787d5bb,363706,taiwanese_bankruptcy_prediction,2545,ep128_50,50,102,26,128,128,128,128,0,910,4.9,mesuré ici,0.8643978237895809,0.13446339165563126,0.24575474469907338
95c0cffd0787d5bb,363706,taiwanese_bankruptcy_prediction,2545,ep128_50,50,102,26,128,128,128,128,1,910,4.9,mesuré ici,0.8940663039649301,0.10709275327025741,0.21198047825036542
95c0cffd0787d5bb,363706,taiwanese_bankruptcy_prediction,2545,ep128_50,50,102,26,128,128,128,128,2,910,4.8,mesuré ici,0.9178832831030568,0.10080585976478741,0.35501219129608025
95c0cffd0787d5bb,363706,taiwanese_bankruptcy_prediction,2545,ep128_50,50,102,26,128,256,256,256,0,910,4.8,mesuré ici,0.9199772985244041,0.09975815466636205,0.23293166265310483
95c0cffd0787d5bb,363706,taiwanese_bankruptcy_prediction,2545,ep128_50,50,102,26,128,256,256,256,1,910,4.8,mesuré ici,0.9146346236643312,0.10242940183365211,0.2775890564386065
95c0cffd0787d5bb,363706,taiwanese_bankruptcy_prediction,2545,ep128_50,50,102,26,128,256,256,256,2,910,4.7,mesuré ici,0.9068065286312575,0.103856273760464,0.27001364057489663
95c0cffd0787d5bb,363706,taiwanese_bankruptcy_prediction,2545,ep128_50,50,102,26,128,512,512,512,0,910,5.0,mesuré ici,0.9387842968413636,0.0889414808831005,0.38776278837597283
95c0cffd0787d5bb,363706,taiwanese_bankruptcy_prediction,2545,ep128_50,50,102,26,128,1024,1024,1024,0,910,6.5,mesuré ici,0.9425809229324044,0.0881842849698361,0.37194179443429515
95c0cffd0787d5bb,363706,taiwanese_bankruptcy_prediction,2545,ep128_50,50,102,26,128,2048,2048,2048,0,910,11.6,mesuré ici,0.940310775372813,0.08794631823021233,0.39765953251850195
95c0cffd0787d5bb,363706,taiwanese_bankruptcy_prediction,2545,ep128_50,50,102,26,128,full,2545,2545,0,910,13.5,mesuré ici,0.947316920427414,0.08369304458328884,0.44167805461220044
95c0cffd0787d5bb,363706,taiwanese_bankruptcy_prediction,2545,ep128_200,200,102,26,128,32,32,32,0,910,5.2,mesuré ici,0.935163802888567,0.09289675387366139,0.2521920347101388
95c0cffd0787d5bb,363706,taiwanese_bankruptcy_prediction,2545,ep128_200,200,102,26,128,32,32,32,1,910,4.8,mesuré ici,0.8951622372695605,0.11358505488690601,0.2928639433231074
95c0cffd0787d5bb,363706,taiwanese_bankruptcy_prediction,2545,ep128_200,200,102,26,128,32,32,32,2,910,4.7,mesuré ici,0.9274726995185721,0.09298027891961107,0.30349482145252743
95c0cffd0787d5bb,363706,taiwanese_bankruptcy_prediction,2545,ep128_200,200,102,26,128,64,64,64,0,910,4.8,mesuré ici,0.8292496770910798,0.14230971701685352,0.1363623527591199
95c0cffd0787d5bb,363706,taiwanese_bankruptcy_prediction,2545,ep128_200,200,102,26,128,64,64,64,1,910,4.7,mesuré ici,0.9241848996046812,0.136055294651996,0.3488257332139351
95c0cffd0787d5bb,363706,taiwanese_bankruptcy_prediction,2545,ep128_200,200,102,26,128,64,64,64,2,910,4.7,mesuré ici,0.9233629496262085,0.10393652801555345,0.2816320213905463
95c0cffd0787d5bb,363706,taiwanese_bankruptcy_prediction,2545,ep128_200,200,102,26,128,128,128,128,0,910,4.8,mesuré ici,0.8786449567497749,0.18577021917978015,0.3004938502780851
95c0cffd0787d5bb,363706,taiwanese_bankruptcy_prediction,2545,ep128_200,200,102,26,128,128,128,128,1,910,4.8,mesuré ici,0.9263376257387764,0.12267597002501054,0.27840530629457855
95c0cffd0787d5bb,363706,taiwanese_bankruptcy_prediction,2545,ep128_200,200,102,26,128,128,128,128,2,910,4.7,mesuré ici,0.9324043993894087,0.10318418317305368,0.3318228249104997
95c0cffd0787d5bb,363706,taiwanese_bankruptcy_prediction,2545,ep128_200,200,102,26,128,256,256,256,0,910,4.8,mesuré ici,0.9341657207718501,0.0953900950363069,0.2821555340838094
95c0cffd0787d5bb,363706,taiwanese_bankruptcy_prediction,2545,ep128_200,200,102,26,128,256,256,256,1,910,4.7,mesuré ici,0.9262593447884457,0.12472967756572276,0.3013865232466857
95c0cffd0787d5bb,363706,taiwanese_bankruptcy_prediction,2545,ep128_200,200,102,26,128,256,256,256,2,910,4.8,mesuré ici,0.9000743669028143,0.13213480893708265,0.28756238072464285
95c0cffd0787d5bb,363706,taiwanese_bankruptcy_prediction,2545,ep128_200,200,102,26,128,512,512,512,0,910,4.9,mesuré ici,0.9406630396493013,0.09647074508261926,0.37607236431860136
95c0cffd0787d5bb,363706,taiwanese_bankruptcy_prediction,2545,ep128_200,200,102,26,128,1024,1024,1024,0,910,6.4,mesuré ici,0.9425026419820737,0.09202576149331845,0.3862639891979208
95c0cffd0787d5bb,363706,taiwanese_bankruptcy_prediction,2545,ep128_200,200,102,26,128,2048,2048,2048,0,910,11.4,mesuré ici,0.9391757015930173,0.09292116245941162,0.36506502102970145
95c0cffd0787d5bb,363706,taiwanese_bankruptcy_prediction,2545,ep128_200,200,102,26,128,full,2545,2545,0,910,13.4,mesuré ici,0.9432071705350503,0.08901771988112465,0.39798015277117194
95c0cffd0787d5bb,363712,jm1,4062,ep128_25,25,102,26,128,32,32,32,0,1024,5.2,mesuré ici,0.6577824247315772,0.4637869662600539,0.36269121135314275
95c0cffd0787d5bb,363712,jm1,4062,ep128_25,25,102,26,128,32,32,32,1,1024,5.0,mesuré ici,0.651716927140656,0.4622597402659028,0.3676698730443787
95c0cffd0787d5bb,363712,jm1,4062,ep128_25,25,102,26,128,32,32,32,2,1024,5.1,mesuré ici,0.6474918678308509,0.46591725307830445,0.3372124402666258
95c0cffd0787d5bb,363712,jm1,4062,ep128_25,25,102,26,128,64,64,64,0,1024,4.8,mesuré ici,0.6421050700711718,0.47570273851264405,0.31532610069227196
95c0cffd0787d5bb,363712,jm1,4062,ep128_25,25,102,26,128,64,64,64,1,1024,4.9,mesuré ici,0.6660827402352827,0.4576637087377903,0.383838388173518
95c0cffd0787d5bb,363712,jm1,4062,ep128_25,25,102,26,128,64,64,64,2,1024,4.9,mesuré ici,0.6415975738009636,0.4730518282501658,0.3377419475736794
95c0cffd0787d5bb,363712,jm1,4062,ep128_25,25,102,26,128,128,128,128,0,1024,4.8,mesuré ici,0.6705065179641451,0.46784244370128175,0.36204345886440664
95c0cffd0787d5bb,363712,jm1,4062,ep128_25,25,102,26,128,128,128,128,1,1024,4.8,mesuré ici,0.6701243671582654,0.47342532617713673,0.35285999553781794
95c0cffd0787d5bb,363712,jm1,4062,ep128_25,25,102,26,128,128,128,128,2,1024,4.9,mesuré ici,0.6825152248881062,0.46197364446673256,0.3395082135752969
95c0cffd0787d5bb,363712,jm1,4062,ep128_25,25,102,26,128,256,256,256,0,1024,4.9,mesuré ici,0.6980672340841833,0.4555745201091085,0.3960787891033981
95c0cffd0787d5bb,363712,jm1,4062,ep128_25,25,102,26,128,256,256,256,1,1024,4.8,mesuré ici,0.6844137500917162,0.45887559066263917,0.3786915720692404
95c0cffd0787d5bb,363712,jm1,4062,ep128_25,25,102,26,128,256,256,256,2,1024,4.9,mesuré ici,0.6761837503362926,0.45905750510322385,0.3934316869221238
95c0cffd0787d5bb,363712,jm1,4062,ep128_25,25,102,26,128,512,512,512,0,1024,4.9,mesuré ici,0.6786784307970749,0.45352039343857076,0.3942335912541744
95c0cffd0787d5bb,363712,jm1,4062,ep128_25,25,102,26,128,1024,1024,1024,0,1024,4.9,mesuré ici,0.7001828209455329,0.44752425116965733,0.39918281827185453
95c0cffd0787d5bb,363712,jm1,4062,ep128_25,25,102,26,128,2048,2048,2048,0,1024,6.8,mesuré ici,0.7101676572015556,0.4421039661825544,0.3927423827710129
95c0cffd0787d5bb,363712,jm1,4062,ep128_25,25,102,26,128,full,4062,4062,0,1024,11.9,mesuré ici,0.7215557512167681,0.43480124049676006,0.43903866016547616
95c0cffd0787d5bb,363712,jm1,4062,ep128_50,50,102,26,128,32,32,32,0,1024,5.2,mesuré ici,0.6617812507643017,0.46242158301318737,0.37750843873252804
95c0cffd0787d5bb,363712,jm1,4062,ep128_50,50,102,26,128,32,32,32,1,1024,4.8,mesuré ici,0.6614205004035513,0.45837344659045315,0.3689589206788078
95c0cffd0787d5bb,363712,jm1,4062,ep128_50,50,102,26,128,32,32,32,2,1024,4.9,mesuré ici,0.6539211729889696,0.46416287196950745,0.3408038890479233
95c0cffd0787d5bb,363712,jm1,4062,ep128_50,50,102,26,128,64,64,64,0,1024,4.8,mesuré ici,0.6667400396213956,0.46689797852273346,0.35031857164778396
95c0cffd0787d5bb,363712,jm1,4062,ep128_50,50,102,26,128,64,64,64,1,1024,4.9,mesuré ici,0.6727566219091642,0.45717245178368365,0.38012736468305425
95c0cffd0787d5bb,363712,jm1,4062,ep128_50,50,102,26,128,64,64,64,2,1024,4.7,mesuré ici,0.6437865336170421,0.46808899418939687,0.35276688843896464
95c0cffd0787d5bb,363712,jm1,4062,ep128_50,50,102,26,128,128,128,128,0,1024,4.9,mesuré ici,0.6756731968596377,0.461441172031792,0.3667047108551614
95c0cffd0787d5bb,363712,jm1,4062,ep128_50,50,102,26,128,128,128,128,1,1024,4.9,mesuré ici,0.6753369041504635,0.4644619617973957,0.3558861991810367
95c0cffd0787d5bb,363712,jm1,4062,ep128_50,50,102,26,128,128,128,128,2,1024,4.9,mesuré ici,0.6813901729155967,0.45632095745779316,0.3516554820736999
95c0cffd0787d5bb,363712,jm1,4062,ep128_50,50,102,26,128,256,256,256,0,1024,4.8,mesuré ici,0.695490009049331,0.4526100327293089,0.40859309970828195
95c0cffd0787d5bb,363712,jm1,4062,ep128_50,50,102,26,128,256,256,256,1,1024,4.9,mesuré ici,0.6821453029080149,0.45570973859301567,0.3743021425177392
95c0cffd0787d5bb,363712,jm1,4062,ep128_50,50,102,26,128,256,256,256,2,1024,4.8,mesuré ici,0.675220730305476,0.456005909831783,0.3805174426391175
95c0cffd0787d5bb,363712,jm1,4062,ep128_50,50,102,26,128,512,512,512,0,1024,4.9,mesuré ici,0.6811058527160221,0.4531427944868235,0.3870726774509092
95c0cffd0787d5bb,363712,jm1,4062,ep128_50,50,102,26,128,1024,1024,1024,0,1024,4.9,mesuré ici,0.6922646562477072,0.450819087660507,0.38866561328141014
95c0cffd0787d5bb,363712,jm1,4062,ep128_50,50,102,26,128,2048,2048,2048,0,1024,6.6,mesuré ici,0.7129344290361239,0.44338298021417843,0.39572372522180466
95c0cffd0787d5bb,363712,jm1,4062,ep128_50,50,102,26,128,full,4062,4062,0,1024,11.6,mesuré ici,0.7240443172646562,0.43533105421457363,0.4370854667748377
95c0cffd0787d5bb,363712,jm1,4062,ep128_200,200,102,26,128,32,32,32,0,1024,5.1,mesuré ici,0.6635758309487123,0.4629692872510274,0.3818401764608502
95c0cffd0787d5bb,363712,jm1,4062,ep128_200,200,102,26,128,32,32,32,1,1024,4.7,mesuré ici,0.66710690439504,0.45994981405534546,0.3688757337840163
95c0cffd0787d5bb,363712,jm1,4062,ep128_200,200,102,26,128,32,32,32,2,1024,4.8,mesuré ici,0.6632303666201971,0.4627334765158334,0.34738274691146465
95c0cffd0787d5bb,363712,jm1,4062,ep128_200,200,102,26,128,64,64,64,0,1024,4.7,mesuré ici,0.6753827622471691,0.46214082380951516,0.3644928210355801
95c0cffd0787d5bb,363712,jm1,4062,ep128_200,200,102,26,128,64,64,64,1,1024,4.7,mesuré ici,0.6731112578570205,0.46040224270335367,0.38146878452970073
95c0cffd0787d5bb,363712,jm1,4062,ep128_200,200,102,26,128,64,64,64,2,1024,4.7,mesuré ici,0.6655293858683689,0.46308099779931705,0.37172197644531835
95c0cffd0787d5bb,363712,jm1,4062,ep128_200,200,102,26,128,128,128,128,0,1024,4.8,mesuré ici,0.675049526744442,0.461268393631871,0.3677683001244384
95c0cffd0787d5bb,363712,jm1,4062,ep128_200,200,102,26,128,128,128,128,1,1024,4.9,mesuré ici,0.6776022941277178,0.460136606770425,0.38640775089714247
95c0cffd0787d5bb,363712,jm1,4062,ep128_200,200,102,26,128,128,128,128,2,1024,4.8,mesuré ici,0.6827934306747866,0.45855763785329384,0.3604221845468076
95c0cffd0787d5bb,363712,jm1,4062,ep128_200,200,102,26,128,256,256,256,0,1024,4.8,mesuré ici,0.6901368405605695,0.454337787730106,0.3958438968722754
95c0cffd0787d5bb,363712,jm1,4062,ep128_200,200,102,26,128,256,256,256,1,1024,4.8,mesuré ici,0.6822003326240613,0.4557642433971346,0.37577577476173907
95c0cffd0787d5bb,363712,jm1,4062,ep128_200,200,102,26,128,256,256,256,2,1024,4.9,mesuré ici,0.6801428326852055,0.45579824369143884,0.37657824881780133
95c0cffd0787d5bb,363712,jm1,4062,ep128_200,200,102,26,128,512,512,512,0,1024,4.8,mesuré ici,0.6809896788710348,0.4548809384778506,0.38433181276162315
95c0cffd0787d5bb,363712,jm1,4062,ep128_200,200,102,26,128,1024,1024,1024,0,1024,5.0,mesuré ici,0.6870918629393206,0.4545147694956678,0.3778092239186934
95c0cffd0787d5bb,363712,jm1,4062,ep128_200,200,102,26,128,2048,2048,2048,0,1024,7.2,mesuré ici,0.7027478171545969,0.44695128400818107,0.411161211665259
95c0cffd0787d5bb,363712,jm1,4062,ep128_200,200,102,26,128,full,4062,4062,0,1024,11.9,mesuré ici,0.7100239684985448,0.441827504890662,0.42836250591593905
95c0cffd0787d5bb,363619,Bank_Customer_Churn,3732,ep640_25,25,512,128,640,32,32,32,0,1024,4.9,mesuré ici,0.8075938591598908,0.42197256084859314,0.5855916161472536
95c0cffd0787d5bb,363619,Bank_Customer_Churn,3732,ep640_25,25,512,128,640,32,32,32,1,1024,4.8,mesuré ici,0.6539759884932632,0.5364806039932211,0.37244530284841154
95c0cffd0787d5bb,363619,Bank_Customer_Churn,3732,ep640_25,25,512,128,640,32,32,32,2,1024,4.8,mesuré ici,0.6963542431091673,0.47349322456370213,0.3974850633432875
95c0cffd0787d5bb,363619,Bank_Customer_Churn,3732,ep640_25,25,512,128,640,64,64,64,0,1024,4.7,mesuré ici,0.7893592039216838,0.42079965873495345,0.5200095004285374
95c0cffd0787d5bb,363619,Bank_Customer_Churn,3732,ep640_25,25,512,128,640,64,64,64,1,1024,4.6,mesuré ici,0.6640443831273667,0.4916786252479533,0.40701726744700106
95c0cffd0787d5bb,363619,Bank_Customer_Churn,3732,ep640_25,25,512,128,640,64,64,64,2,1024,4.6,mesuré ici,0.6291513781665542,0.47339279511396803,0.4213123023810771
95c0cffd0787d5bb,363619,Bank_Customer_Churn,3732,ep640_25,25,512,128,640,128,128,128,0,1024,4.7,mesuré ici,0.8359556168726333,0.378143789258248,0.5909164560614582
95c0cffd0787d5bb,363619,Bank_Customer_Churn,3732,ep640_25,25,512,128,640,128,128,128,1,1024,4.8,mesuré ici,0.806419702351249,0.40386934180486234,0.5715248536767286
95c0cffd0787d5bb,363619,Bank_Customer_Churn,3732,ep640_25,25,512,128,640,128,128,128,2,1024,5.0,mesuré ici,0.8037837203158481,0.41284058081483677,0.5173521378385753
95c0cffd0787d5bb,363619,Bank_Customer_Churn,3732,ep640_25,25,512,128,640,256,256,256,0,1024,4.9,mesuré ici,0.8425220888249625,0.3619773505631778,0.6543363512051967
95c0cffd0787d5bb,363619,Bank_Customer_Churn,3732,ep640_25,25,512,128,640,256,256,256,1,1024,4.8,mesuré ici,0.8543898787683095,0.3559684605204623,0.6501424617108625
95c0cffd0787d5bb,363619,Bank_Customer_Churn,3732,ep640_25,25,512,128,640,256,256,256,2,1024,4.8,mesuré ici,0.8584495259341886,0.34674243478492806,0.6794036979646062
95c0cffd0787d5bb,363619,Bank_Customer_Churn,3732,ep640_25,25,512,128,640,512,512,512,0,1024,4.8,mesuré ici,0.8780608800305281,0.32783606823774847,0.7096303505631429
95c0cffd0787d5bb,363619,Bank_Customer_Churn,3732,ep640_25,25,512,128,640,1024,1024,1024,0,1024,4.8,mesuré ici,0.883285877828984,0.3211599686397619,0.7248384869936684
95c0cffd0787d5bb,363619,Bank_Customer_Churn,3732,ep640_25,25,512,128,640,2048,2048,2048,0,1024,6.2,mesuré ici,0.8861478850500484,0.31640097802227884,0.7322538326418772
95c0cffd0787d5bb,363619,Bank_Customer_Churn,3732,ep640_25,25,512,128,640,full,3732,3732,0,1024,9.8,mesuré ici,0.887078404320897,0.3131357582163074,0.7386189975560786
95c0cffd0787d5bb,363619,Bank_Customer_Churn,3732,ep640_50,50,512,128,640,32,32,32,0,1024,4.9,mesuré ici,0.8073032553497519,0.4288682195324224,0.5855289256530632
95c0cffd0787d5bb,363619,Bank_Customer_Churn,3732,ep640_50,50,512,128,640,32,32,32,1,1024,4.6,mesuré ici,0.6545102298411953,0.5390359611882012,0.3749218032413413
95c0cffd0787d5bb,363619,Bank_Customer_Churn,3732,ep640_50,50,512,128,640,32,32,32,2,1024,4.6,mesuré ici,0.6990929638653243,0.47663981934614713,0.40430379739407296
95c0cffd0787d5bb,363619,Bank_Customer_Churn,3732,ep640_50,50,512,128,640,64,64,64,0,1024,4.5,mesuré ici,0.7797634074030586,0.4267859213966151,0.5149398886010509
95c0cffd0787d5bb,363619,Bank_Customer_Churn,3732,ep640_50,50,512,128,640,64,64,64,1,1024,4.5,mesuré ici,0.677779082396454,0.494073372900899,0.4377320933746522
95c0cffd0787d5bb,363619,Bank_Customer_Churn,3732,ep640_50,50,512,128,640,64,64,64,2,1024,4.4,mesuré ici,0.6663398596882613,0.46206735500199836,0.4293371674385354
95c0cffd0787d5bb,363619,Bank_Customer_Churn,3732,ep640_50,50,512,128,640,128,128,128,0,1024,4.7,mesuré ici,0.8381160654005342,0.3764811606485803,0.5951727947633141
95c0cffd0787d5bb,363619,Bank_Customer_Churn,3732,ep640_50,50,512,128,640,128,128,128,1,1024,4.7,mesuré ici,0.8099656559133472,0.40664358549670276,0.5839463563782314
95c0cffd0787d5bb,363619,Bank_Customer_Churn,3732,ep640_50,50,512,128,640,128,128,128,2,1024,4.7,mesuré ici,0.7995244664925,0.41799373950184493,0.5017915005906572
95c0cffd0787d5bb,363619,Bank_Customer_Churn,3732,ep640_50,50,512,128,640,256,256,256,0,1024,4.7,mesuré ici,0.8573516893181085,0.34723697918225827,0.6829879140562489
95c0cffd0787d5bb,363619,Bank_Customer_Churn,3732,ep640_50,50,512,128,640,256,256,256,1,1024,4.7,mesuré ici,0.856048375260516,0.35307198231928005,0.6594219001206512
95c0cffd0787d5bb,363619,Bank_Customer_Churn,3732,ep640_50,50,512,128,640,256,256,256,2,1024,4.8,mesuré ici,0.8629259987671354,0.34296072348811424,0.688251553616618
95c0cffd0787d5bb,363619,Bank_Customer_Churn,3732,ep640_50,50,512,128,640,512,512,512,0,1024,4.8,mesuré ici,0.88095517656383,0.3241999441996084,0.7189267672333871
95c0cffd0787d5bb,363619,Bank_Customer_Churn,3732,ep640_50,50,512,128,640,1024,1024,1024,0,1024,4.8,mesuré ici,0.8851263686265302,0.3189577399664735,0.731698760619721
95c0cffd0787d5bb,363619,Bank_Customer_Churn,3732,ep640_50,50,512,128,640,2048,2048,2048,0,1024,6.1,mesuré ici,0.8858191211436287,0.3170009244456169,0.7315571454170581
95c0cffd0787d5bb,363619,Bank_Customer_Churn,3732,ep640_50,50,512,128,640,full,3732,3732,0,1024,9.7,mesuré ici,0.8873543311709279,0.31361876068408756,0.7369137209529469
95c0cffd0787d5bb,363619,Bank_Customer_Churn,3732,ep640_200,200,512,128,640,32,32,32,0,1024,4.9,mesuré ici,0.8084275104940264,0.42616267873249,0.5877605437521721
95c0cffd0787d5bb,363619,Bank_Customer_Churn,3732,ep640_200,200,512,128,640,32,32,32,1,1024,4.6,mesuré ici,0.660656940734435,0.5400857381703519,0.396649725460952
95c0cffd0787d5bb,363619,Bank_Customer_Churn,3732,ep640_200,200,512,128,640,32,32,32,2,1024,4.7,mesuré ici,0.7042416414712185,0.47342012355908997,0.4053064216074511
95c0cffd0787d5bb,363619,Bank_Customer_Churn,3732,ep640_200,200,512,128,640,64,64,64,0,1024,4.6,mesuré ici,0.7912994980479642,0.41730402721067966,0.5475711993706482
95c0cffd0787d5bb,363619,Bank_Customer_Churn,3732,ep640_200,200,512,128,640,64,64,64,1,1024,4.7,mesuré ici,0.692074441541668,0.48293501903080294,0.4619679716397434
95c0cffd0787d5bb,363619,Bank_Customer_Churn,3732,ep640_200,200,512,128,640,64,64,64,2,1024,4.5,mesuré ici,0.7193735873425895,0.4479812663333216,0.46788062501795025
95c0cffd0787d5bb,363619,Bank_Customer_Churn,3732,ep640_200,200,512,128,640,128,128,128,0,1024,4.8,mesuré ici,0.8421727771743917,0.3701542282509352,0.6088553791038152
95c0cffd0787d5bb,363619,Bank_Customer_Churn,3732,ep640_200,200,512,128,640,128,128,128,1,1024,4.7,mesuré ici,0.8226318724865705,0.401230364163143,0.5955007079866023
95c0cffd0787d5bb,363619,Bank_Customer_Churn,3732,ep640_200,200,512,128,640,128,128,128,2,1024,4.7,mesuré ici,0.7989109695599848,0.41641437060456965,0.5121566037452934
95c0cffd0787d5bb,363619,Bank_Customer_Churn,3732,ep640_200,200,512,128,640,256,256,256,0,1024,4.7,mesuré ici,0.8636246220682772,0.33955069534958937,0.6971980646819804
95c0cffd0787d5bb,363619,Bank_Customer_Churn,3732,ep640_200,200,512,128,640,256,256,256,1,1024,4.7,mesuré ici,0.8588135145448674,0.34866667561915127,0.6765605804123168
95c0cffd0787d5bb,363619,Bank_Customer_Churn,3732,ep640_200,200,512,128,640,256,256,256,2,1024,4.7,mesuré ici,0.8707400123286466,0.3326199642084091,0.7068072693979766
95c0cffd0787d5bb,363619,Bank_Customer_Churn,3732,ep640_200,200,512,128,640,512,512,512,0,1024,4.8,mesuré ici,0.8824639680629348,0.32282075007474526,0.7222228936771417
95c0cffd0787d5bb,363619,Bank_Customer_Churn,3732,ep640_200,200,512,128,640,1024,1024,1024,0,1024,4.8,mesuré ici,0.8838230545689378,0.31838961808452093,0.7289942407046669
95c0cffd0787d5bb,363619,Bank_Customer_Churn,3732,ep640_200,200,512,128,640,2048,2048,2048,0,1024,6.1,mesuré ici,0.8809669181319165,0.3214430183235085,0.7238658422663471
95c0cffd0787d5bb,363619,Bank_Customer_Churn,3732,ep640_200,200,512,128,640,full,3732,3732,0,1024,9.8,mesuré ici,0.885349458420172,0.3164242411893851,0.7303940383452859
95c0cffd0787d5bb,363623,churn,1866,ep640_25,25,512,128,640,32,32,32,0,667,4.4,mesuré ici,0.7059615313207828,0.37085242003850427,0.33131447379662005
95c0cffd0787d5bb,363623,churn,1866,ep640_25,25,512,128,640,32,32,32,1,667,4.0,mesuré ici,0.705079647989306,0.3799230358682048,0.34592072754852127
95c0cffd0787d5bb,363623,churn,1866,ep640_25,25,512,128,640,32,32,32,2,667,4.0,mesuré ici,0.7326501058259998,0.36744869697677685,0.3377835697575079
95c0cffd0787d5bb,363623,churn,1866,ep640_25,25,512,128,640,64,64,64,0,667,4.0,mesuré ici,0.7413668263339646,0.3688987678080651,0.4975652416433148
95c0cffd0787d5bb,363623,churn,1866,ep640_25,25,512,128,640,64,64,64,1,667,4.0,mesuré ici,0.7161913779659129,0.36999806075813707,0.3550414264832616
95c0cffd0787d5bb,363623,churn,1866,ep640_25,25,512,128,640,64,64,64,2,667,4.0,mesuré ici,0.7369945416063273,0.3674952887272051,0.35175858051724274
95c0cffd0787d5bb,363623,churn,1866,ep640_25,25,512,128,640,128,128,128,0,667,4.0,mesuré ici,0.786045820801307,0.3244620746635726,0.5562910197996089
95c0cffd0787d5bb,363623,churn,1866,ep640_25,25,512,128,640,128,128,128,1,667,4.1,mesuré ici,0.7964798930600424,0.33063735028736296,0.46931099979882657
95c0cffd0787d5bb,363623,churn,1866,ep640_25,25,512,128,640,128,128,128,2,667,4.2,mesuré ici,0.8518714492592179,0.27998258236591944,0.6793521392667057
95c0cffd0787d5bb,363623,churn,1866,ep640_25,25,512,128,640,256,256,256,0,667,4.1,mesuré ici,0.8529854071516096,0.2814755112596469,0.6746341224770445
95c0cffd0787d5bb,363623,churn,1866,ep640_25,25,512,128,640,256,256,256,1,667,4.1,mesuré ici,0.8296851212357508,0.2821383800442337,0.6554325008826211
95c0cffd0787d5bb,363623,churn,1866,ep640_25,25,512,128,640,256,256,256,2,667,4.0,mesuré ici,0.8554268315324347,0.2619806242147418,0.6757626227268968
95c0cffd0787d5bb,363623,churn,1866,ep640_25,25,512,128,640,512,512,512,0,667,4.1,mesuré ici,0.8864227098882329,0.21368172748309036,0.7785780302805558
95c0cffd0787d5bb,363623,churn,1866,ep640_25,25,512,128,640,1024,1024,1024,0,667,4.1,mesuré ici,0.880193828673276,0.16627928212990079,0.8402039183443404
95c0cffd0787d5bb,363623,churn,1866,ep640_25,25,512,128,640,full,1866,1866,0,667,4.9,mesuré ici,0.8781422895547881,0.15516366740956056,0.8421599617600304
95c0cffd0787d5bb,363623,churn,1866,ep640_50,50,512,128,640,32,32,32,0,667,4.4,mesuré ici,0.7030466748356912,0.3720159779774117,0.328448836596499
95c0cffd0787d5bb,363623,churn,1866,ep640_50,50,512,128,640,32,32,32,1,667,3.9,mesuré ici,0.7036407857116335,0.3810050919207873,0.3416368041666213
95c0cffd0787d5bb,363623,churn,1866,ep640_50,50,512,128,640,32,32,32,2,667,4.0,mesuré ici,0.7497122275444654,0.3621743227832643,0.36304522281010193
95c0cffd0787d5bb,363623,churn,1866,ep640_50,50,512,128,640,64,64,64,0,667,4.0,mesuré ici,0.7504084512272102,0.3621492247536965,0.50229560283102
95c0cffd0787d5bb,363623,churn,1866,ep640_50,50,512,128,640,64,64,64,1,667,4.0,mesuré ici,0.7219932419887861,0.36828138517342596,0.3680069698290095
95c0cffd0787d5bb,363623,churn,1866,ep640_50,50,512,128,640,64,64,64,2,667,4.0,mesuré ici,0.734302476699714,0.36828501570534594,0.3524618759380912
95c0cffd0787d5bb,363623,churn,1866,ep640_50,50,512,128,640,128,128,128,0,667,4.0,mesuré ici,0.7904552374586906,0.3191538488478726,0.5557661163114552
95c0cffd0787d5bb,363623,churn,1866,ep640_50,50,512,128,640,128,128,128,1,667,4.0,mesuré ici,0.8167446437191341,0.31548433390878455,0.5061035375547385
95c0cffd0787d5bb,363623,churn,1866,ep640_50,50,512,128,640,128,128,128,2,667,4.0,mesuré ici,0.8504975678586016,0.2773210552615882,0.6847468488793865
95c0cffd0787d5bb,363623,churn,1866,ep640_50,50,512,128,640,256,256,256,0,667,4.0,mesuré ici,0.8613400913445471,0.257835497062529,0.7299711958316574
95c0cffd0787d5bb,363623,churn,1866,ep640_50,50,512,128,640,256,256,256,1,667,4.0,mesuré ici,0.8437302736623222,0.2692686786098311,0.6759852458775829
95c0cffd0787d5bb,363623,churn,1866,ep640_50,50,512,128,640,256,256,256,2,667,4.0,mesuré ici,0.8579425197727526,0.25692076969187144,0.6804313695889499
95c0cffd0787d5bb,363623,churn,1866,ep640_50,50,512,128,640,512,512,512,0,667,4.1,mesuré ici,0.8784579109576325,0.20533051138144623,0.7884385777821233
95c0cffd0787d5bb,363623,churn,1866,ep640_50,50,512,128,640,1024,1024,1024,0,667,4.0,mesuré ici,0.8834335895436487,0.16790695860264912,0.8408218083908386
95c0cffd0787d5bb,363623,churn,1866,ep640_50,50,512,128,640,full,1866,1866,0,667,5.0,mesuré ici,0.8874716869035683,0.16975047315977093,0.8475583297456903
95c0cffd0787d5bb,363623,churn,1866,ep640_200,200,512,128,640,32,32,32,0,667,4.3,mesuré ici,0.6972726597601278,0.37552068610594097,0.3156135786179539
95c0cffd0787d5bb,363623,churn,1866,ep640_200,200,512,128,640,32,32,32,1,667,3.9,mesuré ici,0.7086907281571423,0.3824459546416907,0.35573764138201247
95c0cffd0787d5bb,363623,churn,1866,ep640_200,200,512,128,640,32,32,32,2,667,3.9,mesuré ici,0.7641379822509374,0.3630060904063109,0.39766246960533524
95c0cffd0787d5bb,363623,churn,1866,ep640_200,200,512,128,640,64,64,64,0,667,3.8,mesuré ici,0.7609075043630018,0.35198518049821825,0.5118456189344436
95c0cffd0787d5bb,363623,churn,1866,ep640_200,200,512,128,640,64,64,64,1,667,3.9,mesuré ici,0.7341725149456017,0.3711146399178621,0.3946267097967659
95c0cffd0787d5bb,363623,churn,1866,ep640_200,200,512,128,640,64,64,64,2,667,3.9,mesuré ici,0.7386933273922246,0.36935070538250425,0.358839388288744
95c0cffd0787d5bb,363623,churn,1866,ep640_200,200,512,128,640,128,128,128,0,667,3.9,mesuré ici,0.7995618432289926,0.31270683727979,0.5645370201782679
95c0cffd0787d5bb,363623,churn,1866,ep640_200,200,512,128,640,128,128,128,1,667,4.0,mesuré ici,0.8496528164568712,0.2925940105615194,0.6313324765741889
95c0cffd0787d5bb,363623,churn,1866,ep640_200,200,512,128,640,128,128,128,2,667,3.9,mesuré ici,0.854498533288775,0.2711466266887635,0.693928375900744
95c0cffd0787d5bb,363623,churn,1866,ep640_200,200,512,128,640,256,256,256,0,667,3.9,mesuré ici,0.8700660948349485,0.24813774837093333,0.7395227768753907
95c0cffd0787d5bb,363623,churn,1866,ep640_200,200,512,128,640,256,256,256,1,667,4.0,mesuré ici,0.8574969366157958,0.2492710237939999,0.7477643644051352
95c0cffd0787d5bb,363623,churn,1866,ep640_200,200,512,128,640,256,256,256,2,667,4.0,mesuré ici,0.8734172514945602,0.23786026362926552,0.7405708519783349
95c0cffd0787d5bb,363623,churn,1866,ep640_200,200,512,128,640,512,512,512,0,667,4.0,mesuré ici,0.8773161041179309,0.1823625831314622,0.8214347117398376
95c0cffd0787d5bb,363623,churn,1866,ep640_200,200,512,128,640,1024,1024,1024,0,667,4.0,mesuré ici,0.8953436560098029,0.15788304777722406,0.8443008789559868
95c0cffd0787d5bb,363623,churn,1866,ep640_200,200,512,128,640,full,1866,1866,0,667,4.9,mesuré ici,0.8988619063532732,0.13399992975031735,0.856187477014926
95c0cffd0787d5bb,363684,Marketing_Campaign,835,ep640_25,25,512,128,640,32,32,32,0,299,3.3,mesuré ici,0.7955818022747156,0.3721442672970091,0.4153585700981353
95c0cffd0787d5bb,363684,Marketing_Campaign,835,ep640_25,25,512,128,640,32,32,32,1,299,3.1,mesuré ici,0.6888451443569553,0.38614304225258417,0.37693841252223254
95c0cffd0787d5bb,363684,Marketing_Campaign,835,ep640_25,25,512,128,640,32,32,32,2,299,3.0,mesuré ici,0.7045931758530184,0.3922274588740344,0.32974570590279356
95c0cffd0787d5bb,363684,Marketing_Campaign,835,ep640_25,25,512,128,640,64,64,64,0,299,3.0,mesuré ici,0.7856955380577428,0.3585844200590974,0.5075656954918522
95c0cffd0787d5bb,363684,Marketing_Campaign,835,ep640_25,25,512,128,640,64,64,64,1,299,3.0,mesuré ici,0.8035433070866141,0.34944912464201594,0.38048677898858874
95c0cffd0787d5bb,363684,Marketing_Campaign,835,ep640_25,25,512,128,640,64,64,64,2,299,2.9,mesuré ici,0.7799212598425197,0.3603274295813631,0.45732934072302883
95c0cffd0787d5bb,363684,Marketing_Campaign,835,ep640_25,25,512,128,640,128,128,128,0,299,3.0,mesuré ici,0.8051181102362205,0.3344797183217744,0.5553468915593778
95c0cffd0787d5bb,363684,Marketing_Campaign,835,ep640_25,25,512,128,640,128,128,128,1,299,3.0,mesuré ici,0.8176727909011374,0.32803299654065,0.5538269786009691
95c0cffd0787d5bb,363684,Marketing_Campaign,835,ep640_25,25,512,128,640,128,128,128,2,299,3.0,mesuré ici,0.7554680664916886,0.3629626306761752,0.5066259989790872
95c0cffd0787d5bb,363684,Marketing_Campaign,835,ep640_25,25,512,128,640,256,256,256,0,299,3.0,mesuré ici,0.8362204724409449,0.3121773588376296,0.5871175308090847
95c0cffd0787d5bb,363684,Marketing_Campaign,835,ep640_25,25,512,128,640,256,256,256,1,299,3.0,mesuré ici,0.8106299212598425,0.34823709644536666,0.45330861400499156
95c0cffd0787d5bb,363684,Marketing_Campaign,835,ep640_25,25,512,128,640,256,256,256,2,299,3.2,mesuré ici,0.8148731408573928,0.33888810977922534,0.5239511862870095
95c0cffd0787d5bb,363684,Marketing_Campaign,835,ep640_25,25,512,128,640,512,512,512,0,299,3.1,mesuré ici,0.8464566929133858,0.3267746656506383,0.5395186060869441
95c0cffd0787d5bb,363684,Marketing_Campaign,835,ep640_25,25,512,128,640,full,835,835,0,299,3.1,mesuré ici,0.8601049868766405,0.3113050019684465,0.5724523143876401
95c0cffd0787d5bb,363684,Marketing_Campaign,835,ep640_50,50,512,128,640,32,32,32,0,299,3.4,mesuré ici,0.7984251968503937,0.37113741887114504,0.42527948623934886
95c0cffd0787d5bb,363684,Marketing_Campaign,835,ep640_50,50,512,128,640,32,32,32,1,299,3.0,mesuré ici,0.6879265091863516,0.387082403919134,0.37605663213670654
95c0cffd0787d5bb,363684,Marketing_Campaign,835,ep640_50,50,512,128,640,32,32,32,2,299,3.0,mesuré ici,0.7064304461942257,0.39226578821448704,0.3364498690722614
95c0cffd0787d5bb,363684,Marketing_Campaign,835,ep640_50,50,512,128,640,64,64,64,0,299,3.0,mesuré ici,0.7938757655293088,0.35760090981225356,0.517727074706573
95c0cffd0787d5bb,363684,Marketing_Campaign,835,ep640_50,50,512,128,640,64,64,64,1,299,3.0,mesuré ici,0.8120734908136483,0.3444586332595652,0.40939554521771443
95c0cffd0787d5bb,363684,Marketing_Campaign,835,ep640_50,50,512,128,640,64,64,64,2,299,3.0,mesuré ici,0.7811898512685914,0.35896192983839426,0.46336371931307047
95c0cffd0787d5bb,363684,Marketing_Campaign,835,ep640_50,50,512,128,640,128,128,128,0,299,3.0,mesuré ici,0.808092738407699,0.3316185322991722,0.5535551480012028
95c0cffd0787d5bb,363684,Marketing_Campaign,835,ep640_50,50,512,128,640,128,128,128,1,299,3.0,mesuré ici,0.8283027121609798,0.32279541078080726,0.5456085821273917
95c0cffd0787d5bb,363684,Marketing_Campaign,835,ep640_50,50,512,128,640,128,128,128,2,299,3.0,mesuré ici,0.7538932633420822,0.3603661264200135,0.503783888166493
95c0cffd0787d5bb,363684,Marketing_Campaign,835,ep640_50,50,512,128,640,256,256,256,0,299,3.0,mesuré ici,0.8393700787401575,0.3129303275854227,0.5794359014568636
95c0cffd0787d5bb,363684,Marketing_Campaign,835,ep640_50,50,512,128,640,256,256,256,1,299,3.0,mesuré ici,0.8121609798775153,0.347849548287648,0.4625749516360691
95c0cffd0787d5bb,363684,Marketing_Campaign,835,ep640_50,50,512,128,640,256,256,256,2,299,3.0,mesuré ici,0.8219597550306212,0.33158793403808257,0.5277527023219862
95c0cffd0787d5bb,363684,Marketing_Campaign,835,ep640_50,50,512,128,640,512,512,512,0,299,3.0,mesuré ici,0.8463692038495189,0.3177921584216621,0.5381737921865959
95c0cffd0787d5bb,363684,Marketing_Campaign,835,ep640_50,50,512,128,640,full,835,835,0,299,3.1,mesuré ici,0.8636482939632547,0.30380380631860365,0.5837537599876452
95c0cffd0787d5bb,363684,Marketing_Campaign,835,ep640_200,200,512,128,640,32,32,32,0,299,3.3,mesuré ici,0.7983377077865267,0.3658497116960898,0.4308454571120044
95c0cffd0787d5bb,363684,Marketing_Campaign,835,ep640_200,200,512,128,640,32,32,32,1,299,3.0,mesuré ici,0.6963692038495188,0.38622796275636234,0.378086477665043
95c0cffd0787d5bb,363684,Marketing_Campaign,835,ep640_200,200,512,128,640,32,32,32,2,299,3.0,mesuré ici,0.7249343832020997,0.3863747930376626,0.3537205241820317
95c0cffd0787d5bb,363684,Marketing_Campaign,835,ep640_200,200,512,128,640,64,64,64,0,299,2.9,mesuré ici,0.8036745406824147,0.3498434345048183,0.5405660615975013
95c0cffd0787d5bb,363684,Marketing_Campaign,835,ep640_200,200,512,128,640,64,64,64,1,299,3.0,mesuré ici,0.8279527559055119,0.3313375472436378,0.4419194499691118
95c0cffd0787d5bb,363684,Marketing_Campaign,835,ep640_200,200,512,128,640,64,64,64,2,299,3.0,mesuré ici,0.7821522309711286,0.3564782381650489,0.439146506753647
95c0cffd0787d5bb,363684,Marketing_Campaign,835,ep640_200,200,512,128,640,128,128,128,0,299,3.0,mesuré ici,0.8090113735783027,0.3509148868374024,0.5514807904038627
95c0cffd0787d5bb,363684,Marketing_Campaign,835,ep640_200,200,512,128,640,128,128,128,1,299,3.0,mesuré ici,0.8440944881889764,0.3117390470037886,0.5656641761892545
95c0cffd0787d5bb,363684,Marketing_Campaign,835,ep640_200,200,512,128,640,128,128,128,2,299,3.0,mesuré ici,0.7594050743657044,0.36344798432274367,0.5166790036054152
95c0cffd0787d5bb,363684,Marketing_Campaign,835,ep640_200,200,512,128,640,256,256,256,0,299,3.1,mesuré ici,0.8582677165354331,0.29883983066004777,0.5967754454081347
95c0cffd0787d5bb,363684,Marketing_Campaign,835,ep640_200,200,512,128,640,256,256,256,1,299,3.1,mesuré ici,0.8334645669291338,0.34124073550689393,0.49660893657554184
95c0cffd0787d5bb,363684,Marketing_Campaign,835,ep640_200,200,512,128,640,256,256,256,2,299,3.1,mesuré ici,0.85498687664042,0.3170314505901177,0.5361699929202134
95c0cffd0787d5bb,363684,Marketing_Campaign,835,ep640_200,200,512,128,640,512,512,512,0,299,3.1,mesuré ici,0.8537620297462817,0.322986600149944,0.5454023526405618
95c0cffd0787d5bb,363684,Marketing_Campaign,835,ep640_200,200,512,128,640,full,835,835,0,299,3.1,mesuré ici,0.8771653543307087,0.29811255714454543,0.5858511923253068
95c0cffd0787d5bb,363613,Amazon_employee_access,12233,ep640_25,25,512,128,640,32,32,32,0,1024,4.8,mesuré ici,0.5153508386756828,0.2294479184847259,0.9480910845172729
95c0cffd0787d5bb,363613,Amazon_employee_access,12233,ep640_25,25,512,128,640,32,32,32,1,1024,4.5,mesuré ici,0.5890050057082639,0.22340443729903572,0.9590605912569895
95c0cffd0787d5bb,363613,Amazon_employee_access,12233,ep640_25,25,512,128,640,32,32,32,2,1024,4.4,mesuré ici,0.5015280583121103,0.24278602124751014,0.9453768998197326
95c0cffd0787d5bb,363613,Amazon_employee_access,12233,ep640_25,25,512,128,640,64,64,64,0,1024,4.4,mesuré ici,0.5168349872661808,0.22493160081962507,0.9510496710698167
95c0cffd0787d5bb,363613,Amazon_employee_access,12233,ep640_25,25,512,128,640,64,64,64,1,1024,4.4,mesuré ici,0.47311846842891014,0.23992130615922874,0.9391427551458783
95c0cffd0787d5bb,363613,Amazon_employee_access,12233,ep640_25,25,512,128,640,64,64,64,2,1024,4.5,mesuré ici,0.530411873188724,0.2224442632820462,0.9490089901417895
95c0cffd0787d5bb,363613,Amazon_employee_access,12233,ep640_25,25,512,128,640,128,128,128,0,1024,4.4,mesuré ici,0.5229911302362343,0.22017515139007204,0.9438830912062768
95c0cffd0787d5bb,363613,Amazon_employee_access,12233,ep640_25,25,512,128,640,128,128,128,1,1024,4.5,mesuré ici,0.5981557916922806,0.21805660694326362,0.9582161399871272
95c0cffd0787d5bb,363613,Amazon_employee_access,12233,ep640_25,25,512,128,640,128,128,128,2,1024,4.8,mesuré ici,0.5407833494335647,0.2228598771072295,0.9490400798600269
95c0cffd0787d5bb,363613,Amazon_employee_access,12233,ep640_25,25,512,128,640,256,256,256,0,1024,4.4,mesuré ici,0.5888469307104592,0.2180731736294796,0.9577328063979231
95c0cffd0787d5bb,363613,Amazon_employee_access,12233,ep640_25,25,512,128,640,256,256,256,1,1024,4.4,mesuré ici,0.5822165627469922,0.21765643274808766,0.958162784291799
95c0cffd0787d5bb,363613,Amazon_employee_access,12233,ep640_25,25,512,128,640,256,256,256,2,1024,4.4,mesuré ici,0.6121629928866251,0.21618794938352362,0.9576423476248981
95c0cffd0787d5bb,363613,Amazon_employee_access,12233,ep640_25,25,512,128,640,512,512,512,0,1024,4.5,mesuré ici,0.6205234038816193,0.21350411780287884,0.9561187020966775
95c0cffd0787d5bb,363613,Amazon_employee_access,12233,ep640_25,25,512,128,640,1024,1024,1024,0,1024,4.4,mesuré ici,0.5505137437428647,0.22505497698244592,0.9524073292702505
95c0cffd0787d5bb,363613,Amazon_employee_access,12233,ep640_25,25,512,128,640,2048,2048,2048,0,1024,5.8,mesuré ici,0.7050847457627119,0.20294602737368725,0.9692457775791173
95c0cffd0787d5bb,363613,Amazon_employee_access,12233,ep640_25,25,512,128,640,full,12233,12233,0,1024,40.3,mesuré ici,0.8439536313339773,0.16650971761091848,0.9865675928690042
95c0cffd0787d5bb,363613,Amazon_employee_access,12233,ep640_50,50,512,128,640,32,32,32,0,1024,4.7,mesuré ici,0.5193202775094405,0.22923733860341522,0.9480608914928348
95c0cffd0787d5bb,363613,Amazon_employee_access,12233,ep640_50,50,512,128,640,32,32,32,1,1024,4.4,mesuré ici,0.5841573724422588,0.2242814745191348,0.9587820276601761
95c0cffd0787d5bb,363613,Amazon_employee_access,12233,ep640_50,50,512,128,640,32,32,32,2,1024,4.4,mesuré ici,0.5060858874154738,0.23827827225678955,0.9453624220352803
95c0cffd0787d5bb,363613,Amazon_employee_access,12233,ep640_50,50,512,128,640,64,64,64,0,1024,4.5,mesuré ici,0.518213752524809,0.2250507253687611,0.9514379602755273
95c0cffd0787d5bb,363613,Amazon_employee_access,12233,ep640_50,50,512,128,640,64,64,64,1,1024,4.4,mesuré ici,0.46863089488012644,0.24157162498078852,0.9395238009690169
95c0cffd0787d5bb,363613,Amazon_employee_access,12233,ep640_50,50,512,128,640,64,64,64,2,1024,4.5,mesuré ici,0.5309651356810399,0.22266617975169622,0.9487776024951398
95c0cffd0787d5bb,363613,Amazon_employee_access,12233,ep640_50,50,512,128,640,128,128,128,0,1024,4.4,mesuré ici,0.5215596733116712,0.220293196838807,0.9458461269577749
95c0cffd0787d5bb,363613,Amazon_employee_access,12233,ep640_50,50,512,128,640,128,128,128,1,1024,4.4,mesuré ici,0.6051286554843243,0.21773305211360588,0.9587639694443764
95c0cffd0787d5bb,363613,Amazon_employee_access,12233,ep640_50,50,512,128,640,128,128,128,2,1024,4.5,mesuré ici,0.5463774479669798,0.2226603712297272,0.9501450600624235
95c0cffd0787d5bb,363613,Amazon_employee_access,12233,ep640_50,50,512,128,640,256,256,256,0,1024,4.4,mesuré ici,0.6021603583033284,0.217052849646242,0.959954694478147
95c0cffd0787d5bb,363613,Amazon_employee_access,12233,ep640_50,50,512,128,640,256,256,256,1,1024,4.5,mesuré ici,0.5862650390796522,0.217098702861047,0.9561611656973592
95c0cffd0787d5bb,363613,Amazon_employee_access,12233,ep640_50,50,512,128,640,256,256,256,2,1024,4.5,mesuré ici,0.6046719943795555,0.21785654480919447,0.9556636319977503
95c0cffd0787d5bb,363613,Amazon_employee_access,12233,ep640_50,50,512,128,640,512,512,512,0,1024,4.5,mesuré ici,0.6267146746289628,0.21267318332209006,0.9568057168502019
95c0cffd0787d5bb,363613,Amazon_employee_access,12233,ep640_50,50,512,128,640,1024,1024,1024,0,1024,4.5,mesuré ici,0.5607447088785458,0.224516845661573,0.950947889804702
95c0cffd0787d5bb,363613,Amazon_employee_access,12233,ep640_50,50,512,128,640,2048,2048,2048,0,1024,5.7,mesuré ici,0.7180995872486169,0.20103921970360142,0.9708992773407776
95c0cffd0787d5bb,363613,Amazon_employee_access,12233,ep640_50,50,512,128,640,full,12233,12233,0,1024,40.3,mesuré ici,0.8334416439799771,0.16776626736890587,0.9851607292897622
95c0cffd0787d5bb,363613,Amazon_employee_access,12233,ep640_200,200,512,128,640,32,32,32,0,1024,4.8,mesuré ici,0.5321419162202512,0.22747622671979467,0.9507803808194403
95c0cffd0787d5bb,363613,Amazon_employee_access,12233,ep640_200,200,512,128,640,32,32,32,1,1024,4.4,mesuré ici,0.5824975849653113,0.22449592009173114,0.9588301957301917
95c0cffd0787d5bb,363613,Amazon_employee_access,12233,ep640_200,200,512,128,640,32,32,32,2,1024,4.4,mesuré ici,0.5129358039870028,0.23225266891437274,0.9468750941650501
95c0cffd0787d5bb,363613,Amazon_employee_access,12233,ep640_200,200,512,128,640,64,64,64,0,1024,4.3,mesuré ici,0.5241679107754457,0.22413865829472027,0.953688464185058
95c0cffd0787d5bb,363613,Amazon_employee_access,12233,ep640_200,200,512,128,640,64,64,64,1,1024,4.4,mesuré ici,0.48138227803635725,0.23430122190234354,0.9413310406344956
95c0cffd0787d5bb,363613,Amazon_employee_access,12233,ep640_200,200,512,128,640,64,64,64,2,1024,4.4,mesuré ici,0.5553965047861597,0.22250635864844337,0.951489503708992
95c0cffd0787d5bb,363613,Amazon_employee_access,12233,ep640_200,200,512,128,640,128,128,128,0,1024,4.4,mesuré ici,0.5378326161412137,0.221286234271797,0.9498397313450355
95c0cffd0787d5bb,363613,Amazon_employee_access,12233,ep640_200,200,512,128,640,128,128,128,1,1024,4.4,mesuré ici,0.6049705804865197,0.21612788377500586,0.9596445220986867
95c0cffd0787d5bb,363613,Amazon_employee_access,12233,ep640_200,200,512,128,640,128,128,128,2,1024,4.5,mesuré ici,0.5625010977430402,0.2194416475228243,0.952558827236509
95c0cffd0787d5bb,363613,Amazon_employee_access,12233,ep640_200,200,512,128,640,256,256,256,0,1024,4.4,mesuré ici,0.6013963291472733,0.2168566267606277,0.9614921818618547
95c0cffd0787d5bb,363613,Amazon_employee_access,12233,ep640_200,200,512,128,640,256,256,256,1,1024,4.4,mesuré ici,0.5923772723280935,0.21449642282763726,0.9572794685694069
95c0cffd0787d5bb,363613,Amazon_employee_access,12233,ep640_200,200,512,128,640,256,256,256,2,1024,4.4,mesuré ici,0.6280231843330113,0.21582112608146892,0.9564354164652535
95c0cffd0787d5bb,363613,Amazon_employee_access,12233,ep640_200,200,512,128,640,512,512,512,0,1024,4.4,mesuré ici,0.6262316676912268,0.2118017441721181,0.9572709219874304
95c0cffd0787d5bb,363613,Amazon_employee_access,12233,ep640_200,200,512,128,640,1024,1024,1024,0,1024,4.5,mesuré ici,0.5796785808377976,0.2203711130558046,0.9550512248926526
95c0cffd0787d5bb,363613,Amazon_employee_access,12233,ep640_200,200,512,128,640,2048,2048,2048,0,1024,5.7,mesuré ici,0.7096074470887854,0.19989668054440146,0.9723725778330116
95c0cffd0787d5bb,363613,Amazon_employee_access,12233,ep640_200,200,512,128,640,full,12233,12233,0,1024,40.4,mesuré ici,0.8470712215684553,0.16800565310300258,0.9867345962031777
95c0cffd0787d5bb,363618,bank-marketing,16878,ep640_25,25,512,128,640,32,32,32,0,1024,5.0,mesuré ici,0.6862601401179941,0.34482990911128564,0.21940017150544036
95c0cffd0787d5bb,363618,bank-marketing,16878,ep640_25,25,512,128,640,32,32,32,1,1024,4.6,mesuré ici,0.7282863200589971,0.3188669353830541,0.4045954603322207
95c0cffd0787d5bb,363618,bank-marketing,16878,ep640_25,25,512,128,640,32,32,32,2,1024,4.7,mesuré ici,0.5900304203539823,0.3642402114751139,0.19919568677856866
95c0cffd0787d5bb,363618,bank-marketing,16878,ep640_25,25,512,128,640,64,64,64,0,1024,4.6,mesuré ici,0.721815081120944,0.33034622526398255,0.29046615717382185
95c0cffd0787d5bb,363618,bank-marketing,16878,ep640_25,25,512,128,640,64,64,64,1,1024,4.6,mesuré ici,0.6734006268436578,0.34082875472722296,0.33991306463136617
95c0cffd0787d5bb,363618,bank-marketing,16878,ep640_25,25,512,128,640,64,64,64,2,1024,5.1,mesuré ici,0.7232024336283186,0.3180419770473271,0.3952498786884843
95c0cffd0787d5bb,363618,bank-marketing,16878,ep640_25,25,512,128,640,128,128,128,0,1024,4.9,mesuré ici,0.7211191002949853,0.3300702295154189,0.3881227374126278
95c0cffd0787d5bb,363618,bank-marketing,16878,ep640_25,25,512,128,640,128,128,128,1,1024,4.7,mesuré ici,0.729627581120944,0.3051013812771828,0.42264336883533726
95c0cffd0787d5bb,363618,bank-marketing,16878,ep640_25,25,512,128,640,128,128,128,2,1024,4.7,mesuré ici,0.7176253687315635,0.3344303699411698,0.27432170089252533
95c0cffd0787d5bb,363618,bank-marketing,16878,ep640_25,25,512,128,640,256,256,256,0,1024,4.7,mesuré ici,0.7376336651917405,0.3153082629269804,0.4002160310526041
95c0cffd0787d5bb,363618,bank-marketing,16878,ep640_25,25,512,128,640,256,256,256,1,1024,4.8,mesuré ici,0.7182291666666667,0.308118075592298,0.42023476611328564
95c0cffd0787d5bb,363618,bank-marketing,16878,ep640_25,25,512,128,640,256,256,256,2,1024,4.7,mesuré ici,0.742408738938053,0.32751968843254664,0.4161438593652097
95c0cffd0787d5bb,363618,bank-marketing,16878,ep640_25,25,512,128,640,512,512,512,0,1024,4.7,mesuré ici,0.755051622418879,0.2980361491790802,0.4418650437255944
95c0cffd0787d5bb,363618,bank-marketing,16878,ep640_25,25,512,128,640,1024,1024,1024,0,1024,4.8,mesuré ici,0.7824529867256637,0.2893210968394373,0.4767078825787143
95c0cffd0787d5bb,363618,bank-marketing,16878,ep640_25,25,512,128,640,2048,2048,2048,0,1024,6.3,mesuré ici,0.7785167772861357,0.2869791524098424,0.4930900479951254
95c0cffd0787d5bb,363618,bank-marketing,16878,ep640_25,25,512,128,640,full,16878,16878,0,1024,65.4,mesuré ici,0.7914961283185841,0.27940966749277213,0.5130621693281718
95c0cffd0787d5bb,363618,bank-marketing,16878,ep640_50,50,512,128,640,32,32,32,0,1024,5.0,mesuré ici,0.6869883849557522,0.3477381876225394,0.21803664660383384
95c0cffd0787d5bb,363618,bank-marketing,16878,ep640_50,50,512,128,640,32,32,32,1,1024,4.6,mesuré ici,0.7267284292035399,0.3232514277918938,0.40535796318528283
95c0cffd0787d5bb,363618,bank-marketing,16878,ep640_50,50,512,128,640,32,32,32,2,1024,4.7,mesuré ici,0.5972206858407081,0.3559726006832768,0.20999318079733814
95c0cffd0787d5bb,363618,bank-marketing,16878,ep640_50,50,512,128,640,64,64,64,0,1024,4.7,mesuré ici,0.7254747418879057,0.32954144885517145,0.31283124898193027
95c0cffd0787d5bb,363618,bank-marketing,16878,ep640_50,50,512,128,640,64,64,64,1,1024,4.7,mesuré ici,0.6733268805309734,0.3443526229520264,0.34080473406352474
95c0cffd0787d5bb,363618,bank-marketing,16878,ep640_50,50,512,128,640,64,64,64,2,1024,4.6,mesuré ici,0.7277608775811211,0.3181521788694311,0.39793915300831817
95c0cffd0787d5bb,363618,bank-marketing,16878,ep640_50,50,512,128,640,128,128,128,0,1024,4.7,mesuré ici,0.7226078539823009,0.33359737046298726,0.3842596993190859
95c0cffd0787d5bb,363618,bank-marketing,16878,ep640_50,50,512,128,640,128,128,128,1,1024,4.7,mesuré ici,0.7320105088495575,0.3085054986325314,0.42881376737666094
95c0cffd0787d5bb,363618,bank-marketing,16878,ep640_50,50,512,128,640,128,128,128,2,1024,4.8,mesuré ici,0.7194736356932154,0.3385200578625185,0.2749311243802004
95c0cffd0787d5bb,363618,bank-marketing,16878,ep640_50,50,512,128,640,256,256,256,0,1024,4.8,mesuré ici,0.7402332227138643,0.3208954034524861,0.4071980748202926
95c0cffd0787d5bb,363618,bank-marketing,16878,ep640_50,50,512,128,640,256,256,256,1,1024,4.7,mesuré ici,0.7203309365781712,0.31115386613410984,0.41822932322805406
95c0cffd0787d5bb,363618,bank-marketing,16878,ep640_50,50,512,128,640,256,256,256,2,1024,4.7,mesuré ici,0.7422151548672566,0.31917806331435455,0.4118661557750737
95c0cffd0787d5bb,363618,bank-marketing,16878,ep640_50,50,512,128,640,512,512,512,0,1024,4.7,mesuré ici,0.7564389749262537,0.2987174283936812,0.4416936752987262
95c0cffd0787d5bb,363618,bank-marketing,16878,ep640_50,50,512,128,640,1024,1024,1024,0,1024,4.8,mesuré ici,0.7800055309734513,0.2925362588788966,0.4749418553836873
95c0cffd0787d5bb,363618,bank-marketing,16878,ep640_50,50,512,128,640,2048,2048,2048,0,1024,6.2,mesuré ici,0.7781203908554573,0.29001451210256446,0.49118286815032647
95c0cffd0787d5bb,363618,bank-marketing,16878,ep640_50,50,512,128,640,full,16878,16878,0,1024,65.6,mesuré ici,0.7887951696165192,0.2834564346535835,0.505982239999699
95c0cffd0787d5bb,363618,bank-marketing,16878,ep640_200,200,512,128,640,32,32,32,0,1024,5.0,mesuré ici,0.6907310103244837,0.34387583952277934,0.22205652195828374
95c0cffd0787d5bb,363618,bank-marketing,16878,ep640_200,200,512,128,640,32,32,32,1,1024,4.6,mesuré ici,0.7250230457227139,0.3183134196437569,0.40261942355038755
95c0cffd0787d5bb,363618,bank-marketing,16878,ep640_200,200,512,128,640,32,32,32,2,1024,4.5,mesuré ici,0.6073054941002951,0.3615899203017281,0.21921870543162164
95c0cffd0787d5bb,363618,bank-marketing,16878,ep640_200,200,512,128,640,64,64,64,0,1024,4.7,mesuré ici,0.7373340707964602,0.31859498439966805,0.3516173459798163
95c0cffd0787d5bb,363618,bank-marketing,16878,ep640_200,200,512,128,640,64,64,64,1,1024,4.6,mesuré ici,0.6810103244837759,0.3345919938135462,0.36136024036991077
95c0cffd0787d5bb,363618,bank-marketing,16878,ep640_200,200,512,128,640,64,64,64,2,1024,4.7,mesuré ici,0.7336882374631268,0.3174721324747418,0.39968982075014553
95c0cffd0787d5bb,363618,bank-marketing,16878,ep640_200,200,512,128,640,128,128,128,0,1024,4.7,mesuré ici,0.7399520648967551,0.3195382232553927,0.4073020459628467
95c0cffd0787d5bb,363618,bank-marketing,16878,ep640_200,200,512,128,640,128,128,128,1,1024,4.7,mesuré ici,0.7363615412979351,0.3025557386717473,0.4370305646436786
95c0cffd0787d5bb,363618,bank-marketing,16878,ep640_200,200,512,128,640,128,128,128,2,1024,4.7,mesuré ici,0.7341998525073746,0.3269222194048276,0.2835301498266948
95c0cffd0787d5bb,363618,bank-marketing,16878,ep640_200,200,512,128,640,256,256,256,0,1024,4.8,mesuré ici,0.7473313053097346,0.309392057075957,0.4101287580109349
95c0cffd0787d5bb,363618,bank-marketing,16878,ep640_200,200,512,128,640,256,256,256,1,1024,4.7,mesuré ici,0.7317063053097346,0.30617826871533854,0.41713858635702483
95c0cffd0787d5bb,363618,bank-marketing,16878,ep640_200,200,512,128,640,256,256,256,2,1024,4.8,mesuré ici,0.7493962020648968,0.3095985785468072,0.4190398867298763
95c0cffd0787d5bb,363618,bank-marketing,16878,ep640_200,200,512,128,640,512,512,512,0,1024,4.8,mesuré ici,0.7611034292035399,0.29633163527766726,0.44822336568784593
95c0cffd0787d5bb,363618,bank-marketing,16878,ep640_200,200,512,128,640,1024,1024,1024,0,1024,4.8,mesuré ici,0.7817247418879055,0.28985881991024554,0.47429720634552636
95c0cffd0787d5bb,363618,bank-marketing,16878,ep640_200,200,512,128,640,2048,2048,2048,0,1024,6.1,mesuré ici,0.7813974926253687,0.2868431040520409,0.4839605224630489
95c0cffd0787d5bb,363618,bank-marketing,16878,ep640_200,200,512,128,640,full,16878,16878,0,1024,65.9,mesuré ici,0.7924917035398229,0.2786355471129403,0.5097315090768891
95c0cffd0787d5bb,363624,coil2000_insurance_policies,3666,ep640_25,25,512,128,640,32,32,32,0,1024,5.1,mesuré ici,0.47872938052193453,0.252581048512626,0.05633516980856946
95c0cffd0787d5bb,363624,coil2000_insurance_policies,3666,ep640_25,25,512,128,640,32,32,32,1,1024,4.7,mesuré ici,0.5537510852356877,0.24376423174637038,0.0706899347200631
95c0cffd0787d5bb,363624,coil2000_insurance_policies,3666,ep640_25,25,512,128,640,32,32,32,2,1024,4.7,mesuré ici,0.5560407197453313,0.2319746991669432,0.07134344045430593
95c0cffd0787d5bb,363624,coil2000_insurance_policies,3666,ep640_25,25,512,128,640,64,64,64,0,1024,4.7,mesuré ici,0.5828439133173314,0.23357598652052725,0.08669829016071952
95c0cffd0787d5bb,363624,coil2000_insurance_policies,3666,ep640_25,25,512,128,640,64,64,64,1,1024,4.7,mesuré ici,0.5098224469298469,0.24415726488064712,0.062114185544595114
95c0cffd0787d5bb,363624,coil2000_insurance_policies,3666,ep640_25,25,512,128,640,64,64,64,2,1024,4.6,mesuré ici,0.6339138280305738,0.22157893128557693,0.09659849360012662
95c0cffd0787d5bb,363624,coil2000_insurance_policies,3666,ep640_25,25,512,128,640,128,128,128,0,1024,5.3,mesuré ici,0.6524266721141243,0.21752187250799235,0.12087691929290931
95c0cffd0787d5bb,363624,coil2000_insurance_policies,3666,ep640_25,25,512,128,640,128,128,128,1,1024,5.6,mesuré ici,0.6404082188516078,0.22946493884194258,0.12400751638529639
95c0cffd0787d5bb,363624,coil2000_insurance_policies,3666,ep640_25,25,512,128,640,128,128,128,2,1024,5.3,mesuré ici,0.5199428016955212,0.2287321114989202,0.06466195423616976
95c0cffd0787d5bb,363624,coil2000_insurance_policies,3666,ep640_25,25,512,128,640,256,256,256,0,1024,5.2,mesuré ici,0.6659431762082291,0.21620415675788385,0.12395488327611677
95c0cffd0787d5bb,363624,coil2000_insurance_policies,3666,ep640_25,25,512,128,640,256,256,256,1,1024,5.3,mesuré ici,0.64238292222052,0.21974464433511126,0.11594655631613972
95c0cffd0787d5bb,363624,coil2000_insurance_policies,3666,ep640_25,25,512,128,640,256,256,256,2,1024,5.2,mesuré ici,0.6979469894285276,0.21400094701270575,0.13478107639782758
95c0cffd0787d5bb,363624,coil2000_insurance_policies,3666,ep640_25,25,512,128,640,512,512,512,0,1024,5.2,mesuré ici,0.755051665730385,0.2054570839275671,0.17025180016209931
95c0cffd0787d5bb,363624,coil2000_insurance_policies,3666,ep640_25,25,512,128,640,1024,1024,1024,0,1024,6.7,mesuré ici,0.7253545103246344,0.20612471896190682,0.18492721991785444
95c0cffd0787d5bb,363624,coil2000_insurance_policies,3666,ep640_25,25,512,128,640,2048,2048,2048,0,1024,11.7,mesuré ici,0.7518512844083549,0.20196214628655343,0.1709764867708895
95c0cffd0787d5bb,363624,coil2000_insurance_policies,3666,ep640_25,25,512,128,640,full,3666,3666,0,1024,18.1,mesuré ici,0.7661849071378717,0.19885829404791724,0.19048435711188613
95c0cffd0787d5bb,363624,coil2000_insurance_policies,3666,ep640_50,50,512,128,640,32,32,32,0,1024,5.1,mesuré ici,0.47183494203564685,0.24897663216097615,0.055294758463064544
95c0cffd0787d5bb,363624,coil2000_insurance_policies,3666,ep640_50,50,512,128,640,32,32,32,1,1024,4.8,mesuré ici,0.5674974039460021,0.23920554083215337,0.0742299997035473
95c0cffd0787d5bb,363624,coil2000_insurance_policies,3666,ep640_50,50,512,128,640,32,32,32,2,1024,4.7,mesuré ici,0.5662547026879798,0.23017672340916465,0.0737236433580664
95c0cffd0787d5bb,363624,coil2000_insurance_policies,3666,ep640_50,50,512,128,640,64,64,64,0,1024,4.7,mesuré ici,0.6003608940639735,0.22856519907029163,0.09251910643367764
95c0cffd0787d5bb,363624,coil2000_insurance_policies,3666,ep640_50,50,512,128,640,64,64,64,1,1024,4.7,mesuré ici,0.5148613451815536,0.23796789080970288,0.0627417139754334
95c0cffd0787d5bb,363624,coil2000_insurance_policies,3666,ep640_50,50,512,128,640,64,64,64,2,1024,4.7,mesuré ici,0.6337180600241731,0.22110262980015027,0.09771266022956057
95c0cffd0787d5bb,363624,coil2000_insurance_policies,3666,ep640_50,50,512,128,640,128,128,128,0,1024,5.3,mesuré ici,0.6729567778288477,0.2163858424675657,0.12646517217116088
95c0cffd0787d5bb,363624,coil2000_insurance_policies,3666,ep640_50,50,512,128,640,128,128,128,1,1024,5.3,mesuré ici,0.6505200619648299,0.22399462211363197,0.12152070021241101
95c0cffd0787d5bb,363624,coil2000_insurance_policies,3666,ep640_50,50,512,128,640,128,128,128,2,1024,5.3,mesuré ici,0.5160699998297669,0.22781159011251387,0.0637770267235343
95c0cffd0787d5bb,363624,coil2000_insurance_policies,3666,ep640_50,50,512,128,640,256,256,256,0,1024,5.2,mesuré ici,0.6784467936605213,0.21517844209675688,0.13384013962312152
95c0cffd0787d5bb,363624,coil2000_insurance_policies,3666,ep640_50,50,512,128,640,256,256,256,1,1024,5.3,mesuré ici,0.644655533425259,0.21888158795977075,0.11185411224145286
95c0cffd0787d5bb,363624,coil2000_insurance_policies,3666,ep640_50,50,512,128,640,256,256,256,2,1024,5.2,mesuré ici,0.7032752838636093,0.21211028138016194,0.13985448110617194
95c0cffd0787d5bb,363624,coil2000_insurance_policies,3666,ep640_50,50,512,128,640,512,512,512,0,1024,5.3,mesuré ici,0.7539111043017891,0.2069106403873317,0.16364033427131477
95c0cffd0787d5bb,363624,coil2000_insurance_policies,3666,ep640_50,50,512,128,640,1024,1024,1024,0,1024,6.6,mesuré ici,0.7376878947278824,0.20369700890752557,0.19138645783376387
95c0cffd0787d5bb,363624,coil2000_insurance_policies,3666,ep640_50,50,512,128,640,2048,2048,2048,0,1024,11.6,mesuré ici,0.7444206118175782,0.20284936252104807,0.16958039051199728
95c0cffd0787d5bb,363624,coil2000_insurance_policies,3666,ep640_50,50,512,128,640,full,3666,3666,0,1024,18.6,mesuré ici,0.7585414432357898,0.200116533891488,0.1827320386417404
95c0cffd0787d5bb,363624,coil2000_insurance_policies,3666,ep640_200,200,512,128,640,32,32,32,0,1024,5.2,mesuré ici,0.4625402175578367,0.2507694939309787,0.054180234622544905
95c0cffd0787d5bb,363624,coil2000_insurance_policies,3666,ep640_200,200,512,128,640,32,32,32,1,1024,4.7,mesuré ici,0.6057062118039597,0.2326459924449703,0.0822403828754346
95c0cffd0787d5bb,363624,coil2000_insurance_policies,3666,ep640_200,200,512,128,640,32,32,32,2,1024,4.8,mesuré ici,0.5990075413240726,0.22540724059045766,0.08276924938538935
95c0cffd0787d5bb,363624,coil2000_insurance_policies,3666,ep640_200,200,512,128,640,64,64,64,0,1024,4.7,mesuré ici,0.6252574774866793,0.23108585466239767,0.10365314269258538
95c0cffd0787d5bb,363624,coil2000_insurance_policies,3666,ep640_200,200,512,128,640,64,64,64,1,1024,4.7,mesuré ici,0.545503294009499,0.2327325844406696,0.06898180870828466
95c0cffd0787d5bb,363624,coil2000_insurance_policies,3666,ep640_200,200,512,128,640,64,64,64,2,1024,4.7,mesuré ici,0.6036974618252388,0.22999520566661263,0.09236028964797013
95c0cffd0787d5bb,363624,coil2000_insurance_policies,3666,ep640_200,200,512,128,640,128,128,128,0,1024,5.3,mesuré ici,0.7208433345249647,0.21003942256219238,0.13424811012605306
95c0cffd0787d5bb,363624,coil2000_insurance_policies,3666,ep640_200,200,512,128,640,128,128,128,1,1024,5.2,mesuré ici,0.657431523756022,0.23560043404187964,0.1320835094031654
95c0cffd0787d5bb,363624,coil2000_insurance_policies,3666,ep640_200,200,512,128,640,128,128,128,2,1024,5.3,mesuré ici,0.5672335427199837,0.2249767973918939,0.07239968808836006
95c0cffd0787d5bb,363624,coil2000_insurance_policies,3666,ep640_200,200,512,128,640,256,256,256,0,1024,5.2,mesuré ici,0.6915206918271113,0.213352402975904,0.13210172778069382
95c0cffd0787d5bb,363624,coil2000_insurance_policies,3666,ep640_200,200,512,128,640,256,256,256,1,1024,5.4,mesuré ici,0.6475920535212707,0.22161665215373066,0.11806043578538497
95c0cffd0787d5bb,363624,coil2000_insurance_policies,3666,ep640_200,200,512,128,640,256,256,256,2,1024,5.2,mesuré ici,0.727686703096539,0.2090557582886085,0.15884086607707315
95c0cffd0787d5bb,363624,coil2000_insurance_policies,3666,ep640_200,200,512,128,640,512,512,512,0,1024,5.3,mesuré ici,0.7384794784059376,0.2056391513196431,0.1521340883993133
95c0cffd0787d5bb,363624,coil2000_insurance_policies,3666,ep640_200,200,512,128,640,1024,1024,1024,0,1024,6.6,mesuré ici,0.734300257051904,0.2042978113490493,0.1755834530762319
95c0cffd0787d5bb,363624,coil2000_insurance_policies,3666,ep640_200,200,512,128,640,2048,2048,2048,0,1024,11.6,mesuré ici,0.7190729108149057,0.20669862528475397,0.1557153798223865
95c0cffd0787d5bb,363624,coil2000_insurance_policies,3666,ep640_200,200,512,128,640,full,3666,3666,0,1024,18.6,mesuré ici,0.7466847113698654,0.20215844882303835,0.1696293041920901
95c0cffd0787d5bb,363627,credit_card_clients_default,11200,ep640_25,25,512,128,640,32,32,32,0,1024,5.1,mesuré ici,0.7002608902326455,0.4746355445897552,0.5004134302858868
95c0cffd0787d5bb,363627,credit_card_clients_default,11200,ep640_25,25,512,128,640,32,32,32,1,1024,4.8,mesuré ici,0.6809179798694442,0.5107716708142327,0.40968597395881834
95c0cffd0787d5bb,363627,credit_card_clients_default,11200,ep640_25,25,512,128,640,32,32,32,2,1024,4.8,mesuré ici,0.7186420442297381,0.6062161173421837,0.4928674050300345
95c0cffd0787d5bb,363627,credit_card_clients_default,11200,ep640_25,25,512,128,640,64,64,64,0,1024,4.7,mesuré ici,0.7588423548659897,0.43383723476277725,0.5757648791853075
95c0cffd0787d5bb,363627,credit_card_clients_default,11200,ep640_25,25,512,128,640,64,64,64,1,1024,4.7,mesuré ici,0.7359868228323172,0.4976961519140595,0.45227713554578325
95c0cffd0787d5bb,363627,credit_card_clients_default,11200,ep640_25,25,512,128,640,64,64,64,2,1024,5.0,mesuré ici,0.7333337018223625,0.48890952545627187,0.4524812211188796
95c0cffd0787d5bb,363627,credit_card_clients_default,11200,ep640_25,25,512,128,640,128,128,128,0,1024,4.8,mesuré ici,0.7502141842481995,0.4626334306429679,0.5063800213756207
95c0cffd0787d5bb,363627,credit_card_clients_default,11200,ep640_25,25,512,128,640,128,128,128,1,1024,4.8,mesuré ici,0.7538401162951376,0.4304632913125968,0.5673264192266334
95c0cffd0787d5bb,363627,credit_card_clients_default,11200,ep640_25,25,512,128,640,128,128,128,2,1024,4.8,mesuré ici,0.7227516181274493,0.47362926909618897,0.5203869166734545
95c0cffd0787d5bb,363627,credit_card_clients_default,11200,ep640_25,25,512,128,640,256,256,256,0,1024,4.7,mesuré ici,0.7453667110695946,0.451200211436314,0.4812213771587943
95c0cffd0787d5bb,363627,credit_card_clients_default,11200,ep640_25,25,512,128,640,256,256,256,1,1024,4.8,mesuré ici,0.7610588163763894,0.4301310036712729,0.552382921472264
95c0cffd0787d5bb,363627,credit_card_clients_default,11200,ep640_25,25,512,128,640,256,256,256,2,1024,4.7,mesuré ici,0.7866006334326412,0.41997084365136117,0.5972572369672875
95c0cffd0787d5bb,363627,credit_card_clients_default,11200,ep640_25,25,512,128,640,512,512,512,0,1024,4.8,mesuré ici,0.7847047573776109,0.41892302982752283,0.5843999536171194
95c0cffd0787d5bb,363627,credit_card_clients_default,11200,ep640_25,25,512,128,640,1024,1024,1024,0,1024,5.0,mesuré ici,0.7856858594177505,0.4237408326427529,0.5728837998933017
95c0cffd0787d5bb,363627,credit_card_clients_default,11200,ep640_25,25,512,128,640,2048,2048,2048,0,1024,7.0,mesuré ici,0.7940487179345452,0.41262703096753817,0.5672525027716102
95c0cffd0787d5bb,363627,credit_card_clients_default,11200,ep640_25,25,512,128,640,full,11200,11200,0,1024,38.5,mesuré ici,0.7957925922650468,0.41062942172436356,0.5898982545998396
95c0cffd0787d5bb,363627,credit_card_clients_default,11200,ep640_50,50,512,128,640,32,32,32,0,1024,5.0,mesuré ici,0.7016952337786523,0.47738095651684853,0.5029664331991042
95c0cffd0787d5bb,363627,credit_card_clients_default,11200,ep640_50,50,512,128,640,32,32,32,1,1024,4.8,mesuré ici,0.6826065808455717,0.5121769353743533,0.41639251712389963
95c0cffd0787d5bb,363627,credit_card_clients_default,11200,ep640_50,50,512,128,640,32,32,32,2,1024,4.8,mesuré ici,0.7206263576517669,0.588819194326925,0.4971367525289187
95c0cffd0787d5bb,363627,credit_card_clients_default,11200,ep640_50,50,512,128,640,64,64,64,0,1024,4.9,mesuré ici,0.7627861087005787,0.434055319305308,0.5811258425954906
95c0cffd0787d5bb,363627,credit_card_clients_default,11200,ep640_50,50,512,128,640,64,64,64,1,1024,4.8,mesuré ici,0.7402428711191197,0.47987913554413114,0.46812592116858065
95c0cffd0787d5bb,363627,credit_card_clients_default,11200,ep640_50,50,512,128,640,64,64,64,2,1024,4.8,mesuré ici,0.7326317302218119,0.4928362185857212,0.44983216383115887
95c0cffd0787d5bb,363627,credit_card_clients_default,11200,ep640_50,50,512,128,640,128,128,128,0,1024,4.8,mesuré ici,0.7557885020368231,0.46405229290244815,0.5146668601322891
95c0cffd0787d5bb,363627,credit_card_clients_default,11200,ep640_50,50,512,128,640,128,128,128,1,1024,4.8,mesuré ici,0.7604148817979317,0.4288578485059427,0.5730562933838548
95c0cffd0787d5bb,363627,credit_card_clients_default,11200,ep640_50,50,512,128,640,128,128,128,2,1024,4.9,mesuré ici,0.7312277870207109,0.4735915970968882,0.5351223702479176
95c0cffd0787d5bb,363627,credit_card_clients_default,11200,ep640_50,50,512,128,640,256,256,256,0,1024,4.9,mesuré ici,0.7480833964370797,0.44639356946368197,0.5047748979034996
95c0cffd0787d5bb,363627,credit_card_clients_default,11200,ep640_50,50,512,128,640,256,256,256,1,1024,4.8,mesuré ici,0.7706542706957258,0.42821654315796986,0.5630421706790809
95c0cffd0787d5bb,363627,credit_card_clients_default,11200,ep640_50,50,512,128,640,256,256,256,2,1024,4.8,mesuré ici,0.7917963287438026,0.4178596363267242,0.6030023438729523
95c0cffd0787d5bb,363627,credit_card_clients_default,11200,ep640_50,50,512,128,640,512,512,512,0,1024,4.8,mesuré ici,0.7853680376300997,0.4180659393329809,0.5871982515503217
95c0cffd0787d5bb,363627,credit_card_clients_default,11200,ep640_50,50,512,128,640,1024,1024,1024,0,1024,4.9,mesuré ici,0.787708864187841,0.42160880194901923,0.5762774115576033
95c0cffd0787d5bb,363627,credit_card_clients_default,11200,ep640_50,50,512,128,640,2048,2048,2048,0,1024,6.6,mesuré ici,0.7943471940481652,0.4126460834167287,0.5705422724519743
95c0cffd0787d5bb,363627,credit_card_clients_default,11200,ep640_50,50,512,128,640,full,11200,11200,0,1024,39.9,mesuré ici,0.7960385586920113,0.4107859227106594,0.5873186235977708
95c0cffd0787d5bb,363627,credit_card_clients_default,11200,ep640_200,200,512,128,640,32,32,32,0,1024,5.1,mesuré ici,0.7097457978432337,0.474982108274283,0.5087816416703477
95c0cffd0787d5bb,363627,credit_card_clients_default,11200,ep640_200,200,512,128,640,32,32,32,1,1024,4.7,mesuré ici,0.6926884406833997,0.5116679825281589,0.4497051682514895
95c0cffd0787d5bb,363627,credit_card_clients_default,11200,ep640_200,200,512,128,640,32,32,32,2,1024,4.8,mesuré ici,0.7250786263465971,0.5790959123544003,0.4998696162957882
95c0cffd0787d5bb,363627,credit_card_clients_default,11200,ep640_200,200,512,128,640,64,64,64,0,1024,4.7,mesuré ici,0.7690541070865968,0.431102419537458,0.5835850264330267
95c0cffd0787d5bb,363627,credit_card_clients_default,11200,ep640_200,200,512,128,640,64,64,64,1,1024,4.8,mesuré ici,0.7493187559073398,0.4670629466209224,0.5010661411971717
95c0cffd0787d5bb,363627,credit_card_clients_default,11200,ep640_200,200,512,128,640,64,64,64,2,1024,4.7,mesuré ici,0.7508277184817516,0.4906953014226427,0.47587431097385025
95c0cffd0787d5bb,363627,credit_card_clients_default,11200,ep640_200,200,512,128,640,128,128,128,0,1024,4.8,mesuré ici,0.7574245933262952,0.4592774887117812,0.5123285754619161
95c0cffd0787d5bb,363627,credit_card_clients_default,11200,ep640_200,200,512,128,640,128,128,128,1,1024,4.8,mesuré ici,0.7733820107340854,0.42087995100386766,0.5766128297655276
95c0cffd0787d5bb,363627,credit_card_clients_default,11200,ep640_200,200,512,128,640,128,128,128,2,1024,4.8,mesuré ici,0.7543044124718797,0.4627768954932847,0.5672466352310803
95c0cffd0787d5bb,363627,credit_card_clients_default,11200,ep640_200,200,512,128,640,256,256,256,0,1024,4.8,mesuré ici,0.7705685969964459,0.4297022855005009,0.568857158547683
95c0cffd0787d5bb,363627,credit_card_clients_default,11200,ep640_200,200,512,128,640,256,256,256,1,1024,4.8,mesuré ici,0.7952951320756803,0.4181665190554838,0.5997295895044166
95c0cffd0787d5bb,363627,credit_card_clients_default,11200,ep640_200,200,512,128,640,256,256,256,2,1024,4.8,mesuré ici,0.795659936214549,0.4128406639698601,0.6049906603558255
95c0cffd0787d5bb,363627,credit_card_clients_default,11200,ep640_200,200,512,128,640,512,512,512,0,1024,4.8,mesuré ici,0.7932002719449035,0.408585578064165,0.602696237366505
95c0cffd0787d5bb,363627,credit_card_clients_default,11200,ep640_200,200,512,128,640,1024,1024,1024,0,1024,4.8,mesuré ici,0.7944826137663817,0.415620324949625,0.5861460243139329
95c0cffd0787d5bb,363627,credit_card_clients_default,11200,ep640_200,200,512,128,640,2048,2048,2048,0,1024,6.6,mesuré ici,0.7968648953399035,0.40923944075816726,0.5819721430028005
95c0cffd0787d5bb,363627,credit_card_clients_default,11200,ep640_200,200,512,128,640,full,11200,11200,0,1024,39.9,mesuré ici,0.7986198243412798,0.40814451482381464,0.5954738998692496
95c0cffd0787d5bb,363632,E-CommereShippingData,4105,ep640_25,25,512,128,640,32,32,32,0,1024,4.9,mesuré ici,0.6404061139005243,0.6547076904989744,0.7363160520437357
95c0cffd0787d5bb,363632,E-CommereShippingData,4105,ep640_25,25,512,128,640,32,32,32,1,1024,4.6,mesuré ici,0.708612880087817,0.6355066024519817,0.8209513509433047
95c0cffd0787d5bb,363632,E-CommereShippingData,4105,ep640_25,25,512,128,640,32,32,32,2,1024,4.6,mesuré ici,0.6690397593751363,0.6512241695109241,0.7834714754353618
95c0cffd0787d5bb,363632,E-CommereShippingData,4105,ep640_25,25,512,128,640,64,64,64,0,1024,4.5,mesuré ici,0.7281577059795595,0.5517012180896889,0.8441495469639232
95c0cffd0787d5bb,363632,E-CommereShippingData,4105,ep640_25,25,512,128,640,64,64,64,1,1024,4.6,mesuré ici,0.7347400165647552,0.5486851027169477,0.847414070472108
95c0cffd0787d5bb,363632,E-CommereShippingData,4105,ep640_25,25,512,128,640,64,64,64,2,1024,4.5,mesuré ici,0.7416472816761314,0.5599143933817505,0.8501632345965882
95c0cffd0787d5bb,363632,E-CommereShippingData,4105,ep640_25,25,512,128,640,128,128,128,0,1024,4.6,mesuré ici,0.7423308750391333,0.5155140756841431,0.8544623806791323
95c0cffd0787d5bb,363632,E-CommereShippingData,4105,ep640_25,25,512,128,640,128,128,128,1,1024,4.8,mesuré ici,0.7406942138280039,0.5015599160928312,0.8540441920312091
95c0cffd0787d5bb,363632,E-CommereShippingData,4105,ep640_25,25,512,128,640,128,128,128,2,1024,4.7,mesuré ici,0.7431828899553385,0.5090808556041615,0.8530445683011136
95c0cffd0787d5bb,363632,E-CommereShippingData,4105,ep640_25,25,512,128,640,256,256,256,0,1024,4.5,mesuré ici,0.7353938884771918,0.49528490555539617,0.8510216261231712
95c0cffd0787d5bb,363632,E-CommereShippingData,4105,ep640_25,25,512,128,640,256,256,256,1,1024,4.6,mesuré ici,0.7187934676214518,0.5046075034075483,0.840883524391153
95c0cffd0787d5bb,363632,E-CommereShippingData,4105,ep640_25,25,512,128,640,256,256,256,2,1024,4.6,mesuré ici,0.74571713897354,0.4964304670478078,0.855940838573704
95c0cffd0787d5bb,363632,E-CommereShippingData,4105,ep640_25,25,512,128,640,512,512,512,0,1024,4.6,mesuré ici,0.7336938215048565,0.49175658947659107,0.8509624543552119
95c0cffd0787d5bb,363632,E-CommereShippingData,4105,ep640_25,25,512,128,640,1024,1024,1024,0,1024,4.6,mesuré ici,0.7263882889559052,0.4945995385156044,0.8498470304157867
95c0cffd0787d5bb,363632,E-CommereShippingData,4105,ep640_25,25,512,128,640,2048,2048,2048,0,1024,6.0,mesuré ici,0.7362280705230579,0.48914819934558285,0.8529091912271014
95c0cffd0787d5bb,363632,E-CommereShippingData,4105,ep640_25,25,512,128,640,full,4105,4105,0,1024,10.8,mesuré ici,0.7345696135815141,0.4895499480686324,0.8534803917791031
95c0cffd0787d5bb,363632,E-CommereShippingData,4105,ep640_50,50,512,128,640,32,32,32,0,1024,4.9,mesuré ici,0.6378619577321345,0.6567643180646638,0.7324278622883598
95c0cffd0787d5bb,363632,E-CommereShippingData,4105,ep640_50,50,512,128,640,32,32,32,1,1024,4.6,mesuré ici,0.7117792052880404,0.6363481095202935,0.8238080292190051
95c0cffd0787d5bb,363632,E-CommereShippingData,4105,ep640_50,50,512,128,640,32,32,32,2,1024,4.5,mesuré ici,0.6702781531486905,0.6532947049473062,0.7858563452893346
95c0cffd0787d5bb,363632,E-CommereShippingData,4105,ep640_50,50,512,128,640,64,64,64,0,1024,4.5,mesuré ici,0.7300678045358897,0.5564017120073929,0.8447065747161995
95c0cffd0787d5bb,363632,E-CommereShippingData,4105,ep640_50,50,512,128,640,64,64,64,1,1024,4.5,mesuré ici,0.7353443527262497,0.5562735002901587,0.8472141764657426
95c0cffd0787d5bb,363632,E-CommereShippingData,4105,ep640_50,50,512,128,640,64,64,64,2,1024,4.5,mesuré ici,0.7417820189186939,0.5670355378517168,0.849988641414306
95c0cffd0787d5bb,363632,E-CommereShippingData,4105,ep640_50,50,512,128,640,128,128,128,0,1024,4.5,mesuré ici,0.7415066001434556,0.5113399337906864,0.8542277453896263
95c0cffd0787d5bb,363632,E-CommereShippingData,4105,ep640_50,50,512,128,640,128,128,128,1,1024,4.5,mesuré ici,0.7398322917616103,0.4999009948224902,0.8535939511706034
95c0cffd0787d5bb,363632,E-CommereShippingData,4105,ep640_50,50,512,128,640,128,128,128,2,1024,4.6,mesuré ici,0.7440963292027123,0.5088271563772057,0.8536809387734786
95c0cffd0787d5bb,363632,E-CommereShippingData,4105,ep640_50,50,512,128,640,256,256,256,0,1024,4.5,mesuré ici,0.7348906052476193,0.49535819098550715,0.8504561052531907
95c0cffd0787d5bb,363632,E-CommereShippingData,4105,ep640_50,50,512,128,640,256,256,256,1,1024,4.5,mesuré ici,0.7208977463214752,0.5039635817154213,0.8420797151222295
95c0cffd0787d5bb,363632,E-CommereShippingData,4105,ep640_50,50,512,128,640,256,256,256,2,1024,4.5,mesuré ici,0.7483128123229097,0.49440231791116274,0.8573020763813768
95c0cffd0787d5bb,363632,E-CommereShippingData,4105,ep640_50,50,512,128,640,512,512,512,0,1024,4.6,mesuré ici,0.7323603190894932,0.491464041030826,0.8497839023658843
95c0cffd0787d5bb,363632,E-CommereShippingData,4105,ep640_50,50,512,128,640,1024,1024,1024,0,1024,4.6,mesuré ici,0.7275355369477259,0.4938121861862422,0.8500038517650772
95c0cffd0787d5bb,363632,E-CommereShippingData,4105,ep640_50,50,512,128,640,2048,2048,2048,0,1024,5.9,mesuré ici,0.739606408737314,0.48953028674658794,0.8534579251251683
95c0cffd0787d5bb,363632,E-CommereShippingData,4105,ep640_50,50,512,128,640,full,4105,4105,0,1024,10.6,mesuré ici,0.7332876283471307,0.4892764579963374,0.8530118745207361
95c0cffd0787d5bb,363632,E-CommereShippingData,4105,ep640_200,200,512,128,640,32,32,32,0,1024,4.9,mesuré ici,0.6303662078995653,0.6594330172062357,0.7193426574331518
95c0cffd0787d5bb,363632,E-CommereShippingData,4105,ep640_200,200,512,128,640,32,32,32,1,1024,4.6,mesuré ici,0.7138200782268579,0.6382145411482915,0.8260868588379231
95c0cffd0787d5bb,363632,E-CommereShippingData,4105,ep640_200,200,512,128,640,32,32,32,2,1024,4.5,mesuré ici,0.6605374430834222,0.6587771636298171,0.7709490098111624
95c0cffd0787d5bb,363632,E-CommereShippingData,4105,ep640_200,200,512,128,640,64,64,64,0,1024,4.5,mesuré ici,0.734038590331414,0.5499725293284878,0.8468200958099019
95c0cffd0787d5bb,363632,E-CommereShippingData,4105,ep640_200,200,512,128,640,64,64,64,1,1024,4.5,mesuré ici,0.7349758067392398,0.5857990726672582,0.8444669097241129
95c0cffd0787d5bb,363632,E-CommereShippingData,4105,ep640_200,200,512,128,640,64,64,64,2,1024,4.6,mesuré ici,0.7413500671704782,0.5729794963476638,0.8498594593067544
95c0cffd0787d5bb,363632,E-CommereShippingData,4105,ep640_200,200,512,128,640,128,128,128,0,1024,4.6,mesuré ici,0.7395667801365602,0.5176939923102175,0.8530873968111818
95c0cffd0787d5bb,363632,E-CommereShippingData,4105,ep640_200,200,512,128,640,128,128,128,1,1024,4.5,mesuré ici,0.7406961952580416,0.49924447231745783,0.8535462101245164
95c0cffd0787d5bb,363632,E-CommereShippingData,4105,ep640_200,200,512,128,640,128,128,128,2,1024,4.7,mesuré ici,0.741718613157488,0.5065596381089705,0.8528157906832504
95c0cffd0787d5bb,363632,E-CommereShippingData,4105,ep640_200,200,512,128,640,256,256,256,0,1024,4.6,mesuré ici,0.737474390016763,0.49643521815439284,0.8541818420067387
95c0cffd0787d5bb,363632,E-CommereShippingData,4105,ep640_200,200,512,128,640,256,256,256,1,1024,4.5,mesuré ici,0.7280764673480145,0.49373608063382207,0.8485265635402734
95c0cffd0787d5bb,363632,E-CommereShippingData,4105,ep640_200,200,512,128,640,256,256,256,2,1024,4.5,mesuré ici,0.742529018042902,0.49423808025205895,0.8555578269413933
95c0cffd0787d5bb,363632,E-CommereShippingData,4105,ep640_200,200,512,128,640,512,512,512,0,1024,4.6,mesuré ici,0.7301391360172462,0.4921127278517333,0.8510099988589163
95c0cffd0787d5bb,363632,E-CommereShippingData,4105,ep640_200,200,512,128,640,1024,1024,1024,0,1024,4.6,mesuré ici,0.7326813107555985,0.4907331571697059,0.8518917101782817
95c0cffd0787d5bb,363632,E-CommereShippingData,4105,ep640_200,200,512,128,640,2048,2048,2048,0,1024,6.0,mesuré ici,0.7365807650697662,0.48843678348728126,0.8525429234792296
95c0cffd0787d5bb,363632,E-CommereShippingData,4105,ep640_200,200,512,128,640,full,4105,4105,0,1024,10.9,mesuré ici,0.7359724660481963,0.48880042828239356,0.8530761750122163
95c0cffd0787d5bb,363674,hazelnut-spread-contaminant-detection,896,ep640_25,25,512,128,640,32,32,32,0,320,3.3,mesuré ici,0.8357421875,0.5175935394886094,0.8404907982420955
95c0cffd0787d5bb,363674,hazelnut-spread-contaminant-detection,896,ep640_25,25,512,128,640,32,32,32,1,320,2.9,mesuré ici,0.855078125,0.48499416367651166,0.8295526087535257
95c0cffd0787d5bb,363674,hazelnut-spread-contaminant-detection,896,ep640_25,25,512,128,640,32,32,32,2,320,3.0,mesuré ici,0.88796875,0.45686623052754144,0.8762996064578004
95c0cffd0787d5bb,363674,hazelnut-spread-contaminant-detection,896,ep640_25,25,512,128,640,64,64,64,0,320,3.0,mesuré ici,0.8442578125,0.5856642067977995,0.859541916377373
95c0cffd0787d5bb,363674,hazelnut-spread-contaminant-detection,896,ep640_25,25,512,128,640,64,64,64,1,320,3.0,mesuré ici,0.890625,0.4251279468226383,0.8853913561392037
95c0cffd0787d5bb,363674,hazelnut-spread-contaminant-detection,896,ep640_25,25,512,128,640,64,64,64,2,320,3.0,mesuré ici,0.8859765625,0.4424685141495629,0.885773916367032
95c0cffd0787d5bb,363674,hazelnut-spread-contaminant-detection,896,ep640_25,25,512,128,640,128,128,128,0,320,3.0,mesuré ici,0.9537499999999999,0.3210024312968797,0.9527255876365964
95c0cffd0787d5bb,363674,hazelnut-spread-contaminant-detection,896,ep640_25,25,512,128,640,128,128,128,1,320,3.0,mesuré ici,0.9336328125,0.3487702655956058,0.9290297541249561
95c0cffd0787d5bb,363674,hazelnut-spread-contaminant-detection,896,ep640_25,25,512,128,640,128,128,128,2,320,3.3,mesuré ici,0.93896484375,0.3287786664036346,0.94285574102169
95c0cffd0787d5bb,363674,hazelnut-spread-contaminant-detection,896,ep640_25,25,512,128,640,256,256,256,0,320,3.1,mesuré ici,0.957734375,0.2838330484055551,0.9594776885218199
95c0cffd0787d5bb,363674,hazelnut-spread-contaminant-detection,896,ep640_25,25,512,128,640,256,256,256,1,320,3.0,mesuré ici,0.9674609375,0.2434579988467102,0.9714581675735715
95c0cffd0787d5bb,363674,hazelnut-spread-contaminant-detection,896,ep640_25,25,512,128,640,256,256,256,2,320,3.0,mesuré ici,0.954921875,0.28417247957655667,0.956631155244447
95c0cffd0787d5bb,363674,hazelnut-spread-contaminant-detection,896,ep640_25,25,512,128,640,512,512,512,0,320,3.0,mesuré ici,0.9794921875,0.2155479602940853,0.9785908037624095
95c0cffd0787d5bb,363674,hazelnut-spread-contaminant-detection,896,ep640_25,25,512,128,640,full,896,896,0,320,3.0,mesuré ici,0.9892578125,0.14590947830956713,0.988465268708023
95c0cffd0787d5bb,363674,hazelnut-spread-contaminant-detection,896,ep640_50,50,512,128,640,32,32,32,0,320,3.3,mesuré ici,0.831171875,0.5244178257071562,0.8350554448897973
95c0cffd0787d5bb,363674,hazelnut-spread-contaminant-detection,896,ep640_50,50,512,128,640,32,32,32,1,320,3.0,mesuré ici,0.8572265625,0.4764390618014291,0.8322815601895366
95c0cffd0787d5bb,363674,hazelnut-spread-contaminant-detection,896,ep640_50,50,512,128,640,32,32,32,2,320,3.0,mesuré ici,0.88720703125,0.45723602663396756,0.8763743144686564
95c0cffd0787d5bb,363674,hazelnut-spread-contaminant-detection,896,ep640_50,50,512,128,640,64,64,64,0,320,3.0,mesuré ici,0.84189453125,0.5928972557809663,0.8554138427644413
95c0cffd0787d5bb,363674,hazelnut-spread-contaminant-detection,896,ep640_50,50,512,128,640,64,64,64,1,320,3.0,mesuré ici,0.89498046875,0.4204307935108327,0.8898001477921051
95c0cffd0787d5bb,363674,hazelnut-spread-contaminant-detection,896,ep640_50,50,512,128,640,64,64,64,2,320,3.0,mesuré ici,0.8896875000000001,0.4331457945046725,0.8879967770860641
95c0cffd0787d5bb,363674,hazelnut-spread-contaminant-detection,896,ep640_50,50,512,128,640,128,128,128,0,320,3.0,mesuré ici,0.95494140625,0.297568526565848,0.9533093041770139
95c0cffd0787d5bb,363674,hazelnut-spread-contaminant-detection,896,ep640_50,50,512,128,640,128,128,128,1,320,3.0,mesuré ici,0.93181640625,0.34682758303825195,0.9243886839493868
95c0cffd0787d5bb,363674,hazelnut-spread-contaminant-detection,896,ep640_50,50,512,128,640,128,128,128,2,320,3.0,mesuré ici,0.9405078125,0.3237328518106044,0.9440068834567675
95c0cffd0787d5bb,363674,hazelnut-spread-contaminant-detection,896,ep640_50,50,512,128,640,256,256,256,0,320,3.0,mesuré ici,0.95974609375,0.27213634939851633,0.9617323848622505
95c0cffd0787d5bb,363674,hazelnut-spread-contaminant-detection,896,ep640_50,50,512,128,640,256,256,256,1,320,3.0,mesuré ici,0.9665625,0.24050043282215974,0.9699176746024053
95c0cffd0787d5bb,363674,hazelnut-spread-contaminant-detection,896,ep640_50,50,512,128,640,256,256,256,2,320,3.0,mesuré ici,0.9560546875,0.2706118705592041,0.9563482935687198
95c0cffd0787d5bb,363674,hazelnut-spread-contaminant-detection,896,ep640_50,50,512,128,640,512,512,512,0,320,2.9,mesuré ici,0.9810546875,0.19096602465759668,0.9781282989587513
95c0cffd0787d5bb,363674,hazelnut-spread-contaminant-detection,896,ep640_50,50,512,128,640,full,896,896,0,320,3.0,mesuré ici,0.9899218750000001,0.12788874418923102,0.9886655743088603
95c0cffd0787d5bb,363674,hazelnut-spread-contaminant-detection,896,ep640_200,200,512,128,640,32,32,32,0,320,3.4,mesuré ici,0.822578125,0.551073920264405,0.8246279650304027
95c0cffd0787d5bb,363674,hazelnut-spread-contaminant-detection,896,ep640_200,200,512,128,640,32,32,32,1,320,3.0,mesuré ici,0.850546875,0.5031076963424228,0.8318901067413592
95c0cffd0787d5bb,363674,hazelnut-spread-contaminant-detection,896,ep640_200,200,512,128,640,32,32,32,2,320,3.0,mesuré ici,0.88556640625,0.4448725481895931,0.8740306656133209
95c0cffd0787d5bb,363674,hazelnut-spread-contaminant-detection,896,ep640_200,200,512,128,640,64,64,64,0,320,3.0,mesuré ici,0.8391796874999999,0.6459881376076517,0.8556964696275425
95c0cffd0787d5bb,363674,hazelnut-spread-contaminant-detection,896,ep640_200,200,512,128,640,64,64,64,1,320,3.0,mesuré ici,0.9002929687500001,0.41330746415960834,0.8980244882561519
95c0cffd0787d5bb,363674,hazelnut-spread-contaminant-detection,896,ep640_200,200,512,128,640,64,64,64,2,320,3.0,mesuré ici,0.90611328125,0.3948319789275388,0.9044516284296811
95c0cffd0787d5bb,363674,hazelnut-spread-contaminant-detection,896,ep640_200,200,512,128,640,128,128,128,0,320,3.0,mesuré ici,0.95412109375,0.299180897400094,0.948422494982651
95c0cffd0787d5bb,363674,hazelnut-spread-contaminant-detection,896,ep640_200,200,512,128,640,128,128,128,1,320,3.0,mesuré ici,0.936796875,0.3376612444928496,0.9297504985952278
95c0cffd0787d5bb,363674,hazelnut-spread-contaminant-detection,896,ep640_200,200,512,128,640,128,128,128,2,320,3.0,mesuré ici,0.942578125,0.34352401499572993,0.9434407162061694
95c0cffd0787d5bb,363674,hazelnut-spread-contaminant-detection,896,ep640_200,200,512,128,640,256,256,256,0,320,2.9,mesuré ici,0.9609375,0.2765238560890013,0.9640025062154561
95c0cffd0787d5bb,363674,hazelnut-spread-contaminant-detection,896,ep640_200,200,512,128,640,256,256,256,1,320,3.0,mesuré ici,0.9726171875,0.22167613909786832,0.97265561327249
95c0cffd0787d5bb,363674,hazelnut-spread-contaminant-detection,896,ep640_200,200,512,128,640,256,256,256,2,320,3.0,mesuré ici,0.9571093749999999,0.28894499608304264,0.9583670783059727
95c0cffd0787d5bb,363674,hazelnut-spread-contaminant-detection,896,ep640_200,200,512,128,640,512,512,512,0,320,3.0,mesuré ici,0.981953125,0.19005966937420782,0.9806903412826302
95c0cffd0787d5bb,363674,hazelnut-spread-contaminant-detection,896,ep640_200,200,512,128,640,full,896,896,0,320,3.1,mesuré ici,0.9921093750000001,0.12345696134766163,0.9918093045538938
95c0cffd0787d5bb,363676,heloc,3903,ep640_25,25,512,128,640,32,32,32,0,1024,5.1,mesuré ici,0.7436386914316288,0.6003783132932592,0.7231392106542753
95c0cffd0787d5bb,363676,heloc,3903,ep640_25,25,512,128,640,32,32,32,1,1024,4.8,mesuré ici,0.7270885882442865,0.6285545129351318,0.7134241019433629
95c0cffd0787d5bb,363676,heloc,3903,ep640_25,25,512,128,640,32,32,32,2,1024,4.8,mesuré ici,0.6763127722999313,0.6765043179660806,0.6741999271730995
95c0cffd0787d5bb,363676,heloc,3903,ep640_25,25,512,128,640,64,64,64,0,1024,4.7,mesuré ici,0.7304842161583734,0.634807030848037,0.7104067219360695
95c0cffd0787d5bb,363676,heloc,3903,ep640_25,25,512,128,640,64,64,64,1,1024,4.7,mesuré ici,0.7043319575021019,0.6447989583720415,0.6921117536513561
95c0cffd0787d5bb,363676,heloc,3903,ep640_25,25,512,128,640,64,64,64,2,1024,5.1,mesuré ici,0.7442291523350913,0.6403136369342625,0.7277792790262425
95c0cffd0787d5bb,363676,heloc,3903,ep640_25,25,512,128,640,128,128,128,0,1024,4.7,mesuré ici,0.7432240311855078,0.5981791947799963,0.7239975515752743
95c0cffd0787d5bb,363676,heloc,3903,ep640_25,25,512,128,640,128,128,128,1,1024,4.8,mesuré ici,0.7632423756019261,0.5898369825455448,0.7370370109207397
95c0cffd0787d5bb,363676,heloc,3903,ep640_25,25,512,128,640,128,128,128,2,1024,4.7,mesuré ici,0.7461151876480929,0.6020295134445668,0.7161696874898631
95c0cffd0787d5bb,363676,heloc,3903,ep640_25,25,512,128,640,256,256,256,0,1024,4.8,mesuré ici,0.7657876633799586,0.5831110857678858,0.7286765927258371
95c0cffd0787d5bb,363676,heloc,3903,ep640_25,25,512,128,640,256,256,256,1,1024,4.7,mesuré ici,0.7713979974012076,0.5753705902767345,0.7567773216311873
95c0cffd0787d5bb,363676,heloc,3903,ep640_25,25,512,128,640,256,256,256,2,1024,4.7,mesuré ici,0.7667335473515249,0.5809691129349607,0.7413436172485197
95c0cffd0787d5bb,363676,heloc,3903,ep640_25,25,512,128,640,512,512,512,0,1024,4.7,mesuré ici,0.7859550561797753,0.562303413847941,0.7691317588278819
95c0cffd0787d5bb,363676,heloc,3903,ep640_25,25,512,128,640,1024,1024,1024,0,1024,4.8,mesuré ici,0.7797370633646717,0.5756379957388984,0.7530901968693166
95c0cffd0787d5bb,363676,heloc,3903,ep640_25,25,512,128,640,2048,2048,2048,0,1024,6.8,mesuré ici,0.7950871359779866,0.5526221227839063,0.7691713236863815
95c0cffd0787d5bb,363676,heloc,3903,ep640_25,25,512,128,640,full,3903,3903,0,1024,11.7,mesuré ici,0.7968183902774593,0.5525632411956932,0.7708725989234758
95c0cffd0787d5bb,363676,heloc,3903,ep640_50,50,512,128,640,32,32,32,0,1024,5.1,mesuré ici,0.7446208820606894,0.600282461362913,0.721687049434284
95c0cffd0787d5bb,363676,heloc,3903,ep640_50,50,512,128,640,32,32,32,1,1024,4.8,mesuré ici,0.722173813345563,0.6276107506148438,0.7062913379788428
95c0cffd0787d5bb,363676,heloc,3903,ep640_50,50,512,128,640,32,32,32,2,1024,4.8,mesuré ici,0.6763108614232209,0.6710308336741782,0.67670932081994
95c0cffd0787d5bb,363676,heloc,3903,ep640_50,50,512,128,640,64,64,64,0,1024,4.7,mesuré ici,0.7362302224260491,0.6319053246097834,0.7193551638489153
95c0cffd0787d5bb,363676,heloc,3903,ep640_50,50,512,128,640,64,64,64,1,1024,4.8,mesuré ici,0.699233738439196,0.6455478888961378,0.6886554195011214
95c0cffd0787d5bb,363676,heloc,3903,ep640_50,50,512,128,640,64,64,64,2,1024,4.8,mesuré ici,0.7375429947259804,0.6359595999383936,0.7182328824842754
95c0cffd0787d5bb,363676,heloc,3903,ep640_50,50,512,128,640,128,128,128,0,1024,4.8,mesuré ici,0.7482228846594818,0.5920131237973061,0.7307558240954408
95c0cffd0787d5bb,363676,heloc,3903,ep640_50,50,512,128,640,128,128,128,1,1024,4.7,mesuré ici,0.7702648475120384,0.5834083523652498,0.7412462309537129
95c0cffd0787d5bb,363676,heloc,3903,ep640_50,50,512,128,640,128,128,128,2,1024,4.8,mesuré ici,0.7516701062447452,0.5966812793541327,0.7228549012560906
95c0cffd0787d5bb,363676,heloc,3903,ep640_50,50,512,128,640,256,256,256,0,1024,4.7,mesuré ici,0.773526714056409,0.5742140369309301,0.7396973833069649
95c0cffd0787d5bb,363676,heloc,3903,ep640_50,50,512,128,640,256,256,256,1,1024,4.9,mesuré ici,0.7702705801421693,0.5719326928957994,0.7570077494950177
95c0cffd0787d5bb,363676,heloc,3903,ep640_50,50,512,128,640,256,256,256,2,1024,5.1,mesuré ici,0.7758102117251394,0.5692080906389874,0.7481554652670216
95c0cffd0787d5bb,363676,heloc,3903,ep640_50,50,512,128,640,512,512,512,0,1024,4.9,mesuré ici,0.7890220132997019,0.5554490073497247,0.7719049858864448
95c0cffd0787d5bb,363676,heloc,3903,ep640_50,50,512,128,640,1024,1024,1024,0,1024,5.0,mesuré ici,0.7875888557670259,0.5617098820494346,0.7584322404552785
95c0cffd0787d5bb,363676,heloc,3903,ep640_50,50,512,128,640,2048,2048,2048,0,1024,6.8,mesuré ici,0.7942597263624551,0.5519349783133323,0.7703965451019541
95c0cffd0787d5bb,363676,heloc,3903,ep640_50,50,512,128,640,full,3903,3903,0,1024,11.6,mesuré ici,0.7931342199801268,0.5525002828073556,0.768937416641881
95c0cffd0787d5bb,363676,heloc,3903,ep640_200,200,512,128,640,32,32,32,0,1024,5.3,mesuré ici,0.7470878238936023,0.5984138986673779,0.725614430775291
95c0cffd0787d5bb,363676,heloc,3903,ep640_200,200,512,128,640,32,32,32,1,1024,5.0,mesuré ici,0.7307096996101812,0.6255913718242556,0.715495159321677
95c0cffd0787d5bb,363676,heloc,3903,ep640_200,200,512,128,640,32,32,32,2,1024,5.0,mesuré ici,0.6764713750668806,0.6600230927042804,0.6764109650304635
95c0cffd0787d5bb,363676,heloc,3903,ep640_200,200,512,128,640,64,64,64,0,1024,4.8,mesuré ici,0.7454865092104257,0.6074708315704166,0.735460518012572
95c0cffd0787d5bb,363676,heloc,3903,ep640_200,200,512,128,640,64,64,64,1,1024,4.9,mesuré ici,0.7166723992967974,0.6378723448164856,0.7017414736157176
95c0cffd0787d5bb,363676,heloc,3903,ep640_200,200,512,128,640,64,64,64,2,1024,4.9,mesuré ici,0.7379137048077657,0.6189096134813448,0.7114916776987923
95c0cffd0787d5bb,363676,heloc,3903,ep640_200,200,512,128,640,128,128,128,0,1024,5.0,mesuré ici,0.7590116945654667,0.5833849352246715,0.7409176595995355
95c0cffd0787d5bb,363676,heloc,3903,ep640_200,200,512,128,640,128,128,128,1,1024,5.0,mesuré ici,0.7748356646029199,0.5785011943764504,0.748757601915604
95c0cffd0787d5bb,363676,heloc,3903,ep640_200,200,512,128,640,128,128,128,2,1024,4.9,mesuré ici,0.7686157609111061,0.5869052926897762,0.7335278193929584
95c0cffd0787d5bb,363676,heloc,3903,ep640_200,200,512,128,640,256,256,256,0,1024,4.9,mesuré ici,0.7796147672552167,0.5675769982209583,0.746994179203636
95c0cffd0787d5bb,363676,heloc,3903,ep640_200,200,512,128,640,256,256,256,1,1024,4.8,mesuré ici,0.7827352289230298,0.5624332668116082,0.7630797460475689
95c0cffd0787d5bb,363676,heloc,3903,ep640_200,200,512,128,640,256,256,256,2,1024,4.9,mesuré ici,0.7810058855002676,0.5642098653416889,0.7544290891973785
95c0cffd0787d5bb,363676,heloc,3903,ep640_200,200,512,128,640,512,512,512,0,1024,5.0,mesuré ici,0.7904952992432929,0.5542787626260305,0.7701640669235772
95c0cffd0787d5bb,363676,heloc,3903,ep640_200,200,512,128,640,1024,1024,1024,0,1024,5.0,mesuré ici,0.7885519376289841,0.5597045700740857,0.7613131455029486
95c0cffd0787d5bb,363676,heloc,3903,ep640_200,200,512,128,640,2048,2048,2048,0,1024,6.8,mesuré ici,0.7942845677596881,0.5507421124949777,0.7697176661152278
95c0cffd0787d5bb,363676,heloc,3903,ep640_200,200,512,128,640,full,3903,3903,0,1024,11.8,mesuré ici,0.7954826874570053,0.549940890503986,0.7704193320136753
95c0cffd0787d5bb,363679,HR_Analytics_Job_Change_of_Data_Scientists,7151,ep640_25,25,512,128,640,32,32,32,0,1024,5.0,mesuré ici,0.7166934394043702,0.5249723781291592,0.4447340229499652
95c0cffd0787d5bb,363679,HR_Analytics_Job_Change_of_Data_Scientists,7151,ep640_25,25,512,128,640,32,32,32,1,1024,4.8,mesuré ici,0.7120630306739081,0.5294823033558731,0.4433168885785694
95c0cffd0787d5bb,363679,HR_Analytics_Job_Change_of_Data_Scientists,7151,ep640_25,25,512,128,640,32,32,32,2,1024,4.7,mesuré ici,0.7040924041918458,0.5200868041042381,0.47575328238557274
95c0cffd0787d5bb,363679,HR_Analytics_Job_Change_of_Data_Scientists,7151,ep640_25,25,512,128,640,64,64,64,0,1024,4.7,mesuré ici,0.7033147199061679,0.5370139640624949,0.41647568266768725
95c0cffd0787d5bb,363679,HR_Analytics_Job_Change_of_Data_Scientists,7151,ep640_25,25,512,128,640,64,64,64,1,1024,4.7,mesuré ici,0.7261480404905785,0.5167246142566557,0.46059956677301855
95c0cffd0787d5bb,363679,HR_Analytics_Job_Change_of_Data_Scientists,7151,ep640_25,25,512,128,640,64,64,64,2,1024,5.3,mesuré ici,0.7655014151304214,0.4806607448550455,0.4954706765124175
95c0cffd0787d5bb,363679,HR_Analytics_Job_Change_of_Data_Scientists,7151,ep640_25,25,512,128,640,128,128,128,0,1024,4.7,mesuré ici,0.7656951987557052,0.4766155061194917,0.4800083371152994
95c0cffd0787d5bb,363679,HR_Analytics_Job_Change_of_Data_Scientists,7151,ep640_25,25,512,128,640,128,128,128,1,1024,4.7,mesuré ici,0.746887987965017,0.49280955103340135,0.44017061378280903
95c0cffd0787d5bb,363679,HR_Analytics_Job_Change_of_Data_Scientists,7151,ep640_25,25,512,128,640,128,128,128,2,1024,4.7,mesuré ici,0.7461561998011168,0.48975146095587013,0.4560900273789733
95c0cffd0787d5bb,363679,HR_Analytics_Job_Change_of_Data_Scientists,7151,ep640_25,25,512,128,640,256,256,256,0,1024,4.7,mesuré ici,0.7689385246946633,0.4655221087277857,0.5154591931332769
95c0cffd0787d5bb,363679,HR_Analytics_Job_Change_of_Data_Scientists,7151,ep640_25,25,512,128,640,256,256,256,1,1024,4.7,mesuré ici,0.7704581962824142,0.476116499644976,0.49901535272529907
95c0cffd0787d5bb,363679,HR_Analytics_Job_Change_of_Data_Scientists,7151,ep640_25,25,512,128,640,256,256,256,2,1024,4.7,mesuré ici,0.7817103954715826,0.46116582658161914,0.5181624073505958
95c0cffd0787d5bb,363679,HR_Analytics_Job_Change_of_Data_Scientists,7151,ep640_25,25,512,128,640,512,512,512,0,1024,4.7,mesuré ici,0.7777148830923788,0.4643195412282374,0.5015764511529333
95c0cffd0787d5bb,363679,HR_Analytics_Job_Change_of_Data_Scientists,7151,ep640_25,25,512,128,640,1024,1024,1024,0,1024,4.8,mesuré ici,0.7802238710828934,0.4539014370428124,0.5021807967678931
95c0cffd0787d5bb,363679,HR_Analytics_Job_Change_of_Data_Scientists,7151,ep640_25,25,512,128,640,2048,2048,2048,0,1024,6.3,mesuré ici,0.7902241260613477,0.44675408054186605,0.5169697916752238
95c0cffd0787d5bb,363679,HR_Analytics_Job_Change_of_Data_Scientists,7151,ep640_25,25,512,128,640,full,7151,7151,0,1024,20.4,mesuré ici,0.7990208827354087,0.4415116947483856,0.5306819034796487
95c0cffd0787d5bb,363679,HR_Analytics_Job_Change_of_Data_Scientists,7151,ep640_50,50,512,128,640,32,32,32,0,1024,5.0,mesuré ici,0.7239450266452485,0.5233190987616274,0.44991084436197487
95c0cffd0787d5bb,363679,HR_Analytics_Job_Change_of_Data_Scientists,7151,ep640_50,50,512,128,640,32,32,32,1,1024,4.7,mesuré ici,0.715451694331829,0.5308739450948072,0.44534739132042855
95c0cffd0787d5bb,363679,HR_Analytics_Job_Change_of_Data_Scientists,7151,ep640_50,50,512,128,640,32,32,32,2,1024,4.7,mesuré ici,0.703131135419057,0.5200671806528817,0.47687998807074683
95c0cffd0787d5bb,363679,HR_Analytics_Job_Change_of_Data_Scientists,7151,ep640_50,50,512,128,640,64,64,64,0,1024,4.7,mesuré ici,0.7118335500650195,0.5364645238735226,0.42492191941753205
95c0cffd0787d5bb,363679,HR_Analytics_Job_Change_of_Data_Scientists,7151,ep640_50,50,512,128,640,64,64,64,1,1024,4.6,mesuré ici,0.7299803666590172,0.51610824042356,0.4704179755397716
95c0cffd0787d5bb,363679,HR_Analytics_Job_Change_of_Data_Scientists,7151,ep640_50,50,512,128,640,64,64,64,2,1024,4.6,mesuré ici,0.7670389352099749,0.4800930213876921,0.4996087573613643
95c0cffd0787d5bb,363679,HR_Analytics_Job_Change_of_Data_Scientists,7151,ep640_50,50,512,128,640,128,128,128,0,1024,4.6,mesuré ici,0.7681200438562941,0.4757139150937366,0.4821069345263975
95c0cffd0787d5bb,363679,HR_Analytics_Job_Change_of_Data_Scientists,7151,ep640_50,50,512,128,640,128,128,128,1,1024,4.7,mesuré ici,0.7512047731966648,0.48936607735950466,0.4541652378022055
95c0cffd0787d5bb,363679,HR_Analytics_Job_Change_of_Data_Scientists,7151,ep640_50,50,512,128,640,128,128,128,2,1024,4.6,mesuré ici,0.7491241490094086,0.48492119338000295,0.46105314267949565
95c0cffd0787d5bb,363679,HR_Analytics_Job_Change_of_Data_Scientists,7151,ep640_50,50,512,128,640,256,256,256,0,1024,4.7,mesuré ici,0.771705040924042,0.46293247446103825,0.5231706460667954
95c0cffd0787d5bb,363679,HR_Analytics_Job_Change_of_Data_Scientists,7151,ep640_50,50,512,128,640,256,256,256,1,1024,4.7,mesuré ici,0.7745811978887783,0.4739930892397768,0.5011694754231066
95c0cffd0787d5bb,363679,HR_Analytics_Job_Change_of_Data_Scientists,7151,ep640_50,50,512,128,640,256,256,256,2,1024,4.7,mesuré ici,0.778523164792575,0.46191077232162653,0.5071114867049551
95c0cffd0787d5bb,363679,HR_Analytics_Job_Change_of_Data_Scientists,7151,ep640_50,50,512,128,640,512,512,512,0,1024,4.7,mesuré ici,0.7801142303475356,0.46040688179056416,0.5032685600963211
95c0cffd0787d5bb,363679,HR_Analytics_Job_Change_of_Data_Scientists,7151,ep640_50,50,512,128,640,1024,1024,1024,0,1024,4.8,mesuré ici,0.780417654708177,0.4517186230902712,0.5067245582318048
95c0cffd0787d5bb,363679,HR_Analytics_Job_Change_of_Data_Scientists,7151,ep640_50,50,512,128,640,2048,2048,2048,0,1024,6.0,mesuré ici,0.7899640480379407,0.44709212832482015,0.5185060552958456
95c0cffd0787d5bb,363679,HR_Analytics_Job_Change_of_Data_Scientists,7151,ep640_50,50,512,128,640,full,7151,7151,0,1024,21.0,mesuré ici,0.7982508478033606,0.44257372359602526,0.5280761881585039
95c0cffd0787d5bb,363679,HR_Analytics_Job_Change_of_Data_Scientists,7151,ep640_200,200,512,128,640,32,32,32,0,1024,5.0,mesuré ici,0.7394018205461639,0.5269243171671654,0.4708631757517578
95c0cffd0787d5bb,363679,HR_Analytics_Job_Change_of_Data_Scientists,7151,ep640_200,200,512,128,640,32,32,32,1,1024,4.6,mesuré ici,0.7240623167342359,0.5354558018898602,0.4548803020520926
95c0cffd0787d5bb,363679,HR_Analytics_Job_Change_of_Data_Scientists,7151,ep640_200,200,512,128,640,32,32,32,2,1024,4.6,mesuré ici,0.7086182717560366,0.5275147883601519,0.47496141238570155
95c0cffd0787d5bb,363679,HR_Analytics_Job_Change_of_Data_Scientists,7151,ep640_200,200,512,128,640,64,64,64,0,1024,4.7,mesuré ici,0.7203421810856984,0.5436430078926106,0.4387646137549662
95c0cffd0787d5bb,363679,HR_Analytics_Job_Change_of_Data_Scientists,7151,ep640_200,200,512,128,640,64,64,64,1,1024,4.7,mesuré ici,0.7375991228741171,0.5159222177820185,0.4670356388520954
95c0cffd0787d5bb,363679,HR_Analytics_Job_Change_of_Data_Scientists,7151,ep640_200,200,512,128,640,64,64,64,2,1024,4.6,mesuré ici,0.7702618628725872,0.4789143486043476,0.5063862579737922
95c0cffd0787d5bb,363679,HR_Analytics_Job_Change_of_Data_Scientists,7151,ep640_200,200,512,128,640,128,128,128,0,1024,4.7,mesuré ici,0.7711134909100181,0.47782869315106946,0.4864010204230865
95c0cffd0787d5bb,363679,HR_Analytics_Job_Change_of_Data_Scientists,7151,ep640_200,200,512,128,640,128,128,128,1,1024,4.7,mesuré ici,0.7640046916035595,0.47900570103522333,0.47921600295775624
95c0cffd0787d5bb,363679,HR_Analytics_Job_Change_of_Data_Scientists,7151,ep640_200,200,512,128,640,128,128,128,2,1024,4.7,mesuré ici,0.7568703944516688,0.4785027592405704,0.475574950460271
95c0cffd0787d5bb,363679,HR_Analytics_Job_Change_of_Data_Scientists,7151,ep640_200,200,512,128,640,256,256,256,0,1024,4.6,mesuré ici,0.7798057064178078,0.45973857012833813,0.5219272525529408
95c0cffd0787d5bb,363679,HR_Analytics_Job_Change_of_Data_Scientists,7151,ep640_200,200,512,128,640,256,256,256,1,1024,4.7,mesuré ici,0.7797419618042276,0.46441666842542406,0.5016514640658117
95c0cffd0787d5bb,363679,HR_Analytics_Job_Change_of_Data_Scientists,7151,ep640_200,200,512,128,640,256,256,256,2,1024,4.7,mesuré ici,0.7865804839491064,0.4521050483919758,0.5184945844418618
95c0cffd0787d5bb,363679,HR_Analytics_Job_Change_of_Data_Scientists,7151,ep640_200,200,512,128,640,512,512,512,0,1024,4.7,mesuré ici,0.7855682194854534,0.4542211427247047,0.5078383656223473
95c0cffd0787d5bb,363679,HR_Analytics_Job_Change_of_Data_Scientists,7151,ep640_200,200,512,128,640,1024,1024,1024,0,1024,4.7,mesuré ici,0.7894719396211021,0.4485332879600862,0.5116335741231551
95c0cffd0787d5bb,363679,HR_Analytics_Job_Change_of_Data_Scientists,7151,ep640_200,200,512,128,640,2048,2048,2048,0,1024,6.1,mesuré ici,0.7924704862439125,0.4445033278520503,0.5195699962646643
95c0cffd0787d5bb,363679,HR_Analytics_Job_Change_of_Data_Scientists,7151,ep640_200,200,512,128,640,full,7151,7151,0,1024,21.3,mesuré ici,0.7962951630587215,0.44532131062778346,0.526223319201759
95c0cffd0787d5bb,363681,in_vehicle_coupon_recommendation,4734,ep640_25,25,512,128,640,32,32,32,0,1024,5.1,mesuré ici,0.5728821663479031,0.6991628557834604,0.6428878495365058
95c0cffd0787d5bb,363681,in_vehicle_coupon_recommendation,4734,ep640_25,25,512,128,640,32,32,32,1,1024,4.7,mesuré ici,0.6060063597207321,0.6698491324461455,0.6528984660386583
95c0cffd0787d5bb,363681,in_vehicle_coupon_recommendation,4734,ep640_25,25,512,128,640,32,32,32,2,1024,4.7,mesuré ici,0.5435015005209062,0.682345200279352,0.6120449032153458
95c0cffd0787d5bb,363681,in_vehicle_coupon_recommendation,4734,ep640_25,25,512,128,640,64,64,64,0,1024,4.7,mesuré ici,0.6122902769355164,0.6628212847580623,0.6753538759925151
95c0cffd0787d5bb,363681,in_vehicle_coupon_recommendation,4734,ep640_25,25,512,128,640,64,64,64,1,1024,4.8,mesuré ici,0.6137927415216682,0.6677302609666218,0.6599223001886749
95c0cffd0787d5bb,363681,in_vehicle_coupon_recommendation,4734,ep640_25,25,512,128,640,64,64,64,2,1024,5.1,mesuré ici,0.6158744227270607,0.6800129871892089,0.6844529006660598
95c0cffd0787d5bb,363681,in_vehicle_coupon_recommendation,4734,ep640_25,25,512,128,640,128,128,128,0,1024,4.9,mesuré ici,0.5973803081898897,0.6695730463240472,0.6422866086308061
95c0cffd0787d5bb,363681,in_vehicle_coupon_recommendation,4734,ep640_25,25,512,128,640,128,128,128,1,1024,4.9,mesuré ici,0.6356144360995786,0.6686983853775461,0.6674832198080963
95c0cffd0787d5bb,363681,in_vehicle_coupon_recommendation,4734,ep640_25,25,512,128,640,128,128,128,2,1024,4.9,mesuré ici,0.6021228872199157,0.6777633797197341,0.6554184283710851
95c0cffd0787d5bb,363681,in_vehicle_coupon_recommendation,4734,ep640_25,25,512,128,640,256,256,256,0,1024,4.8,mesuré ici,0.6680019747788093,0.6654160712541737,0.7148435179695392
95c0cffd0787d5bb,363681,in_vehicle_coupon_recommendation,4734,ep640_25,25,512,128,640,256,256,256,1,1024,4.8,mesuré ici,0.6401801402559437,0.6577369816951367,0.6697991839355469
95c0cffd0787d5bb,363681,in_vehicle_coupon_recommendation,4734,ep640_25,25,512,128,640,256,256,256,2,1024,4.8,mesuré ici,0.6882920495716129,0.6260896298758519,0.7384670315953572
95c0cffd0787d5bb,363681,in_vehicle_coupon_recommendation,4734,ep640_25,25,512,128,640,512,512,512,0,1024,4.9,mesuré ici,0.7153577926015767,0.6203472546602906,0.764149135325908
95c0cffd0787d5bb,363681,in_vehicle_coupon_recommendation,4734,ep640_25,25,512,128,640,1024,1024,1024,0,1024,5.0,mesuré ici,0.7430591189687612,0.5908799974476484,0.7740122850558131
95c0cffd0787d5bb,363681,in_vehicle_coupon_recommendation,4734,ep640_25,25,512,128,640,2048,2048,2048,0,1024,7.5,mesuré ici,0.7901661457604454,0.5483613725285288,0.8206956699119528
95c0cffd0787d5bb,363681,in_vehicle_coupon_recommendation,4734,ep640_25,25,512,128,640,full,4734,4734,0,1024,14.1,mesuré ici,0.815210461662857,0.5147874754953378,0.8410913985943352
95c0cffd0787d5bb,363681,in_vehicle_coupon_recommendation,4734,ep640_50,50,512,128,640,32,32,32,0,1024,5.1,mesuré ici,0.578738473978013,0.6879278730428895,0.6473757032549625
95c0cffd0787d5bb,363681,in_vehicle_coupon_recommendation,4734,ep640_50,50,512,128,640,32,32,32,1,1024,4.7,mesuré ici,0.6058819642051904,0.670594660955902,0.6526284591017943
95c0cffd0787d5bb,363681,in_vehicle_coupon_recommendation,4734,ep640_50,50,512,128,640,32,32,32,2,1024,4.7,mesuré ici,0.5414003825162103,0.6826728090200381,0.6104947737394419
95c0cffd0787d5bb,363681,in_vehicle_coupon_recommendation,4734,ep640_50,50,512,128,640,64,64,64,0,1024,4.7,mesuré ici,0.6130599741879305,0.663585978914218,0.6743443471837471
95c0cffd0787d5bb,363681,in_vehicle_coupon_recommendation,4734,ep640_50,50,512,128,640,64,64,64,1,1024,4.8,mesuré ici,0.6080452799676571,0.6665733186955076,0.6604343176208843
95c0cffd0787d5bb,363681,in_vehicle_coupon_recommendation,4734,ep640_50,50,512,128,640,64,64,64,2,1024,4.6,mesuré ici,0.6164555830262319,0.6769107126317386,0.683526114695846
95c0cffd0787d5bb,363681,in_vehicle_coupon_recommendation,4734,ep640_50,50,512,128,640,128,128,128,0,1024,4.9,mesuré ici,0.6135420068106545,0.6639852429401083,0.6469855482221581
95c0cffd0787d5bb,363681,in_vehicle_coupon_recommendation,4734,ep640_50,50,512,128,640,128,128,128,1,1024,5.0,mesuré ici,0.6389672839794125,0.6704526844745005,0.6748438145235145
95c0cffd0787d5bb,363681,in_vehicle_coupon_recommendation,4734,ep640_50,50,512,128,640,128,128,128,2,1024,4.9,mesuré ici,0.6031083329445973,0.6754393789537119,0.654655279015693
95c0cffd0787d5bb,363681,in_vehicle_coupon_recommendation,4734,ep640_50,50,512,128,640,256,256,256,0,1024,4.8,mesuré ici,0.6687250237128952,0.6535593721009488,0.7204990665155475
95c0cffd0787d5bb,363681,in_vehicle_coupon_recommendation,4734,ep640_50,50,512,128,640,256,256,256,1,1024,4.8,mesuré ici,0.6414240954113604,0.6524879821983983,0.6733350233321064
95c0cffd0787d5bb,363681,in_vehicle_coupon_recommendation,4734,ep640_50,50,512,128,640,256,256,256,2,1024,4.8,mesuré ici,0.6894815816889801,0.6253551630510255,0.7425671730440926
95c0cffd0787d5bb,363681,in_vehicle_coupon_recommendation,4734,ep640_50,50,512,128,640,512,512,512,0,1024,4.9,mesuré ici,0.7155132869960039,0.614905966834318,0.7649616747664838
95c0cffd0787d5bb,363681,in_vehicle_coupon_recommendation,4734,ep640_50,50,512,128,640,1024,1024,1024,0,1024,5.0,mesuré ici,0.7405439971389032,0.592812352216131,0.7743518525163108
95c0cffd0787d5bb,363681,in_vehicle_coupon_recommendation,4734,ep640_50,50,512,128,640,2048,2048,2048,0,1024,7.0,mesuré ici,0.7805779726640855,0.5548853497296589,0.8024721644613811
95c0cffd0787d5bb,363681,in_vehicle_coupon_recommendation,4734,ep640_50,50,512,128,640,full,4734,4734,0,1024,14.5,mesuré ici,0.8024657523596275,0.5271022926016147,0.823653725596282
95c0cffd0787d5bb,363681,in_vehicle_coupon_recommendation,4734,ep640_200,200,512,128,640,32,32,32,0,1024,5.2,mesuré ici,0.5835743496446952,0.6890157697687689,0.6499314564219298
95c0cffd0787d5bb,363681,in_vehicle_coupon_recommendation,4734,ep640_200,200,512,128,640,32,32,32,1,1024,4.8,mesuré ici,0.6099073253409214,0.6694429448690256,0.6576810070173318
95c0cffd0787d5bb,363681,in_vehicle_coupon_recommendation,4734,ep640_200,200,512,128,640,32,32,32,2,1024,4.7,mesuré ici,0.5489379732860631,0.6824380116031707,0.6167461663182469
95c0cffd0787d5bb,363681,in_vehicle_coupon_recommendation,4734,ep640_200,200,512,128,640,64,64,64,0,1024,4.8,mesuré ici,0.6138121783209716,0.6630345528081866,0.6748864225666049
95c0cffd0787d5bb,363681,in_vehicle_coupon_recommendation,4734,ep640_200,200,512,128,640,64,64,64,1,1024,4.9,mesuré ici,0.6157578019312403,0.6711686834576964,0.6611739711519234
95c0cffd0787d5bb,363681,in_vehicle_coupon_recommendation,4734,ep640_200,200,512,128,640,64,64,64,2,1024,4.7,mesuré ici,0.610737276671176,0.6843428645300955,0.683783578272543
95c0cffd0787d5bb,363681,in_vehicle_coupon_recommendation,4734,ep640_200,200,512,128,640,128,128,128,0,1024,4.9,mesuré ici,0.5980975260841846,0.6722921256260149,0.6415933820099736
95c0cffd0787d5bb,363681,in_vehicle_coupon_recommendation,4734,ep640_200,200,512,128,640,128,128,128,1,1024,4.9,mesuré ici,0.6266229727418327,0.6652232848749094,0.6564679566326277
95c0cffd0787d5bb,363681,in_vehicle_coupon_recommendation,4734,ep640_200,200,512,128,640,128,128,128,2,1024,5.0,mesuré ici,0.5920779493399263,0.691654330681811,0.6479694015537769
95c0cffd0787d5bb,363681,in_vehicle_coupon_recommendation,4734,ep640_200,200,512,128,640,256,256,256,0,1024,4.8,mesuré ici,0.6750964065245448,0.6537010870029496,0.7122068587742696
95c0cffd0787d5bb,363681,in_vehicle_coupon_recommendation,4734,ep640_200,200,512,128,640,256,256,256,1,1024,4.9,mesuré ici,0.6453289483914104,0.6508280719723802,0.6776430441903696
95c0cffd0787d5bb,363681,in_vehicle_coupon_recommendation,4734,ep640_200,200,512,128,640,256,256,256,2,1024,4.9,mesuré ici,0.6986887935189937,0.6206429077045869,0.7504839599727449
95c0cffd0787d5bb,363681,in_vehicle_coupon_recommendation,4734,ep640_200,200,512,128,640,512,512,512,0,1024,4.8,mesuré ici,0.7165453810390134,0.615001693222167,0.7619697807430219
95c0cffd0787d5bb,363681,in_vehicle_coupon_recommendation,4734,ep640_200,200,512,128,640,1024,1024,1024,0,1024,5.0,mesuré ici,0.7354107384428792,0.596328482162009,0.7675041491743615
95c0cffd0787d5bb,363681,in_vehicle_coupon_recommendation,4734,ep640_200,200,512,128,640,2048,2048,2048,0,1024,7.3,mesuré ici,0.7758489993935718,0.560596279054056,0.801404852120317
95c0cffd0787d5bb,363681,in_vehicle_coupon_recommendation,4734,ep640_200,200,512,128,640,full,4734,4734,0,1024,14.6,mesuré ici,0.8005512276282439,0.5296576221171658,0.8258209712114817
95c0cffd0787d5bb,363689,NATICUSdroid,2796,ep640_25,25,512,128,640,32,32,32,0,999,5.3,mesuré ici,0.9500484261501212,0.3448786188158893,0.9209429255629392
95c0cffd0787d5bb,363689,NATICUSdroid,2796,ep640_25,25,512,128,640,32,32,32,1,999,4.8,mesuré ici,0.9564869029275809,0.31515374883874453,0.9220583493270421
95c0cffd0787d5bb,363689,NATICUSdroid,2796,ep640_25,25,512,128,640,32,32,32,2,999,4.9,mesuré ici,0.9368082764692934,0.29914048074742305,0.8917259444202099
95c0cffd0787d5bb,363689,NATICUSdroid,2796,ep640_25,25,512,128,640,64,64,64,0,999,4.7,mesuré ici,0.9636583755227823,0.23869529385997432,0.9376720046347571
95c0cffd0787d5bb,363689,NATICUSdroid,2796,ep640_25,25,512,128,640,64,64,64,1,999,4.8,mesuré ici,0.9584921857803212,0.24660954548442868,0.9295175375852603
95c0cffd0787d5bb,363689,NATICUSdroid,2796,ep640_25,25,512,128,640,64,64,64,2,999,4.8,mesuré ici,0.9512678846577152,0.29720536782604523,0.9225766984903679
95c0cffd0787d5bb,363689,NATICUSdroid,2796,ep640_25,25,512,128,640,128,128,128,0,999,6.2,mesuré ici,0.9675676865507373,0.2122605291587955,0.9525848373775976
95c0cffd0787d5bb,363689,NATICUSdroid,2796,ep640_25,25,512,128,640,128,128,128,1,999,6.5,mesuré ici,0.9651375742901166,0.24829244800696448,0.9219214780541657
95c0cffd0787d5bb,363689,NATICUSdroid,2796,ep640_25,25,512,128,640,128,128,128,2,999,6.1,mesuré ici,0.9709971384547657,0.21854293399064698,0.9536090990182727
95c0cffd0787d5bb,363689,NATICUSdroid,2796,ep640_25,25,512,128,640,256,256,256,0,999,6.3,mesuré ici,0.9768192824125026,0.1783089629604934,0.9651279133007199
95c0cffd0787d5bb,363689,NATICUSdroid,2796,ep640_25,25,512,128,640,256,256,256,1,999,6.2,mesuré ici,0.9785846357032798,0.1744937861212205,0.9669381668490271
95c0cffd0787d5bb,363689,NATICUSdroid,2796,ep640_25,25,512,128,640,256,256,256,2,999,6.3,mesuré ici,0.9781069777679948,0.17481337945122943,0.963395193368454
95c0cffd0787d5bb,363689,NATICUSdroid,2796,ep640_25,25,512,128,640,512,512,512,0,999,6.4,mesuré ici,0.9774532247413603,0.17507556868498989,0.9657753548072544
95c0cffd0787d5bb,363689,NATICUSdroid,2796,ep640_25,25,512,128,640,1024,1024,1024,0,999,7.8,mesuré ici,0.9817191283292979,0.1604131078264755,0.9725277376202641
95c0cffd0787d5bb,363689,NATICUSdroid,2796,ep640_25,25,512,128,640,2048,2048,2048,0,999,13.0,mesuré ici,0.9825005502971604,0.15522424551828948,0.97344807399825
95c0cffd0787d5bb,363689,NATICUSdroid,2796,ep640_25,25,512,128,640,full,2796,2796,0,999,15.5,mesuré ici,0.9835042923178516,0.1513885891518388,0.9747488672497262
95c0cffd0787d5bb,363689,NATICUSdroid,2796,ep640_50,50,512,128,640,32,32,32,0,999,5.2,mesuré ici,0.9510147479639006,0.3670148755170282,0.9222428691962776
95c0cffd0787d5bb,363689,NATICUSdroid,2796,ep640_50,50,512,128,640,32,32,32,1,999,4.8,mesuré ici,0.9552740479859123,0.302941929572275,0.9173869466048216
95c0cffd0787d5bb,363689,NATICUSdroid,2796,ep640_50,50,512,128,640,32,32,32,2,999,4.8,mesuré ici,0.9395421527624918,0.29063316299462033,0.8966004126643476
95c0cffd0787d5bb,363689,NATICUSdroid,2796,ep640_50,50,512,128,640,64,64,64,0,999,4.8,mesuré ici,0.9651199647809817,0.2387576293851476,0.9397123465123928
95c0cffd0787d5bb,363689,NATICUSdroid,2796,ep640_50,50,512,128,640,64,64,64,1,999,4.8,mesuré ici,0.9614439797490646,0.23975460098582047,0.9368854072851923
95c0cffd0787d5bb,363689,NATICUSdroid,2796,ep640_50,50,512,128,640,64,64,64,2,999,4.8,mesuré ici,0.9493220338983052,0.3006655186691679,0.9222219274113284
95c0cffd0787d5bb,363689,NATICUSdroid,2796,ep640_50,50,512,128,640,128,128,128,0,999,6.1,mesuré ici,0.9681443979749065,0.210594385889432,0.9521180379372223
95c0cffd0787d5bb,363689,NATICUSdroid,2796,ep640_50,50,512,128,640,128,128,128,1,999,6.2,mesuré ici,0.9675676865507374,0.230396525302982,0.9292971274933672
95c0cffd0787d5bb,363689,NATICUSdroid,2796,ep640_50,50,512,128,640,128,128,128,2,999,6.3,mesuré ici,0.9705194805194807,0.21122171373385087,0.9522371683459879
95c0cffd0787d5bb,363689,NATICUSdroid,2796,ep640_50,50,512,128,640,256,256,256,0,999,6.3,mesuré ici,0.9764869029275809,0.1848725260372316,0.9646875477550798
95c0cffd0787d5bb,363689,NATICUSdroid,2796,ep640_50,50,512,128,640,256,256,256,1,999,6.2,mesuré ici,0.9787893462469734,0.1745262897873584,0.9678304603502711
95c0cffd0787d5bb,363689,NATICUSdroid,2796,ep640_50,50,512,128,640,256,256,256,2,999,6.3,mesuré ici,0.9785934404578472,0.17582629924355067,0.9643827685865182
95c0cffd0787d5bb,363689,NATICUSdroid,2796,ep640_50,50,512,128,640,512,512,512,0,999,6.4,mesuré ici,0.9775434734756769,0.17274584641843665,0.9660757923721915
95c0cffd0787d5bb,363689,NATICUSdroid,2796,ep640_50,50,512,128,640,1024,1024,1024,0,999,7.7,mesuré ici,0.9818203830068236,0.16030923711353398,0.9725074393496962
95c0cffd0787d5bb,363689,NATICUSdroid,2796,ep640_50,50,512,128,640,2048,2048,2048,0,999,12.9,mesuré ici,0.9826744441998679,0.15241806449116602,0.9739834710457889
95c0cffd0787d5bb,363689,NATICUSdroid,2796,ep640_50,50,512,128,640,full,2796,2796,0,999,15.7,mesuré ici,0.9836693814659916,0.14826965018162205,0.9756037992013301
95c0cffd0787d5bb,363689,NATICUSdroid,2796,ep640_200,200,512,128,640,32,32,32,0,999,5.1,mesuré ici,0.9525181598062955,0.35685326928951394,0.9239383151290204
95c0cffd0787d5bb,363689,NATICUSdroid,2796,ep640_200,200,512,128,640,32,32,32,1,999,4.7,mesuré ici,0.9555249834910851,0.31537774657939677,0.9188088335404795
95c0cffd0787d5bb,363689,NATICUSdroid,2796,ep640_200,200,512,128,640,32,32,32,2,999,4.8,mesuré ici,0.9394695135373101,0.2923966778748515,0.9016148054849832
95c0cffd0787d5bb,363689,NATICUSdroid,2796,ep640_200,200,512,128,640,64,64,64,0,999,4.8,mesuré ici,0.9632291437376183,0.24013215247626424,0.93698683261094
95c0cffd0787d5bb,363689,NATICUSdroid,2796,ep640_200,200,512,128,640,64,64,64,1,999,4.8,mesuré ici,0.9612370680167291,0.24239801690808635,0.9360587690211704
95c0cffd0787d5bb,363689,NATICUSdroid,2796,ep640_200,200,512,128,640,64,64,64,2,999,4.7,mesuré ici,0.9517587497248514,0.29958725658390567,0.9257344544199502
95c0cffd0787d5bb,363689,NATICUSdroid,2796,ep640_200,200,512,128,640,128,128,128,0,999,6.1,mesuré ici,0.9670327977107639,0.21731045992032746,0.950077292886813
95c0cffd0787d5bb,363689,NATICUSdroid,2796,ep640_200,200,512,128,640,128,128,128,1,999,6.2,mesuré ici,0.9694585075941009,0.24398762426003312,0.9343190467713812
95c0cffd0787d5bb,363689,NATICUSdroid,2796,ep640_200,200,512,128,640,128,128,128,2,999,6.1,mesuré ici,0.9713779440898084,0.21844175692273557,0.9535497038968634
95c0cffd0787d5bb,363689,NATICUSdroid,2796,ep640_200,200,512,128,640,256,256,256,0,999,6.2,mesuré ici,0.9771450583314991,0.1784115916740829,0.9652791441920529
95c0cffd0787d5bb,363689,NATICUSdroid,2796,ep640_200,200,512,128,640,256,256,256,1,999,6.2,mesuré ici,0.978861985472155,0.1786689652178611,0.9677390985731991
95c0cffd0787d5bb,363689,NATICUSdroid,2796,ep640_200,200,512,128,640,256,256,256,2,999,6.3,mesuré ici,0.9787497248514198,0.175629117728375,0.9651617916849197
95c0cffd0787d5bb,363689,NATICUSdroid,2796,ep640_200,200,512,128,640,512,512,512,0,999,6.3,mesuré ici,0.9768390931102795,0.18032767443856573,0.9640730735773617
95c0cffd0787d5bb,363689,NATICUSdroid,2796,ep640_200,200,512,128,640,1024,1024,1024,0,999,7.8,mesuré ici,0.9807880255337882,0.16837625080278176,0.9710525938488583
95c0cffd0787d5bb,363689,NATICUSdroid,2796,ep640_200,200,512,128,640,2048,2048,2048,0,999,13.1,mesuré ici,0.9823288575830948,0.15624834774546267,0.9746770924462946
95c0cffd0787d5bb,363689,NATICUSdroid,2796,ep640_200,200,512,128,640,full,2796,2796,0,999,15.7,mesuré ici,0.983398635263042,0.15205784095201216,0.9761190431713758
95c0cffd0787d5bb,363691,online_shoppers_intention,4603,ep640_25,25,512,128,640,32,32,32,0,1024,5.1,mesuré ici,0.9159309498055953,0.25576023856355573,0.7160934005404292
95c0cffd0787d5bb,363691,online_shoppers_intention,4603,ep640_25,25,512,128,640,32,32,32,1,1024,4.6,mesuré ici,0.8727526529657673,0.3048925851190356,0.5078515802107021
95c0cffd0787d5bb,363691,online_shoppers_intention,4603,ep640_25,25,512,128,640,32,32,32,2,1024,4.7,mesuré ici,0.8901504078112668,0.32827304536598756,0.6322976860577483
95c0cffd0787d5bb,363691,online_shoppers_intention,4603,ep640_25,25,512,128,640,64,64,64,0,1024,4.6,mesuré ici,0.9077052942380215,0.26028465614763946,0.6809909290689719
95c0cffd0787d5bb,363691,online_shoppers_intention,4603,ep640_25,25,512,128,640,64,64,64,1,1024,4.7,mesuré ici,0.9152549185839155,0.25630724678425054,0.7235174782316347
95c0cffd0787d5bb,363691,online_shoppers_intention,4603,ep640_25,25,512,128,640,64,64,64,2,1024,4.6,mesuré ici,0.8935890314847839,0.3012844825972975,0.6628170298580471
95c0cffd0787d5bb,363691,online_shoppers_intention,4603,ep640_25,25,512,128,640,128,128,128,0,1024,4.7,mesuré ici,0.9152512643610957,0.2528482146197497,0.7146987695356539
95c0cffd0787d5bb,363691,online_shoppers_intention,4603,ep640_25,25,512,128,640,128,128,128,1,1024,4.9,mesuré ici,0.901774490601339,0.25663496494482047,0.7227696867573713
95c0cffd0787d5bb,363691,online_shoppers_intention,4603,ep640_25,25,512,128,640,128,128,128,2,1024,4.6,mesuré ici,0.9172610869120357,0.25731733579901955,0.7321831542247168
95c0cffd0787d5bb,363691,online_shoppers_intention,4603,ep640_25,25,512,128,640,256,256,256,0,1024,4.7,mesuré ici,0.9223002601806648,0.24556973033001173,0.728235350219464
95c0cffd0787d5bb,363691,online_shoppers_intention,4603,ep640_25,25,512,128,640,256,256,256,1,1024,4.6,mesuré ici,0.9087759815242493,0.24309226611225096,0.6944391436757922
95c0cffd0787d5bb,363691,online_shoppers_intention,4603,ep640_25,25,512,128,640,256,256,256,2,1024,4.7,mesuré ici,0.921821556991259,0.23976055319603884,0.7218224122155744
95c0cffd0787d5bb,363691,online_shoppers_intention,4603,ep640_25,25,512,128,640,512,512,512,0,1024,4.7,mesuré ici,0.9284795509690998,0.2345794087093467,0.7243602995868899
95c0cffd0787d5bb,363691,online_shoppers_intention,4603,ep640_25,25,512,128,640,1024,1024,1024,0,1024,4.8,mesuré ici,0.9367234776507732,0.21897540459314965,0.7536455174372443
95c0cffd0787d5bb,363691,online_shoppers_intention,4603,ep640_25,25,512,128,640,2048,2048,2048,0,1024,6.7,mesuré ici,0.9385250095009795,0.21639250903091117,0.763713580222508
95c0cffd0787d5bb,363691,online_shoppers_intention,4603,ep640_25,25,512,128,640,full,4603,4603,0,1024,13.1,mesuré ici,0.9386163650714766,0.21501619255100873,0.7640690390469258
95c0cffd0787d5bb,363691,online_shoppers_intention,4603,ep640_50,50,512,128,640,32,32,32,0,1024,5.0,mesuré ici,0.9152549185839156,0.259165503800894,0.7106150910171007
95c0cffd0787d5bb,363691,online_shoppers_intention,4603,ep640_50,50,512,128,640,32,32,32,1,1024,4.7,mesuré ici,0.8752777209343118,0.30186758190154134,0.5137550356383733
95c0cffd0787d5bb,363691,online_shoppers_intention,4603,ep640_50,50,512,128,640,32,32,32,2,1024,4.6,mesuré ici,0.8911224310813576,0.327779067454641,0.6304466730626714
95c0cffd0787d5bb,363691,online_shoppers_intention,4603,ep640_50,50,512,128,640,64,64,64,0,1024,4.6,mesuré ici,0.9068757856579062,0.2597139225575865,0.6864315392867847
95c0cffd0787d5bb,363691,online_shoppers_intention,4603,ep640_50,50,512,128,640,64,64,64,1,1024,4.6,mesuré ici,0.9149845060952436,0.2541440077565911,0.7239679110708559
95c0cffd0787d5bb,363691,online_shoppers_intention,4603,ep640_50,50,512,128,640,64,64,64,2,1024,4.7,mesuré ici,0.8953101704329525,0.29898721756276814,0.6654993860018046
95c0cffd0787d5bb,363691,online_shoppers_intention,4603,ep640_50,50,512,128,640,128,128,128,0,1024,4.6,mesuré ici,0.9176740140906832,0.2526941287279682,0.7291544619445725
95c0cffd0787d5bb,363691,online_shoppers_intention,4603,ep640_50,50,512,128,640,128,128,128,1,1024,4.7,mesuré ici,0.9058343321542375,0.2565524102960342,0.7261707852543339
95c0cffd0787d5bb,363691,online_shoppers_intention,4603,ep640_50,50,512,128,640,128,128,128,2,1024,4.7,mesuré ici,0.918616803578215,0.25472628053715085,0.7356717090695578
95c0cffd0787d5bb,363691,online_shoppers_intention,4603,ep640_50,50,512,128,640,256,256,256,0,1024,4.7,mesuré ici,0.9210212821937029,0.24641287394685724,0.7377858836760122
95c0cffd0787d5bb,363691,online_shoppers_intention,4603,ep640_50,50,512,128,640,256,256,256,1,1024,4.9,mesuré ici,0.9074129564124302,0.243343892055771,0.7122828831779388
95c0cffd0787d5bb,363691,online_shoppers_intention,4603,ep640_50,50,512,128,640,256,256,256,2,1024,5.0,mesuré ici,0.921854444996638,0.23880296724985112,0.7276367863519035
95c0cffd0787d5bb,363691,online_shoppers_intention,4603,ep640_50,50,512,128,640,512,512,512,0,1024,5.1,mesuré ici,0.9319327915338966,0.23073226760596297,0.750362842106373
95c0cffd0787d5bb,363691,online_shoppers_intention,4603,ep640_50,50,512,128,640,1024,1024,1024,0,1024,5.2,mesuré ici,0.9388100388809307,0.215583577634965,0.7631969133768347
95c0cffd0787d5bb,363691,online_shoppers_intention,4603,ep640_50,50,512,128,640,2048,2048,2048,0,1024,6.7,mesuré ici,0.9397857163738417,0.21436787925245798,0.7686740019916515
95c0cffd0787d5bb,363691,online_shoppers_intention,4603,ep640_50,50,512,128,640,full,4603,4603,0,1024,13.1,mesuré ici,0.9399830444061157,0.2136591623064618,0.7657666954559749
95c0cffd0787d5bb,363691,online_shoppers_intention,4603,ep640_200,200,512,128,640,32,32,32,0,1024,5.0,mesuré ici,0.9180942497149706,0.257921170367332,0.7354748176657597
95c0cffd0787d5bb,363691,online_shoppers_intention,4603,ep640_200,200,512,128,640,32,32,32,1,1024,4.8,mesuré ici,0.8860796035899086,0.29858398261915786,0.5562006605859966
95c0cffd0787d5bb,363691,online_shoppers_intention,4603,ep640_200,200,512,128,640,32,32,32,2,1024,4.7,mesuré ici,0.9011094220481188,0.32797552578498806,0.6562803122570073
95c0cffd0787d5bb,363691,online_shoppers_intention,4603,ep640_200,200,512,128,640,64,64,64,0,1024,4.6,mesuré ici,0.9122511474259654,0.25325437177864796,0.7121760384203071
95c0cffd0787d5bb,363691,online_shoppers_intention,4603,ep640_200,200,512,128,640,64,64,64,1,1024,4.7,mesuré ici,0.9201004180430906,0.24154302275640127,0.743484573548949
95c0cffd0787d5bb,363691,online_shoppers_intention,4603,ep640_200,200,512,128,640,64,64,64,2,1024,4.7,mesuré ici,0.9103692226737217,0.2916013018398828,0.7148181526285109
95c0cffd0787d5bb,363691,online_shoppers_intention,4603,ep640_200,200,512,128,640,128,128,128,0,1024,4.7,mesuré ici,0.9210322448621627,0.2620524364477995,0.7197781126212129
95c0cffd0787d5bb,363691,online_shoppers_intention,4603,ep640_200,200,512,128,640,128,128,128,1,1024,4.6,mesuré ici,0.9177069020960622,0.2560213929611448,0.7535401768783361
95c0cffd0787d5bb,363691,online_shoppers_intention,4603,ep640_200,200,512,128,640,128,128,128,2,1024,4.6,mesuré ici,0.9268132253632297,0.24941692616530753,0.7553429350430053
95c0cffd0787d5bb,363691,online_shoppers_intention,4603,ep640_200,200,512,128,640,256,256,256,0,1024,4.6,mesuré ici,0.9324736165112404,0.2299604528719691,0.7657143567756767
95c0cffd0787d5bb,363691,online_shoppers_intention,4603,ep640_200,200,512,128,640,256,256,256,1,1024,4.6,mesuré ici,0.9256219487239453,0.22632043614400804,0.7548681711640912
95c0cffd0787d5bb,363691,online_shoppers_intention,4603,ep640_200,200,512,128,640,256,256,256,2,1024,4.6,mesuré ici,0.9308109451281901,0.23272851447184648,0.7518174064984668
95c0cffd0787d5bb,363691,online_shoppers_intention,4603,ep640_200,200,512,128,640,512,512,512,0,1024,4.8,mesuré ici,0.9355212383430291,0.2261988288481665,0.7552195719418761
95c0cffd0787d5bb,363691,online_shoppers_intention,4603,ep640_200,200,512,128,640,1024,1024,1024,0,1024,4.7,mesuré ici,0.9393179758528956,0.21642058329395553,0.7678493866076201
95c0cffd0787d5bb,363691,online_shoppers_intention,4603,ep640_200,200,512,128,640,2048,2048,2048,0,1024,6.6,mesuré ici,0.9398222586020405,0.21389400269502903,0.7748203803420206
95c0cffd0787d5bb,363691,online_shoppers_intention,4603,ep640_200,200,512,128,640,full,4603,4603,0,1024,13.4,mesuré ici,0.9398332212705002,0.21199801408835123,0.7770005224849774
95c0cffd0787d5bb,363694,polish_companies_bankruptcy,2206,ep640_25,25,512,128,640,32,32,32,0,788,4.7,mesuré ici,0.8131216668733721,0.20760704875674713,0.29623922460701657
95c0cffd0787d5bb,363694,polish_companies_bankruptcy,2206,ep640_25,25,512,128,640,32,32,32,1,788,4.3,mesuré ici,0.73941460994667,0.24427429829952588,0.17708750387867123
95c0cffd0787d5bb,363694,polish_companies_bankruptcy,2206,ep640_25,25,512,128,640,32,32,32,2,788,4.2,mesuré ici,0.855922113357311,0.1996562749532906,0.45018272999812675
95c0cffd0787d5bb,363694,polish_companies_bankruptcy,2206,ep640_25,25,512,128,640,64,64,64,0,788,4.2,mesuré ici,0.8338583653726901,0.20035620585214978,0.36047211845523097
95c0cffd0787d5bb,363694,polish_companies_bankruptcy,2206,ep640_25,25,512,128,640,64,64,64,1,788,4.2,mesuré ici,0.853776509983877,0.18772142729856886,0.37868882299722073
95c0cffd0787d5bb,363694,polish_companies_bankruptcy,2206,ep640_25,25,512,128,640,64,64,64,2,788,4.2,mesuré ici,0.8619124395386332,0.17753398637411272,0.49904849180165656
95c0cffd0787d5bb,363694,polish_companies_bankruptcy,2206,ep640_25,25,512,128,640,128,128,128,0,788,4.2,mesuré ici,0.8687585266030013,0.17598498903290033,0.5238369865935464
95c0cffd0787d5bb,363694,polish_companies_bankruptcy,2206,ep640_25,25,512,128,640,128,128,128,1,788,4.2,mesuré ici,0.8295051469676298,0.20384331577366946,0.3027399665782066
95c0cffd0787d5bb,363694,polish_companies_bankruptcy,2206,ep640_25,25,512,128,640,128,128,128,2,788,4.7,mesuré ici,0.8603125387572863,0.18239035532125425,0.5276001352784634
95c0cffd0787d5bb,363694,polish_companies_bankruptcy,2206,ep640_25,25,512,128,640,256,256,256,0,788,4.2,mesuré ici,0.9075282153044772,0.15374435937999112,0.6255561719064142
95c0cffd0787d5bb,363694,polish_companies_bankruptcy,2206,ep640_25,25,512,128,640,256,256,256,1,788,4.2,mesuré ici,0.9284881557732854,0.14217375098344823,0.636271544488711
95c0cffd0787d5bb,363694,polish_companies_bankruptcy,2206,ep640_25,25,512,128,640,256,256,256,2,788,4.3,mesuré ici,0.9169539873496217,0.15314507061067936,0.6216458148585724
95c0cffd0787d5bb,363694,polish_companies_bankruptcy,2206,ep640_25,25,512,128,640,512,512,512,0,788,4.3,mesuré ici,0.9355574848071437,0.11735967817723454,0.7602352952770391
95c0cffd0787d5bb,363694,polish_companies_bankruptcy,2206,ep640_25,25,512,128,640,1024,1024,1024,0,788,5.0,mesuré ici,0.979114473521022,0.07279131369233101,0.9003717502748664
95c0cffd0787d5bb,363694,polish_companies_bankruptcy,2206,ep640_25,25,512,128,640,2048,2048,2048,0,788,8.4,mesuré ici,0.9814089048741164,0.05821631528233024,0.926660419568061
95c0cffd0787d5bb,363694,polish_companies_bankruptcy,2206,ep640_25,25,512,128,640,full,2206,2206,0,788,8.8,mesuré ici,0.9843358551407664,0.05630012746859761,0.9274114316327373
95c0cffd0787d5bb,363694,polish_companies_bankruptcy,2206,ep640_50,50,512,128,640,32,32,32,0,788,4.6,mesuré ici,0.8145355326801439,0.2073615506080022,0.30555741616423565
95c0cffd0787d5bb,363694,polish_companies_bankruptcy,2206,ep640_50,50,512,128,640,32,32,32,1,788,4.2,mesuré ici,0.7455661664392906,0.23717227520692682,0.183928716040587
95c0cffd0787d5bb,363694,polish_companies_bankruptcy,2206,ep640_50,50,512,128,640,32,32,32,2,788,4.3,mesuré ici,0.8569267022200173,0.1932970618723425,0.45738716766804965
95c0cffd0787d5bb,363694,polish_companies_bankruptcy,2206,ep640_50,50,512,128,640,64,64,64,0,788,4.2,mesuré ici,0.8348381495721195,0.20026544649006908,0.363934033962725
95c0cffd0787d5bb,363694,polish_companies_bankruptcy,2206,ep640_50,50,512,128,640,64,64,64,1,788,4.2,mesuré ici,0.860225722435818,0.18494642625769564,0.402854344680935
95c0cffd0787d5bb,363694,polish_companies_bankruptcy,2206,ep640_50,50,512,128,640,64,64,64,2,788,4.2,mesuré ici,0.8607590226962669,0.17801835124348306,0.4900040694482835
95c0cffd0787d5bb,363694,polish_companies_bankruptcy,2206,ep640_50,50,512,128,640,128,128,128,0,788,4.3,mesuré ici,0.8725660424159742,0.1741499844863044,0.5297999146506437
95c0cffd0787d5bb,363694,polish_companies_bankruptcy,2206,ep640_50,50,512,128,640,128,128,128,1,788,4.2,mesuré ici,0.8315515316879573,0.2034148444682736,0.2934649034519047
95c0cffd0787d5bb,363694,polish_companies_bankruptcy,2206,ep640_50,50,512,128,640,128,128,128,2,788,4.2,mesuré ici,0.8623589234776138,0.18460708194618589,0.5167954834631349
95c0cffd0787d5bb,363694,polish_companies_bankruptcy,2206,ep640_50,50,512,128,640,256,256,256,0,788,4.2,mesuré ici,0.9170904129976435,0.14901247731070796,0.6467129965134633
95c0cffd0787d5bb,363694,polish_companies_bankruptcy,2206,ep640_50,50,512,128,640,256,256,256,1,788,4.2,mesuré ici,0.9372193972466822,0.13211132666333422,0.6939094342261776
95c0cffd0787d5bb,363694,polish_companies_bankruptcy,2206,ep640_50,50,512,128,640,256,256,256,2,788,4.2,mesuré ici,0.9203770308818058,0.14504615659413944,0.6430116737027443
95c0cffd0787d5bb,363694,polish_companies_bankruptcy,2206,ep640_50,50,512,128,640,512,512,512,0,788,4.2,mesuré ici,0.9318491876472778,0.12024697362132139,0.749282817320426
95c0cffd0787d5bb,363694,polish_companies_bankruptcy,2206,ep640_50,50,512,128,640,1024,1024,1024,0,788,4.9,mesuré ici,0.979151680515937,0.06979589800109169,0.9022111149028378
95c0cffd0787d5bb,363694,polish_companies_bankruptcy,2206,ep640_50,50,512,128,640,2048,2048,2048,0,788,8.2,mesuré ici,0.9829343916656331,0.055678532205545694,0.9258787425692573
95c0cffd0787d5bb,363694,polish_companies_bankruptcy,2206,ep640_50,50,512,128,640,full,2206,2206,0,788,8.9,mesuré ici,0.9860845839017736,0.05244463181461389,0.9315855875381787
95c0cffd0787d5bb,363694,polish_companies_bankruptcy,2206,ep640_200,200,512,128,640,32,32,32,0,788,4.6,mesuré ici,0.8248914795981643,0.20513740186196133,0.3362897016056034
95c0cffd0787d5bb,363694,polish_companies_bankruptcy,2206,ep640_200,200,512,128,640,32,32,32,1,788,4.2,mesuré ici,0.7740047128860224,0.22329420762510194,0.21538913055707629
95c0cffd0787d5bb,363694,polish_companies_bankruptcy,2206,ep640_200,200,512,128,640,32,32,32,2,788,4.3,mesuré ici,0.8580925213940219,0.1970181476062642,0.45075355415222074
95c0cffd0787d5bb,363694,polish_companies_bankruptcy,2206,ep640_200,200,512,128,640,64,64,64,0,788,4.2,mesuré ici,0.8393401959568398,0.20104298651710464,0.3811380702123981
95c0cffd0787d5bb,363694,polish_companies_bankruptcy,2206,ep640_200,200,512,128,640,64,64,64,1,788,4.2,mesuré ici,0.8604737690685849,0.18533649161608975,0.40511526412096355
95c0cffd0787d5bb,363694,polish_companies_bankruptcy,2206,ep640_200,200,512,128,640,64,64,64,2,788,4.3,mesuré ici,0.8628426144115093,0.17970015321832974,0.4646318593084672
95c0cffd0787d5bb,363694,polish_companies_bankruptcy,2206,ep640_200,200,512,128,640,128,128,128,0,788,4.2,mesuré ici,0.8958576212327918,0.15184803105803418,0.6337694260964106
95c0cffd0787d5bb,363694,polish_companies_bankruptcy,2206,ep640_200,200,512,128,640,128,128,128,1,788,4.2,mesuré ici,0.8792757038323206,0.18326373849466235,0.36409607171722863
95c0cffd0787d5bb,363694,polish_companies_bankruptcy,2206,ep640_200,200,512,128,640,128,128,128,2,788,4.2,mesuré ici,0.8696638968126007,0.18101622298119593,0.5334961880097843
95c0cffd0787d5bb,363694,polish_companies_bankruptcy,2206,ep640_200,200,512,128,640,256,256,256,0,788,4.2,mesuré ici,0.9523750465087436,0.1100234418070477,0.7835676287624564
95c0cffd0787d5bb,363694,polish_companies_bankruptcy,2206,ep640_200,200,512,128,640,256,256,256,1,788,4.3,mesuré ici,0.9675058911075282,0.09272032916001509,0.8417526537869156
95c0cffd0787d5bb,363694,polish_companies_bankruptcy,2206,ep640_200,200,512,128,640,256,256,256,2,788,4.3,mesuré ici,0.9387448840381991,0.12822854067220896,0.7018253130558989
95c0cffd0787d5bb,363694,polish_companies_bankruptcy,2206,ep640_200,200,512,128,640,512,512,512,0,788,4.3,mesuré ici,0.9763611558973087,0.08038594551427555,0.8677916899600306
95c0cffd0787d5bb,363694,polish_companies_bankruptcy,2206,ep640_200,200,512,128,640,1024,1024,1024,0,788,5.0,mesuré ici,0.9823390797469924,0.06722322594596122,0.9097589959904271
95c0cffd0787d5bb,363694,polish_companies_bankruptcy,2206,ep640_200,200,512,128,640,2048,2048,2048,0,788,8.4,mesuré ici,0.9884658315763364,0.049166531557891566,0.9389659583081181
95c0cffd0787d5bb,363694,polish_companies_bankruptcy,2206,ep640_200,200,512,128,640,full,2206,2206,0,788,8.8,mesuré ici,0.9870023564430113,0.050522417528370576,0.9327769932941821
95c0cffd0787d5bb,363700,seismic-bumps,963,ep640_25,25,512,128,640,32,32,32,0,345,3.6,mesuré ici,0.7409532811234135,0.2310375301227964,0.17768288367501778
95c0cffd0787d5bb,363700,seismic-bumps,963,ep640_25,25,512,128,640,32,32,32,1,345,3.4,mesuré ici,0.7095598163651093,0.23500471883737065,0.16791657821625217
95c0cffd0787d5bb,363700,seismic-bumps,963,ep640_25,25,512,128,640,32,32,32,2,345,3.2,mesuré ici,0.615987037537132,0.2506188029283303,0.09061505702630537
95c0cffd0787d5bb,363700,seismic-bumps,963,ep640_25,25,512,128,640,64,64,64,0,345,3.2,mesuré ici,0.7356872805833109,0.23007821422038074,0.11624521381590694
95c0cffd0787d5bb,363700,seismic-bumps,963,ep640_25,25,512,128,640,64,64,64,1,345,3.1,mesuré ici,0.764582770726438,0.21960115863709362,0.20580266036221692
95c0cffd0787d5bb,363700,seismic-bumps,963,ep640_25,25,512,128,640,64,64,64,2,345,3.1,mesuré ici,0.6335403726708075,0.23501599071911558,0.1876110484974661
95c0cffd0787d5bb,363700,seismic-bumps,963,ep640_25,25,512,128,640,128,128,128,0,345,3.2,mesuré ici,0.7803132595193087,0.2181983042778824,0.18141966348528848
95c0cffd0787d5bb,363700,seismic-bumps,963,ep640_25,25,512,128,640,128,128,128,1,345,3.3,mesuré ici,0.7209694842019984,0.2298413391018485,0.16398792702367565
95c0cffd0787d5bb,363700,seismic-bumps,963,ep640_25,25,512,128,640,128,128,128,2,345,3.4,mesuré ici,0.7840264650283554,0.2202392833146605,0.19470875738598686
95c0cffd0787d5bb,363700,seismic-bumps,963,ep640_25,25,512,128,640,256,256,256,0,345,3.2,mesuré ici,0.8073859033216312,0.2107094346651938,0.234765060493978
95c0cffd0787d5bb,363700,seismic-bumps,963,ep640_25,25,512,128,640,256,256,256,1,345,3.3,mesuré ici,0.8061706724277613,0.2124159943005039,0.21203829076533726
95c0cffd0787d5bb,363700,seismic-bumps,963,ep640_25,25,512,128,640,256,256,256,2,345,3.2,mesuré ici,0.807318390494194,0.21435655388729455,0.2069555187500002
95c0cffd0787d5bb,363700,seismic-bumps,963,ep640_25,25,512,128,640,512,512,512,0,345,3.2,mesuré ici,0.7970564407237375,0.21297253267778313,0.1868178882353478
95c0cffd0787d5bb,363700,seismic-bumps,963,ep640_25,25,512,128,640,full,963,963,0,345,3.2,mesuré ici,0.8154199297866594,0.20621245756573092,0.2087045207405694
95c0cffd0787d5bb,363700,seismic-bumps,963,ep640_50,50,512,128,640,32,32,32,0,345,3.5,mesuré ici,0.7476370510396976,0.23301786893227028,0.18061065618940497
95c0cffd0787d5bb,363700,seismic-bumps,963,ep640_50,50,512,128,640,32,32,32,1,345,3.1,mesuré ici,0.7118552524979747,0.23612786305378808,0.1656258009740108
95c0cffd0787d5bb,363700,seismic-bumps,963,ep640_50,50,512,128,640,32,32,32,2,345,3.2,mesuré ici,0.6325276802592493,0.2446318974621728,0.09408349074288011
95c0cffd0787d5bb,363700,seismic-bumps,963,ep640_50,50,512,128,640,64,64,64,0,345,3.2,mesuré ici,0.7560761544693492,0.23173699275039894,0.12782627634555002
95c0cffd0787d5bb,363700,seismic-bumps,963,ep640_50,50,512,128,640,64,64,64,1,345,3.1,mesuré ici,0.7726167971914664,0.22107338718073583,0.20570743762320695
95c0cffd0787d5bb,363700,seismic-bumps,963,ep640_50,50,512,128,640,64,64,64,2,345,3.1,mesuré ici,0.6534566567647853,0.23416204248298042,0.19442325248142972
95c0cffd0787d5bb,363700,seismic-bumps,963,ep640_50,50,512,128,640,128,128,128,0,345,3.2,mesuré ici,0.7893599783958952,0.22339464747273652,0.19512847545124373
95c0cffd0787d5bb,363700,seismic-bumps,963,ep640_50,50,512,128,640,128,128,128,1,345,3.2,mesuré ici,0.7360248447204969,0.22233814099371185,0.16370609699425834
95c0cffd0787d5bb,363700,seismic-bumps,963,ep640_50,50,512,128,640,128,128,128,2,345,3.2,mesuré ici,0.7824736699972995,0.22183701163755265,0.19508681899505523
95c0cffd0787d5bb,363700,seismic-bumps,963,ep640_50,50,512,128,640,256,256,256,0,345,3.2,mesuré ici,0.8042128004320821,0.21304162392514278,0.21208543844734545
95c0cffd0787d5bb,363700,seismic-bumps,963,ep640_50,50,512,128,640,256,256,256,1,345,3.2,mesuré ici,0.7986767485822306,0.21619178844702716,0.20567376152999556
95c0cffd0787d5bb,363700,seismic-bumps,963,ep640_50,50,512,128,640,256,256,256,2,345,3.2,mesuré ici,0.8024574669187146,0.2190400098441152,0.19573101755986344
95c0cffd0787d5bb,363700,seismic-bumps,963,ep640_50,50,512,128,640,512,512,512,0,345,3.2,mesuré ici,0.7903726708074534,0.21619990315690207,0.18329925266375513
95c0cffd0787d5bb,363700,seismic-bumps,963,ep640_50,50,512,128,640,full,963,963,0,345,3.3,mesuré ici,0.8072508776667566,0.21094142023150192,0.20471786238803938
95c0cffd0787d5bb,363700,seismic-bumps,963,ep640_200,200,512,128,640,32,32,32,0,345,3.5,mesuré ici,0.7474345125573859,0.22949658579400342,0.16017682676577114
95c0cffd0787d5bb,363700,seismic-bumps,963,ep640_200,200,512,128,640,32,32,32,1,345,3.2,mesuré ici,0.7331217931406966,0.23616639480294938,0.15882685446722095
95c0cffd0787d5bb,363700,seismic-bumps,963,ep640_200,200,512,128,640,32,32,32,2,345,3.1,mesuré ici,0.6643262219821767,0.2400757353211241,0.099959987574139
95c0cffd0787d5bb,363700,seismic-bumps,963,ep640_200,200,512,128,640,64,64,64,0,345,3.1,mesuré ici,0.7578314879827167,0.22325152237724957,0.1418767169717114
95c0cffd0787d5bb,363700,seismic-bumps,963,ep640_200,200,512,128,640,64,64,64,1,345,3.1,mesuré ici,0.7645152578990008,0.2177178043273755,0.18910713200438628
95c0cffd0787d5bb,363700,seismic-bumps,963,ep640_200,200,512,128,640,64,64,64,2,345,3.1,mesuré ici,0.7105049959492303,0.22792232781652924,0.16823968936452532
95c0cffd0787d5bb,363700,seismic-bumps,963,ep640_200,200,512,128,640,128,128,128,0,345,3.2,mesuré ici,0.8236564947339995,0.2078112169564482,0.23560860236008419
95c0cffd0787d5bb,363700,seismic-bumps,963,ep640_200,200,512,128,640,128,128,128,1,345,3.2,mesuré ici,0.7772076694571969,0.21967917977797663,0.19821712715820428
95c0cffd0787d5bb,363700,seismic-bumps,963,ep640_200,200,512,128,640,128,128,128,2,345,3.2,mesuré ici,0.7965163381042398,0.2076690068221744,0.23503047559115814
95c0cffd0787d5bb,363700,seismic-bumps,963,ep640_200,200,512,128,640,256,256,256,0,345,3.2,mesuré ici,0.8125843910342965,0.20959866262418336,0.19314187350572795
95c0cffd0787d5bb,363700,seismic-bumps,963,ep640_200,200,512,128,640,256,256,256,1,345,3.2,mesuré ici,0.8186605455036456,0.20760438291846986,0.23304141863063782
95c0cffd0787d5bb,363700,seismic-bumps,963,ep640_200,200,512,128,640,256,256,256,2,345,3.2,mesuré ici,0.8198757763975155,0.20532253578395776,0.22357260123867698
95c0cffd0787d5bb,363700,seismic-bumps,963,ep640_200,200,512,128,640,512,512,512,0,345,3.2,mesuré ici,0.8012422360248448,0.21428340634422358,0.18514457595518247
95c0cffd0787d5bb,363700,seismic-bumps,963,ep640_200,200,512,128,640,full,963,963,0,345,3.3,mesuré ici,0.8017148258169052,0.21869527501770353,0.21799888659795044
95c0cffd0787d5bb,363706,taiwanese_bankruptcy_prediction,2545,ep640_25,25,512,128,640,32,32,32,0,910,5.0,mesuré ici,0.8702297545892207,0.12073514838930949,0.13470826660157628
95c0cffd0787d5bb,363706,taiwanese_bankruptcy_prediction,2545,ep640_25,25,512,128,640,32,32,32,1,910,4.6,mesuré ici,0.874613487807742,0.11288107347782066,0.2893113630242041
95c0cffd0787d5bb,363706,taiwanese_bankruptcy_prediction,2545,ep640_25,25,512,128,640,32,32,32,2,910,4.6,mesuré ici,0.9103878821088888,0.12427831821973896,0.31574717505899036
95c0cffd0787d5bb,363706,taiwanese_bankruptcy_prediction,2545,ep640_25,25,512,128,640,64,64,64,0,910,4.6,mesuré ici,0.7832400485341893,0.12587645776397016,0.18589515078554042
95c0cffd0787d5bb,363706,taiwanese_bankruptcy_prediction,2545,ep640_25,25,512,128,640,64,64,64,1,910,4.7,mesuré ici,0.8757094211123723,0.11413745862511833,0.22608670508147405
95c0cffd0787d5bb,363706,taiwanese_bankruptcy_prediction,2545,ep640_25,25,512,128,640,64,64,64,2,910,4.6,mesuré ici,0.8748874711338996,0.11747469553228115,0.21188452025006227
95c0cffd0787d5bb,363706,taiwanese_bankruptcy_prediction,2545,ep640_25,25,512,128,640,128,128,128,0,910,4.7,mesuré ici,0.8253160593369604,0.1465377332875079,0.22187587768020853
95c0cffd0787d5bb,363706,taiwanese_bankruptcy_prediction,2545,ep640_25,25,512,128,640,128,128,128,1,910,5.0,mesuré ici,0.8744373556694979,0.1114692185162935,0.22264391673184286
95c0cffd0787d5bb,363706,taiwanese_bankruptcy_prediction,2545,ep640_25,25,512,128,640,128,128,128,2,910,4.6,mesuré ici,0.9125210380054013,0.10107936881158842,0.3258972573452955
95c0cffd0787d5bb,363706,taiwanese_bankruptcy_prediction,2545,ep640_25,25,512,128,640,256,256,256,0,910,4.6,mesuré ici,0.915456573642804,0.10140329068517472,0.2350760859950439
95c0cffd0787d5bb,363706,taiwanese_bankruptcy_prediction,2545,ep640_25,25,512,128,640,256,256,256,1,910,4.7,mesuré ici,0.9124623272926533,0.09923309528700364,0.2917866760824003
95c0cffd0787d5bb,363706,taiwanese_bankruptcy_prediction,2545,ep640_25,25,512,128,640,256,256,256,2,910,4.6,mesuré ici,0.9074914869466515,0.10114434891222517,0.26895713128273996
95c0cffd0787d5bb,363706,taiwanese_bankruptcy_prediction,2545,ep640_25,25,512,128,640,512,512,512,0,910,4.8,mesuré ici,0.9381384790011351,0.08737593683633364,0.38784843633799293
95c0cffd0787d5bb,363706,taiwanese_bankruptcy_prediction,2545,ep640_25,25,512,128,640,1024,1024,1024,0,910,6.5,mesuré ici,0.9417198324787663,0.08743636553476247,0.37672077580757496
95c0cffd0787d5bb,363706,taiwanese_bankruptcy_prediction,2545,ep640_25,25,512,128,640,2048,2048,2048,0,910,11.2,mesuré ici,0.93547692668989,0.08876272824497629,0.39976148663043726
95c0cffd0787d5bb,363706,taiwanese_bankruptcy_prediction,2545,ep640_25,25,512,128,640,full,2545,2545,0,910,12.9,mesuré ici,0.9460057145093742,0.08274157828551101,0.4374224521151038
95c0cffd0787d5bb,363706,taiwanese_bankruptcy_prediction,2545,ep640_50,50,512,128,640,32,32,32,0,910,4.9,mesuré ici,0.8803867078946339,0.11806320013086605,0.150411987844229
95c0cffd0787d5bb,363706,taiwanese_bankruptcy_prediction,2545,ep640_50,50,512,128,640,32,32,32,1,910,4.5,mesuré ici,0.881991467376414,0.1126656230640577,0.2750360830391187
95c0cffd0787d5bb,363706,taiwanese_bankruptcy_prediction,2545,ep640_50,50,512,128,640,32,32,32,2,910,4.6,mesuré ici,0.9127754510939763,0.12401757431793779,0.3081375040694869
95c0cffd0787d5bb,363706,taiwanese_bankruptcy_prediction,2545,ep640_50,50,512,128,640,64,64,64,0,910,4.5,mesuré ici,0.7878977650788681,0.12558842445742321,0.17379190873160494
95c0cffd0787d5bb,363706,taiwanese_bankruptcy_prediction,2545,ep640_50,50,512,128,640,64,64,64,1,910,4.5,mesuré ici,0.8819327566636659,0.11391386723234637,0.2338176823256235
95c0cffd0787d5bb,363706,taiwanese_bankruptcy_prediction,2545,ep640_50,50,512,128,640,64,64,64,2,910,4.6,mesuré ici,0.8814239304865161,0.11651487659936235,0.22092347712134566
95c0cffd0787d5bb,363706,taiwanese_bankruptcy_prediction,2545,ep640_50,50,512,128,640,128,128,128,0,910,4.7,mesuré ici,0.8286429997260166,0.14420660196172153,0.22487990432684413
95c0cffd0787d5bb,363706,taiwanese_bankruptcy_prediction,2545,ep640_50,50,512,128,640,128,128,128,1,910,4.7,mesuré ici,0.8765118008532623,0.11116416603454239,0.22685136398622024
95c0cffd0787d5bb,363706,taiwanese_bankruptcy_prediction,2545,ep640_50,50,512,128,640,128,128,128,2,910,4.6,mesuré ici,0.9174331676386552,0.10096957401604005,0.3343658710444672
95c0cffd0787d5bb,363706,taiwanese_bankruptcy_prediction,2545,ep640_50,50,512,128,640,256,256,256,0,910,4.6,mesuré ici,0.9164937962346862,0.10099776201649355,0.2456787062496999
95c0cffd0787d5bb,363706,taiwanese_bankruptcy_prediction,2545,ep640_50,50,512,128,640,256,256,256,1,910,4.7,mesuré ici,0.9189009354573565,0.09799778669282781,0.3010720987918695
95c0cffd0787d5bb,363706,taiwanese_bankruptcy_prediction,2545,ep640_50,50,512,128,640,256,256,256,2,910,4.5,mesuré ici,0.9089396845277702,0.10099478482139983,0.27375419767463466
95c0cffd0787d5bb,363706,taiwanese_bankruptcy_prediction,2545,ep640_50,50,512,128,640,512,512,512,0,910,4.8,mesuré ici,0.9360248933422051,0.08965624362577443,0.3803143816016269
95c0cffd0787d5bb,363706,taiwanese_bankruptcy_prediction,2545,ep640_50,50,512,128,640,1024,1024,1024,0,910,6.4,mesuré ici,0.9396062468198364,0.08915746722862337,0.36485916175298666
95c0cffd0787d5bb,363706,taiwanese_bankruptcy_prediction,2545,ep640_50,50,512,128,640,2048,2048,2048,0,910,11.4,mesuré ici,0.9386277349407022,0.0884173415053215,0.4003859010572501
95c0cffd0787d5bb,363706,taiwanese_bankruptcy_prediction,2545,ep640_50,50,512,128,640,full,2545,2545,0,910,13.3,mesuré ici,0.9448706407295785,0.08421287732521357,0.4274705434038794
95c0cffd0787d5bb,363706,taiwanese_bankruptcy_prediction,2545,ep640_200,200,512,128,640,32,32,32,0,910,4.9,mesuré ici,0.9141257974871815,0.1075138962979391,0.2069701699372418
95c0cffd0787d5bb,363706,taiwanese_bankruptcy_prediction,2545,ep640_200,200,512,128,640,32,32,32,1,910,4.6,mesuré ici,0.8945751301420799,0.10589622698073178,0.2857531739423981
95c0cffd0787d5bb,363706,taiwanese_bankruptcy_prediction,2545,ep640_200,200,512,128,640,32,32,32,2,910,4.5,mesuré ici,0.9170809033621669,0.1146863797766451,0.3183281249315035
95c0cffd0787d5bb,363706,taiwanese_bankruptcy_prediction,2545,ep640_200,200,512,128,640,64,64,64,0,910,4.5,mesuré ici,0.8224783748874711,0.12150104339010115,0.18104684381621172
95c0cffd0787d5bb,363706,taiwanese_bankruptcy_prediction,2545,ep640_200,200,512,128,640,64,64,64,1,910,4.6,mesuré ici,0.914027946299268,0.10927588558206293,0.2694173547158627
95c0cffd0787d5bb,363706,taiwanese_bankruptcy_prediction,2545,ep640_200,200,512,128,640,64,64,64,2,910,4.6,mesuré ici,0.9070609417198325,0.10859117544911254,0.2496541657880667
95c0cffd0787d5bb,363706,taiwanese_bankruptcy_prediction,2545,ep640_200,200,512,128,640,128,128,128,0,910,4.7,mesuré ici,0.8900348350228972,0.12578444158205138,0.27774491687181524
95c0cffd0787d5bb,363706,taiwanese_bankruptcy_prediction,2545,ep640_200,200,512,128,640,128,128,128,1,910,4.7,mesuré ici,0.9059454381776195,0.10355947657117544,0.27118569664011566
95c0cffd0787d5bb,363706,taiwanese_bankruptcy_prediction,2545,ep640_200,200,512,128,640,128,128,128,2,910,4.6,mesuré ici,0.9331480684175506,0.09518491343323256,0.37760518820345046
95c0cffd0787d5bb,363706,taiwanese_bankruptcy_prediction,2545,ep640_200,200,512,128,640,256,256,256,0,910,4.6,mesuré ici,0.9255548162354692,0.09465096163981714,0.2956356006883125
95c0cffd0787d5bb,363706,taiwanese_bankruptcy_prediction,2545,ep640_200,200,512,128,640,256,256,256,1,910,4.6,mesuré ici,0.9316215898861011,0.09250655311689729,0.34134427780234144
95c0cffd0787d5bb,363706,taiwanese_bankruptcy_prediction,2545,ep640_200,200,512,128,640,256,256,256,2,910,4.6,mesuré ici,0.9229324043993894,0.09632788983979142,0.32623322745781547
95c0cffd0787d5bb,363706,taiwanese_bankruptcy_prediction,2545,ep640_200,200,512,128,640,512,512,512,0,910,4.8,mesuré ici,0.9396453872950018,0.08799161317783534,0.3951409297677153
95c0cffd0787d5bb,363706,taiwanese_bankruptcy_prediction,2545,ep640_200,200,512,128,640,1024,1024,1024,0,910,6.4,mesuré ici,0.9396062468198365,0.0879461738154252,0.40316167402109426
95c0cffd0787d5bb,363706,taiwanese_bankruptcy_prediction,2545,ep640_200,200,512,128,640,2048,2048,2048,0,910,11.4,mesuré ici,0.9405651884613879,0.08754409304567351,0.4016053642459123
95c0cffd0787d5bb,363706,taiwanese_bankruptcy_prediction,2545,ep640_200,200,512,128,640,full,2545,2545,0,910,13.5,mesuré ici,0.9424439312693256,0.08568510252191741,0.4206478924361435
95c0cffd0787d5bb,363712,jm1,4062,ep640_25,25,512,128,640,32,32,32,0,1024,5.2,mesuré ici,0.6515243231344926,0.4676789469128924,0.34920832799117696
95c0cffd0787d5bb,363712,jm1,4062,ep640_25,25,512,128,640,32,32,32,1,1024,4.8,mesuré ici,0.6443918604935555,0.4636998740942856,0.3650896267233619
95c0cffd0787d5bb,363712,jm1,4062,ep640_25,25,512,128,640,32,32,32,2,1024,4.8,mesuré ici,0.6431017193729058,0.4738981290034291,0.3159596134400679
95c0cffd0787d5bb,363712,jm1,4062,ep640_25,25,512,128,640,64,64,64,0,1024,4.7,mesuré ici,0.5997321887152396,0.4824481301270875,0.2493968900695765
95c0cffd0787d5bb,363712,jm1,4062,ep640_25,25,512,128,640,64,64,64,1,1024,4.7,mesuré ici,0.6574614180546383,0.46261386231889945,0.374630313304388
95c0cffd0787d5bb,363712,jm1,4062,ep640_25,25,512,128,640,64,64,64,2,1024,5.3,mesuré ici,0.6389897767016411,0.4733269403092183,0.32370734026044795
95c0cffd0787d5bb,363712,jm1,4062,ep640_25,25,512,128,640,128,128,128,0,1024,4.7,mesuré ici,0.6622184312862278,0.4676023271050215,0.33852674564625806
95c0cffd0787d5bb,363712,jm1,4062,ep640_25,25,512,128,640,128,128,128,1,1024,4.9,mesuré ici,0.6587699024139702,0.4719032319541536,0.33703260249445577
95c0cffd0787d5bb,363712,jm1,4062,ep640_25,25,512,128,640,128,128,128,2,1024,4.8,mesuré ici,0.674887494802749,0.4636894651717466,0.3133982307615939
95c0cffd0787d5bb,363712,jm1,4062,ep640_25,25,512,128,640,256,256,256,0,1024,4.7,mesuré ici,0.6967465208990633,0.4524091255343902,0.3807058163117554
95c0cffd0787d5bb,363712,jm1,4062,ep640_25,25,512,128,640,256,256,256,1,1024,4.7,mesuré ici,0.6858506371218236,0.45446489211957564,0.3834397734730183
95c0cffd0787d5bb,363712,jm1,4062,ep640_25,25,512,128,640,256,256,256,2,1024,4.8,mesuré ici,0.6860554699537751,0.4536674407301926,0.4104264647586878
95c0cffd0787d5bb,363712,jm1,4062,ep640_25,25,512,128,640,512,512,512,0,1024,4.8,mesuré ici,0.6784705407586764,0.45241301245731397,0.39270407585374073
95c0cffd0787d5bb,363712,jm1,4062,ep640_25,25,512,128,640,1024,1024,1024,0,1024,4.8,mesuré ici,0.7057744515371633,0.4448474878848493,0.4076719535342863
95c0cffd0787d5bb,363712,jm1,4062,ep640_25,25,512,128,640,2048,2048,2048,0,1024,6.7,mesuré ici,0.7053739574926015,0.45099859588135216,0.3964558960239195
95c0cffd0787d5bb,363712,jm1,4062,ep640_25,25,512,128,640,full,4062,4062,0,1024,12.0,mesuré ici,0.7134602685450143,0.4445818507404078,0.43306408292547605
95c0cffd0787d5bb,363712,jm1,4062,ep640_50,50,512,128,640,32,32,32,0,1024,5.1,mesuré ici,0.65172304155355,0.46666356057800706,0.35275810362258475
95c0cffd0787d5bb,363712,jm1,4062,ep640_50,50,512,128,640,32,32,32,1,1024,4.8,mesuré ici,0.647415437669675,0.46403927870228834,0.36694537495077384
95c0cffd0787d5bb,363712,jm1,4062,ep640_50,50,512,128,640,32,32,32,2,1024,4.7,mesuré ici,0.6448382126348229,0.4730712863465102,0.3194256162947773
95c0cffd0787d5bb,363712,jm1,4062,ep640_50,50,512,128,640,64,64,64,0,1024,4.8,mesuré ici,0.6149448479956954,0.47835598638472765,0.2621120780291767
95c0cffd0787d5bb,363712,jm1,4062,ep640_50,50,512,128,640,64,64,64,1,1024,4.7,mesuré ici,0.6603107344632769,0.46236342281020976,0.3782913463408891
95c0cffd0787d5bb,363712,jm1,4062,ep640_50,50,512,128,640,64,64,64,2,1024,4.7,mesuré ici,0.6457064592657813,0.4688691283125398,0.36706792069076444
95c0cffd0787d5bb,363712,jm1,4062,ep640_50,50,512,128,640,128,128,128,0,1024,4.7,mesuré ici,0.6653979259911464,0.46635616931630863,0.35291043134401345
95c0cffd0787d5bb,363712,jm1,4062,ep640_50,50,512,128,640,128,128,128,1,1024,4.7,mesuré ici,0.6613410130359283,0.46871198161232663,0.3434030058972545
95c0cffd0787d5bb,363712,jm1,4062,ep640_50,50,512,128,640,128,128,128,2,1024,4.7,mesuré ici,0.6796781373052561,0.4597422376110643,0.32911663723158857
95c0cffd0787d5bb,363712,jm1,4062,ep640_50,50,512,128,640,256,256,256,0,1024,4.7,mesuré ici,0.698880450999095,0.4505822807682449,0.3878281721848086
95c0cffd0787d5bb,363712,jm1,4062,ep640_50,50,512,128,640,256,256,256,1,1024,4.8,mesuré ici,0.6890973903685769,0.45304383186202146,0.39133346389449675
95c0cffd0787d5bb,363712,jm1,4062,ep640_50,50,512,128,640,256,256,256,2,1024,4.7,mesuré ici,0.6877461051189865,0.4530194930367272,0.4111439604831837
95c0cffd0787d5bb,363712,jm1,4062,ep640_50,50,512,128,640,512,512,512,0,1024,4.7,mesuré ici,0.6808307041357888,0.45111574751002426,0.40642896101171844
95c0cffd0787d5bb,363712,jm1,4062,ep640_50,50,512,128,640,1024,1024,1024,0,1024,4.7,mesuré ici,0.7018031403624625,0.4449837879581432,0.4168908561336777
95c0cffd0787d5bb,363712,jm1,4062,ep640_50,50,512,128,640,2048,2048,2048,0,1024,6.6,mesuré ici,0.711537285689828,0.4410772537770009,0.41109351139293676
95c0cffd0787d5bb,363712,jm1,4062,ep640_50,50,512,128,640,full,4062,4062,0,1024,11.9,mesuré ici,0.7164502164502164,0.43688752746243487,0.43709575137907897
95c0cffd0787d5bb,363712,jm1,4062,ep640_200,200,512,128,640,32,32,32,0,1024,5.1,mesuré ici,0.6540587472790863,0.46355954239426855,0.36200224841370343
95c0cffd0787d5bb,363712,jm1,4062,ep640_200,200,512,128,640,32,32,32,1,1024,4.7,mesuré ici,0.6494515371634015,0.46433324016142485,0.36763614975968717
95c0cffd0787d5bb,363712,jm1,4062,ep640_200,200,512,128,640,32,32,32,2,1024,4.7,mesuré ici,0.6535237361508548,0.468455971041088,0.33427760755579916
95c0cffd0787d5bb,363712,jm1,4062,ep640_200,200,512,128,640,64,64,64,0,1024,4.7,mesuré ici,0.6311449849585442,0.47525606472232046,0.2822241428482161
95c0cffd0787d5bb,363712,jm1,4062,ep640_200,200,512,128,640,64,64,64,1,1024,4.7,mesuré ici,0.6592223689681316,0.4631795638017321,0.3804395856706734
95c0cffd0787d5bb,363712,jm1,4062,ep640_200,200,512,128,640,64,64,64,2,1024,4.7,mesuré ici,0.6534197911316555,0.4644976635429905,0.37050170138348937
95c0cffd0787d5bb,363712,jm1,4062,ep640_200,200,512,128,640,128,128,128,0,1024,4.7,mesuré ici,0.6617201066353608,0.46344681205170757,0.34963357571687403
95c0cffd0787d5bb,363712,jm1,4062,ep640_200,200,512,128,640,128,128,128,1,1024,4.7,mesuré ici,0.6640588695673442,0.4647547514015863,0.3505367990807722
95c0cffd0787d5bb,363712,jm1,4062,ep640_200,200,512,128,640,128,128,128,2,1024,4.7,mesuré ici,0.6806533861618608,0.45917533343906003,0.32712990928270536
95c0cffd0787d5bb,363712,jm1,4062,ep640_200,200,512,128,640,256,256,256,0,1024,4.7,mesuré ici,0.7013690170469832,0.44845779897120197,0.3964244407828399
95c0cffd0787d5bb,363712,jm1,4062,ep640_200,200,512,128,640,256,256,256,1,1024,4.7,mesuré ici,0.6886724386724387,0.4515793558959089,0.3900911675678794
95c0cffd0787d5bb,363712,jm1,4062,ep640_200,200,512,128,640,256,256,256,2,1024,4.7,mesuré ici,0.689366424535916,0.45107749084260107,0.4151728580007309
95c0cffd0787d5bb,363712,jm1,4062,ep640_200,200,512,128,640,512,512,512,0,1024,4.7,mesuré ici,0.6812128549416685,0.45092165885492974,0.40150612453508394
95c0cffd0787d5bb,363712,jm1,4062,ep640_200,200,512,128,640,1024,1024,1024,0,1024,4.8,mesuré ici,0.7095378726734659,0.44186428809213385,0.4132406956283041
95c0cffd0787d5bb,363712,jm1,4062,ep640_200,200,512,128,640,2048,2048,2048,0,1024,6.7,mesuré ici,0.717404064861692,0.43962385119984587,0.4059420357927749
95c0cffd0787d5bb,363712,jm1,4062,ep640_200,200,512,128,640,full,4062,4062,0,1024,12.0,mesuré ici,0.7214395773717808,0.43449862618602875,0.4399269337952525
95c0cffd0787d5bb,363618,bank-marketing,16878,ep2048_25,25,1638,410,2048,32,32,32,0,1024,5.1,mesuré ici,0.6819459808259588,0.345320001088953,0.2151416338596267
95c0cffd0787d5bb,363618,bank-marketing,16878,ep2048_25,25,1638,410,2048,32,32,32,1,1024,4.7,mesuré ici,0.7334992625368731,0.3210201938336503,0.399092363480001
95c0cffd0787d5bb,363618,bank-marketing,16878,ep2048_25,25,1638,410,2048,32,32,32,2,1024,4.7,mesuré ici,0.5765532817109145,0.3679313789422076,0.1851041600469775
95c0cffd0787d5bb,363618,bank-marketing,16878,ep2048_25,25,1638,410,2048,64,64,64,0,1024,4.6,mesuré ici,0.7258112094395279,0.32943899346008615,0.29324622060709377
95c0cffd0787d5bb,363618,bank-marketing,16878,ep2048_25,25,1638,410,2048,64,64,64,1,1024,4.7,mesuré ici,0.6704784292035398,0.3424276166543092,0.3174828372681286
95c0cffd0787d5bb,363618,bank-marketing,16878,ep2048_25,25,1638,410,2048,64,64,64,2,1024,4.7,mesuré ici,0.7159752949852507,0.3210216570033262,0.3933391138061212
95c0cffd0787d5bb,363618,bank-marketing,16878,ep2048_25,25,1638,410,2048,128,128,128,0,1024,4.8,mesuré ici,0.717593104719764,0.3328122075541093,0.382621234745734
95c0cffd0787d5bb,363618,bank-marketing,16878,ep2048_25,25,1638,410,2048,128,128,128,1,1024,5.1,mesuré ici,0.724755715339233,0.30786805324664707,0.4273133409945606
95c0cffd0787d5bb,363618,bank-marketing,16878,ep2048_25,25,1638,410,2048,128,128,128,2,1024,4.9,mesuré ici,0.7172981194690267,0.3365641899159504,0.27859236599329773
95c0cffd0787d5bb,363618,bank-marketing,16878,ep2048_25,25,1638,410,2048,256,256,256,0,1024,4.8,mesuré ici,0.7296828908554572,0.32462036443180387,0.36032482999420473
95c0cffd0787d5bb,363618,bank-marketing,16878,ep2048_25,25,1638,410,2048,256,256,256,1,1024,4.8,mesuré ici,0.7163117625368731,0.3118848108669203,0.4177015574319732
95c0cffd0787d5bb,363618,bank-marketing,16878,ep2048_25,25,1638,410,2048,256,256,256,2,1024,4.7,mesuré ici,0.7397308259587021,0.32103248577235854,0.4156803534284273
95c0cffd0787d5bb,363618,bank-marketing,16878,ep2048_25,25,1638,410,2048,512,512,512,0,1024,4.8,mesuré ici,0.7516085914454278,0.29989285998826787,0.43834859374622764
95c0cffd0787d5bb,363618,bank-marketing,16878,ep2048_25,25,1638,410,2048,1024,1024,1024,0,1024,4.8,mesuré ici,0.7815449852507375,0.2901637569895996,0.4777083560454496
95c0cffd0787d5bb,363618,bank-marketing,16878,ep2048_25,25,1638,410,2048,2048,2048,2048,0,1024,6.2,mesuré ici,0.778267883480826,0.2876095981499791,0.49286819265965676
95c0cffd0787d5bb,363618,bank-marketing,16878,ep2048_25,25,1638,410,2048,full,16878,16878,0,1024,65.6,mesuré ici,0.7879009955752212,0.2809457585071228,0.5040776102848108
95c0cffd0787d5bb,363618,bank-marketing,16878,ep2048_50,50,1638,410,2048,32,32,32,0,1024,5.0,mesuré ici,0.6833702064896756,0.34639039154281687,0.21423382724411016
95c0cffd0787d5bb,363618,bank-marketing,16878,ep2048_50,50,1638,410,2048,32,32,32,1,1024,4.7,mesuré ici,0.730904314159292,0.3255398343713891,0.39077321927024866
95c0cffd0787d5bb,363618,bank-marketing,16878,ep2048_50,50,1638,410,2048,32,32,32,2,1024,4.8,mesuré ici,0.5783738938053098,0.3652123675963539,0.18836664270647507
95c0cffd0787d5bb,363618,bank-marketing,16878,ep2048_50,50,1638,410,2048,64,64,64,0,1024,4.7,mesuré ici,0.728857853982301,0.3284454868528096,0.3044279995459024
95c0cffd0787d5bb,363618,bank-marketing,16878,ep2048_50,50,1638,410,2048,64,64,64,1,1024,4.7,mesuré ici,0.6704876474926253,0.3443612254567303,0.3093989056370037
95c0cffd0787d5bb,363618,bank-marketing,16878,ep2048_50,50,1638,410,2048,64,64,64,2,1024,4.7,mesuré ici,0.718242994100295,0.3214158483669521,0.39385324593955306
95c0cffd0787d5bb,363618,bank-marketing,16878,ep2048_50,50,1638,410,2048,128,128,128,0,1024,4.7,mesuré ici,0.7205752212389381,0.3354824686891398,0.38529284408365855
95c0cffd0787d5bb,363618,bank-marketing,16878,ep2048_50,50,1638,410,2048,128,128,128,1,1024,4.7,mesuré ici,0.7271294247787611,0.3095220238909163,0.4262294167738098
95c0cffd0787d5bb,363618,bank-marketing,16878,ep2048_50,50,1638,410,2048,128,128,128,2,1024,4.7,mesuré ici,0.7158047566371681,0.3390184742110142,0.27876940960471225
95c0cffd0787d5bb,363618,bank-marketing,16878,ep2048_50,50,1638,410,2048,256,256,256,0,1024,4.8,mesuré ici,0.7320289454277285,0.3280990193225608,0.3621316323898752
95c0cffd0787d5bb,363618,bank-marketing,16878,ep2048_50,50,1638,410,2048,256,256,256,1,1024,4.7,mesuré ici,0.7190173303834808,0.3149359658724281,0.41999990579575397
95c0cffd0787d5bb,363618,bank-marketing,16878,ep2048_50,50,1638,410,2048,256,256,256,2,1024,4.8,mesuré ici,0.7393989675516224,0.316746408247246,0.4137846324345103
95c0cffd0787d5bb,363618,bank-marketing,16878,ep2048_50,50,1638,410,2048,512,512,512,0,1024,4.8,mesuré ici,0.7567109144542773,0.29813394196508747,0.44263881129179283
95c0cffd0787d5bb,363618,bank-marketing,16878,ep2048_50,50,1638,410,2048,1024,1024,1024,0,1024,4.8,mesuré ici,0.7830199115044247,0.2900900308622691,0.479033915610351
95c0cffd0787d5bb,363618,bank-marketing,16878,ep2048_50,50,1638,410,2048,2048,2048,2048,0,1024,6.2,mesuré ici,0.7801115412979351,0.2879550785451973,0.49358721220029533
95c0cffd0787d5bb,363618,bank-marketing,16878,ep2048_50,50,1638,410,2048,full,16878,16878,0,1024,65.9,mesuré ici,0.7872418879056047,0.2820486810191376,0.4984471669943926
95c0cffd0787d5bb,363618,bank-marketing,16878,ep2048_200,200,1638,410,2048,32,32,32,0,1024,5.0,mesuré ici,0.6934227507374631,0.34814372260899046,0.22276386002187784
95c0cffd0787d5bb,363618,bank-marketing,16878,ep2048_200,200,1638,410,2048,32,32,32,1,1024,4.6,mesuré ici,0.730074668141593,0.32826595604796355,0.3865830530277942
95c0cffd0787d5bb,363618,bank-marketing,16878,ep2048_200,200,1638,410,2048,32,32,32,2,1024,4.6,mesuré ici,0.5720593657817109,0.36696045192863463,0.17805841506068443
95c0cffd0787d5bb,363618,bank-marketing,16878,ep2048_200,200,1638,410,2048,64,64,64,0,1024,4.6,mesuré ici,0.7295031342182892,0.3304996870894462,0.3239115267884193
95c0cffd0787d5bb,363618,bank-marketing,16878,ep2048_200,200,1638,410,2048,64,64,64,1,1024,4.5,mesuré ici,0.6646801253687316,0.3459370144867521,0.3291404740672714
95c0cffd0787d5bb,363618,bank-marketing,16878,ep2048_200,200,1638,410,2048,64,64,64,2,1024,4.6,mesuré ici,0.7346331120943953,0.32109565992079403,0.39429167457482334
95c0cffd0787d5bb,363618,bank-marketing,16878,ep2048_200,200,1638,410,2048,128,128,128,0,1024,4.6,mesuré ici,0.7329507743362832,0.3333268159543135,0.3924073905103771
95c0cffd0787d5bb,363618,bank-marketing,16878,ep2048_200,200,1638,410,2048,128,128,128,1,1024,4.7,mesuré ici,0.735734697640118,0.30926037728592737,0.4349110745573178
95c0cffd0787d5bb,363618,bank-marketing,16878,ep2048_200,200,1638,410,2048,128,128,128,2,1024,4.6,mesuré ici,0.7225617625368732,0.3368859314674809,0.27735049500644265
95c0cffd0787d5bb,363618,bank-marketing,16878,ep2048_200,200,1638,410,2048,256,256,256,0,1024,4.7,mesuré ici,0.7455291297935104,0.3213374485490338,0.39009921908407985
95c0cffd0787d5bb,363618,bank-marketing,16878,ep2048_200,200,1638,410,2048,256,256,256,1,1024,4.6,mesuré ici,0.7335361356932153,0.3096116832186411,0.4353326332756037
95c0cffd0787d5bb,363618,bank-marketing,16878,ep2048_200,200,1638,410,2048,256,256,256,2,1024,4.7,mesuré ici,0.7364214601769912,0.31711377089052406,0.40296537493016593
95c0cffd0787d5bb,363618,bank-marketing,16878,ep2048_200,200,1638,410,2048,512,512,512,0,1024,4.6,mesuré ici,0.7663901179941002,0.29471967307864366,0.4610641127718791
95c0cffd0787d5bb,363618,bank-marketing,16878,ep2048_200,200,1638,410,2048,1024,1024,1024,0,1024,4.8,mesuré ici,0.7838772123893805,0.2870258519635438,0.4905910361823387
95c0cffd0787d5bb,363618,bank-marketing,16878,ep2048_200,200,1638,410,2048,2048,2048,2048,0,1024,6.1,mesuré ici,0.7774751106194691,0.28710546437993156,0.4874030754526919
95c0cffd0787d5bb,363618,bank-marketing,16878,ep2048_200,200,1638,410,2048,full,16878,16878,0,1024,66.1,mesuré ici,0.7894634955752213,0.27918148509230445,0.5196374815576827
95c0cffd0787d5bb,363613,Amazon_employee_access,12233,ep2048_25,25,1638,410,2048,32,32,32,0,1024,4.7,mesuré ici,0.5085536137700887,0.2317540981415927,0.946685789547047
95c0cffd0787d5bb,363613,Amazon_employee_access,12233,ep2048_25,25,1638,410,2048,32,32,32,1,1024,4.4,mesuré ici,0.5833055238429788,0.2261621344979431,0.9586696937008992
95c0cffd0787d5bb,363613,Amazon_employee_access,12233,ep2048_25,25,1638,410,2048,32,32,32,2,1024,4.4,mesuré ici,0.5065688943532098,0.23393231870012368,0.9452434538564376
95c0cffd0787d5bb,363613,Amazon_employee_access,12233,ep2048_25,25,1638,410,2048,64,64,64,0,1024,4.4,mesuré ici,0.5250548871520154,0.22567946849081266,0.9532187177549578
95c0cffd0787d5bb,363613,Amazon_employee_access,12233,ep2048_25,25,1638,410,2048,64,64,64,1,1024,4.5,mesuré ici,0.47449723368753843,0.24188844141350418,0.9394024655103682
95c0cffd0787d5bb,363613,Amazon_employee_access,12233,ep2048_25,25,1638,410,2048,64,64,64,2,1024,4.5,mesuré ici,0.5335470273118469,0.22386884966783993,0.9479274023039677
95c0cffd0787d5bb,363613,Amazon_employee_access,12233,ep2048_25,25,1638,410,2048,128,128,128,0,1024,4.6,mesuré ici,0.5134627206463511,0.22124581991325964,0.9427754780429495
95c0cffd0787d5bb,363613,Amazon_employee_access,12233,ep2048_25,25,1638,410,2048,128,128,128,1,1024,4.3,mesuré ici,0.6081496443312548,0.21849198869355543,0.9586386762236481
95c0cffd0787d5bb,363613,Amazon_employee_access,12233,ep2048_25,25,1638,410,2048,128,128,128,2,1024,4.4,mesuré ici,0.5373847369807676,0.2242756000559008,0.9493456937889211
95c0cffd0787d5bb,363613,Amazon_employee_access,12233,ep2048_25,25,1638,410,2048,256,256,256,0,1024,4.3,mesuré ici,0.588284886273821,0.21836577938836998,0.956866859888788
95c0cffd0787d5bb,363613,Amazon_employee_access,12233,ep2048_25,25,1638,410,2048,256,256,256,1,1024,4.4,mesuré ici,0.5853604988144376,0.21837171289144247,0.9577255101149404
95c0cffd0787d5bb,363613,Amazon_employee_access,12233,ep2048_25,25,1638,410,2048,256,256,256,2,1024,4.4,mesuré ici,0.6025379819091946,0.21787242281694857,0.9553703414247117
95c0cffd0787d5bb,363613,Amazon_employee_access,12233,ep2048_25,25,1638,410,2048,512,512,512,0,1024,4.4,mesuré ici,0.6062088346359884,0.21515831172581407,0.952427241442321
95c0cffd0787d5bb,363613,Amazon_employee_access,12233,ep2048_25,25,1638,410,2048,1024,1024,1024,0,1024,4.5,mesuré ici,0.5591376130675332,0.22226111655036646,0.9531326076592996
95c0cffd0787d5bb,363613,Amazon_employee_access,12233,ep2048_25,25,1638,410,2048,2048,2048,2048,0,1024,5.8,mesuré ici,0.7047071221568455,0.20152113583593478,0.9694180160130312
95c0cffd0787d5bb,363613,Amazon_employee_access,12233,ep2048_25,25,1638,410,2048,full,12233,12233,0,1024,40.0,mesuré ici,0.8426275577412838,0.16760113269771826,0.9857656319069426
95c0cffd0787d5bb,363613,Amazon_employee_access,12233,ep2048_50,50,1638,410,2048,32,32,32,0,1024,4.8,mesuré ici,0.5105734609642575,0.23138200574695286,0.9468022161737464
95c0cffd0787d5bb,363613,Amazon_employee_access,12233,ep2048_50,50,1638,410,2048,32,32,32,1,1024,4.4,mesuré ici,0.5808992710986213,0.2257649187959042,0.9582003412044551
95c0cffd0787d5bb,363613,Amazon_employee_access,12233,ep2048_50,50,1638,410,2048,32,32,32,2,1024,4.4,mesuré ici,0.5081057346096426,0.23354266140352575,0.9459143545298097
95c0cffd0787d5bb,363613,Amazon_employee_access,12233,ep2048_50,50,1638,410,2048,64,64,64,0,1024,4.4,mesuré ici,0.5257398788091683,0.22572121758676145,0.9531707688859601
95c0cffd0787d5bb,363613,Amazon_employee_access,12233,ep2048_50,50,1638,410,2048,64,64,64,1,1024,4.4,mesuré ici,0.47489242118204966,0.24371264312093807,0.9401839228311023
95c0cffd0787d5bb,363613,Amazon_employee_access,12233,ep2048_50,50,1638,410,2048,64,64,64,2,1024,4.4,mesuré ici,0.533994906472293,0.22386324668958577,0.9478593129861757
95c0cffd0787d5bb,363613,Amazon_employee_access,12233,ep2048_50,50,1638,410,2048,128,128,128,0,1024,4.4,mesuré ici,0.5028716957934487,0.2222173725195446,0.9405799298002933
95c0cffd0787d5bb,363613,Amazon_employee_access,12233,ep2048_50,50,1638,410,2048,128,128,128,1,1024,4.4,mesuré ici,0.608817072099763,0.21881076624033338,0.9590891989392417
95c0cffd0787d5bb,363613,Amazon_employee_access,12233,ep2048_50,50,1638,410,2048,128,128,128,2,1024,4.4,mesuré ici,0.5392816369544218,0.225694738024521,0.9495989277203277
95c0cffd0787d5bb,363613,Amazon_employee_access,12233,ep2048_50,50,1638,410,2048,256,256,256,0,1024,4.4,mesuré ici,0.58945288486871,0.2192363859890603,0.9575986040408999
95c0cffd0787d5bb,363613,Amazon_employee_access,12233,ep2048_50,50,1638,410,2048,256,256,256,1,1024,4.4,mesuré ici,0.5867831737946781,0.2186451527706138,0.9572616701151626
95c0cffd0787d5bb,363613,Amazon_employee_access,12233,ep2048_50,50,1638,410,2048,256,256,256,2,1024,4.4,mesuré ici,0.5986914902959515,0.21811271290243345,0.953638162927851
95c0cffd0787d5bb,363613,Amazon_employee_access,12233,ep2048_50,50,1638,410,2048,512,512,512,0,1024,4.4,mesuré ici,0.6121366470536577,0.2151468024338072,0.9540989283598065
95c0cffd0787d5bb,363613,Amazon_employee_access,12233,ep2048_50,50,1638,410,2048,1024,1024,1024,0,1024,4.5,mesuré ici,0.5537630631421797,0.223858186716326,0.9513590182686209
95c0cffd0787d5bb,363613,Amazon_employee_access,12233,ep2048_50,50,1638,410,2048,2048,2048,2048,0,1024,5.7,mesuré ici,0.7107842276279968,0.2001954189660473,0.9721674087622822
95c0cffd0787d5bb,363613,Amazon_employee_access,12233,ep2048_50,50,1638,410,2048,full,12233,12233,0,1024,40.2,mesuré ici,0.8389479230701679,0.16916833071894538,0.9854538284135579
95c0cffd0787d5bb,363613,Amazon_employee_access,12233,ep2048_200,200,1638,410,2048,32,32,32,0,1024,4.8,mesuré ici,0.5253886010362694,0.22803957167706407,0.9504873603186279
95c0cffd0787d5bb,363613,Amazon_employee_access,12233,ep2048_200,200,1638,410,2048,32,32,32,1,1024,4.4,mesuré ici,0.5893562834811628,0.22513183135413015,0.959048795062438
95c0cffd0787d5bb,363613,Amazon_employee_access,12233,ep2048_200,200,1638,410,2048,32,32,32,2,1024,4.5,mesuré ici,0.49906911390181785,0.2362040537850645,0.9443472874898471
95c0cffd0787d5bb,363613,Amazon_employee_access,12233,ep2048_200,200,1638,410,2048,64,64,64,0,1024,4.4,mesuré ici,0.5259682093615526,0.22616044459346796,0.9513576350008135
95c0cffd0787d5bb,363613,Amazon_employee_access,12233,ep2048_200,200,1638,410,2048,64,64,64,1,1024,4.4,mesuré ici,0.4774743128128568,0.23693069587247167,0.940729540883998
95c0cffd0787d5bb,363613,Amazon_employee_access,12233,ep2048_200,200,1638,410,2048,64,64,64,2,1024,4.4,mesuré ici,0.5388513216826205,0.22356056392979065,0.9501304860875028
95c0cffd0787d5bb,363613,Amazon_employee_access,12233,ep2048_200,200,1638,410,2048,128,128,128,0,1024,4.4,mesuré ici,0.4939404584174936,0.2231209775592027,0.9403642088406808
95c0cffd0787d5bb,363613,Amazon_employee_access,12233,ep2048_200,200,1638,410,2048,128,128,128,1,1024,4.4,mesuré ici,0.6104505137437428,0.21853097064724403,0.960530457334507
95c0cffd0787d5bb,363613,Amazon_employee_access,12233,ep2048_200,200,1638,410,2048,128,128,128,2,1024,4.4,mesuré ici,0.5521296214981997,0.22149942355640792,0.9514525092807316
95c0cffd0787d5bb,363613,Amazon_employee_access,12233,ep2048_200,200,1638,410,2048,256,256,256,0,1024,4.4,mesuré ici,0.5974444542021604,0.2176455833947395,0.9597072323420788
95c0cffd0787d5bb,363613,Amazon_employee_access,12233,ep2048_200,200,1638,410,2048,256,256,256,1,1024,4.5,mesuré ici,0.6036445068938263,0.21701791563737677,0.9609930949793835
95c0cffd0787d5bb,363613,Amazon_employee_access,12233,ep2048_200,200,1638,410,2048,256,256,256,2,1024,4.5,mesuré ici,0.6141038025818916,0.21722987325362278,0.9545381973777616
95c0cffd0787d5bb,363613,Amazon_employee_access,12233,ep2048_200,200,1638,410,2048,512,512,512,0,1024,4.4,mesuré ici,0.6269166593483797,0.2117596021894128,0.9612797538397154
95c0cffd0787d5bb,363613,Amazon_employee_access,12233,ep2048_200,200,1638,410,2048,1024,1024,1024,0,1024,4.5,mesuré ici,0.5749187670150171,0.2215562412036381,0.9565226969780573
95c0cffd0787d5bb,363613,Amazon_employee_access,12233,ep2048_200,200,1638,410,2048,2048,2048,2048,0,1024,5.7,mesuré ici,0.71708088170721,0.20255966675709297,0.9742662330536204
95c0cffd0787d5bb,363613,Amazon_employee_access,12233,ep2048_200,200,1638,410,2048,full,12233,12233,0,1024,40.2,mesuré ici,0.8159743567225783,0.18215803700423844,0.9819116889265036
95c0cffd0787d5bb,363627,credit_card_clients_default,11200,ep2048_25,25,1638,410,2048,32,32,32,0,1024,5.2,mesuré ici,0.7001144158435542,0.4765999801375814,0.49988750449613767
95c0cffd0787d5bb,363627,credit_card_clients_default,11200,ep2048_25,25,1638,410,2048,32,32,32,1,1024,4.9,mesuré ici,0.6839303776828305,0.5095472884713512,0.4080634661624771
95c0cffd0787d5bb,363627,credit_card_clients_default,11200,ep2048_25,25,1638,410,2048,32,32,32,2,1024,4.8,mesuré ici,0.7185176791823965,0.5974991298824599,0.4907449774925179
95c0cffd0787d5bb,363627,credit_card_clients_default,11200,ep2048_25,25,1638,410,2048,64,64,64,0,1024,4.8,mesuré ici,0.7579635085314423,0.4364858849681048,0.5751720599673229
95c0cffd0787d5bb,363627,credit_card_clients_default,11200,ep2048_25,25,1638,410,2048,64,64,64,1,1024,4.8,mesuré ici,0.7346934263399643,0.4914654739294353,0.45685156965493645
95c0cffd0787d5bb,363627,credit_card_clients_default,11200,ep2048_25,25,1638,410,2048,64,64,64,2,1024,4.8,mesuré ici,0.7296635510919252,0.4878311770270893,0.4451703894380872
95c0cffd0787d5bb,363627,credit_card_clients_default,11200,ep2048_25,25,1638,410,2048,128,128,128,0,1024,4.9,mesuré ici,0.739355733781416,0.4664989132165267,0.4857974592742327
95c0cffd0787d5bb,363627,credit_card_clients_default,11200,ep2048_25,25,1638,410,2048,128,128,128,1,1024,4.8,mesuré ici,0.7517176194871737,0.4319640038515581,0.554444612308496
95c0cffd0787d5bb,363627,credit_card_clients_default,11200,ep2048_25,25,1638,410,2048,128,128,128,2,1024,5.2,mesuré ici,0.7170612262946401,0.4768826662622041,0.5034152741647765
95c0cffd0787d5bb,363627,credit_card_clients_default,11200,ep2048_25,25,1638,410,2048,256,256,256,0,1024,4.8,mesuré ici,0.7517038011485803,0.44520915291250696,0.5113080700838099
95c0cffd0787d5bb,363627,credit_card_clients_default,11200,ep2048_25,25,1638,410,2048,256,256,256,1,1024,4.9,mesuré ici,0.7623052305175244,0.42969948667095526,0.5596974145316651
95c0cffd0787d5bb,363627,credit_card_clients_default,11200,ep2048_25,25,1638,410,2048,256,256,256,2,1024,4.9,mesuré ici,0.7831764491291684,0.4215095617166601,0.5917308771939713
95c0cffd0787d5bb,363627,credit_card_clients_default,11200,ep2048_25,25,1638,410,2048,512,512,512,0,1024,4.9,mesuré ici,0.785605713053908,0.4187685590783406,0.5810045144281706
95c0cffd0787d5bb,363627,credit_card_clients_default,11200,ep2048_25,25,1638,410,2048,1024,1024,1024,0,1024,4.9,mesuré ici,0.7912850502158424,0.4226521303406569,0.5733520863647559
95c0cffd0787d5bb,363627,credit_card_clients_default,11200,ep2048_25,25,1638,410,2048,2048,2048,2048,0,1024,6.9,mesuré ici,0.7968980593525279,0.4116170668681824,0.5783337205199643
95c0cffd0787d5bb,363627,credit_card_clients_default,11200,ep2048_25,25,1638,410,2048,full,11200,11200,0,1024,39.4,mesuré ici,0.7998579474792586,0.4087217802921305,0.5889818985407924
95c0cffd0787d5bb,363627,credit_card_clients_default,11200,ep2048_50,50,1638,410,2048,32,32,32,0,1024,5.3,mesuré ici,0.7012447559405037,0.47458166034850774,0.5019110578486109
95c0cffd0787d5bb,363627,credit_card_clients_default,11200,ep2048_50,50,1638,410,2048,32,32,32,1,1024,4.8,mesuré ici,0.6887253411747799,0.5071040356894729,0.4107797670575024
95c0cffd0787d5bb,363627,credit_card_clients_default,11200,ep2048_50,50,1638,410,2048,32,32,32,2,1024,4.9,mesuré ici,0.7183408044483995,0.6150841421330693,0.4865344839464939
95c0cffd0787d5bb,363627,credit_card_clients_default,11200,ep2048_50,50,1638,410,2048,64,64,64,0,1024,4.9,mesuré ici,0.7598372752447227,0.43440750038831144,0.5757402128427245
95c0cffd0787d5bb,363627,credit_card_clients_default,11200,ep2048_50,50,1638,410,2048,64,64,64,1,1024,4.9,mesuré ici,0.7352544508868609,0.5003306356522056,0.45824297824541804
95c0cffd0787d5bb,363627,credit_card_clients_default,11200,ep2048_50,50,1638,410,2048,64,64,64,2,1024,4.9,mesuré ici,0.7273890525594326,0.48438031746962223,0.44058082129085646
95c0cffd0787d5bb,363627,credit_card_clients_default,11200,ep2048_50,50,1638,410,2048,128,128,128,0,1024,4.9,mesuré ici,0.7401489064166837,0.46365264997078737,0.48040271820496844
95c0cffd0787d5bb,363627,credit_card_clients_default,11200,ep2048_50,50,1638,410,2048,128,128,128,1,1024,5.0,mesuré ici,0.7564904736373737,0.43054515108174485,0.5577942915183384
95c0cffd0787d5bb,363627,credit_card_clients_default,11200,ep2048_50,50,1638,410,2048,128,128,128,2,1024,4.9,mesuré ici,0.7204080279019893,0.4747599652431926,0.5067445745876773
95c0cffd0787d5bb,363627,credit_card_clients_default,11200,ep2048_50,50,1638,410,2048,256,256,256,0,1024,5.0,mesuré ici,0.7530358889889952,0.4459204899268484,0.506716708704323
95c0cffd0787d5bb,363627,credit_card_clients_default,11200,ep2048_50,50,1638,410,2048,256,256,256,1,1024,4.9,mesuré ici,0.766550224133452,0.42846099070582916,0.5546342836074921
95c0cffd0787d5bb,363627,credit_card_clients_default,11200,ep2048_50,50,1638,410,2048,256,256,256,2,1024,4.9,mesuré ici,0.7838093290367514,0.41968483377991406,0.5940867560473344
95c0cffd0787d5bb,363627,credit_card_clients_default,11200,ep2048_50,50,1638,410,2048,512,512,512,0,1024,4.9,mesuré ici,0.7844698456215212,0.4207289783074991,0.5805547084503893
95c0cffd0787d5bb,363627,credit_card_clients_default,11200,ep2048_50,50,1638,410,2048,1024,1024,1024,0,1024,4.9,mesuré ici,0.7956792818885798,0.42018290912817435,0.5798927209710205
95c0cffd0787d5bb,363627,credit_card_clients_default,11200,ep2048_50,50,1638,410,2048,2048,2048,2048,0,1024,6.8,mesuré ici,0.7937281324791757,0.41305289181746835,0.5723236547946386
95c0cffd0787d5bb,363627,credit_card_clients_default,11200,ep2048_50,50,1638,410,2048,full,11200,11200,0,1024,40.0,mesuré ici,0.7982384381960987,0.4094458825990941,0.5896708745530652
95c0cffd0787d5bb,363627,credit_card_clients_default,11200,ep2048_200,200,1638,410,2048,32,32,32,0,1024,5.2,mesuré ici,0.7042239897412654,0.4749234794644024,0.5029301927552966
95c0cffd0787d5bb,363627,credit_card_clients_default,11200,ep2048_200,200,1638,410,2048,32,32,32,1,1024,4.9,mesuré ici,0.69699147132142,0.5090826402109834,0.4112021176378288
95c0cffd0787d5bb,363627,credit_card_clients_default,11200,ep2048_200,200,1638,410,2048,32,32,32,2,1024,4.8,mesuré ici,0.7236304644619969,0.5902256983516063,0.4952936954162375
95c0cffd0787d5bb,363627,credit_card_clients_default,11200,ep2048_200,200,1638,410,2048,64,64,64,0,1024,4.9,mesuré ici,0.7609703790093909,0.4362787879434489,0.5757280267479449
95c0cffd0787d5bb,363627,credit_card_clients_default,11200,ep2048_200,200,1638,410,2048,64,64,64,1,1024,4.9,mesuré ici,0.737512367413041,0.48357245758931927,0.4652125859419574
95c0cffd0787d5bb,363627,credit_card_clients_default,11200,ep2048_200,200,1638,410,2048,64,64,64,2,1024,4.9,mesuré ici,0.7338090526699794,0.48932822778101337,0.4479836121966252
95c0cffd0787d5bb,363627,credit_card_clients_default,11200,ep2048_200,200,1638,410,2048,128,128,128,0,1024,4.8,mesuré ici,0.7526987215273133,0.4618392647338809,0.5015369312086463
95c0cffd0787d5bb,363627,credit_card_clients_default,11200,ep2048_200,200,1638,410,2048,128,128,128,1,1024,4.9,mesuré ici,0.7606304478799905,0.42815736919492253,0.5601797146864158
95c0cffd0787d5bb,363627,credit_card_clients_default,11200,ep2048_200,200,1638,410,2048,128,128,128,2,1024,4.9,mesuré ici,0.7304263233822872,0.4748637577417942,0.5292756478046223
95c0cffd0787d5bb,363627,credit_card_clients_default,11200,ep2048_200,200,1638,410,2048,256,256,256,0,1024,4.9,mesuré ici,0.7579358718542551,0.4402069733796961,0.5362781185114222
95c0cffd0787d5bb,363627,credit_card_clients_default,11200,ep2048_200,200,1638,410,2048,256,256,256,1,1024,4.9,mesuré ici,0.7844560272829277,0.4240412950152906,0.5760549567011465
95c0cffd0787d5bb,363627,credit_card_clients_default,11200,ep2048_200,200,1638,410,2048,256,256,256,2,1024,5.0,mesuré ici,0.7895218302113101,0.41759184982638,0.6029017445280556
95c0cffd0787d5bb,363627,credit_card_clients_default,11200,ep2048_200,200,1638,410,2048,512,512,512,0,1024,5.0,mesuré ici,0.7899032163564911,0.4148453844244792,0.5913356227035648
95c0cffd0787d5bb,363627,credit_card_clients_default,11200,ep2048_200,200,1638,410,2048,1024,1024,1024,0,1024,5.0,mesuré ici,0.7975558122695792,0.41543901335702627,0.5849204316666492
95c0cffd0787d5bb,363627,credit_card_clients_default,11200,ep2048_200,200,1638,410,2048,2048,2048,2048,0,1024,6.8,mesuré ici,0.7953061867465551,0.4110131757710459,0.578343257483364
95c0cffd0787d5bb,363627,credit_card_clients_default,11200,ep2048_200,200,1638,410,2048,full,11200,11200,0,1024,39.9,mesuré ici,0.7966355109192511,0.40967637891073655,0.5931621012610898
95c0cffd0787d5bb,363679,HR_Analytics_Job_Change_of_Data_Scientists,7151,ep2048_25,25,1638,410,2048,32,32,32,0,1024,5.2,mesuré ici,0.697613401667559,0.5272840487191839,0.4292902624482837
95c0cffd0787d5bb,363679,HR_Analytics_Job_Change_of_Data_Scientists,7151,ep2048_25,25,1638,410,2048,32,32,32,1,1024,4.7,mesuré ici,0.7025115377750579,0.532698499421181,0.43013523202095794
95c0cffd0787d5bb,363679,HR_Analytics_Job_Change_of_Data_Scientists,7151,ep2048_25,25,1638,410,2048,32,32,32,2,1024,4.7,mesuré ici,0.7060047425992503,0.5207893072609736,0.47278261846749947
95c0cffd0787d5bb,363679,HR_Analytics_Job_Change_of_Data_Scientists,7151,ep2048_25,25,1638,410,2048,64,64,64,0,1024,4.8,mesuré ici,0.6931028328106275,0.5381732204621802,0.40372264610891173
95c0cffd0787d5bb,363679,HR_Analytics_Job_Change_of_Data_Scientists,7151,ep2048_25,25,1638,410,2048,64,64,64,1,1024,4.7,mesuré ici,0.7210510211887096,0.5223076685108436,0.45816359789034167
95c0cffd0787d5bb,363679,HR_Analytics_Job_Change_of_Data_Scientists,7151,ep2048_25,25,1638,410,2048,64,64,64,2,1024,4.7,mesuré ici,0.7621892450087968,0.4812592145337937,0.4919228645749727
95c0cffd0787d5bb,363679,HR_Analytics_Job_Change_of_Data_Scientists,7151,ep2048_25,25,1638,410,2048,128,128,128,0,1024,4.7,mesuré ici,0.7604655906575895,0.47861503335245087,0.4775983581537881
95c0cffd0787d5bb,363679,HR_Analytics_Job_Change_of_Data_Scientists,7151,ep2048_25,25,1638,410,2048,128,128,128,1,1024,5.1,mesuré ici,0.7456768403069939,0.4975385655446509,0.44288704409051294
95c0cffd0787d5bb,363679,HR_Analytics_Job_Change_of_Data_Scientists,7151,ep2048_25,25,1638,410,2048,128,128,128,2,1024,4.8,mesuré ici,0.7456207450470436,0.4940425648902376,0.4570011801409344
95c0cffd0787d5bb,363679,HR_Analytics_Job_Change_of_Data_Scientists,7151,ep2048_25,25,1638,410,2048,256,256,256,0,1024,4.7,mesuré ici,0.7670236365027155,0.47012232752157823,0.5069815772851144
95c0cffd0787d5bb,363679,HR_Analytics_Job_Change_of_Data_Scientists,7151,ep2048_25,25,1638,410,2048,256,256,256,1,1024,4.8,mesuré ici,0.764506999158571,0.48060839565392066,0.49199534834908915
95c0cffd0787d5bb,363679,HR_Analytics_Job_Change_of_Data_Scientists,7151,ep2048_25,25,1638,410,2048,256,256,256,2,1024,4.7,mesuré ici,0.7748642239730743,0.4694151700532765,0.5012025005842632
95c0cffd0787d5bb,363679,HR_Analytics_Job_Change_of_Data_Scientists,7151,ep2048_25,25,1638,410,2048,512,512,512,0,1024,4.8,mesuré ici,0.7763762462071955,0.46246964468671375,0.5021831288529512
95c0cffd0787d5bb,363679,HR_Analytics_Job_Change_of_Data_Scientists,7151,ep2048_25,25,1638,410,2048,1024,1024,1024,0,1024,4.9,mesuré ici,0.7767944108722813,0.45454939216019463,0.5106040782780812
95c0cffd0787d5bb,363679,HR_Analytics_Job_Change_of_Data_Scientists,7151,ep2048_25,25,1638,410,2048,2048,2048,2048,0,1024,6.4,mesuré ici,0.7847369897243683,0.4445860910172631,0.5104271077869227
95c0cffd0787d5bb,363679,HR_Analytics_Job_Change_of_Data_Scientists,7151,ep2048_25,25,1638,410,2048,full,7151,7151,0,1024,20.5,mesuré ici,0.796399704224993,0.4421564837328782,0.5257646967149366
95c0cffd0787d5bb,363679,HR_Analytics_Job_Change_of_Data_Scientists,7151,ep2048_50,50,1638,410,2048,32,32,32,0,1024,5.2,mesuré ici,0.6984701292740763,0.5301041414311036,0.42732667022619925
95c0cffd0787d5bb,363679,HR_Analytics_Job_Change_of_Data_Scientists,7151,ep2048_50,50,1638,410,2048,32,32,32,1,1024,4.7,mesuré ici,0.70367423952676,0.5341727434612504,0.42948196935398225
95c0cffd0787d5bb,363679,HR_Analytics_Job_Change_of_Data_Scientists,7151,ep2048_50,50,1638,410,2048,32,32,32,2,1024,4.7,mesuré ici,0.7050766210255233,0.5215663374841416,0.4720838970523828
95c0cffd0787d5bb,363679,HR_Analytics_Job_Change_of_Data_Scientists,7151,ep2048_50,50,1638,410,2048,64,64,64,0,1024,4.7,mesuré ici,0.6971544404497819,0.5392225317156615,0.40934713678164897
95c0cffd0787d5bb,363679,HR_Analytics_Job_Change_of_Data_Scientists,7151,ep2048_50,50,1638,410,2048,64,64,64,1,1024,4.7,mesuré ici,0.7204033759147351,0.5235202095440075,0.45914185771291566
95c0cffd0787d5bb,363679,HR_Analytics_Job_Change_of_Data_Scientists,7151,ep2048_50,50,1638,410,2048,64,64,64,2,1024,4.7,mesuré ici,0.7634870853412886,0.47951877460348546,0.4926526822861069
95c0cffd0787d5bb,363679,HR_Analytics_Job_Change_of_Data_Scientists,7151,ep2048_50,50,1638,410,2048,128,128,128,0,1024,4.7,mesuré ici,0.7633646956832147,0.47698655970757087,0.48215261220102934
95c0cffd0787d5bb,363679,HR_Analytics_Job_Change_of_Data_Scientists,7151,ep2048_50,50,1638,410,2048,128,128,128,1,1024,4.8,mesuré ici,0.746617710803437,0.4981221210359585,0.4454447850432356
95c0cffd0787d5bb,363679,HR_Analytics_Job_Change_of_Data_Scientists,7151,ep2048_50,50,1638,410,2048,128,128,128,2,1024,4.7,mesuré ici,0.7465616155434865,0.49524558433207017,0.4579589754958017
95c0cffd0787d5bb,363679,HR_Analytics_Job_Change_of_Data_Scientists,7151,ep2048_50,50,1638,410,2048,256,256,256,0,1024,4.7,mesuré ici,0.7694382824651316,0.46787470593368946,0.5141628208085824
95c0cffd0787d5bb,363679,HR_Analytics_Job_Change_of_Data_Scientists,7151,ep2048_50,50,1638,410,2048,256,256,256,1,1024,4.7,mesuré ici,0.76626380070884,0.4804746947782538,0.49596017696185857
95c0cffd0787d5bb,363679,HR_Analytics_Job_Change_of_Data_Scientists,7151,ep2048_50,50,1638,410,2048,256,256,256,2,1024,4.7,mesuré ici,0.7776868354624034,0.46739499409969276,0.4995124697292535
95c0cffd0787d5bb,363679,HR_Analytics_Job_Change_of_Data_Scientists,7151,ep2048_50,50,1638,410,2048,512,512,512,0,1024,4.7,mesuré ici,0.7807006807924731,0.4587027032192082,0.5053143971660545
95c0cffd0787d5bb,363679,HR_Analytics_Job_Change_of_Data_Scientists,7151,ep2048_50,50,1638,410,2048,1024,1024,1024,0,1024,4.8,mesuré ici,0.7773732119635891,0.45252095191055886,0.5110211697780775
95c0cffd0787d5bb,363679,HR_Analytics_Job_Change_of_Data_Scientists,7151,ep2048_50,50,1638,410,2048,2048,2048,2048,0,1024,6.1,mesuré ici,0.7864963410591804,0.4447108632897173,0.5133713219773499
95c0cffd0787d5bb,363679,HR_Analytics_Job_Change_of_Data_Scientists,7151,ep2048_50,50,1638,410,2048,full,7151,7151,0,1024,20.8,mesuré ici,0.7938244218363548,0.4405788845345824,0.5175242269702399
95c0cffd0787d5bb,363679,HR_Analytics_Job_Change_of_Data_Scientists,7151,ep2048_200,200,1638,410,2048,32,32,32,0,1024,5.1,mesuré ici,0.7165251536245187,0.5281256044283796,0.44472153776519774
95c0cffd0787d5bb,363679,HR_Analytics_Job_Change_of_Data_Scientists,7151,ep2048_200,200,1638,410,2048,32,32,32,1,1024,4.7,mesuré ici,0.7127591218542033,0.5290397463168682,0.4447840268115954
95c0cffd0787d5bb,363679,HR_Analytics_Job_Change_of_Data_Scientists,7151,ep2048_200,200,1638,410,2048,32,32,32,2,1024,4.7,mesuré ici,0.7015808664167877,0.5190479463382649,0.470691230563116
95c0cffd0787d5bb,363679,HR_Analytics_Job_Change_of_Data_Scientists,7151,ep2048_200,200,1638,410,2048,64,64,64,0,1024,4.6,mesuré ici,0.6999464545245927,0.5354387298881562,0.41428038789725474
95c0cffd0787d5bb,363679,HR_Analytics_Job_Change_of_Data_Scientists,7151,ep2048_200,200,1638,410,2048,64,64,64,1,1024,4.7,mesuré ici,0.7271654045233177,0.5162283261369811,0.4600519820398956
95c0cffd0787d5bb,363679,HR_Analytics_Job_Change_of_Data_Scientists,7151,ep2048_200,200,1638,410,2048,64,64,64,2,1024,4.7,mesuré ici,0.7639409469899793,0.4822679298783771,0.4925262470331255
95c0cffd0787d5bb,363679,HR_Analytics_Job_Change_of_Data_Scientists,7151,ep2048_200,200,1638,410,2048,128,128,128,0,1024,4.7,mesuré ici,0.7666411688212347,0.47461643694115774,0.4921643817004809
95c0cffd0787d5bb,363679,HR_Analytics_Job_Change_of_Data_Scientists,7151,ep2048_200,200,1638,410,2048,128,128,128,1,1024,4.7,mesuré ici,0.7531910553558224,0.49097719356901737,0.4558619728536206
95c0cffd0787d5bb,363679,HR_Analytics_Job_Change_of_Data_Scientists,7151,ep2048_200,200,1638,410,2048,128,128,128,2,1024,4.8,mesuré ici,0.7484051097682245,0.48730490293441964,0.45962291841580305
95c0cffd0787d5bb,363679,HR_Analytics_Job_Change_of_Data_Scientists,7151,ep2048_200,200,1638,410,2048,256,256,256,0,1024,4.8,mesuré ici,0.7724495780106581,0.46323970693320515,0.5199093279075926
95c0cffd0787d5bb,363679,HR_Analytics_Job_Change_of_Data_Scientists,7151,ep2048_200,200,1638,410,2048,256,256,256,1,1024,4.7,mesuré ici,0.7675616410413321,0.47580011526793475,0.4996507279075152
95c0cffd0787d5bb,363679,HR_Analytics_Job_Change_of_Data_Scientists,7151,ep2048_200,200,1638,410,2048,256,256,256,2,1024,4.7,mesuré ici,0.7826767638134577,0.4612758338613454,0.5111971886760213
95c0cffd0787d5bb,363679,HR_Analytics_Job_Change_of_Data_Scientists,7151,ep2048_200,200,1638,410,2048,512,512,512,0,1024,4.8,mesuré ici,0.7733037558326321,0.4571750100556311,0.5087280565413497
95c0cffd0787d5bb,363679,HR_Analytics_Job_Change_of_Data_Scientists,7151,ep2048_200,200,1638,410,2048,1024,1024,1024,0,1024,4.7,mesuré ici,0.780948009893164,0.45038141139975857,0.5146079968315855
95c0cffd0787d5bb,363679,HR_Analytics_Job_Change_of_Data_Scientists,7151,ep2048_200,200,1638,410,2048,2048,2048,2048,0,1024,6.1,mesuré ici,0.7887681990871772,0.4417684350651139,0.5199408396934131
95c0cffd0787d5bb,363679,HR_Analytics_Job_Change_of_Data_Scientists,7151,ep2048_200,200,1638,410,2048,full,7151,7151,0,1024,21.2,mesuré ici,0.7904663555929524,0.44071294537177286,0.5132567003158617
95c0cffd0787d5bb,363681,in_vehicle_coupon_recommendation,4734,ep2048_25,25,1638,410,2048,32,32,32,0,1024,5.2,mesuré ici,0.5759220817589525,0.6945420100240016,0.6454639732379186
95c0cffd0787d5bb,363681,in_vehicle_coupon_recommendation,4734,ep2048_25,25,1638,410,2048,32,32,32,1,1024,4.9,mesuré ici,0.6065447590614359,0.6710065865477397,0.6544522220985732
95c0cffd0787d5bb,363681,in_vehicle_coupon_recommendation,4734,ep2048_25,25,1638,410,2048,32,32,32,2,1024,4.7,mesuré ici,0.5420048669745455,0.6828317359550826,0.6109933384160987
95c0cffd0787d5bb,363681,in_vehicle_coupon_recommendation,4734,ep2048_25,25,1638,410,2048,64,64,64,0,1024,4.8,mesuré ici,0.6087139058636937,0.6648478726199806,0.6724333334072027
95c0cffd0787d5bb,363681,in_vehicle_coupon_recommendation,4734,ep2048_25,25,1638,410,2048,64,64,64,1,1024,4.7,mesuré ici,0.6104573867612072,0.6662091708882782,0.6641775601121466
95c0cffd0787d5bb,363681,in_vehicle_coupon_recommendation,4734,ep2048_25,25,1638,410,2048,64,64,64,2,1024,4.7,mesuré ici,0.6150328093172241,0.6733661382303076,0.682645224550118
95c0cffd0787d5bb,363681,in_vehicle_coupon_recommendation,4734,ep2048_25,25,1638,410,2048,128,128,128,0,1024,4.8,mesuré ici,0.6091084728895523,0.6649299180572168,0.6490386254397627
95c0cffd0787d5bb,363681,in_vehicle_coupon_recommendation,4734,ep2048_25,25,1638,410,2048,128,128,128,1,1024,5.4,mesuré ici,0.6263333644322122,0.6693459983073744,0.6551123852084784
95c0cffd0787d5bb,363681,in_vehicle_coupon_recommendation,4734,ep2048_25,25,1638,410,2048,128,128,128,2,1024,4.9,mesuré ici,0.610834460667693,0.6683850242709629,0.657414207577457
95c0cffd0787d5bb,363681,in_vehicle_coupon_recommendation,4734,ep2048_25,25,1638,410,2048,256,256,256,0,1024,4.9,mesuré ici,0.6694344668874687,0.6531897107690074,0.7149887453148253
95c0cffd0787d5bb,363681,in_vehicle_coupon_recommendation,4734,ep2048_25,25,1638,410,2048,256,256,256,1,1024,4.8,mesuré ici,0.6427360793643389,0.652721324803744,0.6710804386665948
95c0cffd0787d5bb,363681,in_vehicle_coupon_recommendation,4734,ep2048_25,25,1638,410,2048,256,256,256,2,1024,4.8,mesuré ici,0.6872716176081852,0.6274142549024411,0.7389962654163484
95c0cffd0787d5bb,363681,in_vehicle_coupon_recommendation,4734,ep2048_25,25,1638,410,2048,512,512,512,0,1024,4.8,mesuré ici,0.7196747057268585,0.6103670410843607,0.7681785472757655
95c0cffd0787d5bb,363681,in_vehicle_coupon_recommendation,4734,ep2048_25,25,1638,410,2048,1024,1024,1024,0,1024,5.0,mesuré ici,0.7389501795960256,0.5948066816922196,0.7683120982089526
95c0cffd0787d5bb,363681,in_vehicle_coupon_recommendation,4734,ep2048_25,25,1638,410,2048,2048,2048,2048,0,1024,7.2,mesuré ici,0.7867238886038159,0.5490107583828735,0.8083160483447269
95c0cffd0787d5bb,363681,in_vehicle_coupon_recommendation,4734,ep2048_25,25,1638,410,2048,full,4734,4734,0,1024,14.4,mesuré ici,0.8162522741055185,0.5119872227365618,0.8389707628258524
95c0cffd0787d5bb,363681,in_vehicle_coupon_recommendation,4734,ep2048_50,50,1638,410,2048,32,32,32,0,1024,5.1,mesuré ici,0.573960908709241,0.6975748215342691,0.644975316723337
95c0cffd0787d5bb,363681,in_vehicle_coupon_recommendation,4734,ep2048_50,50,1638,410,2048,32,32,32,1,1024,4.9,mesuré ici,0.6048770816812054,0.6714171884906384,0.653314651651411
95c0cffd0787d5bb,363681,in_vehicle_coupon_recommendation,4734,ep2048_50,50,1638,410,2048,32,32,32,2,1024,4.7,mesuré ici,0.5409533361322325,0.6827874794684714,0.610617415829519
95c0cffd0787d5bb,363681,in_vehicle_coupon_recommendation,4734,ep2048_50,50,1638,410,2048,64,64,64,0,1024,4.8,mesuré ici,0.6082785215592978,0.664777162341421,0.6726196859821802
95c0cffd0787d5bb,363681,in_vehicle_coupon_recommendation,4734,ep2048_50,50,1638,410,2048,64,64,64,1,1024,4.8,mesuré ici,0.6109782929825379,0.6659919411719619,0.6648087576501455
95c0cffd0787d5bb,363681,in_vehicle_coupon_recommendation,4734,ep2048_50,50,1638,410,2048,64,64,64,2,1024,4.7,mesuré ici,0.614865652843215,0.6741749772915213,0.6826346851311981
95c0cffd0787d5bb,363681,in_vehicle_coupon_recommendation,4734,ep2048_50,50,1638,410,2048,128,128,128,0,1024,4.8,mesuré ici,0.6090054578532443,0.6650604409846419,0.6480240590278846
95c0cffd0787d5bb,363681,in_vehicle_coupon_recommendation,4734,ep2048_50,50,1638,410,2048,128,128,128,1,1024,4.9,mesuré ici,0.6199211643420255,0.6689918373447614,0.6478609605494838
95c0cffd0787d5bb,363681,in_vehicle_coupon_recommendation,4734,ep2048_50,50,1638,410,2048,128,128,128,2,1024,4.9,mesuré ici,0.6101483416522835,0.6700848504228969,0.6581349438387292
95c0cffd0787d5bb,363681,in_vehicle_coupon_recommendation,4734,ep2048_50,50,1638,410,2048,256,256,256,0,1024,5.0,mesuré ici,0.6698990063908196,0.6520583240500184,0.7135517364280657
95c0cffd0787d5bb,363681,in_vehicle_coupon_recommendation,4734,ep2048_50,50,1638,410,2048,256,256,256,1,1024,4.8,mesuré ici,0.6426699942467075,0.6525240912115013,0.6713326124876571
95c0cffd0787d5bb,363681,in_vehicle_coupon_recommendation,4734,ep2048_50,50,1638,410,2048,256,256,256,2,1024,4.9,mesuré ici,0.686202593646499,0.6278613023101942,0.7379556017514288
95c0cffd0787d5bb,363681,in_vehicle_coupon_recommendation,4734,ep2048_50,50,1638,410,2048,512,512,512,0,1024,4.9,mesuré ici,0.7211402403943338,0.6091670073004355,0.7685159604113319
95c0cffd0787d5bb,363681,in_vehicle_coupon_recommendation,4734,ep2048_50,50,1638,410,2048,1024,1024,1024,0,1024,5.0,mesuré ici,0.7363495358492327,0.5964612988559708,0.766937408404731
95c0cffd0787d5bb,363681,in_vehicle_coupon_recommendation,4734,ep2048_50,50,1638,410,2048,2048,2048,2048,0,1024,7.2,mesuré ici,0.7873128236227085,0.5487534523401382,0.8123703803837043
95c0cffd0787d5bb,363681,in_vehicle_coupon_recommendation,4734,ep2048_50,50,1638,410,2048,full,4734,4734,0,1024,14.6,mesuré ici,0.8202329306028517,0.5084253082966737,0.8421479239471756
95c0cffd0787d5bb,363681,in_vehicle_coupon_recommendation,4734,ep2048_200,200,1638,410,2048,32,32,32,0,1024,5.1,mesuré ici,0.5787598544572468,0.6895438476535966,0.646925931207751
95c0cffd0787d5bb,363681,in_vehicle_coupon_recommendation,4734,ep2048_200,200,1638,410,2048,32,32,32,1,1024,4.8,mesuré ici,0.6088635692183297,0.6699550600512921,0.6566696895962005
95c0cffd0787d5bb,363681,in_vehicle_coupon_recommendation,4734,ep2048_200,200,1638,410,2048,32,32,32,2,1024,4.6,mesuré ici,0.5430836093358834,0.6820706857388474,0.6123083396288189
95c0cffd0787d5bb,363681,in_vehicle_coupon_recommendation,4734,ep2048_200,200,1638,410,2048,64,64,64,0,1024,4.8,mesuré ici,0.609353376560775,0.664699017859998,0.671735710096982
95c0cffd0787d5bb,363681,in_vehicle_coupon_recommendation,4734,ep2048_200,200,1638,410,2048,64,64,64,1,1024,4.8,mesuré ici,0.6128520004353843,0.6652804975829844,0.665499312890631
95c0cffd0787d5bb,363681,in_vehicle_coupon_recommendation,4734,ep2048_200,200,1638,410,2048,64,64,64,2,1024,4.7,mesuré ici,0.6125759978852763,0.6754223618278941,0.6827979264609878
95c0cffd0787d5bb,363681,in_vehicle_coupon_recommendation,4734,ep2048_200,200,1638,410,2048,128,128,128,0,1024,4.9,mesuré ici,0.6131902007432632,0.6639431007405973,0.6499813084067905
95c0cffd0787d5bb,363681,in_vehicle_coupon_recommendation,4734,ep2048_200,200,1638,410,2048,128,128,128,1,1024,5.0,mesuré ici,0.6292527716875806,0.6706419716834715,0.6568744081492511
95c0cffd0787d5bb,363681,in_vehicle_coupon_recommendation,4734,ep2048_200,200,1638,410,2048,128,128,128,2,1024,4.9,mesuré ici,0.6095555192735302,0.6702124734533064,0.6615836107862643
95c0cffd0787d5bb,363681,in_vehicle_coupon_recommendation,4734,ep2048_200,200,1638,410,2048,256,256,256,0,1024,4.9,mesuré ici,0.6739165928068294,0.6474678175927124,0.7167688851578755
95c0cffd0787d5bb,363681,in_vehicle_coupon_recommendation,4734,ep2048_200,200,1638,410,2048,256,256,256,1,1024,4.8,mesuré ici,0.6554166472298674,0.6463875486985766,0.6803057792266329
95c0cffd0787d5bb,363681,in_vehicle_coupon_recommendation,4734,ep2048_200,200,1638,410,2048,256,256,256,2,1024,4.8,mesuré ici,0.68971093592076,0.6267149430695549,0.7401565651222659
95c0cffd0787d5bb,363681,in_vehicle_coupon_recommendation,4734,ep2048_200,200,1638,410,2048,512,512,512,0,1024,4.9,mesuré ici,0.7218594019685591,0.6083762703316895,0.7667758067900521
95c0cffd0787d5bb,363681,in_vehicle_coupon_recommendation,4734,ep2048_200,200,1638,410,2048,1024,1024,1024,0,1024,5.0,mesuré ici,0.7416130211005892,0.5919461647762891,0.7684991742851675
95c0cffd0787d5bb,363681,in_vehicle_coupon_recommendation,4734,ep2048_200,200,1638,410,2048,2048,2048,2048,0,1024,7.2,mesuré ici,0.7923314052028425,0.5451448967320993,0.8205966141882939
95c0cffd0787d5bb,363681,in_vehicle_coupon_recommendation,4734,ep2048_200,200,1638,410,2048,full,4734,4734,0,1024,14.9,mesuré ici,0.8197625600597098,0.5099419737563684,0.8440249690957645
95c0cffd0787d5bb,363691,online_shoppers_intention,4603,ep2048_25,25,1638,410,2048,32,32,32,0,1024,5.0,mesuré ici,0.9165923641359957,0.25893540842781493,0.7344130384908448
95c0cffd0787d5bb,363691,online_shoppers_intention,4603,ep2048_25,25,1638,410,2048,32,32,32,1,1024,4.5,mesuré ici,0.8830758324319584,0.2912279912637725,0.5444274787795425
95c0cffd0787d5bb,363691,online_shoppers_intention,4603,ep2048_25,25,1638,410,2048,32,32,32,2,1024,4.5,mesuré ici,0.8930262811705206,0.31673775756679046,0.650154681610271
95c0cffd0787d5bb,363691,online_shoppers_intention,4603,ep2048_25,25,1638,410,2048,64,64,64,0,1024,4.6,mesuré ici,0.9037514251468998,0.26223957546447246,0.6768077516865145
95c0cffd0787d5bb,363691,online_shoppers_intention,4603,ep2048_25,25,1638,410,2048,64,64,64,1,1024,4.5,mesuré ici,0.9159492209196948,0.2572397796973708,0.7380213930007186
95c0cffd0787d5bb,363691,online_shoppers_intention,4603,ep2048_25,25,1638,410,2048,64,64,64,2,1024,4.6,mesuré ici,0.898697634986991,0.2872265657095361,0.6877342966119017
95c0cffd0787d5bb,363691,online_shoppers_intention,4603,ep2048_25,25,1638,410,2048,128,128,128,0,1024,4.6,mesuré ici,0.9121597918554682,0.2543416813642471,0.7301214080534757
95c0cffd0787d5bb,363691,online_shoppers_intention,4603,ep2048_25,25,1638,410,2048,128,128,128,1,1024,4.8,mesuré ici,0.9019973981933522,0.2461059562669049,0.7385215197455229
95c0cffd0787d5bb,363691,online_shoppers_intention,4603,ep2048_25,25,1638,410,2048,128,128,128,2,1024,4.7,mesuré ici,0.9156788084310228,0.25285674412922204,0.743112605541615
95c0cffd0787d5bb,363691,online_shoppers_intention,4603,ep2048_25,25,1638,410,2048,256,256,256,0,1024,4.6,mesuré ici,0.9102705586575848,0.2484933634028977,0.745813733150785
95c0cffd0787d5bb,363691,online_shoppers_intention,4603,ep2048_25,25,1638,410,2048,256,256,256,1,1024,4.6,mesuré ici,0.9027318969801502,0.24567196306115133,0.7041429773475801
95c0cffd0787d5bb,363691,online_shoppers_intention,4603,ep2048_25,25,1638,410,2048,256,256,256,2,1024,4.6,mesuré ici,0.9170929926623206,0.2402286102615239,0.7187929594386824
95c0cffd0787d5bb,363691,online_shoppers_intention,4603,ep2048_25,25,1638,410,2048,512,512,512,0,1024,4.6,mesuré ici,0.9271274885257403,0.23391716353858832,0.7292858898118197
95c0cffd0787d5bb,363691,online_shoppers_intention,4603,ep2048_25,25,1638,410,2048,1024,1024,1024,0,1024,4.7,mesuré ici,0.9358683895109189,0.22082013914087756,0.747590860584735
95c0cffd0787d5bb,363691,online_shoppers_intention,4603,ep2048_25,25,1638,410,2048,2048,2048,2048,0,1024,6.6,mesuré ici,0.9384665419358611,0.2150016095411458,0.7698954244400198
95c0cffd0787d5bb,363691,online_shoppers_intention,4603,ep2048_25,25,1638,410,2048,full,4603,4603,0,1024,13.0,mesuré ici,0.93883927266349,0.21417853109177415,0.7684200021439771
95c0cffd0787d5bb,363691,online_shoppers_intention,4603,ep2048_50,50,1638,410,2048,32,32,32,0,1024,4.8,mesuré ici,0.9172683953576753,0.2523250971559817,0.7385131045064891
95c0cffd0787d5bb,363691,online_shoppers_intention,4603,ep2048_50,50,1638,410,2048,32,32,32,1,1024,4.5,mesuré ici,0.8839565001315519,0.2931842856291029,0.5423662050979022
95c0cffd0787d5bb,363691,online_shoppers_intention,4603,ep2048_50,50,1638,410,2048,32,32,32,2,1024,4.6,mesuré ici,0.8937352003975795,0.32590187067264953,0.6479081040336439
95c0cffd0787d5bb,363691,online_shoppers_intention,4603,ep2048_50,50,1638,410,2048,64,64,64,0,1024,4.5,mesuré ici,0.9030571228111204,0.26372422924500666,0.6747210630796393
95c0cffd0787d5bb,363691,online_shoppers_intention,4603,ep2048_50,50,1638,410,2048,64,64,64,1,1024,4.6,mesuré ici,0.9172939749174145,0.2521496923520504,0.7427890320983154
95c0cffd0787d5bb,363691,online_shoppers_intention,4603,ep2048_50,50,1638,410,2048,64,64,64,2,1024,4.5,mesuré ici,0.9001447072236677,0.2947431492734112,0.6890317888842727
95c0cffd0787d5bb,363691,online_shoppers_intention,4603,ep2048_50,50,1638,410,2048,128,128,128,0,1024,4.6,mesuré ici,0.9157555471102405,0.25504729035992013,0.738903559888445
95c0cffd0787d5bb,363691,online_shoppers_intention,4603,ep2048_50,50,1638,410,2048,128,128,128,1,1024,4.5,mesuré ici,0.9042776332329641,0.24996884951293005,0.743372966925387
95c0cffd0787d5bb,363691,online_shoppers_intention,4603,ep2048_50,50,1638,410,2048,128,128,128,2,1024,4.6,mesuré ici,0.9162927178647645,0.257342379493897,0.7426172704072816
95c0cffd0787d5bb,363691,online_shoppers_intention,4603,ep2048_50,50,1638,410,2048,256,256,256,0,1024,4.6,mesuré ici,0.909791855468179,0.2469940539430001,0.7491005689965102
95c0cffd0787d5bb,363691,online_shoppers_intention,4603,ep2048_50,50,1638,410,2048,256,256,256,1,1024,4.6,mesuré ici,0.9045188119390768,0.2427545087979079,0.7155041307919279
95c0cffd0787d5bb,363691,online_shoppers_intention,4603,ep2048_50,50,1638,410,2048,256,256,256,2,1024,4.5,mesuré ici,0.9166508317011137,0.24242835585167066,0.7186675356049985
95c0cffd0787d5bb,363691,online_shoppers_intention,4603,ep2048_50,50,1638,410,2048,512,512,512,0,1024,4.6,mesuré ici,0.9283333820563042,0.23546098055506326,0.7364781412546416
95c0cffd0787d5bb,363691,online_shoppers_intention,4603,ep2048_50,50,1638,410,2048,1024,1024,1024,0,1024,4.7,mesuré ici,0.9363763264828836,0.22127768849240476,0.7496512326789403
95c0cffd0787d5bb,363691,online_shoppers_intention,4603,ep2048_50,50,1638,410,2048,2048,2048,2048,0,1024,6.5,mesuré ici,0.9385359721694391,0.21654911549385517,0.7691995045994975
95c0cffd0787d5bb,363691,online_shoppers_intention,4603,ep2048_50,50,1638,410,2048,full,4603,4603,0,1024,13.4,mesuré ici,0.9390804513696027,0.21357743646421318,0.7711720432339514
95c0cffd0787d5bb,363691,online_shoppers_intention,4603,ep2048_200,200,1638,410,2048,32,32,32,0,1024,4.9,mesuré ici,0.9171733855643582,0.2518323039308126,0.7406518394692134
95c0cffd0787d5bb,363691,online_shoppers_intention,4603,ep2048_200,200,1638,410,2048,32,32,32,1,1024,4.6,mesuré ici,0.8860796035899084,0.2935183549712443,0.5435262888914393
95c0cffd0787d5bb,363691,online_shoppers_intention,4603,ep2048_200,200,1638,410,2048,32,32,32,2,1024,4.5,mesuré ici,0.8996623498114422,0.31980146818862276,0.6609412127711765
95c0cffd0787d5bb,363691,online_shoppers_intention,4603,ep2048_200,200,1638,410,2048,64,64,64,0,1024,4.6,mesuré ici,0.9034554330984886,0.2637549184543321,0.6892355881821395
95c0cffd0787d5bb,363691,online_shoppers_intention,4603,ep2048_200,200,1638,410,2048,64,64,64,1,1024,4.6,mesuré ici,0.914502148683018,0.25314523929951194,0.7363958063052625
95c0cffd0787d5bb,363691,online_shoppers_intention,4603,ep2048_200,200,1638,410,2048,64,64,64,2,1024,4.6,mesuré ici,0.9018366123892771,0.29678934562572745,0.6836005120184007
95c0cffd0787d5bb,363691,online_shoppers_intention,4603,ep2048_200,200,1638,410,2048,128,128,128,0,1024,4.7,mesuré ici,0.9176484345309439,0.25704737380503423,0.7383455976021116
95c0cffd0787d5bb,363691,online_shoppers_intention,4603,ep2048_200,200,1638,410,2048,128,128,128,1,1024,4.6,mesuré ici,0.9096201069956442,0.25498475383523544,0.7344830249750303
95c0cffd0787d5bb,363691,online_shoppers_intention,4603,ep2048_200,200,1638,410,2048,128,128,128,2,1024,4.7,mesuré ici,0.9207252901452919,0.25221949017986933,0.7576465564799117
95c0cffd0787d5bb,363691,online_shoppers_intention,4603,ep2048_200,200,1638,410,2048,256,256,256,0,1024,4.7,mesuré ici,0.9148821878562867,0.24520395940183853,0.7613621589792868
95c0cffd0787d5bb,363691,online_shoppers_intention,4603,ep2048_200,200,1638,410,2048,256,256,256,1,1024,4.6,mesuré ici,0.910124389744789,0.2374234109932083,0.7332948403764047
95c0cffd0787d5bb,363691,online_shoppers_intention,4603,ep2048_200,200,1638,410,2048,256,256,256,2,1024,4.7,mesuré ici,0.9209628146285848,0.23867262681301382,0.7402140080429823
95c0cffd0787d5bb,363691,online_shoppers_intention,4603,ep2048_200,200,1638,410,2048,512,512,512,0,1024,4.7,mesuré ici,0.9325868974186571,0.2307975383653709,0.7350305363485138
95c0cffd0787d5bb,363691,online_shoppers_intention,4603,ep2048_200,200,1638,410,2048,1024,1024,1024,0,1024,4.7,mesuré ici,0.9381084280995117,0.21941280587154197,0.7568183595578323
95c0cffd0787d5bb,363691,online_shoppers_intention,4603,ep2048_200,200,1638,410,2048,2048,2048,2048,0,1024,6.6,mesuré ici,0.9384555792674014,0.21763550361555978,0.7599238867477993
95c0cffd0787d5bb,363691,online_shoppers_intention,4603,ep2048_200,200,1638,410,2048,full,4603,4603,0,1024,13.1,mesuré ici,0.9391133393749818,0.21605773902885367,0.7662969619097166
95c0cffd0787d5bb,363632,E-CommereShippingData,4105,ep2048_25,25,1638,410,2048,32,32,32,0,1024,5.0,mesuré ici,0.6417832077767166,0.655346706498247,0.7387234368353027
95c0cffd0787d5bb,363632,E-CommereShippingData,4105,ep2048_25,25,1638,410,2048,32,32,32,1,1024,4.5,mesuré ici,0.7112442191778651,0.633549150822902,0.8230299128712033
95c0cffd0787d5bb,363632,E-CommereShippingData,4105,ep2048_25,25,1638,410,2048,32,32,32,2,1024,4.6,mesuré ici,0.6667512076816079,0.6529789727941439,0.7780654115443205
95c0cffd0787d5bb,363632,E-CommereShippingData,4105,ep2048_25,25,1638,410,2048,64,64,64,0,1024,4.6,mesuré ici,0.7241928644741482,0.5426247858180646,0.8419535328917008
95c0cffd0787d5bb,363632,E-CommereShippingData,4105,ep2048_25,25,1638,410,2048,64,64,64,1,1024,4.6,mesuré ici,0.7345478178510996,0.5446193782948279,0.8478928365844314
95c0cffd0787d5bb,363632,E-CommereShippingData,4105,ep2048_25,25,1638,410,2048,64,64,64,2,1024,4.9,mesuré ici,0.742901526889987,0.5632924825006796,0.850576125760761
95c0cffd0787d5bb,363632,E-CommereShippingData,4105,ep2048_25,25,1638,410,2048,128,128,128,0,1024,4.7,mesuré ici,0.7421109363049501,0.506017367223286,0.8542513761513404
95c0cffd0787d5bb,363632,E-CommereShippingData,4105,ep2048_25,25,1638,410,2048,128,128,128,1,1024,4.6,mesuré ici,0.7433671629488434,0.49860134648419907,0.8554087701497483
95c0cffd0787d5bb,363632,E-CommereShippingData,4105,ep2048_25,25,1638,410,2048,128,128,128,2,1024,4.7,mesuré ici,0.747367670194933,0.5092769958082691,0.8555370334514983
95c0cffd0787d5bb,363632,E-CommereShippingData,4105,ep2048_25,25,1638,410,2048,256,256,256,0,1024,4.6,mesuré ici,0.7303551118913542,0.4939753188930569,0.8496320985901151
95c0cffd0787d5bb,363632,E-CommereShippingData,4105,ep2048_25,25,1638,410,2048,256,256,256,1,1024,4.6,mesuré ici,0.7119753668617714,0.5069644718025808,0.8368149003432217
95c0cffd0787d5bb,363632,E-CommereShippingData,4105,ep2048_25,25,1638,410,2048,256,256,256,2,1024,4.6,mesuré ici,0.7394558200544497,0.4959874836899418,0.8531094789044831
95c0cffd0787d5bb,363632,E-CommereShippingData,4105,ep2048_25,25,1638,410,2048,512,512,512,0,1024,4.6,mesuré ici,0.7253064281553283,0.49194350329394987,0.8471944410581267
95c0cffd0787d5bb,363632,E-CommereShippingData,4105,ep2048_25,25,1638,410,2048,1024,1024,1024,0,1024,4.7,mesuré ici,0.7247734234751906,0.49669899214350055,0.8479889688431647
95c0cffd0787d5bb,363632,E-CommereShippingData,4105,ep2048_25,25,1638,410,2048,2048,2048,2048,0,1024,6.1,mesuré ici,0.7298914572625356,0.48950992806780147,0.8492064453093695
95c0cffd0787d5bb,363632,E-CommereShippingData,4105,ep2048_25,25,1638,410,2048,full,4105,4105,0,1024,11.1,mesuré ici,0.7311754239269566,0.48894948887377565,0.8497585643728446
95c0cffd0787d5bb,363632,E-CommereShippingData,4105,ep2048_50,50,1638,410,2048,32,32,32,0,1024,4.9,mesuré ici,0.6349254784162826,0.6571313889782509,0.7282919707117488
95c0cffd0787d5bb,363632,E-CommereShippingData,4105,ep2048_50,50,1638,410,2048,32,32,32,1,1024,4.6,mesuré ici,0.7126906631053764,0.6347800172007705,0.824396897188211
95c0cffd0787d5bb,363632,E-CommereShippingData,4105,ep2048_50,50,1638,410,2048,32,32,32,2,1024,4.5,mesuré ici,0.6645102103089842,0.6545095172745504,0.7754619154263362
95c0cffd0787d5bb,363632,E-CommereShippingData,4105,ep2048_50,50,1638,410,2048,64,64,64,0,1024,4.5,mesuré ici,0.7255600512001521,0.5409125954387293,0.8426139586843344
95c0cffd0787d5bb,363632,E-CommereShippingData,4105,ep2048_50,50,1638,410,2048,64,64,64,1,1024,4.5,mesuré ici,0.7364004549363368,0.5513925296003145,0.8484760098860942
95c0cffd0787d5bb,363632,E-CommereShippingData,4105,ep2048_50,50,1638,410,2048,64,64,64,2,1024,4.6,mesuré ici,0.7427925482379142,0.5632372975784539,0.8505407394239097
95c0cffd0787d5bb,363632,E-CommereShippingData,4105,ep2048_50,50,1638,410,2048,128,128,128,0,1024,4.6,mesuré ici,0.7407278981386445,0.5091314133553835,0.8533125743452494
95c0cffd0787d5bb,363632,E-CommereShippingData,4105,ep2048_50,50,1638,410,2048,128,128,128,1,1024,4.6,mesuré ici,0.7415085815734933,0.49871207786570776,0.8540457131690513
95c0cffd0787d5bb,363632,E-CommereShippingData,4105,ep2048_50,50,1638,410,2048,128,128,128,2,1024,4.6,mesuré ici,0.7495056332055972,0.5077909416382942,0.8563997853726398
95c0cffd0787d5bb,363632,E-CommereShippingData,4105,ep2048_50,50,1638,410,2048,256,256,256,0,1024,4.6,mesuré ici,0.7323979662602094,0.493675366977234,0.8499751390315043
95c0cffd0787d5bb,363632,E-CommereShippingData,4105,ep2048_50,50,1638,410,2048,256,256,256,1,1024,4.6,mesuré ici,0.71858938032757,0.5056517530625857,0.8404595058259199
95c0cffd0787d5bb,363632,E-CommereShippingData,4105,ep2048_50,50,1638,410,2048,256,256,256,2,1024,4.6,mesuré ici,0.7400641190760195,0.4955840794484526,0.8533387553635581
95c0cffd0787d5bb,363632,E-CommereShippingData,4105,ep2048_50,50,1638,410,2048,512,512,512,0,1024,4.6,mesuré ici,0.7262020345323628,0.49160532383172645,0.848392141120289
95c0cffd0787d5bb,363632,E-CommereShippingData,4105,ep2048_50,50,1638,410,2048,1024,1024,1024,0,1024,4.6,mesuré ici,0.7282191303107278,0.49616093435886754,0.8495719116627591
95c0cffd0787d5bb,363632,E-CommereShippingData,4105,ep2048_50,50,1638,410,2048,2048,2048,2048,0,1024,6.0,mesuré ici,0.7302441518092437,0.4894655137790148,0.849994247870798
95c0cffd0787d5bb,363632,E-CommereShippingData,4105,ep2048_50,50,1638,410,2048,full,4105,4105,0,1024,10.8,mesuré ici,0.7320809374541795,0.4887821952299569,0.8504238158849342
95c0cffd0787d5bb,363632,E-CommereShippingData,4105,ep2048_200,200,1638,410,2048,32,32,32,0,1024,4.9,mesuré ici,0.6269522039446309,0.6580678344747937,0.7162744020891495
95c0cffd0787d5bb,363632,E-CommereShippingData,4105,ep2048_200,200,1638,410,2048,32,32,32,1,1024,4.6,mesuré ici,0.7110975933550763,0.633708321421359,0.8249309588476816
95c0cffd0787d5bb,363632,E-CommereShippingData,4105,ep2048_200,200,1638,410,2048,32,32,32,2,1024,4.5,mesuré ici,0.6582251142294416,0.6544242477218537,0.7675280648615107
95c0cffd0787d5bb,363632,E-CommereShippingData,4105,ep2048_200,200,1638,410,2048,64,64,64,0,1024,4.5,mesuré ici,0.7334362355999572,0.5498920336771905,0.8465138911210411
95c0cffd0787d5bb,363632,E-CommereShippingData,4105,ep2048_200,200,1638,410,2048,64,64,64,1,1024,4.5,mesuré ici,0.7357148801432971,0.5679705951448724,0.8468076520752692
95c0cffd0787d5bb,363632,E-CommereShippingData,4105,ep2048_200,200,1638,410,2048,64,64,64,2,1024,4.6,mesuré ici,0.7435851202529891,0.5630605545652945,0.8509465441661669
95c0cffd0787d5bb,363632,E-CommereShippingData,4105,ep2048_200,200,1638,410,2048,128,128,128,0,1024,4.5,mesuré ici,0.7368165552442509,0.5323183437300709,0.8512110319809597
95c0cffd0787d5bb,363632,E-CommereShippingData,4105,ep2048_200,200,1638,410,2048,128,128,128,1,1024,4.8,mesuré ici,0.7396262230376909,0.505537530206271,0.852953717799789
95c0cffd0787d5bb,363632,E-CommereShippingData,4105,ep2048_200,200,1638,410,2048,128,128,128,2,1024,4.6,mesuré ici,0.7469495884569812,0.5067103315208251,0.8550513557162918
95c0cffd0787d5bb,363632,E-CommereShippingData,4105,ep2048_200,200,1638,410,2048,256,256,256,0,1024,4.6,mesuré ici,0.741029075504373,0.4952866678501027,0.8546761891694926
95c0cffd0787d5bb,363632,E-CommereShippingData,4105,ep2048_200,200,1638,410,2048,256,256,256,1,1024,4.6,mesuré ici,0.7214426395818391,0.5017464532665965,0.8437825365792889
95c0cffd0787d5bb,363632,E-CommereShippingData,4105,ep2048_200,200,1638,410,2048,256,256,256,2,1024,4.6,mesuré ici,0.7397807745806304,0.4949274364405458,0.8540094649960456
95c0cffd0787d5bb,363632,E-CommereShippingData,4105,ep2048_200,200,1638,410,2048,512,512,512,0,1024,4.6,mesuré ici,0.7266042648300131,0.4927717895819589,0.8498954961434207
95c0cffd0787d5bb,363632,E-CommereShippingData,4105,ep2048_200,200,1638,410,2048,1024,1024,1024,0,1024,4.7,mesuré ici,0.7342862690861248,0.4936238063748957,0.8531940515702297
95c0cffd0787d5bb,363632,E-CommereShippingData,4105,ep2048_200,200,1638,410,2048,2048,2048,2048,0,1024,6.1,mesuré ici,0.7381480762295765,0.4889040502413407,0.8556366591551534
95c0cffd0787d5bb,363632,E-CommereShippingData,4105,ep2048_200,200,1638,410,2048,full,4105,4105,0,1024,11.0,mesuré ici,0.7383561263835334,0.48868432497530156,0.8559746647114486
95c0cffd0787d5bb,363712,jm1,4062,ep2048_25,25,1638,410,2048,32,32,32,0,1024,5.3,mesuré ici,0.6522519382688874,0.46816983679922297,0.3536909242156568
95c0cffd0787d5bb,363712,jm1,4062,ep2048_25,25,1638,410,2048,32,32,32,1,1024,4.7,mesuré ici,0.6447923545381173,0.46474154094119213,0.3619409629831588
95c0cffd0787d5bb,363712,jm1,4062,ep2048_25,25,1638,410,2048,32,32,32,2,1024,4.8,mesuré ici,0.6455474845305353,0.4716967101725026,0.325908450759931
95c0cffd0787d5bb,363712,jm1,4062,ep2048_25,25,1638,410,2048,64,64,64,0,1024,4.7,mesuré ici,0.60804779025118,0.4808622339474747,0.24900596730404662
95c0cffd0787d5bb,363712,jm1,4062,ep2048_25,25,1638,410,2048,64,64,64,1,1024,4.8,mesuré ici,0.6544745273558833,0.46939906202865345,0.36598502208223327
95c0cffd0787d5bb,363712,jm1,4062,ep2048_25,25,1638,410,2048,64,64,64,2,1024,4.7,mesuré ici,0.6478098173013427,0.468225809719397,0.3602163930801348
95c0cffd0787d5bb,363712,jm1,4062,ep2048_25,25,1638,410,2048,128,128,128,0,1024,4.7,mesuré ici,0.6584794678015017,0.4667402832297334,0.34536866777415876
95c0cffd0787d5bb,363712,jm1,4062,ep2048_25,25,1638,410,2048,128,128,128,1,1024,5.0,mesuré ici,0.649983491085186,0.4706811285338404,0.3237374053383709
95c0cffd0787d5bb,363712,jm1,4062,ep2048_25,25,1638,410,2048,128,128,128,2,1024,4.8,mesuré ici,0.6785714285714287,0.46118441173129954,0.3221819691776706
95c0cffd0787d5bb,363712,jm1,4062,ep2048_25,25,1638,410,2048,256,256,256,0,1024,4.8,mesuré ici,0.6978960305231492,0.45456046580417514,0.37425716952601507
95c0cffd0787d5bb,363712,jm1,4062,ep2048_25,25,1638,410,2048,256,256,256,1,1024,4.8,mesuré ici,0.6829126617262211,0.45415792070758165,0.3800398857808849
95c0cffd0787d5bb,363712,jm1,4062,ep2048_25,25,1638,410,2048,256,256,256,2,1024,4.8,mesuré ici,0.6813167999608678,0.456657411315017,0.3995597820774148
95c0cffd0787d5bb,363712,jm1,4062,ep2048_25,25,1638,410,2048,512,512,512,0,1024,4.8,mesuré ici,0.6764680705358672,0.45333413904871445,0.39695860037695824
95c0cffd0787d5bb,363712,jm1,4062,ep2048_25,25,1638,410,2048,1024,1024,1024,0,1024,4.9,mesuré ici,0.7121792990437059,0.4399602584019916,0.42369102106272766
95c0cffd0787d5bb,363712,jm1,4062,ep2048_25,25,1638,410,2048,2048,2048,2048,0,1024,6.7,mesuré ici,0.7157470589673979,0.43807686384111444,0.4063374371168863
95c0cffd0787d5bb,363712,jm1,4062,ep2048_25,25,1638,410,2048,full,4062,4062,0,1024,12.0,mesuré ici,0.7235826790911537,0.43333363082505133,0.4521582757911689
95c0cffd0787d5bb,363712,jm1,4062,ep2048_50,50,1638,410,2048,32,32,32,0,1024,5.0,mesuré ici,0.6530926700418226,0.46793968199504454,0.3545747099616487
95c0cffd0787d5bb,363712,jm1,4062,ep2048_50,50,1638,410,2048,32,32,32,1,1024,4.8,mesuré ici,0.6433279526499865,0.4649092641947404,0.3602772431548005
95c0cffd0787d5bb,363712,jm1,4062,ep2048_50,50,1638,410,2048,32,32,32,2,1024,4.7,mesuré ici,0.6472197764570646,0.47053432832254927,0.33049873101298666
95c0cffd0787d5bb,363712,jm1,4062,ep2048_50,50,1638,410,2048,64,64,64,0,1024,4.7,mesuré ici,0.6113006579108274,0.48013628826913385,0.2508314862939378
95c0cffd0787d5bb,363712,jm1,4062,ep2048_50,50,1638,410,2048,64,64,64,1,1024,4.7,mesuré ici,0.6543277814464254,0.47111549298763766,0.36770392622696685
95c0cffd0787d5bb,363712,jm1,4062,ep2048_50,50,1638,410,2048,64,64,64,2,1024,4.7,mesuré ici,0.647167803947465,0.46819144812060437,0.34517245339211616
95c0cffd0787d5bb,363712,jm1,4062,ep2048_50,50,1638,410,2048,128,128,128,0,1024,4.7,mesuré ici,0.6512980898574119,0.4665739596763412,0.34072711231652014
95c0cffd0787d5bb,363712,jm1,4062,ep2048_50,50,1638,410,2048,128,128,128,1,1024,4.7,mesuré ici,0.6528511507325068,0.46913596396990465,0.3294925166482049
95c0cffd0787d5bb,363712,jm1,4062,ep2048_50,50,1638,410,2048,128,128,128,2,1024,4.8,mesuré ici,0.6813626580575733,0.46038960784294775,0.3185171995350794
95c0cffd0787d5bb,363712,jm1,4062,ep2048_50,50,1638,410,2048,256,256,256,0,1024,4.8,mesuré ici,0.6975750238462104,0.4558526836964298,0.3732247058795386
95c0cffd0787d5bb,363712,jm1,4062,ep2048_50,50,1638,410,2048,256,256,256,1,1024,4.7,mesuré ici,0.68463692616235,0.4537321712803444,0.3852590752445138
95c0cffd0787d5bb,363712,jm1,4062,ep2048_50,50,1638,410,2048,256,256,256,2,1024,4.8,mesuré ici,0.6781556484946316,0.45808672929264893,0.39377083800646806
95c0cffd0787d5bb,363712,jm1,4062,ep2048_50,50,1638,410,2048,512,512,512,0,1024,4.8,mesuré ici,0.6765811871744075,0.45246749498337285,0.3991300718930578
95c0cffd0787d5bb,363712,jm1,4062,ep2048_50,50,1638,410,2048,1024,1024,1024,0,1024,4.8,mesuré ici,0.7132095776163574,0.44048135114786824,0.4173126271153452
95c0cffd0787d5bb,363712,jm1,4062,ep2048_50,50,1638,410,2048,2048,2048,2048,0,1024,6.6,mesuré ici,0.7168445960818842,0.4375073445939482,0.40306355983820286
95c0cffd0787d5bb,363712,jm1,4062,ep2048_50,50,1638,410,2048,full,4062,4062,0,1024,12.3,mesuré ici,0.7282357473035439,0.43390639811570386,0.45681351389217223
95c0cffd0787d5bb,363712,jm1,4062,ep2048_200,200,1638,410,2048,32,32,32,0,1024,5.1,mesuré ici,0.6596350918384817,0.46352394670797753,0.36388391201800196
95c0cffd0787d5bb,363712,jm1,4062,ep2048_200,200,1638,410,2048,32,32,32,1,1024,4.7,mesuré ici,0.6448229266025877,0.46492050798876405,0.3604306032188283
95c0cffd0787d5bb,363712,jm1,4062,ep2048_200,200,1638,410,2048,32,32,32,2,1024,4.8,mesuré ici,0.6511788588059774,0.4682687684196333,0.3297943435478754
95c0cffd0787d5bb,363712,jm1,4062,ep2048_200,200,1638,410,2048,64,64,64,0,1024,4.7,mesuré ici,0.6149265047570132,0.4787203305036893,0.2651407855516502
95c0cffd0787d5bb,363712,jm1,4062,ep2048_200,200,1638,410,2048,64,64,64,1,1024,4.7,mesuré ici,0.6582012620148214,0.46397218191453105,0.37813549543881964
95c0cffd0787d5bb,363712,jm1,4062,ep2048_200,200,1638,410,2048,64,64,64,2,1024,4.7,mesuré ici,0.6432270648372342,0.4679996843708809,0.3571782149319423
95c0cffd0787d5bb,363712,jm1,4062,ep2048_200,200,1638,410,2048,128,128,128,0,1024,4.7,mesuré ici,0.6472931494117935,0.4669976520974888,0.3262560211034016
95c0cffd0787d5bb,363712,jm1,4062,ep2048_200,200,1638,410,2048,128,128,128,1,1024,4.7,mesuré ici,0.6515059798958104,0.46914806518771146,0.33080409971284663
95c0cffd0787d5bb,363712,jm1,4062,ep2048_200,200,1638,410,2048,128,128,128,2,1024,4.8,mesuré ici,0.6782045637977842,0.45979196215210605,0.3286719903251609
95c0cffd0787d5bb,363712,jm1,4062,ep2048_200,200,1638,410,2048,256,256,256,0,1024,4.7,mesuré ici,0.6997792696945239,0.45196882634583113,0.3886598367256964
95c0cffd0787d5bb,363712,jm1,4062,ep2048_200,200,1638,410,2048,256,256,256,1,1024,4.8,mesuré ici,0.6902744148506861,0.45396131285000924,0.39906416932942834
95c0cffd0787d5bb,363712,jm1,4062,ep2048_200,200,1638,410,2048,256,256,256,2,1024,4.7,mesuré ici,0.6774096901215545,0.4567690930726904,0.40425372327664644
95c0cffd0787d5bb,363712,jm1,4062,ep2048_200,200,1638,410,2048,512,512,512,0,1024,4.8,mesuré ici,0.6791400689705775,0.45141598705451325,0.39679066211917413
95c0cffd0787d5bb,363712,jm1,4062,ep2048_200,200,1638,410,2048,1024,1024,1024,0,1024,4.8,mesuré ici,0.7178015016998067,0.43638993261407805,0.42825737471077
95c0cffd0787d5bb,363712,jm1,4062,ep2048_200,200,1638,410,2048,2048,2048,2048,0,1024,6.7,mesuré ici,0.7199446034191797,0.4385776879881145,0.4173765287012981
95c0cffd0787d5bb,363712,jm1,4062,ep2048_200,200,1638,410,2048,full,4062,4062,0,1024,12.0,mesuré ici,0.7317943356078949,0.4304824071987404,0.46197388172562576
95c0cffd0787d5bb,363676,heloc,3903,ep2048_25,25,1638,410,2048,32,32,32,0,1024,5.1,mesuré ici,0.7393984560116181,0.6038495289415308,0.7195378055451168
95c0cffd0787d5bb,363676,heloc,3903,ep2048_25,25,1638,410,2048,32,32,32,1,1024,4.8,mesuré ici,0.7267771153405183,0.6298448620546601,0.7145838682505357
95c0cffd0787d5bb,363676,heloc,3903,ep2048_25,25,1638,410,2048,32,32,32,2,1024,4.8,mesuré ici,0.6751891767943132,0.6725265674797376,0.6750991804996759
95c0cffd0787d5bb,363676,heloc,3903,ep2048_25,25,1638,410,2048,64,64,64,0,1024,4.7,mesuré ici,0.7292039287625163,0.6332958981014605,0.7079192819552229
95c0cffd0787d5bb,363676,heloc,3903,ep2048_25,25,1638,410,2048,64,64,64,1,1024,4.7,mesuré ici,0.706344110677979,0.6465988794530414,0.6956585909329618
95c0cffd0787d5bb,363676,heloc,3903,ep2048_25,25,1638,410,2048,64,64,64,2,1024,4.7,mesuré ici,0.7436463349384698,0.6454686425098048,0.7286778682012109
95c0cffd0787d5bb,363676,heloc,3903,ep2048_25,25,1638,410,2048,128,128,128,0,1024,4.8,mesuré ici,0.7430960024459222,0.5974009491012655,0.7251715290580821
95c0cffd0787d5bb,363676,heloc,3903,ep2048_25,25,1638,410,2048,128,128,128,1,1024,5.2,mesuré ici,0.7641787051899411,0.5883787898639329,0.7384466363208125
95c0cffd0787d5bb,363676,heloc,3903,ep2048_25,25,1638,410,2048,128,128,128,2,1024,4.8,mesuré ici,0.7449954138958953,0.601973931456004,0.7163920486084765
95c0cffd0787d5bb,363676,heloc,3903,ep2048_25,25,1638,410,2048,256,256,256,0,1024,4.8,mesuré ici,0.7649354123671941,0.5792927899533504,0.729690444473349
95c0cffd0787d5bb,363676,heloc,3903,ep2048_25,25,1638,410,2048,256,256,256,1,1024,4.7,mesuré ici,0.7714400366888329,0.5723470206420439,0.7603615669235566
95c0cffd0787d5bb,363676,heloc,3903,ep2048_25,25,1638,410,2048,256,256,256,2,1024,4.8,mesuré ici,0.7667411908583658,0.5792363149569809,0.7431289586000466
95c0cffd0787d5bb,363676,heloc,3903,ep2048_25,25,1638,410,2048,512,512,512,0,1024,4.8,mesuré ici,0.785781166399144,0.5595735379965183,0.7675440200909066
95c0cffd0787d5bb,363676,heloc,3903,ep2048_25,25,1638,410,2048,1024,1024,1024,0,1024,4.9,mesuré ici,0.7825288542383246,0.5689663424244927,0.758053177968631
95c0cffd0787d5bb,363676,heloc,3903,ep2048_25,25,1638,410,2048,2048,2048,2048,0,1024,6.9,mesuré ici,0.7956967056485515,0.5506058324423906,0.7700474654135607
95c0cffd0787d5bb,363676,heloc,3903,ep2048_25,25,1638,410,2048,full,3903,3903,0,1024,11.7,mesuré ici,0.7984808530153635,0.5480392237540748,0.7735546308633755
95c0cffd0787d5bb,363676,heloc,3903,ep2048_50,50,1638,410,2048,32,32,32,0,1024,5.1,mesuré ici,0.7403863792708094,0.6052797589515488,0.7196912415625878
95c0cffd0787d5bb,363676,heloc,3903,ep2048_50,50,1638,410,2048,32,32,32,1,1024,4.7,mesuré ici,0.7273522892302988,0.6329589925435822,0.7150351126628152
95c0cffd0787d5bb,363676,heloc,3903,ep2048_50,50,1638,410,2048,32,32,32,2,1024,4.8,mesuré ici,0.6759917450126117,0.666937346204451,0.6764682785087711
95c0cffd0787d5bb,363676,heloc,3903,ep2048_50,50,1638,410,2048,64,64,64,0,1024,4.7,mesuré ici,0.7341339906749217,0.6269563390629076,0.7142622537327135
95c0cffd0787d5bb,363676,heloc,3903,ep2048_50,50,1638,410,2048,64,64,64,1,1024,4.7,mesuré ici,0.7038657035848047,0.6499643037248143,0.6940249675870055
95c0cffd0787d5bb,363676,heloc,3903,ep2048_50,50,1638,410,2048,64,64,64,2,1024,4.7,mesuré ici,0.7426488572957273,0.6480574734753424,0.7287760766702249
95c0cffd0787d5bb,363676,heloc,3903,ep2048_50,50,1638,410,2048,128,128,128,0,1024,4.6,mesuré ici,0.7469196667431017,0.5946967249872502,0.7288823945440452
95c0cffd0787d5bb,363676,heloc,3903,ep2048_50,50,1638,410,2048,128,128,128,1,1024,4.7,mesuré ici,0.7665673010777345,0.5909829341440469,0.7396698208373321
95c0cffd0787d5bb,363676,heloc,3903,ep2048_50,50,1638,410,2048,128,128,128,2,1024,4.7,mesuré ici,0.747036230222426,0.6052188719132892,0.7203817303012634
95c0cffd0787d5bb,363676,heloc,3903,ep2048_50,50,1638,410,2048,256,256,256,0,1024,4.8,mesuré ici,0.7707712298402507,0.5731626423342673,0.7372039837186763
95c0cffd0787d5bb,363676,heloc,3903,ep2048_50,50,1638,410,2048,256,256,256,1,1024,4.7,mesuré ici,0.7717973706336467,0.5749189707642113,0.7586820063275237
95c0cffd0787d5bb,363676,heloc,3903,ep2048_50,50,1638,410,2048,256,256,256,2,1024,4.7,mesuré ici,0.771434304058702,0.5730697995619023,0.7474343483677982
95c0cffd0787d5bb,363676,heloc,3903,ep2048_50,50,1638,410,2048,512,512,512,0,1024,4.8,mesuré ici,0.7883360085607276,0.5569744886286707,0.7713104660182013
95c0cffd0787d5bb,363676,heloc,3903,ep2048_50,50,1638,410,2048,1024,1024,1024,0,1024,4.8,mesuré ici,0.7858537797141328,0.5611164408084728,0.7608154632206888
95c0cffd0787d5bb,363676,heloc,3903,ep2048_50,50,1638,410,2048,2048,2048,2048,0,1024,6.7,mesuré ici,0.7981579148513338,0.5486712143525416,0.7722121761876992
95c0cffd0787d5bb,363676,heloc,3903,ep2048_50,50,1638,410,2048,full,3903,3903,0,1024,11.7,mesuré ici,0.7978827486050599,0.5475719601600314,0.7725304074559141
95c0cffd0787d5bb,363676,heloc,3903,ep2048_200,200,1638,410,2048,32,32,32,0,1024,5.0,mesuré ici,0.7402908354352977,0.6038641125844793,0.7170619974929021
95c0cffd0787d5bb,363676,heloc,3903,ep2048_200,200,1638,410,2048,32,32,32,1,1024,4.8,mesuré ici,0.732345410074142,0.6262153699642061,0.7198825411627576
95c0cffd0787d5bb,363676,heloc,3903,ep2048_200,200,1638,410,2048,32,32,32,2,1024,4.8,mesuré ici,0.6763376136971642,0.6654504787356643,0.6785908480672739
95c0cffd0787d5bb,363676,heloc,3903,ep2048_200,200,1638,410,2048,64,64,64,0,1024,4.7,mesuré ici,0.7330887411144235,0.6245526495369893,0.7189692389829611
95c0cffd0787d5bb,363676,heloc,3903,ep2048_200,200,1638,410,2048,64,64,64,1,1024,4.7,mesuré ici,0.7105155545364212,0.6403580244065604,0.7012627817574204
95c0cffd0787d5bb,363676,heloc,3903,ep2048_200,200,1638,410,2048,64,64,64,2,1024,4.7,mesuré ici,0.7443476266911258,0.6418455435764835,0.733062133921484
95c0cffd0787d5bb,363676,heloc,3903,ep2048_200,200,1638,410,2048,128,128,128,0,1024,4.7,mesuré ici,0.7515382557517388,0.5890380671578274,0.7361372603267146
95c0cffd0787d5bb,363676,heloc,3903,ep2048_200,200,1638,410,2048,128,128,128,1,1024,4.7,mesuré ici,0.7710139111824506,0.5845406637371665,0.7438605329577768
95c0cffd0787d5bb,363676,heloc,3903,ep2048_200,200,1638,410,2048,128,128,128,2,1024,4.8,mesuré ici,0.7501700680272109,0.5986952728106982,0.7237259987182652
95c0cffd0787d5bb,363676,heloc,3903,ep2048_200,200,1638,410,2048,256,256,256,0,1024,4.7,mesuré ici,0.7741840556447298,0.5701747448739886,0.7428174215138048
95c0cffd0787d5bb,363676,heloc,3903,ep2048_200,200,1638,410,2048,256,256,256,1,1024,4.8,mesuré ici,0.7778051670106244,0.5671683685390323,0.7655028092627706
95c0cffd0787d5bb,363676,heloc,3903,ep2048_200,200,1638,410,2048,256,256,256,2,1024,4.7,mesuré ici,0.7755522433692578,0.570240089444213,0.753208089637595
95c0cffd0787d5bb,363676,heloc,3903,ep2048_200,200,1638,410,2048,512,512,512,0,1024,4.8,mesuré ici,0.7867232286172896,0.5579590519862584,0.7711406636807555
95c0cffd0787d5bb,363676,heloc,3903,ep2048_200,200,1638,410,2048,1024,1024,1024,0,1024,4.9,mesuré ici,0.7881239012458916,0.5606501213297419,0.7668556805599966
95c0cffd0787d5bb,363676,heloc,3903,ep2048_200,200,1638,410,2048,2048,2048,2048,0,1024,6.8,mesuré ici,0.7971642589620118,0.5501053706556773,0.7737257937965054
95c0cffd0787d5bb,363676,heloc,3903,ep2048_200,200,1638,410,2048,full,3903,3903,0,1024,11.8,mesuré ici,0.7996751509592601,0.5480922632478709,0.7746434762196495
95c0cffd0787d5bb,363619,Bank_Customer_Churn,3732,ep2048_25,25,1638,410,2048,32,32,32,0,1024,5.0,mesuré ici,0.8010626119118208,0.4280190758483094,0.5711144165766313
95c0cffd0787d5bb,363619,Bank_Customer_Churn,3732,ep2048_25,25,1638,410,2048,32,32,32,1,1024,4.6,mesuré ici,0.6526844160037574,0.5316329055164345,0.36957994190896504
95c0cffd0787d5bb,363619,Bank_Customer_Churn,3732,ep2048_25,25,1638,410,2048,32,32,32,2,1024,4.6,mesuré ici,0.69473097132122,0.47347680977005524,0.39334360270947405
95c0cffd0787d5bb,363619,Bank_Customer_Churn,3732,ep2048_25,25,1638,410,2048,64,64,64,0,1024,4.5,mesuré ici,0.771485601902134,0.4300375672774783,0.4923457102250297
95c0cffd0787d5bb,363619,Bank_Customer_Churn,3732,ep2048_25,25,1638,410,2048,64,64,64,1,1024,4.5,mesuré ici,0.6651334135673819,0.49229793919291986,0.40318261125335925
95c0cffd0787d5bb,363619,Bank_Customer_Churn,3732,ep2048_25,25,1638,410,2048,64,64,64,2,1024,4.4,mesuré ici,0.6860598232894003,0.46050723883260897,0.4441073897309529
95c0cffd0787d5bb,363619,Bank_Customer_Churn,3732,ep2048_25,25,1638,410,2048,128,128,128,0,1024,4.5,mesuré ici,0.8335779493351336,0.38187734814054963,0.5797951521238184
95c0cffd0787d5bb,363619,Bank_Customer_Churn,3732,ep2048_25,25,1638,410,2048,128,128,128,1,1024,4.8,mesuré ici,0.8115360906449056,0.4098002561141468,0.5799988823642375
95c0cffd0787d5bb,363619,Bank_Customer_Churn,3732,ep2048_25,25,1638,410,2048,128,128,128,2,1024,4.9,mesuré ici,0.7915079108814983,0.42152675080801555,0.4937726307305902
95c0cffd0787d5bb,363619,Bank_Customer_Churn,3732,ep2048_25,25,1638,410,2048,256,256,256,0,1024,4.6,mesuré ici,0.8469046291132181,0.3602133334307256,0.6614721248472796
95c0cffd0787d5bb,363619,Bank_Customer_Churn,3732,ep2048_25,25,1638,410,2048,256,256,256,1,1024,4.6,mesuré ici,0.854742125810902,0.35561749687092015,0.6439324599283406
95c0cffd0787d5bb,363619,Bank_Customer_Churn,3732,ep2048_25,25,1638,410,2048,256,256,256,2,1024,4.6,mesuré ici,0.8573047230457627,0.3484900619370832,0.6797753678690284
95c0cffd0787d5bb,363619,Bank_Customer_Churn,3732,ep2048_25,25,1638,410,2048,512,512,512,0,1024,4.5,mesuré ici,0.8747057269498342,0.3320021123480619,0.7037178170240891
95c0cffd0787d5bb,363619,Bank_Customer_Churn,3732,ep2048_25,25,1638,410,2048,1024,1024,1024,0,1024,4.7,mesuré ici,0.882572577567734,0.3233426407819108,0.7232852845836253
95c0cffd0787d5bb,363619,Bank_Customer_Churn,3732,ep2048_25,25,1638,410,2048,2048,2048,2048,0,1024,6.1,mesuré ici,0.8856811577186133,0.3181404653574252,0.7289694647059081
95c0cffd0787d5bb,363619,Bank_Customer_Churn,3732,ep2048_25,25,1638,410,2048,full,3732,3732,0,1024,9.7,mesuré ici,0.8876126456688291,0.3140959614948017,0.7358243465565589
95c0cffd0787d5bb,363619,Bank_Customer_Churn,3732,ep2048_50,50,1638,410,2048,32,32,32,0,1024,4.8,mesuré ici,0.8037837203158482,0.4311912530318147,0.5785403447336522
95c0cffd0787d5bb,363619,Bank_Customer_Churn,3732,ep2048_50,50,1638,410,2048,32,32,32,1,1024,4.6,mesuré ici,0.6552294008864883,0.5298546013968761,0.3718663210900243
95c0cffd0787d5bb,363619,Bank_Customer_Churn,3732,ep2048_50,50,1638,410,2048,32,32,32,2,1024,4.6,mesuré ici,0.6970998326826549,0.47502767738605745,0.3972036296384706
95c0cffd0787d5bb,363619,Bank_Customer_Churn,3732,ep2048_50,50,1638,410,2048,64,64,64,0,1024,4.6,mesuré ici,0.7752751930020254,0.4289339341232923,0.4967621853410938
95c0cffd0787d5bb,363619,Bank_Customer_Churn,3732,ep2048_50,50,1638,410,2048,64,64,64,1,1024,4.6,mesuré ici,0.6730002641852819,0.4901734226576253,0.41692012439005544
95c0cffd0787d5bb,363619,Bank_Customer_Churn,3732,ep2048_50,50,1638,410,2048,64,64,64,2,1024,4.4,mesuré ici,0.690656647195233,0.45965209779794647,0.4482728335773606
95c0cffd0787d5bb,363619,Bank_Customer_Churn,3732,ep2048_50,50,1638,410,2048,128,128,128,0,1024,4.6,mesuré ici,0.8340388058825257,0.38164388540267163,0.5834620701224899
95c0cffd0787d5bb,363619,Bank_Customer_Churn,3732,ep2048_50,50,1638,410,2048,128,128,128,1,1024,4.6,mesuré ici,0.8129362726392111,0.4109689822982669,0.5825017057136729
95c0cffd0787d5bb,363619,Bank_Customer_Churn,3732,ep2048_50,50,1638,410,2048,128,128,128,2,1024,4.6,mesuré ici,0.7959726421463587,0.4193091529588565,0.4989950918394641
95c0cffd0787d5bb,363619,Bank_Customer_Churn,3732,ep2048_50,50,1638,410,2048,256,256,256,0,1024,4.7,mesuré ici,0.8503507793465819,0.354388216255224,0.6717522558400956
95c0cffd0787d5bb,363619,Bank_Customer_Churn,3732,ep2048_50,50,1638,410,2048,256,256,256,1,1024,4.6,mesuré ici,0.8569730237473214,0.35227945458105014,0.6533778575194755
95c0cffd0787d5bb,363619,Bank_Customer_Churn,3732,ep2048_50,50,1638,410,2048,256,256,256,2,1024,4.7,mesuré ici,0.8629612234713947,0.342639038588908,0.6907576756013284
95c0cffd0787d5bb,363619,Bank_Customer_Churn,3732,ep2048_50,50,1638,410,2048,512,512,512,0,1024,4.6,mesuré ici,0.8768397569495406,0.3299412913994115,0.7079442582806994
95c0cffd0787d5bb,363619,Bank_Customer_Churn,3732,ep2048_50,50,1638,410,2048,1024,1024,1024,0,1024,4.7,mesuré ici,0.8841753016115301,0.3221805193983436,0.7260247608081075
95c0cffd0787d5bb,363619,Bank_Customer_Churn,3732,ep2048_50,50,1638,410,2048,2048,2048,2048,0,1024,6.1,mesuré ici,0.8848739249126721,0.318714567224365,0.7282966827683189
95c0cffd0787d5bb,363619,Bank_Customer_Churn,3732,ep2048_50,50,1638,410,2048,full,3732,3732,0,1024,10.1,mesuré ici,0.8870490504006809,0.3144432605140147,0.7348845641658154
95c0cffd0787d5bb,363619,Bank_Customer_Churn,3732,ep2048_200,200,1638,410,2048,32,32,32,0,1024,4.8,mesuré ici,0.7983121495875775,0.4421861330491082,0.5716546938849714
95c0cffd0787d5bb,363619,Bank_Customer_Churn,3732,ep2048_200,200,1638,410,2048,32,32,32,1,1024,4.5,mesuré ici,0.6547978982593126,0.5282584706507387,0.3638348843907919
95c0cffd0787d5bb,363619,Bank_Customer_Churn,3732,ep2048_200,200,1638,410,2048,32,32,32,2,1024,4.5,mesuré ici,0.6938620952828252,0.4797802175126928,0.3967443311288953
95c0cffd0787d5bb,363619,Bank_Customer_Churn,3732,ep2048_200,200,1638,410,2048,64,64,64,0,1024,4.5,mesuré ici,0.781683153785188,0.42598645909049093,0.5171692057407115
95c0cffd0787d5bb,363619,Bank_Customer_Churn,3732,ep2048_200,200,1638,410,2048,64,64,64,1,1024,4.6,mesuré ici,0.6888249625737517,0.4891147138792358,0.4558438687678692
95c0cffd0787d5bb,363619,Bank_Customer_Churn,3732,ep2048_200,200,1638,410,2048,64,64,64,2,1024,4.5,mesuré ici,0.7183373939589632,0.4594920875826465,0.47363726820811425
95c0cffd0787d5bb,363619,Bank_Customer_Churn,3732,ep2048_200,200,1638,410,2048,128,128,128,0,1024,4.7,mesuré ici,0.8365691138051488,0.37530347862393076,0.5957128652805199
95c0cffd0787d5bb,363619,Bank_Customer_Churn,3732,ep2048_200,200,1638,410,2048,128,128,128,1,1024,4.6,mesuré ici,0.8180761440690405,0.41484453485196215,0.5936554300715433
95c0cffd0787d5bb,363619,Bank_Customer_Churn,3732,ep2048_200,200,1638,410,2048,128,128,128,2,1024,4.6,mesuré ici,0.7984383714445064,0.41691231896603675,0.5044910443550333
95c0cffd0787d5bb,363619,Bank_Customer_Churn,3732,ep2048_200,200,1638,410,2048,256,256,256,0,1024,4.6,mesuré ici,0.8571961135409634,0.34438745869028276,0.6903039393522115
95c0cffd0787d5bb,363619,Bank_Customer_Churn,3732,ep2048_200,200,1638,410,2048,256,256,256,1,1024,4.6,mesuré ici,0.855261690198726,0.35408653355101877,0.655523873176365
95c0cffd0787d5bb,363619,Bank_Customer_Churn,3732,ep2048_200,200,1638,410,2048,256,256,256,2,1024,4.6,mesuré ici,0.8704376669504212,0.3332349066602709,0.7035858068770579
95c0cffd0787d5bb,363619,Bank_Customer_Churn,3732,ep2048_200,200,1638,410,2048,512,512,512,0,1024,4.6,mesuré ici,0.8765168638271642,0.32831161591880054,0.7124799745797051
95c0cffd0787d5bb,363619,Bank_Customer_Churn,3732,ep2048_200,200,1638,410,2048,1024,1024,1024,0,1024,4.7,mesuré ici,0.8841753016115302,0.31793709261882797,0.7319759761049187
95c0cffd0787d5bb,363619,Bank_Customer_Churn,3732,ep2048_200,200,1638,410,2048,2048,2048,2048,0,1024,6.1,mesuré ici,0.8824228725746325,0.3160157511471917,0.7344984207822225
95c0cffd0787d5bb,363619,Bank_Customer_Churn,3732,ep2048_200,200,1638,410,2048,full,3732,3732,0,1024,10.2,mesuré ici,0.8835588692869933,0.31493108857710306,0.7360284259592821
95c0cffd0787d5bb,363624,coil2000_insurance_policies,3666,ep2048_25,25,1638,410,2048,32,32,32,0,1024,5.2,mesuré ici,0.486560100777965,0.25037392460894425,0.05752756638415018
95c0cffd0787d5bb,363624,coil2000_insurance_policies,3666,ep2048_25,25,1638,410,2048,32,32,32,1,1024,4.9,mesuré ici,0.5451968745212196,0.2423528552210386,0.06961611780636086
95c0cffd0787d5bb,363624,coil2000_insurance_policies,3666,ep2048_25,25,1638,410,2048,32,32,32,2,1024,4.8,mesuré ici,0.5441073830073371,0.2323222635587595,0.06812180206179774
95c0cffd0787d5bb,363624,coil2000_insurance_policies,3666,ep2048_25,25,1638,410,2048,64,64,64,0,1024,4.8,mesuré ici,0.5653865141378547,0.23429236803492165,0.08239019108780862
95c0cffd0787d5bb,363624,coil2000_insurance_policies,3666,ep2048_25,25,1638,410,2048,64,64,64,1,1024,4.8,mesuré ici,0.5140782731559506,0.2421667821888088,0.06270192906312061
95c0cffd0787d5bb,363624,coil2000_insurance_policies,3666,ep2048_25,25,1638,410,2048,64,64,64,2,1024,4.9,mesuré ici,0.6267044584035545,0.22183613947997524,0.09272998763483727
95c0cffd0787d5bb,363624,coil2000_insurance_policies,3666,ep2048_25,25,1638,410,2048,128,128,128,0,1024,5.5,mesuré ici,0.628823859864154,0.21980513220736736,0.11507414209211428
95c0cffd0787d5bb,363624,coil2000_insurance_policies,3666,ep2048_25,25,1638,410,2048,128,128,128,1,1024,5.9,mesuré ici,0.6367907665594199,0.22753394945053673,0.12263558869885692
95c0cffd0787d5bb,363624,coil2000_insurance_policies,3666,ep2048_25,25,1638,410,2048,128,128,128,2,1024,5.3,mesuré ici,0.5315782305976882,0.22723102941184722,0.06640613670295178
95c0cffd0787d5bb,363624,coil2000_insurance_policies,3666,ep2048_25,25,1638,410,2048,256,256,256,0,1024,5.2,mesuré ici,0.6856646749399928,0.2145229795404473,0.12405979083346061
95c0cffd0787d5bb,363624,coil2000_insurance_policies,3666,ep2048_25,25,1638,410,2048,256,256,256,1,1024,5.4,mesuré ici,0.6263725039579184,0.22108000625453073,0.10080846489375347
95c0cffd0787d5bb,363624,coil2000_insurance_policies,3666,ep2048_25,25,1638,410,2048,256,256,256,2,1024,5.3,mesuré ici,0.6997769947057522,0.21255193662456884,0.13154930906533294
95c0cffd0787d5bb,363624,coil2000_insurance_policies,3666,ep2048_25,25,1638,410,2048,512,512,512,0,1024,5.3,mesuré ici,0.7502255587899834,0.20512992802968605,0.16506606172046737
95c0cffd0787d5bb,363624,coil2000_insurance_policies,3666,ep2048_25,25,1638,410,2048,1024,1024,1024,0,1024,6.8,mesuré ici,0.7424884667109273,0.2037693034398338,0.18361212773977112
95c0cffd0787d5bb,363624,coil2000_insurance_policies,3666,ep2048_25,25,1638,410,2048,2048,2048,2048,0,1024,11.7,mesuré ici,0.7444801933847438,0.20357212878795194,0.16416384527338515
95c0cffd0787d5bb,363624,coil2000_insurance_policies,3666,ep2048_25,25,1638,410,2048,full,3666,3666,0,1024,17.8,mesuré ici,0.7689937524471,0.1988069077165353,0.17925924601526513
95c0cffd0787d5bb,363624,coil2000_insurance_policies,3666,ep2048_50,50,1638,410,2048,32,32,32,0,1024,5.2,mesuré ici,0.4817680404473725,0.24940947860425433,0.05727508653954317
95c0cffd0787d5bb,363624,coil2000_insurance_policies,3666,ep2048_50,50,1638,410,2048,32,32,32,1,1024,4.7,mesuré ici,0.5495037706620363,0.24107731418598638,0.0705284262694808
95c0cffd0787d5bb,363624,coil2000_insurance_policies,3666,ep2048_50,50,1638,410,2048,32,32,32,2,1024,4.8,mesuré ici,0.5474439507686022,0.23128218733701833,0.06850155856138998
95c0cffd0787d5bb,363624,coil2000_insurance_policies,3666,ep2048_50,50,1638,410,2048,64,64,64,0,1024,4.8,mesuré ici,0.5719064399162453,0.23340957631057463,0.08302092231110135
95c0cffd0787d5bb,363624,coil2000_insurance_policies,3666,ep2048_50,50,1638,410,2048,64,64,64,1,1024,4.8,mesuré ici,0.5119844066527076,0.2417969783456844,0.06251280073215948
95c0cffd0787d5bb,363624,coil2000_insurance_policies,3666,ep2048_50,50,1638,410,2048,64,64,64,2,1024,4.8,mesuré ici,0.6267980865805287,0.22167941020927456,0.09407754957997286
95c0cffd0787d5bb,363624,coil2000_insurance_policies,3666,ep2048_50,50,1638,410,2048,128,128,128,0,1024,5.3,mesuré ici,0.641361523926255,0.21890977256012226,0.11681975907903105
95c0cffd0787d5bb,363624,coil2000_insurance_policies,3666,ep2048_50,50,1638,410,2048,128,128,128,1,1024,5.3,mesuré ici,0.6382207241713906,0.22771980609419498,0.12251005582568364
95c0cffd0787d5bb,363624,coil2000_insurance_policies,3666,ep2048_50,50,1638,410,2048,128,128,128,2,1024,5.4,mesuré ici,0.5480738130500655,0.2264480911068629,0.06968652181352096
95c0cffd0787d5bb,363624,coil2000_insurance_policies,3666,ep2048_50,50,1638,410,2048,256,256,256,0,1024,5.3,mesuré ici,0.690031152647975,0.21461250611066346,0.1279364250804955
95c0cffd0787d5bb,363624,coil2000_insurance_policies,3666,ep2048_50,50,1638,410,2048,256,256,256,1,1024,5.5,mesuré ici,0.6278705547895068,0.22089885524180297,0.10756920809437037
95c0cffd0787d5bb,363624,coil2000_insurance_policies,3666,ep2048_50,50,1638,410,2048,256,256,256,2,1024,5.3,mesuré ici,0.7109613060279523,0.2106021959292756,0.13670240590133523
95c0cffd0787d5bb,363624,coil2000_insurance_policies,3666,ep2048_50,50,1638,410,2048,512,512,512,0,1024,5.4,mesuré ici,0.7532046371482559,0.2044677022903631,0.16685788500745183
95c0cffd0787d5bb,363624,coil2000_insurance_policies,3666,ep2048_50,50,1638,410,2048,1024,1024,1024,0,1024,6.6,mesuré ici,0.7542856170096863,0.20223766684927863,0.1886057306814001
95c0cffd0787d5bb,363624,coil2000_insurance_policies,3666,ep2048_50,50,1638,410,2048,2048,2048,2048,0,1024,11.9,mesuré ici,0.7524896583422706,0.20199686288358068,0.17644480067675647
95c0cffd0787d5bb,363624,coil2000_insurance_policies,3666,ep2048_50,50,1638,410,2048,full,3666,3666,0,1024,18.4,mesuré ici,0.7689171475750302,0.19895667027843233,0.18517600811589294
95c0cffd0787d5bb,363624,coil2000_insurance_policies,3666,ep2048_200,200,1638,410,2048,32,32,32,0,1024,5.1,mesuré ici,0.47630355957305553,0.2482668119146536,0.056479176260875404
95c0cffd0787d5bb,363624,coil2000_insurance_policies,3666,ep2048_200,200,1638,410,2048,32,32,32,1,1024,4.8,mesuré ici,0.5624244590844867,0.2369221286150384,0.07427464844281657
95c0cffd0787d5bb,363624,coil2000_insurance_policies,3666,ep2048_200,200,1638,410,2048,32,32,32,2,1024,4.8,mesuré ici,0.5633352058968729,0.22853970813192626,0.07218348975373458
95c0cffd0787d5bb,363624,coil2000_insurance_policies,3666,ep2048_200,200,1638,410,2048,64,64,64,0,1024,4.8,mesuré ici,0.583856799959144,0.2352333437400334,0.08512371360036289
95c0cffd0787d5bb,363624,coil2000_insurance_policies,3666,ep2048_200,200,1638,410,2048,64,64,64,1,1024,4.7,mesuré ici,0.5125121291047444,0.23810095322106267,0.06206399110471515
95c0cffd0787d5bb,363624,coil2000_insurance_policies,3666,ep2048_200,200,1638,410,2048,64,64,64,2,1024,4.7,mesuré ici,0.6114175305993906,0.22366119133074003,0.09091885387560039
95c0cffd0787d5bb,363624,coil2000_insurance_policies,3666,ep2048_200,200,1638,410,2048,128,128,128,0,1024,5.4,mesuré ici,0.6606233934255996,0.21670553610515203,0.12741826913823195
95c0cffd0787d5bb,363624,coil2000_insurance_policies,3666,ep2048_200,200,1638,410,2048,128,128,128,1,1024,5.2,mesuré ici,0.6449619529135386,0.22763960488266605,0.12071475346636092
95c0cffd0787d5bb,363624,coil2000_insurance_policies,3666,ep2048_200,200,1638,410,2048,128,128,128,2,1024,5.3,mesuré ici,0.5485760005447458,0.2264818481186058,0.0688893178739307
95c0cffd0787d5bb,363624,coil2000_insurance_policies,3666,ep2048_200,200,1638,410,2048,256,256,256,0,1024,5.3,mesuré ici,0.6973001038421598,0.21157945982292362,0.14112928601754954
95c0cffd0787d5bb,363624,coil2000_insurance_policies,3666,ep2048_200,200,1638,410,2048,256,256,256,1,1024,5.5,mesuré ici,0.6261597126466132,0.22312568384380507,0.1039559479912754
95c0cffd0787d5bb,363624,coil2000_insurance_policies,3666,ep2048_200,200,1638,410,2048,256,256,256,2,1024,5.3,mesuré ici,0.7295167083737637,0.20914251667066233,0.152995578459418
95c0cffd0787d5bb,363624,coil2000_insurance_policies,3666,ep2048_200,200,1638,410,2048,512,512,512,0,1024,5.4,mesuré ici,0.7493573702398584,0.20358984243038195,0.14905761509406576
95c0cffd0787d5bb,363624,coil2000_insurance_policies,3666,ep2048_200,200,1638,410,2048,1024,1024,1024,0,1024,6.7,mesuré ici,0.7613332652401138,0.20160514953112352,0.19973935721275807
95c0cffd0787d5bb,363624,coil2000_insurance_policies,3666,ep2048_200,200,1638,410,2048,2048,2048,2048,0,1024,11.8,mesuré ici,0.7576732546856647,0.20141694914822117,0.17524276524945107
95c0cffd0787d5bb,363624,coil2000_insurance_policies,3666,ep2048_200,200,1638,410,2048,full,3666,3666,0,1024,18.5,mesuré ici,0.775326421871542,0.19881232952058425,0.18301271291512552
95c0cffd0787d5bb,363689,NATICUSdroid,2796,ep2048_25,25,1638,410,2048,32,32,32,0,999,5.2,mesuré ici,0.9515056130310368,0.3620187738252244,0.9231611371019797
95c0cffd0787d5bb,363689,NATICUSdroid,2796,ep2048_25,25,1638,410,2048,32,32,32,1,999,4.9,mesuré ici,0.9549394673123487,0.2952602501013688,0.9134731275306299
95c0cffd0787d5bb,363689,NATICUSdroid,2796,ep2048_25,25,1638,410,2048,32,32,32,2,999,4.8,mesuré ici,0.9401672903367818,0.29010688292889897,0.9005362767115372
95c0cffd0787d5bb,363689,NATICUSdroid,2796,ep2048_25,25,1638,410,2048,64,64,64,0,999,4.8,mesuré ici,0.9647127448822364,0.24052668095215926,0.9389311458790826
95c0cffd0787d5bb,363689,NATICUSdroid,2796,ep2048_25,25,1638,410,2048,64,64,64,1,999,4.8,mesuré ici,0.9629958177415805,0.23620866429029463,0.940450724415765
95c0cffd0787d5bb,363689,NATICUSdroid,2796,ep2048_25,25,1638,410,2048,64,64,64,2,999,4.8,mesuré ici,0.9506669601584856,0.3045324736267159,0.9248652762688908
95c0cffd0787d5bb,363689,NATICUSdroid,2796,ep2048_25,25,1638,410,2048,128,128,128,0,999,6.4,mesuré ici,0.9672022892361876,0.2134902796511618,0.9501289096928338
95c0cffd0787d5bb,363689,NATICUSdroid,2796,ep2048_25,25,1638,410,2048,128,128,128,1,999,6.7,mesuré ici,0.9677767994717147,0.23525331681996509,0.9303335315172719
95c0cffd0787d5bb,363689,NATICUSdroid,2796,ep2048_25,25,1638,410,2048,128,128,128,2,999,6.3,mesuré ici,0.9694254897644728,0.21488411552769754,0.9505380150754754
95c0cffd0787d5bb,363689,NATICUSdroid,2796,ep2048_25,25,1638,410,2048,256,256,256,0,999,6.4,mesuré ici,0.9753026634382567,0.18750758124219125,0.9630813262620257
95c0cffd0787d5bb,363689,NATICUSdroid,2796,ep2048_25,25,1638,410,2048,256,256,256,1,999,6.4,mesuré ici,0.9781598062953996,0.17789734508159327,0.96653557525027
95c0cffd0787d5bb,363689,NATICUSdroid,2796,ep2048_25,25,1638,410,2048,256,256,256,2,999,6.4,mesuré ici,0.9773827867048206,0.1796124184424637,0.9624617378393371
95c0cffd0787d5bb,363689,NATICUSdroid,2796,ep2048_25,25,1638,410,2048,512,512,512,0,999,6.5,mesuré ici,0.9766585956416465,0.17627108435923988,0.9635557059618163
95c0cffd0787d5bb,363689,NATICUSdroid,2796,ep2048_25,25,1638,410,2048,1024,1024,1024,0,999,7.9,mesuré ici,0.9814791987673342,0.1604907632625955,0.9714965374176792
95c0cffd0787d5bb,363689,NATICUSdroid,2796,ep2048_25,25,1638,410,2048,2048,2048,2048,0,999,12.9,mesuré ici,0.98326656394453,0.1505033327261471,0.9739752545419228
95c0cffd0787d5bb,363689,NATICUSdroid,2796,ep2048_25,25,1638,410,2048,full,2796,2796,0,999,15.4,mesuré ici,0.9838939027074619,0.14829683331776145,0.9749456189833088
95c0cffd0787d5bb,363689,NATICUSdroid,2796,ep2048_50,50,1638,410,2048,32,32,32,0,999,5.2,mesuré ici,0.9515056130310366,0.372905282783341,0.9230392427167853
95c0cffd0787d5bb,363689,NATICUSdroid,2796,ep2048_50,50,1638,410,2048,32,32,32,1,999,4.9,mesuré ici,0.9540215716486904,0.30236125294022526,0.9111148507654032
95c0cffd0787d5bb,363689,NATICUSdroid,2796,ep2048_50,50,1638,410,2048,32,32,32,2,999,4.9,mesuré ici,0.9408562623816861,0.2875260550221907,0.9004117736879226
95c0cffd0787d5bb,363689,NATICUSdroid,2796,ep2048_50,50,1638,410,2048,64,64,64,0,999,4.8,mesuré ici,0.9659520140876074,0.23355624015843288,0.9409528303177531
95c0cffd0787d5bb,363689,NATICUSdroid,2796,ep2048_50,50,1638,410,2048,64,64,64,1,999,4.8,mesuré ici,0.9632819722650231,0.23553504547775728,0.9413799558883137
95c0cffd0787d5bb,363689,NATICUSdroid,2796,ep2048_50,50,1638,410,2048,64,64,64,2,999,4.9,mesuré ici,0.9491173233546115,0.3063571366527319,0.92326132267533
95c0cffd0787d5bb,363689,NATICUSdroid,2796,ep2048_50,50,1638,410,2048,128,128,128,0,999,6.3,mesuré ici,0.9678186220559102,0.2112117956827034,0.9508389050440993
95c0cffd0787d5bb,363689,NATICUSdroid,2796,ep2048_50,50,1638,410,2048,128,128,128,1,999,6.3,mesuré ici,0.9694078802553379,0.2274457416307171,0.934006520863518
95c0cffd0787d5bb,363689,NATICUSdroid,2796,ep2048_50,50,1638,410,2048,128,128,128,2,999,6.2,mesuré ici,0.969949372661237,0.213934259560092,0.9505977638074868
95c0cffd0787d5bb,363689,NATICUSdroid,2796,ep2048_50,50,1638,410,2048,256,256,256,0,999,6.3,mesuré ici,0.9757230904688532,0.18480480500153942,0.9635903419681126
95c0cffd0787d5bb,363689,NATICUSdroid,2796,ep2048_50,50,1638,410,2048,256,256,256,1,999,6.4,mesuré ici,0.9787519260400617,0.17449160763514965,0.9677652748738909
95c0cffd0787d5bb,363689,NATICUSdroid,2796,ep2048_50,50,1638,410,2048,256,256,256,2,999,6.3,mesuré ici,0.9786022452124146,0.1741456202533045,0.9646541608568211
95c0cffd0787d5bb,363689,NATICUSdroid,2796,ep2048_50,50,1638,410,2048,512,512,512,0,999,6.3,mesuré ici,0.9776161127008585,0.17291608378201323,0.9654816919672831
95c0cffd0787d5bb,363689,NATICUSdroid,2796,ep2048_50,50,1638,410,2048,1024,1024,1024,0,999,7.7,mesuré ici,0.9819458507594101,0.15952846817504324,0.9725438031146244
95c0cffd0787d5bb,363689,NATICUSdroid,2796,ep2048_50,50,1638,410,2048,2048,2048,2048,0,999,13.0,mesuré ici,0.9831476997578693,0.15144639429900406,0.9745356342825349
95c0cffd0787d5bb,363689,NATICUSdroid,2796,ep2048_50,50,1638,410,2048,full,2796,2796,0,999,15.7,mesuré ici,0.9835747303543914,0.1504528930186553,0.9748263115562985
95c0cffd0787d5bb,363689,NATICUSdroid,2796,ep2048_200,200,1638,410,2048,32,32,32,0,999,5.3,mesuré ici,0.9528593440457847,0.36863781647647154,0.9252479618812463
95c0cffd0787d5bb,363689,NATICUSdroid,2796,ep2048_200,200,1638,410,2048,32,32,32,1,999,4.9,mesuré ici,0.9560576711424169,0.3078925738224193,0.918588660266291
95c0cffd0787d5bb,363689,NATICUSdroid,2796,ep2048_200,200,1638,410,2048,32,32,32,2,999,4.8,mesuré ici,0.9429583975346687,0.2810566342900499,0.9087753445647587
95c0cffd0787d5bb,363689,NATICUSdroid,2796,ep2048_200,200,1638,410,2048,64,64,64,0,999,4.8,mesuré ici,0.9635108958837774,0.2403412301014286,0.9380345127971592
95c0cffd0787d5bb,363689,NATICUSdroid,2796,ep2048_200,200,1638,410,2048,64,64,64,1,999,4.8,mesuré ici,0.9643935725291658,0.23662684341018814,0.9421552547428711
95c0cffd0787d5bb,363689,NATICUSdroid,2796,ep2048_200,200,1638,410,2048,64,64,64,2,999,4.9,mesuré ici,0.9496742240810038,0.30561220318303844,0.9239084790298457
95c0cffd0787d5bb,363689,NATICUSdroid,2796,ep2048_200,200,1638,410,2048,128,128,128,0,999,6.2,mesuré ici,0.9677195685670262,0.2128576600137609,0.9518574175422069
95c0cffd0787d5bb,363689,NATICUSdroid,2796,ep2048_200,200,1638,410,2048,128,128,128,1,999,6.3,mesuré ici,0.9664604886638785,0.24862302983847445,0.9272651527356305
95c0cffd0787d5bb,363689,NATICUSdroid,2796,ep2048_200,200,1638,410,2048,128,128,128,2,999,6.1,mesuré ici,0.9695245432533568,0.21798167639845542,0.9512355588283791
95c0cffd0787d5bb,363689,NATICUSdroid,2796,ep2048_200,200,1638,410,2048,256,256,256,0,999,6.4,mesuré ici,0.9739423288575831,0.18883333491333068,0.9622577139405282
95c0cffd0787d5bb,363689,NATICUSdroid,2796,ep2048_200,200,1638,410,2048,256,256,256,1,999,6.5,mesuré ici,0.9793022232005284,0.17044655660398875,0.9693315196178367
95c0cffd0787d5bb,363689,NATICUSdroid,2796,ep2048_200,200,1638,410,2048,256,256,256,2,999,6.4,mesuré ici,0.9783116883116884,0.17790805656867528,0.9627648290721719
95c0cffd0787d5bb,363689,NATICUSdroid,2796,ep2048_200,200,1638,410,2048,512,512,512,0,999,6.5,mesuré ici,0.9779616993176315,0.17366838157416253,0.9656763475357134
95c0cffd0787d5bb,363689,NATICUSdroid,2796,ep2048_200,200,1638,410,2048,1024,1024,1024,0,999,7.7,mesuré ici,0.9822914373761831,0.15769394870135414,0.9729116104606071
95c0cffd0787d5bb,363689,NATICUSdroid,2796,ep2048_200,200,1638,410,2048,2048,2048,2048,0,999,13.0,mesuré ici,0.9849504732555581,0.1443169283737284,0.9777413359354424
95c0cffd0787d5bb,363689,NATICUSdroid,2796,ep2048_200,200,1638,410,2048,full,2796,2796,0,999,15.7,mesuré ici,0.9855029716046664,0.14285570646870924,0.9787011352119411
